:020000021000EC
:10000000384A05201D790100F9F103000979010042
:100010000979010009790100097901000000000057
:10002000000000000000000000000000217A010034
:1000300009790100000000008D790100A9990200F2
:100040000D7C01000D7C01000D7C01000D7C010088
:100050000D7C01000D7C01000D7C01000D7C010078
:100060000D7C01000D7C01000D7C01000D7C010068
:100070000D7C01000D7C01000D7C01000D7C010058
:100080000D7C01000D7C01000D7C01000D7C010048
:100090000D7C01000D7C01000D7C01000D7C010038
:1000A0000D7C01000D7C01000D7C01000D7C010028
:1000B0000D7C01000D7C01000D7C01000D7C010018
:1000C0000D7C01000D7C01000D7C01000D7C010008
:1000D0000D7C01000D7C01000D7C01000D7C0100F8
:1000E0000D7C01000D7C01000D7C01000D7C0100E8
:1000F0000D7C01000D7C01000D7C01000D7C0100D8
:100100000D7C01000D7C01000D7C01000D7C0100C7
:100110000D7C01000D7C01000D7C01000D7C0100B7
:100120000D7C01000D7C01000D7C01000D7C0100A7
:100130000D7C01000D7C01000D7C01000D7C010097
:100140000D7C01000D7C01000D7C01000D7C010087
:100150000D7C01000D7C01000D7C01000D7C010077
:100160000D7C01000D7C01000D7C01000D7C010067
:100170000D7C01000D7C01000D7C01000D7C010057
:100180000D7C01000D7C01000D7C01000D7C010047
:100190000D7C01000D7C01000D7C01000D7C010037
:1001A0000D7C01000D7C01000D7C01000D7C010027
:1001B0000D7C01000D7C01000D7C01000D7C010017
:1001C000002902D0B0FBF1F0704708B14FF0FF30CA
:1001D00000F01EB80029F8D00246B0FBF1F000FB99
:1001E00011217047002902D090FBF1F070470028E0
:1001F000C8BF6FF00040B8BF4FF0004000F008B833
:100200000029F4D0024690FBF1F000FB1121704769
:10021000704700BF81F0004102E000BF83F000435F
:1002200030B54FEA41044FEA430594EA050F08BF91
:1002300090EA020F1FBF54EA000C55EA020C7FEA55
:10024000645C7FEA655C00F0E2804FEA5454D4EBD2
:100250005555B8BF6D420CDD2C4480EA020281EA9C
:10026000030382EA000083EA010180EA020281EAD4
:100270000303362D88BF30BD11F0004F4FEA013126
:100280004FF4801C4CEA113102D0404261EB410135
:1002900013F0004F4FEA03334CEA133302D05242BB
:1002A00063EB430394EA050F00F0A780A4F1010477
:1002B000D5F1200E0DDB02FA0EFC22FA05F28018B1
:1002C00041F1000103FA0EF2801843FA05F3594197
:1002D0000EE0A5F120050EF1200E012A03FA0EFC16
:1002E00028BF4CF0020C43FA05F3C01851EBE37140
:1002F00001F0004507D54FF0000EDCF1000C7EEB5D
:1003000000006EEB0101B1F5801F1BD3B1F5001F9A
:100310000CD349085FEA30004FEA3C0C04F10104B9
:100320004FEA445212F5800F80F09A80BCF1004FE2
:1003300008BF5FEA500C50F1000041EB045141EA64
:10034000050130BD5FEA4C0C404141EB0101013C2D
:1003500028BFB1F5801FE9D291F0000F04BF01461C
:100360000020B1FA81F308BF2033A3F10B03B3F1EE
:1003700020020CDA0C3208DD02F1140CC2F10C027E
:1003800001FA0CF021FA02F10CE002F11402D8BFDC
:10039000C2F1200C01FA02F120FA0CFCDCBF41EAA8
:1003A0000C019040E41AA2BF01EB0451294330BD77
:1003B0006FEA04041F3C1CDA0C340EDC04F1140454
:1003C000C4F1200220FA04F001FA02F340EA03002B
:1003D00021FA04F345EA030130BDC4F10C04C4F171
:1003E000200220FA02F001FA04F340EA0300294651
:1003F00030BD21FA04F0294630BD94F0000F83F49B
:10040000801306BF81F480110134013D4EE77FEA7D
:10041000645C18BF7FEA655C29D094EA050F08BFC9
:1004200090EA020F05D054EA000C04BF19461046AA
:1004300030BD91EA030F1EBF0021002030BD5FEAEE
:10044000545C05D14000494128BF41F0004130BD16
:1004500014F580043CBF01F5801130BD01F000456A
:1004600045F0FE4141F470014FF0000030BD7FEADD
:10047000645C1ABF194610467FEA655C1CBF0B46D8
:10048000024650EA013406BF52EA033591EA030FEF
:1004900041F4002130BD00BF90F0000F04BF0021E7
:1004A000704730B54FF4806404F132044FF000051A
:1004B0004FF0000150E700BF90F0000F04BF002193
:1004C000704730B54FF4806404F1320410F00045F9
:1004D00048BF40424FF000013EE700BF42004FEAF4
:1004E000E2014FEA31014FEA02701FBF12F07F4371
:1004F00093F07F4F81F06051704732F07F4208BF28
:10050000704793F07F4F04BF41F40021704730B52E
:100510004FF4607401F0004521F000411CE700BF7A
:1005200050EA010208BF704730B54FF000050AE0FD
:1005300050EA010208BF704730B511F0004502D5FE
:10054000404261EB41014FF4806404F132045FEA00
:10055000915C3FF4D8AE4FF003025FEADC0C18BFA9
:1005600003325FEADC0C18BF033202EBDC02C2F19B
:10057000200300FA03FC20FA02F001FA03FE40EA2D
:100580000E0021FA02F11444BDE600BF70B54FF031
:10059000FF0C4CF4E06C1CEA11541DBF1CEA13550F
:1005A00094EA0C0F95EA0C0F00F0DEF82C4481EA77
:1005B000030621EA4C5123EA4C5350EA013518BF97
:1005C00052EA033541F4801143F4801338D0A0FB84
:1005D00002CE4FF00005E1FB02E506F00042E0FB31
:1005E00003E54FF00006E1FB03569CF0000F18BF37
:1005F0004EF0010EA4F1FF04B6F5007F64F54074DF
:1006000004D25FEA4E0E6D4146EB060642EAC62171
:1006100041EA55514FEAC52040EA5E504FEACE2EDE
:10062000B4F1FD0C88BFBCF5E06F1ED8BEF1004FE1
:1006300008BF5FEA500E50F1000041EB045170BD5D
:1006400006F0004646EA010140EA020081EA0301A1
:10065000B4EB5C04C2BFD4EB0C0541EA045170BD9D
:1006600041F480114FF0000E013C00F3AB8014F117
:10067000360FDEBF002001F0004170BDC4F1000460
:10068000203C35DA0C341BDC04F11404C4F12005E1
:1006900000FA05F320FA04F001FA05F240EA02003C
:1006A00001F0004221F0004110EBD37021FA04F672
:1006B00042EB06015EEA430E08BF20EAD37070BD2C
:1006C000C4F10C04C4F1200500FA04F320FA05F08B
:1006D00001FA04F240EA020001F0004110EBD3708D
:1006E00041F100015EEA430E08BF20EAD37070BDFD
:1006F000C4F1200500FA05F24EEA020E20FA04F3D6
:1007000001FA05F243EA020321FA04F001F0004184
:1007100021FA04F220EA020000EBD3705EEA430EF5
:1007200008BF20EAD37070BD94F0000F0FD101F024
:100730000046400041EB010111F4801F08BF013C5D
:10074000F7D041EA060195F0000F18BF704703F09B
:100750000046520043EB030313F4801F08BF013D22
:10076000F7D043EA0603704794EA0C0F0CEA1355DE
:1007700018BF95EA0C0F0CD050EA410618BF52EA98
:100780004306D1D181EA030101F000414FF000009E
:1007900070BD50EA410606BF1046194652EA4306AC
:1007A00019D094EA0C0F02D150EA013613D195EA20
:1007B0000C0F05D152EA03361CBF104619460AD168
:1007C00081EA030101F0004141F0FE4141F4700172
:1007D0004FF0000070BD41F0FE4141F4780170BD62
:1007E00070B54FF0FF0C4CF4E06C1CEA11541DBFC7
:1007F0001CEA135594EA0C0F95EA0C0F00F0A7F8C9
:10080000A4EB050481EA030E52EA03354FEA0131F5
:1008100000F088804FEA03334FF0805545EA131308
:1008200043EA12634FEA022245EA111545EA1065D0
:100830004FEA00260EF000419D4208BF964244F167
:10084000FD0404F5407402D25B084FEA3202B61A86
:1008500065EB03055B084FEA32024FF480104FF45A
:10086000002CB6EB020E75EB030E22BFB61A7546CE
:1008700040EA0C005B084FEA3202B6EB020E75EB61
:10088000030E22BFB61A754640EA5C005B084FEAC9
:100890003202B6EB020E75EB030E22BFB61A754696
:1008A00040EA9C005B084FEA3202B6EB020E75EBA1
:1008B000030E22BFB61A754640EADC0055EA060E62
:1008C00018D04FEA051545EA16754FEA06164FEAA5
:1008D000C30343EA52734FEAC2025FEA1C1CC0D151
:1008E00011F4801F0BD141EA00014FF000004FF0DE
:1008F000004CB6E711F4801F04BF01430020B4F19F
:10090000FD0C88BFBCF5E06F3FF6AFAEB5EB030C56
:1009100004BFB6EB020C5FEA500C50F1000041EB53
:10092000045170BD0EF0004E4EEA113114EB5C0420
:10093000C2BFD4EB0C0541EA045170BD41F48011F3
:100940004FF0000E013C90E645EA060E8DE60CEAFB
:10095000135594EA0C0F08BF95EA0C0F3FF43BAF18
:1009600094EA0C0F0AD150EA01347FF434AF95EACF
:100970000C0F7FF425AF104619462CE795EA0C0FB3
:1009800006D152EA03353FF4FDAE1046194622E780
:1009900050EA410618BF52EA43067FF4C5AE50EA5A
:1009A00041047FF40DAF52EA43057FF4EBAE12E74A
:1009B0004FF0FF3C06E000BF4FF0010C02E000BF2B
:1009C0004FF0010C4DF804CD4FEA410C7FEA6C5C0E
:1009D0004FEA430C18BF7FEA6C5C1BD001B050EAB1
:1009E000410C0CBF52EA430C91EA030F02BF90EA9C
:1009F000020F0020704710F1000F91EA030F58BF5B
:100A0000994208BF90422CBFD8176FEAE37040F0BC
:100A1000010070474FEA410C7FEA6C5C02D150EA5A
:100A2000013C07D14FEA430C7FEA6C5CD6D152EA15
:100A3000033CD3D05DF8040B704700BF84461046DA
:100A400062468C461946634600E000BF01B5FFF7D9
:100A5000B7FF002848BF10F1000F01BD4DF808EDA9
:100A6000FFF7F4FF0CBF012000205DF808FB00BF7A
:100A70004DF808EDFFF7EAFF34BF012000205DF8D4
:100A800008FB00BF4DF808EDFFF7E0FF94BF012021
:100A900000205DF808FB00BF4DF808EDFFF7CEFF22
:100AA00094BF012000205DF808FB00BF4DF808ED61
:100AB000FFF7C4FF34BF012000205DF808FB00BF32
:100AC0004FEA410C7FEA6C5C02D150EA013C0AD14A
:100AD0004FEA430C7FEA6C5C02D152EA033C02D13C
:100AE0004FF0000070474FF0010070474FEA41029D
:100AF00012F5001215D211D56FF47873B3EB625270
:100B000012D94FEAC12343F0004343EA505311F096
:100B1000004F23FA02F018BF404270474FF0000028
:100B2000704750EA013005D111F0004008BF6FF066
:100B3000004070474FF00000704700BF4A0011D2DC
:100B400012F5001211D20DD56FF47873B3EB625227
:100B50000ED44FEAC12343F0004343EA505323FA33
:100B600002F070474FF00000704750EA013002D1A8
:100B70004FF0FF3070474FF0000070474FEA4102DE
:100B8000B2F1E04324BFB3F5001CDCF1FE5C0DD9EB
:100B900001F0004C4FEAC0024CEA5070B2F1004F35
:100BA00040EB830008BF20F00100704711F0804F38
:100BB00021D113F13872BCBF01F00040704741F4FD
:100BC00080114FEA5252C2F11802C2F1200C10FA01
:100BD0000CF320FA02F018BF40F001004FEAC123E5
:100BE0004FEAD32303FA0CFC40EA0C0023FA02F389
:100BF0004FEA4303CCE77FEA625307D150EA01335F
:100C00001EBF4FF0FE4040F44000704701F000402E
:100C100040F0FE4040F40000704700BF80F000400C
:100C200002E000BF81F0004142001FBF5FEA4103C4
:100C300092EA030F7FEA226C7FEA236C6AD04FEAC4
:100C40001262D2EB1363C1BFD21841404840414009
:100C5000B8BF5B42192B88BF704710F0004F40F4BB
:100C6000000020F07F4018BF404211F0004F41F4D7
:100C7000000121F07F4118BF494292EA030F3FD0A3
:100C8000A2F1010241FA03FC10EB0C00C3F12003B6
:100C900001FA03F100F0004302D5494260EB400045
:100CA000B0F5000F13D3B0F1807F06D340084FEAB0
:100CB000310102F10102FE2A51D2B1F1004F40EBA5
:100CC000C25008BF20F0010040EA0300704749000D
:100CD00040EB0000013A28BFB0F5000FEDD2B0FAAA
:100CE00080FCACF1080CB2EB0C0200FA0CF0AABFCD
:100CF00000EBC25052421843BCBFD040184370476B
:100D000092F0000F81F4000106BF80F40000013270
:100D1000013BB5E74FEA41037FEA226C18BF7FEA47
:100D2000236C21D092EA030F04D092F0000F08BF89
:100D30000846704790EA010F1CBF0020704712F070
:100D40007F4F04D1400028BF40F00040704712F1AF
:100D500000723CBF00F50000704700F0004343F014
:100D6000FE4040F4000070477FEA226216BF08464A
:100D70007FEA23630146420206BF5FEA412390EA0D
:100D8000010F40F4800070474FF0000304E000BF03
:100D900010F0004348BF40425FEA000C08BF7047B4
:100DA00043F0964301464FF000001CE050EA010278
:100DB00008BF70474FF000030AE000BF50EA01028D
:100DC00008BF704711F0004302D5404261EB41017A
:100DD0005FEA010C02BF84460146002043F0B6439F
:100DE00008BFA3F18053A3F50003BCFA8CF2083AC4
:100DF000A3EBC25310DB01FA02FC634400FA02FCCD
:100E0000C2F12002BCF1004F20FA02F243EB0200D3
:100E100008BF20F00100704702F1200201FA02FC35
:100E2000C2F1200250EA4C0021FA02F243EB020028
:100E300008BF20EADC7070474FF0FF3C06E000BFBF
:100E40004FF0010C02E000BF4FF0010C4DF804CD53
:100E50004FEA40024FEA41037FEA226C18BF7FEA63
:100E6000236C11D001B052EA530C18BF90EA010F65
:100E700058BFB2EB030088BFC81738BF6FEAE170F4
:100E800018BF40F0010070477FEA226C02D15FEA90
:100E9000402C05D17FEA236CE4D15FEA412CE1D0FC
:100EA0005DF8040B704700BF844608466146FFE7C3
:100EB0000FB5FFF7C9FF002848BF10F1000F0FBDA5
:100EC0004DF808EDFFF7F4FF0CBF012000205DF89E
:100ED00008FB00BF4DF808EDFFF7EAFF34BF012023
:100EE00000205DF808FB00BF4DF808EDFFF7E0FFBC
:100EF00094BF012000205DF808FB00BF4DF808ED0D
:100F0000FFF7D2FF94BF012000205DF808FB00BF6F
:100F10004DF808EDFFF7C8FF34BF012000205DF851
:100F200008FB00BF4FEA40024FEA41037FEA226C10
:100F300002D15FEA402C08D17FEA236C02D15FEA3C
:100F4000412C02D14FF0000070474FF00100704774
:100F50007BB972B90029BEBF00204FF0004106E006
:100F600008BF00281CBF6FF000414FF0FF30FFF7B3
:100F70004FB9ADF1080C6DE904CE002909DB002B57
:100F80001ADB00F09CF8DDF804E0DDE9022304B090
:100F90007047404261EB4101002B1BDB00F08FF8F2
:100FA000DDF804E0DDE9022304B0404261EB4101D9
:100FB000524263EB43037047524263EB430300F03A
:100FC0007EF8DDF804E0DDE9022304B0404261EB85
:100FD00041017047524263EB430300F070F8DDF8C3
:100FE00004E0DDE9022304B0524263EB430370479F
:100FF00053B94AB9002908BF00281CBF4FF0FF3180
:101000004FF0FF30FFF704B9ADF1080C6DE904CEE5
:1010100000F055F8DDF804E0DDE9022304B0704784
:10102000D0B500220B4B06460F46FFF7AFFAFFF78D
:1010300085FD0446FFF730FA0022074BFFF7A6FABA
:1010400002460B4630463946FFF7E8F8FFF776FDD3
:101050002146D0BD0000F03D0000F04110F8012B0A
:1010600011F8013B012A28BF9A42F7D0D01A7047E5
:10107000034611F8012B03F8012B002AF9D1704720
:10108000034613F8012B002AFBD1181A01387047C8
:1010900038B50022002304460D46FFF7E9FC28B9C5
:1010A00020462946BDE83840FFF7BABF204605F183
:1010B0000041FFF7B5FF404261EB410138BD2DE92A
:1010C000F04786468C460846089E154674461946E3
:1010D000002B40F0C1808542B2FA82F245D94AB174
:1010E000C2F1200300FA02FC954094402EFA03F36B
:1010F00043EA0C0C4FEA154EA8B2230CBCFBFEF8D9
:101100000EFB18CC08FB00F943EA0C43994528D99B
:10111000EB1808F1FF3704D2994502D9A8F102076C
:101120002B44A3EB0903A4B2B3FBFEFC0EFB1C3360
:101130000CFB00F044EA0344A04214D92C190CF132
:10114000FF3304D2A04202D9ACF102032C44241A8A
:1011500043EA07401EB1D440002334607360BDE809
:10116000F0874746DDE76346F1E792BB431B012169
:101170004FEA154EAFB2200CB3FBFEFC0EFB1C3346
:101180000CFB07F840EA0343984561D9EB180CF1D2
:10119000FF3004D2984502D9ACF102002B44A3EBF6
:1011A0000803A4B2B3FBFEFC0EFB1C330CFB07F7D9
:1011B00044EA0344A7424DD92C190CF1FF3304D261
:1011C000A74202D9ACF102032C44E41B43EA0040DD
:1011D000C0E7C2F120039540944020FA03F12EFAB3
:1011E00003F34FEA154E9040AFB20343B1FBFEFC50
:1011F0000EFB1C10190C0CFB07F841EA0041884556
:1012000022D969180CF1FF3004D2884502D9ACF11B
:1012100002002944A1EB08019BB2B1FBFEFC0EFBCE
:101220001C110CFB07F743EA01439F420ED9EB1850
:101230000CF1FF3104D29F4202D9ACF102012B44E0
:10124000DB1B41EA004193E76046E3E76146F7E7CD
:101250006046A4E76346B8E7834206D916B9002181
:1012600008467CE7C6E900E0F9E7B3FA83F78FB9EF
:10127000834201D3724508D8BEEB020460EB03033E
:1012800001209C461EB9002169E73846FAE7C6E905
:10129000004CF8E7C7F1200CBB400EFA07F522FA24
:1012A0000CF42EFA0CF1BA401C4320FA0CF3B840AF
:1012B0004FEA144901431FFA84FEB3FBF9F809FB16
:1012C00018300B0C08FB0EFA43EA00439A4540D94C
:1012D000E31808F1FF3004D29A4502D9A8F10200C0
:1012E0002344A3EB0A0389B2B3FBF9F809FB1833D3
:1012F00008FB0EFE41EA03418E452CD9611808F126
:10130000FF3304D28E4502D9A8F10203214443EAF7
:101310000040A1EB0E01A0FB02984145CE4643469A
:1013200002D306D14D4504D20138B9EB020E68EB69
:101330000403002EA7D0B5EB0E0261EB030101FA06
:101340000CFC22FA07F3F9404CEA0303C6E900312A
:1013500099E74046C5E74346D9E700000000000092
:101360002DE9F04704468846174688B039F0DEFB81
:101370000A220023FFF73CFEB8F1010F06460D4696
:1013800007D102460B46204627492CF002FF0020D9
:1013900011E07F6825483946FFF760FE70B1394695
:1013A0002348FFF75BFE48B120463A4621492CF01E
:1013B0000CFF6FF0040008B0BDE8F087304618A3BA
:1013C000D3E900232946FFF7C3FD06460D46104624
:1013D0001946194A0023FFF7BBFD80460F46104609
:1013E00019464EF660220023FFF7B2FD8246894679
:1013F000104619464FF47A720023FFF7A9FDCDE994
:1014000002A9CDE90623CDE9040132462B46204648
:10141000CDE9008709492CF0BCFEB8E7AFF30080A6
:10142000005C260500000000D73C0500E83C0500F4
:10143000EB3C0500F43C050080EE36000C3D050059
:10144000012870B50C4607D03AF08AF816221C4BDA
:101450001A504FF0FF3070BD8A681A4B9A42F3D889
:1014600039F064FB184D23686668A3FB053205FB61
:101470000622A468154D1B1942EBE474A0FB05027B
:1014800005FB0121181A64EB01010BA3D3E900232A
:10149000FFF75EFDEFF31184102383F31288BFF38F
:1014A0006F8F0B4BC3E900019A6084F31188BFF37F
:1014B0006F8F0020CFE700BF00CA9A3B00000000FA
:1014C00014000000FFC99A3B00CA9A3BA0860100A5
:1014D000F8590020000000002DE9F04F0029D0F855
:1014E000108044688BB005DD6FF0150738460BB0EF
:1014F000BDE8F08FD8F80030D4E90069002B4BD15B
:10150000A389A5680793B368494630465B6808AA73
:101510009847071EEADBDDE9087BA5FB072305FBEF
:101520000B334FF0FF3A05920493DDE9041032A328
:10153000D3E90023FFF75CFD059B049A9A45304BE5
:101540000690934102D26FF08507CFE76B08A3FBAB
:10155000075703FB0B7728A3D3E900232846394616
:10156000FFF746FD264AAA45BA410346EBD3069942
:10157000B2689942B8D30799304600914946156838
:10158000069AA84707460028B0D1208A38F06FFB9A
:10159000012388F80430A9E7B368494630465B6800
:1015A00008AA984707460028A0D10346DDE90801AC
:1015B000D8F80020FFF71CFD1A430DD011490B6825
:1015C00013F0060F08D0104B0222CDE90173384604
:1015D0003B46009716F026FADDE90801D8F800200E
:1015E0000023FFF705FDA5890246D4E900018368C1
:1015F00000951D685308C4E700CA9A3B000000002C
:10160000FFC99A3B5C2000204282050000000000D8
:1016100001292DE9F04F4AD889B30FF2D40BDBE949
:1016200000AB0FF2D409D9E9008935A7D7E90067E3
:1016300035A5D5E9004536A3D3E900239FED1E5B10
:101640009FED1F6B9FED207B9FED214B80ED045B99
:1016500080ED004B80ED024B80ED066B80ED087B4A
:10166000C0E90AABC0E90C89C0E90E67C0E91045C2
:10167000C0E91223C0F8D0100020BDE8F08F9FED24
:10168000165B0FF2940BDBE900AB0FF29409D9E97A
:10169000008925A7D7E9006725A5D5E9004526A338
:1016A000D3E900239FED0E6B9FED0F7BCCE76FF02E
:1016B0007400E2E7AFF30080D89E05C15D9DBBCB0F
:1016C00007D57C362A299A6217DD70305A01599164
:1016D000000000000000000008C9BCF367E6096ACA
:1016E0003BA7CA8485AE67BB2BF894FE72F36E3CB1
:1016F00039590EF7D8EC2F15310BC0FF6726336729
:1017000011155868874AB48EA78FF9640D2E0CDB2B
:10171000A44FFABE1D48B547F1361D5F3AF54FA5F7
:10172000D182E6AD7F520E511F6C3E2B8C68059B1B
:101730006BBD41FBABD9831F79217E1319CDE05BD3
:101740002DE9FF47804616460F46002900F0A2808B
:10175000B1FA81F4341B002E04F10A04C0F2A28015
:1017600030462BF00DF9044430462BF00FF9A4EB72
:1017700006090546694630462BF030F9A9EB05030A
:101780006A4640467D33394639F00DFDA642824611
:101790000D4600F38380B9F13F0F00F381804FF0D5
:1017A000FF33A9F12000C9F1200103FA00F003FA88
:1017B00009F223FA01F103FA09F3024328EA0303C9
:1017C0000A4327EA020213430CBF01200020002D28
:1017D00000F08A80B5FA85F3E31A40F2FE7203F254
:1017E0003E43934200F38980002B23EAE376D4BF83
:1017F00001223246121BA2F23341A2F23447A2F276
:101800005344C1F1200C2AFA01F325FA04F4C7F17C
:10181000200E05FA0CFC25FA01F105FA0EFE43EA4A
:101820000C03A2F2544CA2F2544223432AFA07F4C6
:1018300025FA0CFC44EA0E0444EA0C04C7F1200C1F
:1018400014F0010F54D0A8B14FF0FF3000FA02F2AB
:1018500000FA07F4144320FA0CF2B840144303F0E2
:1018600001022AEA000A25EA04054AEA020A5AEABB
:10187000050A3DD0013341F10002C2F3130253EADD
:10188000020138D0184642EA065141EC100B04B070
:10189000BDE8F087B0FA80F420345BE7012096E7DA
:1018A000002094E7C6F1000948462BF06FF8241A8F
:1018B00048462BF06BF8A61B0546694648462E4461
:1018C0002BF0FEF86A46404606F17C03394639F0B3
:1018D0006AFC82460D46404639462BF067F8814542
:1018E0008CBF0020012072E7BAFA8AF3203373E735
:1018F000C1F31302C6E70136C4E79FED010BC6E74B
:10190000000000000000F07F2DE9F84F55EC104B6F
:1019100025F00043C24AAB46934220D9C14A9342C4
:1019200001D80CD15CB122462B4620462946FEF751
:1019300077FC04460D4645EC104BBDE8F88FBBF133
:10194000000F99A3D3E9002303DD99A1D1E9000198
:10195000EDE799A1D1E90001FEF760FCE9E7B24AA1
:10196000934213D8A2F1DE7293420CD82046294646
:1019700093A3D3E90023FEF753FC0022AB4BFFF700
:1019800095F80028D7D14FF0FF3A28E0A84A26461C
:1019900025F00047934200F2BA80A2F5502293420C
:1019A00000F29C8022463B4620463946FEF738FC32
:1019B00000229E4B4FF0000AFEF730FC04460D4615
:1019C00000224FF0804330463946FEF729FC02469C
:1019D0000B4620462946FEF703FF04460D462246E5
:1019E0002B4620462946FEF7D1FD02460B4680468F
:1019F0008946FEF7CBFD06460F4673A3D3E90023C5
:101A0000FEF7C4FD72A3D3E90023FEF709FC3246BA
:101A10003B46FEF7BBFD70A3D3E90023FEF700FCB5
:101A200032463B46FEF7B2FD6DA3D3E90023FEF735
:101A3000F7FB32463B46FEF7A9FD6BA3D3E9002333
:101A4000FEF7EEFB32463B46FEF7A0FD68A3D3E966
:101A50000023FEF7E5FB42464B46FEF797FD804626
:101A600089463046394664A3D3E90023FEF78EFD4C
:101A700063A3D3E90023FEF7D1FB32463B46FEF7D2
:101A800085FD61A3D3E90023FEF7C8FB32463B4640
:101A9000FEF77CFD5EA3D3E90023FEF7BFFB3246D1
:101AA0003B46FEF773FD5CA3D3E90023FEF7B6FBCC
:101AB00032463B46FEF76AFD02460B464046494623
:101AC000FEF7AEFB22462B46FEF760FDBAF1FF3F64
:101AD00002460B4646D1204629463DE70022534B9D
:101AE00020463946FEF79AFB04460D4600224F4B2E
:101AF000304639464FF0010AFEF792FB02460B468C
:101B000020462946FEF76CFE04460D4667E7494A23
:101B100093421CD20022484B20463946FEF77EFBFA
:101B2000002204460D46444B304639464FF0020A27
:101B3000FEF72CFD00223D4BFEF772FB02460B46E2
:101B400020462946FEF74CFE04460D4647E722464E
:101B50003B4600203949FEF743FE4FF0030A044696
:101B60000D463CE7364B374E03EBCA0306EBCA067D
:101B7000D3E90023FEF752FB22462B46FEF74EFB2D
:101B800002460B46D6E90001FEF748FBBBF1000F09
:101B900004460D46BFBF024601F1004314461D46F0
:101BA000C9E600BFAFF30080075C143326A6913C62
:101BB000182D4454FB21F93F182D4454FB21F9BF43
:101BC0009C7500883CE4377E11DA22E33AAD903F01
:101BD000EB0D76244B7BA93F513DD0A0660DB13F64
:101BE0006E204CC5CD45B73FFF8300922449C23FCC
:101BF0000D5555555555D53F2F6C6A2C44B4A2BF91
:101C00009AFDDE522DDEAD3F6D9A74AFF2B0B33F58
:101C1000711623FEC671BC3FC4EB98999999C93FD0
:101C2000FFFF0F440000F07FFFFFDB3F0000F03FAD
:101C3000FFFFF23F008003400000F83F0000F0BFCC
:101C4000781A0500981A05007FB58DED000B019BF1
:101C5000254A23F00043934206D89FED211B07B08D
:101C60005DF804EB00F0D4BA204A934204D907B0DF
:101C70005DF804EB00F0C0BA02A800F039F800F0FB
:101C8000030001280BD0022819D0F8B99DED041BE0
:101C90009DED020B00F0BCFA53EC102B0AE09DED19
:101CA000041B9DED020B00F0CFFE51EC100B024621
:101CB00001F1004343EC102B07B05DF804FB9DEDF0
:101CC000041B9DED020B00F0A3FAEEE79DED041B53
:101CD0009DED020B012000F0B7FEDDE7AFF30080C1
:101CE0000000000000000000FB21E93FFFFFEF7F44
:101CF0002DE9F04F5BEC10AB2BF00048C44B8DB0DE
:101D000004469845CDF810B007D80022002380ED96
:101D1000000BC0E90223002528E0BE4B984578D887
:101D2000049B5046BC4D5946002BABA3D3E900237E
:101D300038DDFEF773FAA84506460F461AD0A8A369
:101D4000D3E90023FEF76AFA02460B46804689462D
:101D500030463946FEF762FAA1A3D3E900230125F4
:101D6000FEF75CFAC4E90089C4E9020128460DB017
:101D7000BDE8F08F9CA3D3E90023FEF74FFA064697
:101D80000F469BA3D3E90023FEF748FA02460B4611
:101D90008046894630463946FEF740FA94A3D3E997
:101DA0000023DCE7FEF73CFAA84506460F4618D0AC
:101DB0008BA3D3E90023FEF733FA02460B46804695
:101DC000894630463946FEF729FA85A3D3E9002330
:101DD000FEF726FA4FF0FF35C4E90089C4E9020195
:101DE000C4E781A3D3E90023FEF71AFA06460F469B
:101DF0007FA3D3E90023FEF713FA02460B46804681
:101E0000894630463946FEF709FA79A3D3E900231B
:101E1000DEE7824B984500F2CE802BF0004750461B
:101E200075A3D3E900233946FEF7B0FB00227C4BB3
:101E3000FEF7F6F9FEF75AFE0546FEF73DFB0246B1
:101E40000B46CDE9022364A3D3E90023FEF79EFBF2
:101E500002460B4650463946FEF7E0F982468B466D
:101E60005FA3D3E90023DDE90201FEF78FFB024601
:101E70000B4606460F4650465946FEF7CFF91F2D32
:101E800005DC6A1E674B53F82230434508D14FEA00
:101E900028530593C1F30A53C3EB1853102B02DCEC
:101EA000C4E9000139E050A3D3E90023DDE90201D0
:101EB000FEF76CFB06460F4602460B465046594657
:101EC000FEF7ACF902460B46804689465046594615
:101ED000FEF7A4F932463B46FEF7A0F906460F4648
:101EE00043A3D3E90023DDE90201FEF74FFB3246AD
:101EF0003B46FEF793F902460B4606460F46404620
:101F00004946FEF78BF9059AC1F30A53D31A312BD0
:101F100020DCC246CB46C4E90001D4E90089504622
:101F2000594642464B46FEF779F93B463246FEF7A4
:101F300075F9049B002BC4E90201BFF617AF09F144
:101F40000043C4F80080A060636001F10043E360D7
:101F50006D420BE72AA3D3E90023DDE90201FEF776
:101F600015FB06460F4602460B4640464946FEF71D
:101F700055F982468B4602460B4640464946FEF7D7
:101F80004DF932463B46FEF749F906460F461EA379
:101F9000D3E90023DDE90201FEF7F8FA32463B46B9
:101FA000FEF73CF906460F4602460B465046594698
:101FB000FEF734F974E71C4B984537D952465B4617
:101FC00050465946FEF72AF9C4E90201C4E9000166
:101FD000A1E600BFAFF3008000004054FB21F93FB1
:101FE0003163621A61B4D03D0000601A61B4D03D23
:101FF0007370032E8A19A33B83C8C96D305FE43F19
:102000000000002E8A19A33BC14920259A837B3901
:10201000FB21E93F7BD90240FB21F93FFB213941FC
:102020000000E03F18320500FFFFEF7F4FEA285520
:1020300050460DF13009A5F21645A8EB05514FF0B9
:1020400003080F46FEF752FDFEF736FA02460B462E
:1020500050463946CDE90623FEF7E0F80022204B32
:10206000FEF794FA0F460646FEF740FDFEF724FA07
:1020700002460B463046394600260027CDE90823A4
:10208000FEF7CCF80022164BFEF780FACDE90A01E4
:1020900032463B46C24608F1FF3879E90201FEF7B5
:1020A000DDFC0028F4D10F4B2A46214606A80193F7
:1020B00002230093534600F06BF9049B0546002B66
:1020C000BFF654AED4E9002101F10043C4E9002376
:1020D000D4E9022101F10043C4E9022338E700BF3B
:1020E00000007041983205007FB58DED000B019B1B
:1020F000254A23F00043934207D800209FED201B80
:1021000007B05DF804EB00F09FBC204A934204D96D
:1021100007B05DF804EB00F06FB802A8FFF7E8FD28
:1021200000F00300012810D0022815D008BB0120C0
:102130009DED041B9DED020B00F086FC53EC102B73
:1021400043EC102B07B05DF804FB9DED041B9DEDE7
:10215000020B00F05DF8F1E79DED041B9DED020B15
:10216000012000F071FC51EC100B024601F100431C
:10217000E6E79DED041B9DED020B00F049F8F2E748
:102180000000000000000000FB21E93FFFFFEF7F9F
:102190007FB58DED000B019B154A23F00043934260
:1021A00007D801209FED101B07B05DF804EB00F08D
:1021B00003BD104A934204D907B05DF804EB00F068
:1021C0001BB802A8FFF794FD400000F002009DED4F
:1021D000041BC0F101009DED020B00F0EDFC07B007
:1021E0005DF804FBAFF30080000000000000000079
:1021F000FB21E93FFFFFEF7F08B52AF039FD9FED96
:10220000020B08BDAFF30080000000000000F87F63
:102210002DE9F74F59EC108B29F00046B6F1795FA4
:102220008DED001BC0F0888042464B464046494633
:10223000FEF7ACF904460D4600224F4BFEF7A6F917
:1022400082468B46204629463DA3D3E90023FEF76C
:102250009DF93DA3D3E90023FDF7E2FF22462B467B
:10226000FEF794F93AA3D3E90023FDF7D7FF2246FE
:102270002B46FEF78BF938A3D3E90023FDF7D0FFF7
:1022800022462B46FEF782F935A3D3E90023FDF75A
:10229000C5FF22462B46FEF779F933A3D3E9002385
:1022A000FDF7BEFF22462B46FEF770F922462B466D
:1022B000FEF76CF904460D4640464946DDE9002329
:1022C000FEF764F90B46024629462046FDF7A6FFB5
:1022D0002A4B804689469E4210D802460B465046FD
:1022E0005946FDF79BFF02460B4600202449FDF7A7
:1022F00095FF41EC100B03B0BDE8F08F214B00249B
:1023000000201F499E42224694BFA6F500151E4D8F
:102310002B46FDF783FF224606460F462B465046C6
:102320005946FDF77BFF42464B46FDF777FF0246D5
:102330000B4630463946DAE79FED0D0BDBE700BF71
:10234000D43888BEE9FAA8BDC4B1B4BD9EEE213E22
:10235000AD529C804F7E923E9015CB19A001FA3E63
:102360007751C1166CC1563F4C5555555555A53F33
:10237000000000000000F03F0000E03F3233D33F98
:102380000000F03F0000E93F0000D23F00000000E5
:102390002DE9F04F2DED028BADF51B7D12F1140FE1
:1023A0004FF000050993A8BFD41EBD4BB8BF002451
:1023B000019122AEA6990A9053F821300493099B0B
:1023C00003F1FF330693A4BF182394FBF3F46FF0DB
:1023D000170304FB033303EB020B049B069A03EB86
:1023E0000208A71AA79B9FEDAA8B03EB8709454517
:1023F00013DD22AA099B0DF5E47A4FF0000802EBE9
:10240000C305049B984530DCDDF828902F46002654
:102410009FED9F7B8DED027B1BE0EF4207D459F8C7
:102420002500FEF749F80135E6E80201DFE751EC47
:10243000180BF8E7D7E90023F9E802010136FEF7A7
:10244000A5F802460B46DDE90201FDF7E9FECDE9FC
:102450000201069B083F9E42ECDD08F101080835A9
:102460009DED027BAAEC027BCBE7049B0EAADDF874
:10247000109002EB83030C93A79B03EB84030B9355
:102480004FEAC9030DF1380A4F460D939AABD04677
:1024900003EBC90313ED287B72AB03EBC9068DED8B
:1024A000027B002FA6F1080677DC58469DED020B53
:1024B0002AF01AFC00224FF07F5355EC104B2046B7
:1024C0002946FEF763F841EC100B2AF06BFC002262
:1024D000744B51EC100BFEF759F802460B462046A0
:1024E0002946FDF79BFE0D460446FEF7FFFA0890CD
:1024F000FDF7E2FF02460B4620462946FDF78EFE19
:10250000BBF1000F06460F466BDD09F1FF310EAB44
:10251000CBF11800089C53F8213043FA00F2144420
:1025200082409B1A0EAA089442F82130CBF1170280
:1025300013410293029B002B62DD089B00226FF087
:102540007F40013314460893914500F3B780BBF1F7
:10255000000F07DDBBF1010F00F0C980BBF1020FD6
:1025600000F0D080029B022B4AD132463B4600202D
:102570004D49FDF753FE06460F46002C40D0584605
:102580009FED450B2AF0B0FB3046394653EC102B3B
:10259000FDF744FE06460F4632E00022434B013F62
:1025A000DDE90201FDF7F2FFFEF7A0FAFDF784FF77
:1025B00000223F4B04460D46FDF7E8FF02460B465E
:1025C000DDE90201FDF72AFEFEF790FA294648F8F8
:1025D000040B2046D6E90023FDF722FECDE90201D7
:1025E0005FE706D109F1FF330EAA52F82330DB155D
:1025F0009FE700222F4BFEF74FFA002843D10290AD
:102600000022002330463946FEF728FA002800F061
:10261000CB8009F1FF33002204998B427ADA002A39
:1026200000F0958009F1FF390EABABF1180B53F8B0
:102630002930002BF6D058464E464FF0000ADFF8FE
:102640006CB09FED150B2AF04FFB09F1010372AA44
:102650004FEAC30802EBC30755EC104B002E80F283
:10266000DB804C46002CC0F20981134B4FF0000A6E
:102670004FF0000B00261F4672ABA9EB040503EBDD
:10268000C4030693EEE00223029356E7AFF3008003
:102690000000000000000000000000000000F03F0B
:1026A000A0330500000020400000F03F0000703E15
:1026B000000070410000E03FB81A0500514651F893
:1026C000043B54B96BB10132C3F18073914541F8B9
:1026D000043C0ADD0B680AF10801C31A41F8043C06
:1026E000012301328A461C462EE701242FE709F117
:1026F000FF320EAB53F82230C3F316030EA941F894
:1027000022302FE709F1FF320EAB53F82230C3F32A
:102710001503F3E70EA951F82310013B0A437BE7A9
:10272000013453F8042D002AFAD00D9B22AA09F196
:1027300001074C4403F51A730DEB0305099B4B4449
:10274000983D02EBC306BC4204DAA14698E60C9B16
:102750000124E6E70B9B4FF0000853F82700FDF734
:10276000ABFEDDF828909FEDAC7BE6E80201B246B7
:102770008DED027B069B984505DD01379DED027BC3
:10278000A5EC027BDFE77AE90223F9E80201FDF715
:10279000FDFE02460B4608F10108DDE90201FDF7E6
:1027A0003FFDCDE90201E5E7CBF1000047EC106BFE
:1027B0002AF09AFA00229A4B55EC104B20462946F3
:1027C000FEF76AF900B30022964B20462946FDF732
:1027D000DDFE0BF1180BFEF789F90646FDF76CFEDE
:1027E00000228F4BFDF7D2FE0B46024629462046BB
:1027F000FDF714FDFEF77AF90EAB43F8290009F155
:10280000010943F8296016E720462946FEF76EF9CC
:102810000EAB43F829000EE70EAB53F82600013E3D
:10282000FDF74AFE22462B46FDF7B0FE52465B46B8
:1028300067E9020120462946FDF7A8FE04460D4639
:102840000CE706990136F1E802230691F7E8020148
:10285000FDF79CFE02460B4650465946FDF7E0FC4C
:1028600082468B46049B9E4201DCB542E9DA4AABC4
:10287000013C03EBC505C5E900ABF3E6A69B022BC3
:102880000BDC002B38DC5AD0089B03F007000DF559
:102890001B7DBDEC028BBDE8F08FA69B032BF3D113
:1028A00008F51A73CA460DEB0304A4F5A474254673
:1028B000BAF1000FA5F1080567DC4D46012DA4F122
:1028C000080400F383804AAB0020002103EB0804D6
:1028D000B9F1010F00F39880029BDDE94A78DDE948
:1028E0004C56002B40F0A080019BC3E90078C3E95F
:1028F0000256C3E90401C7E74AAB4C460020002159
:102900009844002C32DA029B002B35D0024601F1AC
:102910000043019C4CADC4E90023012402460B4650
:10292000DDE94A01FDF77AFCA14528DA029B13B1E3
:1029300001F100431946019BC3E90201A4E74AAB38
:10294000002000219844B9F1000F08DA029B13B16E
:1029500001F100431946019BC3E9000194E778E9BE
:10296000022309F1FF39FDF75BFCECE778E902236C
:10297000013CFDF755FCC4E702460B46C9E7F5E804
:1029800002230134FDF74CFCCEE795ED007B0AF104
:10299000FF3A8DED047B95ED027BDDE9040153ECFC
:1029A000172B8DED067BFDF73BFC02460B460646DA
:1029B0000F46DDE90401FDF731FCDDE90623FDF7F3
:1029C0002FFCC5E90067C5E9020171E794ED007BC2
:1029D000D4E902AB013D52465B4651EC170B8DED3D
:1029E000047BFDF71DFC02460B4606460F46DDE95B
:1029F0000401FDF713FC52465B46FDF711FCC4E9E8
:102A00000067C4E9020159E774E9022309F1FF39BB
:102A1000FDF706FC5CE700BF0000000000000000BE
:102A2000000070410000703E019B08F10044019AD3
:102A30001F605C609D6006F100431061D36001F18E
:102A40000043536120E700BF2DE9F04F5BEC10AB72
:102A50002BF0004385B08046B3F1795F8DED001B0C
:102A600004D205B0BDE8F04F38F079BD52465B4660
:102A700050465946FDF78AFD04460D4602460B4670
:102A800050465946FDF782FD06460F462046294628
:102A90003CA3D3E90023FDF779FD3CA3D3E9002350
:102AA000FDF7BCFB22462B46FDF770FD39A3D3E9A9
:102AB0000023FDF7B5FB22462B46FDF767FD37A344
:102AC000D3E90023FDF7AAFB22462B46FDF75EFD66
:102AD00034A3D3E90023FDF7A3FBCDE90201B8F14C
:102AE000000F17D102460B4620462946FDF74EFD42
:102AF0002EA3D3E90023FDF791FB32463B46FDF7B9
:102B000045FD52465B46FDF78BFB41EC100B05B0D3
:102B1000BDE8F08F00221A4BDDE90001FDF736FD1C
:102B20008046894630463946DDE90223FDF72EFD11
:102B300002460B4640464946FDF770FB22462B46AF
:102B4000FDF724FDDDE90023FDF768FB04460D4693
:102B50003046394608A3D3E90023FDF717FD0246A6
:102B60000B4620462946FDF759FB02460B465046C8
:102B70005946FDF753FBC8E7495555555555C5BF4F
:102B80000000E03F7CD5CF5A3AD9E53DEB9C2B8A3B
:102B9000E6E55A3E7DFEB157E31DC73ED561C1193A
:102BA000A0012A3FA6F810111111813F4955555532
:102BB0005555C53F000000002DE9F04F5BEC10AB10
:102BC0002BF00047D84B89B006469F42CDF808B09D
:102BD00059EC118B59D850465946FDF787FF0546E9
:102BE000002878D1731C51460B433B430CD152460D
:102BF0003B460020CD49FDF7F3FD82468B464BEC6A
:102C000010AB09B0BDE8F08F012EF8D042464B461C
:102C100050465946FDF704FB02460B460F4600207E
:102C2000C349FDF7DDFD2E462C46CDE90001DDE967
:102C30000023304652461D4639465B46FDF7EEFA04
:102C400002460B4640464946FDF7E8FA32462B4617
:102C5000FDF79CFC324682468B462B463046394671
:102C6000FDF794FC0022B14BFDF7DAFA02460B4661
:102C700050465946FDF7D4FADDE90023FDF786FCFE
:102C800022462B46FDF7CCFAB7E7AA4B9F4222D942
:102C9000029B002B05DA0BF100439B4609F1004330
:102CA000994652465B4682A1D1E90001FDF7B6FA8A
:102CB00004460D4642464B464FF000084FF00009CF
:102CC0007DA1D1E90001FDF7A9FA22462B46FDF7C7
:102CD000A7FA82468B4652465B4650465946FDF758
:102CE00055FC02460B46CDE90023FDF74FFC044698
:102CF0000D4650465946DDE90023FDF747FC70A319
:102D0000D3E90023CDE9040120462946FDF73EFC26
:102D10006DA3D3E90023FDF783FA22462B46FDF786
:102D200035FC6BA3D3E90023FDF77AFA22462B4644
:102D3000FDF72CFC68A3D3E90023FDF771FA2246C6
:102D40002B46FDF723FC66A3D3E90023FDF768FAC1
:102D500022462B46FDF71AFC63A3D3E90023FDF7B7
:102D60005FFADDE90023FDF711FC61A3D3E900233D
:102D7000CDE9060120462946FDF708FC5EA3D3E90C
:102D80000023FDF74DFA22462B46FDF7FFFB5CA31F
:102D9000D3E90023FDF744FA22462B46FDF7F6FB64
:102DA00059A3D3E90023FDF73BFA22462B46FDF752
:102DB000EDFB57A3D3E90023FDF732FA22462B4659
:102DC000FDF7E4FB54A3D3E90023FDF729FA0246FB
:102DD0000B46DDE90601FDF723FADDE90423FDF7E3
:102DE000D5FB42464B46FDF71BFADDE90023FDF714
:102DF000CDFB42464B46FDF713FA04460D4648A369
:102E0000D3E90023DDE90401FDF7C0FB22462B4690
:102E1000FDF706FA0B460246CDE900015046594639
:102E2000FDF7FEF9434B04460D469F4240F2848075
:102E30003046FDF741FB2246804689462B46204618
:102E40002946FDF7A3FB06460F4642464B46204661
:102E50002946FDF7E5F902460B4630463946FDF7AF
:102E6000BFFCDDE90023FDF7D9F902460B465046C9
:102E70005946FDF7D3F902460B46FDF7D1F9024654
:102E80000B4640464946FDF7C9F9029B04460D46EC
:102E90004FEAA37A0AF0020ACAF10100FDF70CFB1F
:102EA00002460B4620462946FDF770FBA5E600BF0B
:102EB000182D4454FB21E93F075C143326A6813CBE
:102EC000D47ABF74702AFB3EE9A7F0320FB8123FE4
:102ED00068108D1AF726303F1583E0FEC8DB573F98
:102EE00093846EE9E326823FFE41B31BBAA1AB3F58
:102EF000735360DBCB75F3BEA69237A0887E143F78
:102F00000165F2F2D844433F280356C9226D6D3F54
:102F100037D60684F464963F7AFE10111111C13F32
:102F2000635555555555D53FFFFF2F3E0000F03FE7
:102F30000000F0BF2794E53F012E33D04FF000088A
:102F4000894602460B46002018494446CDE90289CD
:102F5000FDF746FC52460F465B4606460D46404688
:102F60004946FDF75BF902460B46DDE90001FDF736
:102F700055F942463B46FDF709FB424682468B46E1
:102F80003B4640464946FDF701FB0022084BFDF752
:102F900047F902460B4650465946FDF741F932467D
:102FA0003B466BE682468B4629E600BF0000F0BF39
:102FB0000000F03F0000000010B19FED030B7047D0
:102FC0009FED030B704700BF000000000000008071
:102FD000000000000000000010B19FED030B7047DF
:102FE0009FED030B704700BF000000000000F0FFE2
:102FF000000000000000F07F70B5ADF58C4D92B080
:1030000044F23C521C4943A837F06AFF002002A951
:1030100001F06CFB044640B1014618482AF0DCFA86
:1030200020460DF58C4D12B070BD03AB019302AD7F
:103030000146019A4FF4807328682AF0BDFE4FF4D0
:103040008072019943A837F0E9FF0028E8D028688A
:10305000214682682AF0DAFE064628B10146084871
:103060002AF0BAFA3446DBE744F23C53214628689A
:1030700043AA2AF0B6FED3E7A0CF0400E63305004A
:103080000834050070B5ADF50E7D022001A901F0F0
:103090002DFB044620B1014631482AF09DFA19E083
:1030A00001461023019806AA2AF086FE044610B1B4
:1030B00001462C48F1E79DF81F50012D05D142F241
:1030C0004133BDF824209A4208D027482AF084FAD8
:1030D0006FF0150420460DF50E7D70BD9DF826306D
:1030E000089E9B070AD52148214B816898474FF0DD
:1030F000FF314FF0FF3037F012FBF8E701464FF495
:1031000004720AA837F013FF1A4B1B490B931B4B91
:1031100002AA0C931A4B0AA80D934FF48013CDE921
:103120008B3603ABCDE9034405948DF80C5008F0C1
:1031300005FB044610B101461248AEE70298124959
:10314000843008F0CDFA014628B910482AF044FA34
:103150006FF00104BEE72246029808F0ABFBB9E726
:10316000E63305005639050074390500B02100200A
:1031700011001000F1030400D03905001B04040005
:103180002F0404008B390500A9390500AE3905006C
:103190007FB50BAB05930393054B022202930023EB
:1031A0001846CDE9003301F01FF807B05DF804FBC5
:1031B000DB3905002DE9F04F91B0009302F00403D4
:1031C0000293C2F3C2030133840705460E46DDF8BD
:1031D00068800392059340F0BB81041D30B107293C
:1031E00009D86FF01B0011B0BDE8F08F01F00706A1
:1031F0003444C6F10806009B4FF000094FF0040A62
:10320000591E4FF0FF334F460193CB465346CDF83E
:1032100010900DB1009820600598002800F3E88018
:103220009848009A824203D397488242C0F0E080D7
:10323000039AA4EB050E92074FEA9E0000F103816A
:103240000F2F00F2B180002D00F0058107F1400240
:103250000DEB020C019A0CF8200C0CF8102C0498C1
:1032600001300490E7E07A285DD84B280ED8472833
:1032700059D829282DD8252852D054D820287AD09A
:103280002338D0F1000B4BEB000B74E04C382E28A8
:1032900049D8DFE800F0704848484848484848485E
:1032A00048484B484848484848484859484B4B5973
:1032B0005959704B6D487048184B184848827F4BDD
:1032C00048484B487F0000204FF0000B4FF0040AA5
:1032D00038E001222A38C0B202FA00F010EA0E0FDC
:1032E00049D110F0625C2FD110EA020B43D0604646
:1032F000013C5444B4FBFAF40AFB04F4002D61D001
:10330000A3EB050CA444B4453FF66BAF002868D18D
:10331000042B47D158F8043B2360042304342AE0EB
:10332000019A013A01924FF0000B24E011F8010CD0
:103330006C2834D1002011F8023C83466C2BC5D197
:103340004FF0080A5346D3E708F1070828F00708AA
:10335000073424F00704F8E802AB35B1069820449E
:10336000B0423FF63EAFC4E900AB4FF0000B08346B
:103370004FF0080A534611F8010F002878D0BBF12E
:10338000000F7FF470AF2528F5D14FF0010B019BA2
:10339000013301934FF0040AECE7584694E700200C
:1033A0008346A5E7082B02D06FF015001BE708F154
:1033B000070828F00708B8EC027B84ED007B08239F
:1033C0000834D8E768B9042B02D108F10408A4E74F
:1033D000082BE9D108F1070828F0070808F10808C8
:1033E000EDE705980138059058F8040B009010E7B8
:1033F000039A900720D54FF0010CA4EB050E4FEA7D
:103400009E00BEF5007FCFD20F2FCDD8F5B107F1CA
:1034100040020DEB020E019AC0B20EF8200C0EF81D
:10342000102CBCF1000F3FF41AAF60F07F000EF8D3
:10343000200C09F101090137C5F108024FF6DA7EC7
:103440000434069297E74FF0000CDAE7BCF1000F66
:1034500001D00136EFE7029A0236002AEBD100983C
:10346000CDE90631FDF70CFEDDE906310644E2E761
:10347000631BB3F5806F97D245B9A6F10804E01835
:10348000B1E600BFB0B504000C9A0500029A9B0893
:1034900028602B709DF81030C2B1EB7085F8029057
:1034A000B9F1000F05D0002208A8C5F1010C974220
:1034B0000ED14FF0000AC5F101030DF12008019370
:1034C0000DF1300B574512D1601B8CE66B70E5E7B0
:1034D00010F8013B190608D50CEB040EB64503F0B5
:1034E0007F033FF67EAE04F8013B0132DFE7B9F11E
:1034F000000F03D098F90020002A17DB029BD3B1FC
:103500001AF80B2004F8012B0022019B1819104413
:10351000B0423FF666AE98F80000009904F8010B3F
:103520002046039237F0DCFC039A14440AF1010AA6
:1035300008F10108C6E798F8002055F822300093FA
:10354000029B009845F82230FDF79AFD421CDCE70B
:103550006FF00D0047E600BF2DE9F04F9BB0DDF89E
:1035600090B00993CBF3C00304461646884690F802
:1035700002A00B9341B9457800780AEB8000204403
:10358000454516D8A0EB0408E3780A93BAF1000F7A
:1035900002D01BF0010F15D10A9B002B39D11EB1AF
:1035A00041462046099AB047454628461BB0BDE82B
:1035B000F08F471C3846FDF763FD0130384408F1B1
:1035C0000108DDE72278636806920893069B920063
:1035D0000C9204EB8301002E40F0E7800F4600269A
:1035E000454601EB0A08474522D017F8013B0691F2
:1035F00054F82300FDF744FD259B0699013033B1B3
:10360000269B9E423EBF259B23F8160001360544AB
:10361000E9E71BF0020FC2D023781F4606939B00F8
:103620000C93636804EB87010893002E56D145463E
:103630001BF0050F01EB0A070CBF4FF0020A4FF019
:10364000010A0A9B07EB43090BF0020306934F455F
:10365000ABD017F8021B17F8013C54F82380934BAA
:10366000984502D3924B984519D30B9B23B30898E6
:1036700029F089FF00B38F48036813F0060F0CD0C0
:10368000089B049103938C4B014602930023022272
:103690001846CDE90033FFF77BFD023DD7E70B9BD2
:1036A00023B1089829F06FFF0028E4D11BF0010F27
:1036B00005D1A5EB0A05CAE7069B002BC7D04046FB
:1036C000FDF7DEFC259B3BB1269B9E423FBF259A22
:1036D000431C22F8163001360544B8E7BAF1000F52
:1036E00067D01BF0040767D057464FF0000916A8B3
:1036F0005246079137F0F4FB079901EB0A03079351
:103700000A9B0A9A5B000E93079B03EB42030D93FF
:103710000BF002030F930D9B079A93424ED16378EF
:103720001BF0020F18BF002103EB090208BF790844
:103730001BF0010FD2B240F08A801BF0040F14BFBF
:10374000384600206270A070E1702046099A0C99FA
:103750000893B047051EFFF628AF069B3946237035
:10376000089B099A63700A9B84F802A0E37016A86C
:10377000B047071EC0F295800C9BA8EB0A01C91A3E
:103780000E9B099A0798C91AB0470028C0F28B808F
:103790004FF000082F443D180DF1480BC14558D893
:1037A0000021099A0846B047FFE6D146002712A833
:1037B0009EE75746D146A0E7B9469EE7079B13F818
:1037C000021B13F8015C079354F82520374B9A42EB
:1037D00002D3374B9A4217D30B9B23B1089829F099
:1037E000D2FE002897D10F9BCBB907F168037A1C52
:1037F0000DEB03001AAB023753FA82F200F8101CEB
:10380000FFB202F8105C86E70B9B2BB1089829F0F9
:10381000BAFE00287FF47FAF1BF0010F0AD009F138
:10382000680309F101020DEB030909F8205C5FFA56
:1038300082F970E71BF0040F3FF46DAF07F16803E6
:103840007A1C0DEB030707F8105CD7B263E7002082
:1038500078E718F80B3054F823A08DF84730259BF3
:10386000EBB1269B98451AD2259B33F8187001219D
:10387000099A0DF14700B047002814DB054427B929
:103880005046FDF7FDFB471CBFB239465046099A2A
:10389000B047002807DB054408F101087EE7002750
:1038A000E5E73D4681E605467FE600BFB0B504008A
:1038B0000C9A050058200020DB390500014B1860E8
:1038C000704700BF880E002070B50446044E4518AE
:1038D000AC4200D170BD336814F8010B9847F7E78C
:1038E000880E002080B505460E461746984626F0FD
:1038F00021FF034637F034FE0446DFF818904246B5
:1039000049F8003039463046A84754F8090004F019
:1039100027F800BF1000000000B5162237F020FE87
:10392000024B1A504FF0FF305DF804FB140000000A
:103930000F2800B508D937F013FE0922074B1A509B
:103940004FF0FF305DF804FB3022054B02FB0033E3
:10395000D3E8AF3F002BEED00020F3E714000000C7
:10396000940E00203023434330B50D4908330B44F7
:10397000D3E8AF2F92B1541ED3E8EF5F954204D144
:10398000C3E8EC4FBCF1000FF6D1F1D1012A05D10B
:103990003023584300230A180B50536030BD00BF3A
:1039A0008C0E002038B504461546FFF7C1FF0028ED
:1039B0000BDB094A59B1302303FB04235B688B42BC
:1039C00005D037F0CDFD054B1D50002038BD30230C
:1039D0005C431059FAE700BF8C0E00201400000071
:1039E0002DE9F041184E90461F46002435463368B5
:1039F000984202D1736899420BD00134102C06F121
:103A00003006F4D137F0ACFD17224FF0FF340F4BE6
:103A10001A502046FFF78CFF002812DBB8F1000F88
:103A200005D0302101FB04510C31C8F8001017B942
:103A30000120BDE8F081302303FB045520353D60B3
:103A4000F6E70020F5E700BF8C0E00201400000010
:103A500038B504461546FFF76BFF00280DDB302311
:103A60006343074AD0184068086015B10C3313440B
:103A70002B6030235C43105938BD0020FCE700BFA9
:103A80008C0E002070B500254FF0FF334FF0FF3251
:103A9000184829F0C1FD184BD3E8AF2F82B101358A
:103AA000102D03F13003F7D137F05AFD17224FF0F4
:103AB000FF35124B1A500F4829F0B0FD284670BD53
:103AC00030246C43D3E8EF0F0130C3E8E10F002945
:103AD000F8D10B4E331932515A609A6204F10C003E
:103AE000304436F0DCFA04F12000304436F038FD82
:103AF000E1E700BFF4210020940E00201400000034
:103B00008C0E00202DE9F0413024164644430F4A24
:103B1000101911514660C362B6B1F368A3B137F012
:103B20001FFD0B4F0C3450F807801319054640F267
:103B30000512304629F05FFDB8F15F0F04D0EB5954
:103B40005F2B08BF45F80780BDE8F0818C0E002090
:103B500014000000F8B50546FFF7EAFE002824DB54
:103B600030246C43124F04F10C063E444FF0FF32F8
:103B70004FF0FF33304629F04FFD3A1953689B68E8
:103B80008BB1D26A385912F4404F0AD0294698476F
:103B90000446304629F042FD2846FFF7E3FE204662
:103BA000F8BD9847F4E71C46F3E74FF0FF34F6E71B
:103BB0008C0E00202DE9F84340F26C7344690569CE
:103BC000E1170135E41841F10001022D8CBF0023FB
:103BD0000123E41AC76861F100010029064607F1D4
:103BE000FF374EDA6FF4C7704FF4C8720023201805
:103BF00061F10001FDF7ACF9244B4FF03C0E03FBE3
:103C00000044D6E900834FEAE37C99466346022DDF
:103C100002468CBF6FF002000920B6680544C6FB5F
:103C20000E93A9FB0EC60EFB036640F26D1E992093
:103C3000A3080EFB04333B44642745430520B4FB33
:103C4000F7F40235B5FBF0F51B1B114C1CEB080C0F
:103C5000A2FB042004FB01012B4446EBE8769818F4
:103C60000C4A41F1000380180B4A63F10003A0FBEA
:103C7000020102FB031110EB0C0041EB0601BDE851
:103C8000F8834FF4C87200232046B3E770FEFFFFAD
:103C9000B13A02009405F5FF8051010010B5FFF71D
:103CA00089FF0024024637F05BFC0B460249445072
:103CB0001046194610BD00BF1400000070B5EFF3A8
:103CC0001186102383F31288BFF36F8F00242546DB
:103CD000134B03201C805C809C80DC8016F04EF827
:103CE000104B5C609C60DC601C61A3F558231C6772
:103CF0005C679C670C4B04F1A0020134102C43F864
:103D00002250F8D1032016F00DF8084B084A1A602B
:103D1000084B1D6086F31188BFF36F8F70BD00BF25
:103D200078D9002000000E4000E100E0B4910020AE
:103D300000127A00B0910020F0B587B02A4D2B4ECA
:103D4000284635F0A3FF034668B93268510707D00B
:103D5000274A3146CDE901020090012229F0CFFE29
:103D60006FF0120415E0AF683B68ABB10021284644
:103D70009847041E13DA33685A070AD01D4B039480
:103D80000293002301221846CDE90033174929F098
:103D9000B6FE204607B0F0BD6FF05704EBE7FB68B6
:103DA0005BB10021284605AA9847041E08DA33684B
:103DB0005B07EED0104B0394E2E76FF05704F6E791
:103DC000336803F00703022B01D80024E1E7059BC9
:103DD00003220393094B3146029300231846CDE991
:103DE000003329F08CFEF0E7DCBC040064200020E6
:103DF000BB3A0500ED3A0500203B0500563B0500A7
:103E00002DE9F84F814630480F4629F091FE0646CD
:103E100070B92E4C0546A0464FF0010ADFF8B0B04D
:103E20005C4507D3B9F1000F02D04FF0010AFDB98C
:103E3000BDE8F88F237B83B12368DB680BB1204694
:103E40009847636883F806A023681B6943B96368D1
:103E500004222046196829F09EFE01361034DFE75F
:103E6000204698470028F2D00AFA06F31D43F4E7EB
:103E7000A94695FAA5F4B4FA84F40AFA04F32601E3
:103E800008EB04146FEA030B25EA0305237B63B1F7
:103E900058F806301B698BB94644736804222046E3
:103EA000196809EA0B0929F076FE002DE1D11FB14E
:103EB0006420002136F033FC4D46B8E72046984791
:103EC0000028F2D1E8E700BFC091002048C10400FB
:103ED00058C1040008B5034608462BB1044A1360D4
:103EE00000F0EEFB002008BD6FF01500FBE700BFFF
:103EF0008C11002000230D4A10B513700C4A4FF4AA
:103F00007A7113600B4A0C481360FFF7E3FF00F06F
:103F100095F80A4B0A4918468B4200D310BD1A1A6D
:103F20005C681211013222711033F5E782D900204A
:103F3000B8910020BC91002021DB030048C104009F
:103F400058C1040070B50B4D297841B90120FFF725
:103F500057FF094C094EB44202D301232B7070BDA8
:103F600063685B791BB1236820469B6898471034CF
:103F7000F1E700BF82D9002048C1040058C1040005
:103F8000014B1868704700BFBC91002010B5044673
:103F9000064829F0CDFD3CB1054BD3E8EF1F0139B0
:103FA000C3E8E21F002AF8D110BD00BFB89100207D
:103FB000BC9100202DE9F041164B05461B6898473F
:103FC000154CDFF85880A860444501D3BDE8F08166
:103FD00063685B793BB129784B0706D5236829468E
:103FE00020461B6898471034EEE728462E88C1F318
:103FF000C20700F0C9F9C6F382160246002EEDD0C2
:104000000028EBDB01233946204600F0C7F8B04218
:10401000E9D3E3E78C11002048C1040058C1040033
:10402000044A054B9B1AB1EBD30F34BF52F8310051
:1040300000207047C0BF040048C1040000210B48A5
:104040000B4B30B51B1A0B4CDB080430994200D1E6
:1040500030BD10F83120256802F0070225F0070571
:104060002A4344F8042B0131F0E700BFC0BF04002D
:1040700048C1040054200020F8B5064600240A4F29
:104080000A4DED1BED08AC4203D14FF0FF34204642
:10409000F8BD57F8340020B13146FCF7DFFF0028A7
:1040A000F5D00134EFE700BFC0BF040048C10400F1
:1040B00000282DE9F047884615461F461DDA4FF0C7
:1040C000000A5446DFF8A090234EA6EB09063609F5
:1040D000B24509F1100902D12046BDE8F08759F830
:1040E0000C0C3B462A4641460079FFF7E1FF84422B
:1040F00038BF04460AF1010AEAE7184B184AD21AF7
:10410000B5EBD20F26D203EBC5031C79BC4228BF06
:104110003C460722134EC0B200EB400056F8253053
:10412000824023EA020304F0070282401343002185
:10413000032223FA02F000F00700814202F1030299
:1041400038BF01461E2AF4D123F007030B4346F87B
:104150002530C1E70024DCE758C10400C0BF0400DB
:1041600048C104005420002048C10400F8B50646A8
:104170000F460024074D084BED1AED08AC4200D362
:10418000F8BD002122B23B463046013429F0F5FC4F
:10419000A4B2F3E748C10400C0BF040070B1416895
:1041A000097973B1002A17DBCBB20C4903EB430347
:1041B00051F82200D84000F0070070474FF0FF315F
:1041C000EFE707490748401AB2EBD00F3ABF01EBBF
:1041D000C201087918467047042070475420002017
:1041E000C0BF040048C104002DE9F04F87B004AF00
:1041F0000446D7E90EA90E46934698463D6BBAF1A0
:10420000000F22D0C7F80490CDF80090102153463B
:1042100000207A6BFEF7CEFFB0F5006F014615D394
:104220001C490B6813F0060F0BD040F2FF73039389
:10423000194B0222029300231846CDE9003329F0DE
:104240002DFD0C37BD46BDE8F08F514604F0070444
:104250000BF0070BE40044EA8B1444EA412444EADF
:10426000055417350D4425F00705ADEB050D04ADDC
:10427000BAF1000F07D0CDF8009053467A6B05F1E4
:104280001000FEF797FF434622463146284629F0A4
:10429000B5FCD6E78C200020953B05002DE9F04FBA
:1042A000C1F34A2691B00D469046079008930C0D35
:1042B000002E5AD000274FF0040B4FF00A0A0BAB28
:1042C00001933A460DAB31464046CDF808B0CDF8E3
:1042D00000A0CDE90D770F97FFF73EF9B0F5006F1D
:1042E000B146034616D325490B6813F0060F0ED0CE
:1042F00040F2FF730493D8F8043002220393204B5A
:104300003846CDE9017300973B4629F0C7FC11B050
:10431000BDE8F08FC0F30A0604F11700184420F03E
:1043200007008008099329F024FC66F3532504460E
:1043300080B1099B00F11001CDE90E370BABCDE93F
:1043400000A30D91404649460E4ACDF808B00DAB8A
:10435000FFF702F966F353252A462046089B079982
:1043600011B0BDE8F04F29F049BC04F1170020F06E
:104370000700800829F0FDFB0446EBE78C200020B5
:10438000CD3B0500D1DB0300406820B1034BC01AD0
:1043900040F38F0070474FF0FF30704754200020EB
:1043A0000EB403B503AB53F8042B01460448019344
:1043B00003F03EFC02B05DF804EB03B0704700BFB1
:1043C00017DD0300CA0605D48B064CBF024903491A
:1043D000FFF7E6BF704700BFBC9005000C3C05002E
:1043E0002DE9F04F87B09DF8446004460D46904695
:1043F0009946002E00F0A280159B03F0020A03F0FC
:1044000001030493159B03F0080B03F480730593D9
:1044100029F0B1FB024600283DD020469449FFF721
:10442000BFFF0746BAF1000F09D0159B13F0440FE8
:1044300033D12A4620468F49FFF7B2FF0744049B39
:1044400053B18D4B204653F826208C4B8C49002AC3
:1044500008BF1A46FFF7A4FF059B002B49D0BBF10C
:10446000000F64D1B8F1000F66D04246204685495E
:10447000FFF796FF0546129B3D44002B6DD1149B20
:10448000002B73D1159BDB0700F1EB8020461599BB
:10449000FFF798FFD8E00746C4E77B4B1868002871
:1044A000CCD07A4B4FF47A7A1B684FF03C0CB5FBBA
:1044B000F3F5B5FBF0F14FF4616300FB11550AFB16
:1044C00005F5B1FBF3F2B5FBF0FE03FB121100FBA7
:1044D0001E55B1FBFCF30AFB05F5B5FBF0F50CFB33
:1044E000131120460091CDE901E56949FFF758FF16
:1044F000A4E7BBF1000F1DD0664B204653F82620E1
:104500006549FFF74DFF0546B8F1000F05D042465B
:1045100020465C49FFF744FF0544B9F1000FAAD0DB
:104520004A4620465D49FFF73BFF0544A3E74FF0AD
:104530000009E1E75D46E7E745469CE7B9F1010F71
:10454000129B06D1002B66D1149B002B7CD000253A
:104550000CE0002BF8D052485EE05248129B2246F5
:10456000514928F0DFFF149B002B6AD0DFF844810B
:10457000DFF84491149F2046102F159928BF10276B
:104580004FF0000BFFF71EFF5D4547DC139B4946CC
:1045900020461A78FFF704FF4FF0010B1BF0070FBE
:1045A00003D141462046FFF7FBFE5F453DD9139BF3
:1045B0004946204613F80B20FFF7F2FE0BF1010BE2
:1045C000BBF1100FEAD14FF0000A20463749FFF740
:1045D000E7FE5246DFF8E4B0139B20469A5CA2F156
:1045E00020015F2928BF2E225946FFF7D9FE0AF184
:1045F000010ABAF1100F1DD01AF0070F03D141467E
:104600002046FFF7CDFE57455246E5D841462046A5
:10461000FFF7C6FEEBE7234835469FE741462046B5
:10462000FFF7BEFE0BF1010BAEE720462049FFF776
:10463000B7FEC3E7139B3B441393149BDB1B1493FC
:1046400098D1002E7FF41EAF6268A168D2E90023E2
:10465000206829F052FB002263681A6007B0BDE8A9
:10466000F08F2046054A0649FFF79AFE0EE700BF85
:10467000143C0500183C05001C1B05000F3C050000
:10468000BE4105003D3C0500C8910020C4910020BA
:10469000213C0500301B0500413C0500473C05005E
:1046A00033DD030017DD0300317C0100563C0500BB
:1046B000523C0500119305004C3C0500A148050043
:1046C00000210123064A904206D8064A01B9012377
:1046D0001360054B18607047012140085B00F2E74A
:1046E00040420F00C4910020C891002070B5104BCB
:1046F0000D461C68B4B10F4B196800238B4202DBD6
:104700006FF0010070BD224612F8106B864202D095
:1047100014460133F2E7E06835F0B8FA28B100201A
:104720002C60EFE76FF00C00ECE76FF01200E9E7A8
:1047300090110020441B050010B5044615F000FA46
:1047400003490246204629F024FD002010BD00BF89
:104750008F3C050037B513460022054601920A2119
:10476000586801AA01F0BCFD019C4CB90A2120EA5D
:10477000E07080FB010135F0D2FF204603B030BD70
:1047800022462846024929F020FD019CF5E700BF9A
:10479000B43C050008B5034A034929F0FAFC00209F
:1047A00008BD00BF9E3D0500A53D0500F7B51746B5
:1047B000002305460A2101AAB868019301F090FD83
:1047C0001749C6B2284629F0F2FC019C44B12246A2
:1047D0002846144929F0F9FC019C204603B0F0BD9D
:1047E000042E09D9324628460F4929F0EEFC284606
:1047F00029F02AFD0124F0E77868FFF73DFC021E4E
:1048000007DA28467A68094929F0DFFC6FF01504B9
:10481000E3E733462146204612B229F0AEF9DCE741
:10482000D03D0500363E05005D3E0500743E0500A6
:10483000002307B50090694604488DF8043026F03F
:104840008BF99DF8040003B05DF804FB41DE030022
:1048500010B5044615F056F907490246204629F0DE
:1048600098FC2046054929F094FC2146044826F08E
:104870008DF9002010BD00BFCC3E0500EB3E0500C9
:104880008548010070B58EB004460D46D0F89C6096
:1048900035F073FE034636F063FE214A2149105875
:1048A000214A002B18BF1A460092204A2346844210
:1048B00018BF0A4628461E4929F06BFCD4E90A2392
:1048C000CDE90023284694F90E30227B194929F0BE
:1048D00060FC06A92022204625F006FB636E0246F6
:1048E0001549284629F055FC204605A935F066FEF5
:1048F000024628B12846114929F04BFC0EB070BD84
:104900006422059B2846F11A4A43B2FBF6F2009155
:10491000CDE901620A49324629F03BFCEEE700BFCF
:104920001000000011930500F53E05000F8F0500F3
:10493000F83E0500043F0500303F0500473F0500F5
:10494000743F0500F0B50025044691B0294608AF34
:104950001C2209A836F0EBFA134E1A222021384601
:1049600036F0E5FA2146114826F010F907AA4FF46F
:104970000061304635F016FE6423079A2046C2F5E2
:1049800000614B43DB0A05934FF400630097CDE9C8
:104990000313CDE9013206492B46324629F0F9FBD3
:1049A000284611B0F0BD00BFF8C00420B549010091
:1049B000C03F050070B504460D46D0F89C6088B035
:1049C00007A935F0FBFD024628B128460E4929F01B
:1049D000E0FB08B070BD204635F0CFFD6422079B98
:1049E0000096F11A4A43B2FBF6F2CDE90131074BCA
:1049F000CDE90362002818BF034622462846044931
:104A000029F0C7FBE5E700BF473F0500F53E05007D
:104A10000940050038B513460546102200215868A4
:104A200026F062FF0446FFF703FF38B92246284606
:104A30000D4929F0CAFB6FF0150038BD36F090FD26
:104A40000A4B1B589C4204D12846094929F0BDFB5A
:104A5000F1E7204625F0FEFB28462246054929F0CD
:104A600098FB0020E9E700BF6D4005001000000042
:104A700088400500B040050038B5134605461022B1
:104A80000021586826F030FF0446FFF7D1FE38B900
:104A9000224628460D4929F098FB6FF0150038BDD5
:104AA00036F05EFD0A4B1B589C4204D1284609494A
:104AB00029F08BFBF1E7204625F0D2FC2846224660
:104AC000054929F066FB0020E9E700BF6D400500BD
:104AD00010000000E74005000D41050038B5134601
:104AE000054610220021586826F0FEFE0446FFF716
:104AF0009FFE38B9224628460D4929F066FB6FF023
:104B0000150038BD36F02CFD0A4B1B589C4204D1D1
:104B10002846094929F059FBF1E7204602F020FF19
:104B200028462246054929F034FB0020E9E700BF6A
:104B30006D40050010000000414105006641050080
:104B40002DE9F04F87B00446684624F043FA242349
:104B5000009F082103FB0077264A204629F00CFB22
:104B6000DFF8ACA0009DDFF8ACB0BD4203D300205D
:104B700007B0BDE8F08F2B680BB11A7832B92B461D
:104B800014211D4A01A826F02BFC01AB5246082136
:104B9000204629F0F1FA284635F078F8174B08211D
:104BA000002808BF5B46164A204629F0E5FA2B6A22
:104BB000A3B11E6896B1336883B108212046114A1B
:104BC00029F0DAFAB1464FF0000833680E4A43453F
:104BD00006D8082120460D4A29F0CEFA2435C4E72C
:104BE0000821204659F8043F29F0C6FA08F10108C7
:104BF000EBE700BFAD410500B74105009E41050050
:104C000000490500C1410500BD410500BC900500FB
:104C1000BC410500A44105001FB50C68D1E9043270
:104C200003944C68013302948C6802F26C72019414
:104C3000C9680091024929F0ACFA04B010BD00BF68
:104C4000FB410500F7B5137806463A2B0F4615468B
:104C500014D1541C23783A2B28D101340A2220463F
:104C600001A926F0CBFD019A0346A242386017D075
:104C70001078A8B93C2B15D915490EE00A22284610
:104C800001A926F0BBFD019CB860AC4208D0237896
:104C90003A2B05D1172807D90E49304629F095FA45
:104CA0006FF0150003B0F0BD0134D3E70A222046AF
:104CB00001A926F0A3FD019B7860A342F0D01A78E9
:104CC0003A2AEDD13B2801D90349E6E75C1CC5E748
:104CD0003A4205001C4205002A4205002DE9F04138
:104CE0000D4690B002A904460120174603F03AFA97
:104CF00007A902A826F098FA032D55D17D680A224B
:104D0000284601A926F07AFD019E8046B54215D0BD
:104D100032782D2A12D101360A22304601A926F016
:104D20006DFD019B9E4209D01A782D2A06D1451EA1
:104D30000B2D0CD92849204629F047FA204629F0A6
:104D400083FA6FF01505284610B0BDE8F0815E1CAF
:104D50000A22304601A926F051FD019B9E42EDD06A
:104D60001B78002BEAD1431E1E2B01D91B49E2E719
:104D7000A8F26C73CDE90B53BA680A90204607A9D4
:104D8000FFF760FF0028D9D107A8FEF787FFB1F130
:104D9000FF3F08BFB0F1FF3FCDE9020108D1204637
:104DA0000F4929F012FACCE7022DC7D17A68E5E75E
:104DB0000023012002A90493FCF742FB054628B119
:104DC00002460849204629F000FABAE7204607A91A
:104DD000FFF722FFB7E700BF4A420500594205002E
:104DE000664205008F4205002DE9F04114468846D1
:104DF000074610220021606826F076FDB8F1020F08
:104E0000064607D8202308213846244A29F0B4F959
:104E1000336816E00A220021A06826F065FDC5B2BD
:104E20002B46082138461D4A29F0A6F9B8F1030F90
:104E30001AD1102D0CD0202DEAD0082D0BD13378AB
:104E4000DBB208213846164A29F096F9002009E01D
:104E500033889BB2F5E738460821124A29F08CF9CD
:104E60006FF01500BDE8F08110220021E06826F007
:104E70003BFD0821034604460B4A384629F07CF9DD
:104E8000102D06D0202D07D0082DE4D1E4B23470C7
:104E9000DCE7A4B23480D9E73460D7E7CB42050021
:104EA000F6420500E04205000743050000232DE916
:104EB000F04F91464FF0FF35012287B00193504BE0
:104EC000074688461A60202602F08CFF2C46DFF841
:104ED0004CA149465246404602F0A8FF411C06D16B
:104EE0006A1C41D14749384629F06FF917E0732809
:104EF0001AD0772828D0612811D1DFF824B11021E9
:104F0000DBF8000001AA01F0EBF9019B0546002B3C
:104F1000DFD0DBF800203C49384629F056F96FF025
:104F2000150007B0BDE8F08FDFF8F4B00021DBF822
:104F3000000001AA01F0D4F9019B0446002BC8D05F
:104F4000DBF800203149E7E7DFF8D4B00021DBF8D7
:104F5000000001AA01F0C4F9019B0646002BB8D05D
:104F6000DBF800202A49D7E7631C01D12949BAE7B9
:104F70005FFA86F8C6F3C406002C3FD002AB294680
:104F80001A46A6EB050C0CE0B8F1100F1DD0B8F1D5
:104F9000200F20D0B8F1080F2AD1087818703144BA
:104FA0003344A64203D80CEB01001028ECD9102C96
:104FB000A14628BF4FF0100929464B46384601F05C
:104FC0005FF81035A4EB0904D6E7088880B21870A2
:104FD000000A5870E3E708684FEA102E187083F84B
:104FE00001E04FEA104E000E83F802E0D870D6E7D9
:104FF00008213846084A29F0BFF890E7204690E794
:10500000041200205C4305001B4305002E430500ED
:105010004143050079430500E04205005543050082
:1050200030A4002070B50F4E04460D46337871B1A0
:1050300023B10D49BDE8704029F0C7B80123337092
:1050400020460A4929F0A5F80123337004E083F0D3
:1050500001033370002BF3D129462046BDE8704090
:1050600029F012B983D9002093430500CE430500EF
:1050700070B504463B480378182B02D10B78112BEE
:1050800031D00B46013A8D18AB4225D18B5C0A78A2
:105090000370A2F13003092B334C04D922F0200312
:1050A000413B052B04D823683049CA54013323609F
:1050B0002368022B33D1102200212C4826F014FC47
:1050C0002B4A136803F8010B13602A4A1368013353
:1050D00013600023236022E013F8016B182ED3D154
:1050E0001E78112ED0D1234D20462A68224929F05E
:1050F00050F820460021FFF795FF204B187870B933
:105100001F4A2B681168042B0ADC08B111602B6060
:1051100013F003010BD1126813681BBA136070BD42
:105120000868043B00BA41F8040B0120EBE75B423E
:1051300003F0030358BF5942022904D112681388AF
:105140005BBA9BB2EAE70329E9D11068026811044F
:10515000C2F3074301F47F010B4302F47F42134380
:105160000360DCE784D90020CC91002086D90020A0
:10517000D8910020D0910020F843050085D9002067
:10518000D49100202DE9F84F0023064615460C4621
:105190002949DFF8BC800B602849DFF8B890DFF8B8
:1051A000B8B088F800300B60012C2F4655F804AFDA
:1051B0001ED902224946504635F074FF80B99AF84C
:1051C0000220003A18BF01229244504602221C4994
:1051D00035F068FF30B9012388F80030013CE3E77F
:1051E0000022F1E749465046FBF738FFA8B90437DB
:1051F00000227868114626F077FB0022114B1146F9
:105200001860786826F070FB0F4B10491860304624
:10521000FFF708FF0020BDE8F88F9AF800202D2A3C
:10522000E6D19AF80120002AE2D05246594630468B
:1052300028F0AFFFD2E700BFCC910020D091002032
:1052400012440500D8910020D49100207150010033
:1052500085D90020C5970500154405007FB50BAB27
:1052600005930393054B0222029300231846CDE9D0
:105270000033FEF7B9FF07B05DF804FB7745050082
:1052800007B50A4834F002FD60B10423084A0093D0
:10529000126801230549074800F058FF002003B0B9
:1052A0005DF804FB6FF01200F9E700BFBCBB04001F
:1052B000841C050008CE040010B54468C4E900123F
:1052C000A36042684021134653F8404B5163536238
:1052D000002302F13801C2E904130821C2E90A33AC
:1052E000C2E9063313631162C2F8B830A36823B170
:1052F0009B6C13B1204604499847A3689B6A0BB185
:1053000020469847002010BD0D5301002DE9F047BD
:1053100005460C4686B083685B6C03B19847AB6862
:105320005B6B73BB4FF0000A04F1240804F12809F9
:10533000218E238D626B5B1A9BB2D31A934228BFD6
:1053400013464946404605AA28F026FB0646002893
:1053500044D0AB6805999B69002B33D002462846A0
:105360009847074688B33A464946404628F04AFBE4
:10537000B7424FF0010ADBD00020D4E90131984751
:1053800003E0284698470028CCD1AB685B6A002B25
:105390003BD1628BE38A04F110079B1A226A9BB20D
:1053A000934204F11A0828BF13464146384605AA1D
:1053B00028F0F2FA064678BB284628F069FDC4F8C2
:1053C000B86035E06FF05707CDE7024649464046E2
:1053D00028F018FBBAF1000FD7D0CDE718490B68B9
:1053E00013F0060F07D0174B0222CDE901030090FE
:1053F0000346FFF733FFAB689B69002BEAD001221D
:1054000028460DF113019847E4E7284698470028FD
:10541000BFD106B0BDE8F087AB6805995B6963B1A1
:1054200002462846984702464146384628F0EAFA9E
:10543000D4E9013101209847EBE76FF05702F3E719
:10544000DC2000207745050010B50446816818313E
:1054500001F0B4F9A1682046BDE81040014A1831B6
:1054600001F052B9B945050038B58368044603F523
:1054700080539B6FDB071FD4C06929F0EEFB606887
:1054800003685B689847054620B9E06829F035FD58
:10549000A3681D75A3685B6C13B129462046984725
:1054A000002236F05DF8A36803F58053C3F820218D
:1054B000034B185802F054FA6FF00F05EAE700BFEB
:1054C00010000000014928F05FBD00BFBC9005003E
:1054D000F7B5044680680D4600F580539B6F5A0768
:1054E00005D5002128F094FDE06829F0D8FCE36898
:1054F000DB6873B9002D3CD0A66806F15607384624
:1055000028F04FFD002836D0394606F65600FBF746
:10551000AFFDA2682946E0680DF10603563229F076
:10552000C1FC58B9A06800F656015630FBF7A0FD43
:10553000A068563028F035FDADF80600204629F069
:1055400096F9A36803F580535B6F9B0603D50B495F
:10555000606928F019FD204600F02AFFA268BDF816
:1055600006302046A2F85230A268A2F8503029F046
:10557000E3F803B0F0BD86F85608CAE7DC1405006E
:105580002DE9F04FA7B004465422002111A835F0B0
:10559000CEFC0023CDE90533A368204656330293A1
:1055A00029F06CF9204629F0AFF810B96069FFF7CF
:1055B00089FF00264FF0FF37B246B3463546B14665
:1055C000A06814220021183035F0B1FC204629F0E3
:1055D00041F8A168E068B1F85020563129F099FCF3
:1055E000204629F028FD0DF144080396DDE9053237
:1055F000012A6DD0132B6ED85FBBBBF1000F0AD010
:10560000204629F039FD1423A26811A956320DEB6A
:10561000030028F09FFEB9F1000F0CD099F811306B
:10562000FE2B08D1059B26AA02EB830252F8542CCC
:105630000AB101330593A068059D436A002B40F031
:10564000B680CEB1C3699E422DD00D9600F11805EB
:1056500024E002234146029A06A828F07BFED8F8EF
:10566000042006990346029231B101290AD148B1BA
:105670006D4A204629F0B1F96FF00705284627B09A
:10568000BDE8F08F059B002B34D0D8F8000001F066
:10569000B5F898B166B1A5680D9618350CAE0FCE69
:1056A0000FC533682B602046FFF7CEFE0125E5E7E6
:1056B0005E4A0121204629F090F9DDE7059BCBB138
:1056C00029462046D8F8002001F042FA022809D1E4
:1056D000059B132B91D9069B022B8ED10121544B94
:1056E000544AC6E7032805D0059B4FF0010B013350
:1056F00005937BE7039B33B94846D8F8001007AA07
:1057000028F01FFF054608F10408013F9DB3EB6830
:10571000BBF1000F08D0F3B1204629F0AFF82046C6
:1057200029F00AF8444AC4E7ABB1AE46A368DDF8F5
:1057300014A003F1180CBEE80F00ACE80F00DEF86F
:105740000030CCF80030AB682BB96B7CFE2B04BF6B
:105750002F7C07F1FF37D5F804C0BCF1000F08D04B
:10576000AE460CAEBEE80F000FC6DEF80030336068
:105770006646A94603E0059B53B101230393069BAC
:1057800017B9022B7FF432AF059B013305932DE748
:10579000A368DB6A13B1DB68002BEED1274B012134
:1057A00000932046119B264A29F017F9E5E790F867
:1057B0002830A5EB0A05BBB14FF6FF7290F829100F
:1057C000FF2918BF0A469D4202D313449D420BD9BC
:1057D0008369012120461B4A29F0FFF82046FFF784
:1057E00033FE6FF0150549E741F20C16012128F050
:1057F00003FCA068304428F026FCA36811AA2946BF
:1058000002EB8A0220465B6A98470546A0684FF083
:10581000FF324FF0FF33304428F0B4FB0021A06882
:1058200028F0EAFB2AE700BFC7450500DB45050075
:105830003C4605008F3E0500F94505002846050059
:105840002D49050060460500022210B58368044614
:105850001A7583689B6CCBB928F073FB836803F5DA
:1058600080539B6FDB040CD50321094B094A29F0B7
:10587000B4F8A0686FF4805100F58350183028F018
:1058800076FB2046BDE8104000F020BF10BD00BFF1
:105890007B460500BE4105002DE9F04F04468068B7
:1058A000012100F58350B1B0183028F055FBA368F2
:1058B0001B7D022B20D100230993A36860689E6C96
:1058C00003681D6909AB16B310221BA9A847099BE1
:1058D00093B10121A06828F08FFB2046099A1BA9EB
:1058E000B0470021A06828F087FBA3689B6C002BC1
:1058F000E3D12046FFF7A8FF6FF00101A06800F593
:105900008350183031B0BDE8F04F28F030BB012291
:105910000DF12301A847099B002BEDD09DF9232011
:105920009DF82330002AA068C7DB427D032A00F2DD
:105930000283DFE812F004007E02960200030D2BC2
:1059400000F5805266D00A2B44D0B2F87810092BAB
:105950006FF3CA01A2F8781071D02AD8002B00F09A
:105960000681082BA06800F0EC81024602F5805009
:10597000426F920740F1FB80013B162B00F2F7804B
:10598000DFE813F0C002FF010302FB01BA021502B7
:10599000F500F500F500F50019021D02F5003202D0
:1059A000F5003702F500F500F500F5003902F500C5
:1059B0004F021B2BA0683FD07F2B00F0CF81A3F1BB
:1059C00020015E290246D1D8012128F021FB9DF853
:1059D0002310BAE0916FC1F3C70121B1916FC1F3F8
:1059E000C7010A29C1D1B2F8781063F3CA01A2F83D
:1059F0007810A568B5F85010B1B9284628F008FB12
:105A0000E06829F04CFA6069FFF75CFD2046FFF77B
:105A10001BFF52E7916FC1F3C7010029E3D0916FDB
:105A2000C1F3C7010D29DDE72046FFF7A9FD05F504
:105A30008055C5F82401E9E70123437597E0A06884
:105A400000F580535B6F9B0740F19180012128F0A6
:105A5000DFFA40F2FF73A068B0F850209A4200F0DD
:105A600086800025B0F8522000F1560100F656005D
:105A700035F036FAA3681BA9B3F852200BA81344DB
:105A800083F85658A268142302F6560228F062FCE6
:105A90000B9914296BD830AB03EB810343F8545CAA
:105AA000A368B3F85220002A53D0134493F855301A
:105AB000202B02D0093B042B4BD800294CD10025C8
:105AC0000A950A9B30AA02EB830353F854AC0026D4
:105AD000504628F066FAB3468146B0463746394606
:105AE000284616AA00F0C2FB0346002843D1012E27
:105AF00069D10A9B30AA02EB830353F8540C28F0B7
:105B000050FAA268064641462846183200F0AEFB1D
:105B10000568284628F045FA864205D0821B92B2D5
:105B20002046A91928F0A2FFA068B0F8523003441B
:105B300093F85630202B35D0093B042B32D900F591
:105B400080535B6FDF0732D42021204600F084FDB4
:105B50000DE00129B3D9013900200CAB009301906D
:105B60000AAB1BAA28F018FD05460028A9D16069D8
:105B700028F090FBA1E61B684A465146184603935D
:105B800035F090FA60B9039B1846FBF779FA58454F
:105B900038BF5846002E08BFB8461FFA80FB0136B2
:105BA00001379CE70121204628F0FAFDDFE70021BC
:105BB00028F039FA2021204600F04EFD0121A0688E
:105BC00028F031FAD3E70490D1D90A9A30AB03EB2D
:105BD000820252F8543CC1461846039328F0E1F97A
:105BE000049BA2680590A2F840300496A26849463A
:105BF0002846183200F03AFB039BD0F800A009F1C8
:105C000001094BB1BAF1000F06D019465046059A6A
:105C100035F048FA0028E9D1A168BAF1000F4ED159
:105C2000A1F840A0049B013B0493DFD16069FFF71A
:105C300049FC204600F04AFD0A9B30AA02EB830390
:105C400053F8540C28F0ADF9414611AA8146284674
:105C500000F00CFB0746A068396840F2FF7200F6BE
:105C6000560035F031FA3B684FF6FF7708F1010A2C
:105C7000B84603935146284616AA0AF1010B00F0D4
:105C8000F5FA002851D00022A168036801F65501F9
:105C900011F801EF985C704503D110B10132424513
:105CA000F6D1B9F1000F01D04A4506DBBA42A8BFD0
:105CB0003A46013E012E97B237D0DA46DAE79F48DE
:105CC000069128F06EF9069900EB0B074A8FBFB2D8
:105CD000121A92FBF7F2504692B20791069228F000
:105CE00060F907993F1AB1F84000069A00F1010CDB
:105CF000A1F840C0B0FBF2F102FB110080B2BFB2CC
:105D000060B9062120468D4B8D4ACDF800A028F0C1
:105D100064FE3946204600F035FB83E753460621F2
:105D20002046884A28F059FEF3E7002F3FF41FAFC2
:105D30000399A7EB0902204692B2494428F096FE47
:105D400015E700F580535B6F9E077FF510AF0121CB
:105D500028F05EF9204628F0AAFE08E700F58053F7
:105D60005B6F9D077FF503AF012128F051F9A36810
:105D700003F580535B6F1907ECD4204628F078FEBA
:105D8000F5E6204628F083FDF1E6204628F076FD72
:105D9000204628F0B9FC10B96069FFF793FBA068B2
:105DA000012128F035F92046FFF74EFDDFE62046B9
:105DB00028F076FDDBE6204628F07DFDD7E6436F30
:105DC0009F0603D56049606928F0DEF8A36803F5F3
:105DD00080535B6F9E0603D55C49606928F0D4F858
:105DE000204600F073FCC2E600212046FFF770FB5E
:105DF000BDE60121F9E7204628F039FD204628F0CC
:105E0000A0F80121A06828F003F9A36803F58053E6
:105E10005B6F9D067FF5ABAE4D49606928F0B4F825
:105E2000A5E6204600F042FB0121A06828F0F0F82A
:105E30009DE65B2B01D10223FFE500F58050426F08
:105E4000900706D5622B08D14FF0FF31204628F08D
:105E5000D0FC0022A3685A7589E6662BF9D101218E
:105E6000F4E700224275A26802F58051496F890764
:105E70007FF523AD313B1B2B3FF679AE01A151F8E5
:105E800023F000BF015F01000D5F0100235F0100EF
:105E9000F55E01006F5B01006F5B01006F5B01004D
:105EA0006F5B01006F5B01006F5B01006F5B0100C6
:105EB0006F5B01006F5B01006F5B01006F5B0100B6
:105EC0006F5B0100F35D0100E95D0100AF5D010062
:105ED000835D01006F5B0100F95E01006F5B0100F3
:105EE000055F01006F5B01006F5B01006F5B0100EC
:105EF000115F010003235375204628F0BFFC36E6EE
:105F000003235375204628F0B2FC30E60323537573
:105F1000A06800F58053596F01F0010181F0010183
:105F20004EE603235375A36803F580535B6F9B070D
:105F30007FF51DAE21E700237FE500BF533C050040
:105F4000BF460500BE410500E1140500E61405004A
:105F5000DC1405002DE9F84304468068154600F579
:105F600083501830002938D04FF4804127F0F4FFD7
:105F7000A3680021DD64606803689B689847002877
:105F800052D1204628F078F800284DD1274E284FCE
:105F9000DFF8A480A06800F585501C304FF0FF3278
:105FA0004FF0FF33032125F061F8054641F20C194B
:105FB000A068BDB14FF4FA720023484427F0E2FF15
:105FC00090BB20462B4601211A4A28F006FDA06806
:105FD0004844BDE8F84328F036B86FF4804127F014
:105FE000C6FFC5E74FF0FF334FF0FF32484427F0BC
:105FF000C9FF32460221204628F027F83A462946B2
:10600000204628F022F820464246012128F01DF8BB
:10601000606803685B6903B19847A06800F5885021
:106020000C3028F010F8B5E7BDE8F883695401009A
:1060300099580100C5460500AFDF030010B50446BE
:106040000A4928F0A6F82046094928F0A2F8204677
:10605000084928F09EF82046074928F09AF820467B
:106060000021064A00F050FB002010BDDC46050070
:106070001A47050079470500CD4705006748050028
:10608000F8B51E4617460A462949044628F081F805
:106090003EB320463A78274928F07BF801256A0765
:1060A00003D12046244928F074F8AE421ED9204678
:1060B0007A5D204928F06DF80135102DEFD120468A
:1060C0001E4928F066F8B6B920461B4928F061F849
:1060D0000125AE422B4610D82046174928F059F822
:1060E00015E02046164928F054F8012520461449A9
:1060F00028F04FF8E0E700252B46FA5C2046A2F195
:1061000020035F2B28BF2E220E4928F042F80135CC
:10611000102D06D06B07DCD12046074928F039F84E
:10612000D7E72046BDE8F840074928F032B800BF5D
:106130007D4805004C3C050011930500563C0500C8
:10614000523C0500A1480500117B05002DE9F047F0
:1061500004468068984600F580538946D3F820119C
:10616000154688B0002965D141F2281234F0DFFECF
:10617000E06828F046FFA06800F588500C3041F236
:10618000BC0733F08CFF41F27C06BA46A06830446D
:1061900034F068FEA06800228319012138441036CB
:1061A00034F032FE564507F11407EFD10026A369FB
:1061B00002211E60A06866F3820500F58350183046
:1061C00027F0CAFE5022A36820465A871822A368E7
:1061D0001A87216828F007F8A368494603F5805319
:1061E0005D676068154A03681D682346A847054631
:1061F000E0B90122A3681A75D4E90A01002200233C
:10620000CDE906230E230393109B4FF40042CDE902
:10621000018304950A4B009423F012FFA36803F551
:106220008053C3F82001616A23F04EFE284608B06F
:10623000BDE8F0876FF07705F8E700BFE1DF030006
:10624000555F010010B5044613460A46014606484C
:1062500001F0EEFC23691B7923B12046BDE8104014
:1062600028F018B810BD00BFADE2030038B50B46EA
:10627000154648B91449154A521AB3EB920F05D284
:1062800051F82350284638BD84680CB90025F9E739
:106290000F4A94420AD30F4A944207D2184629461D
:1062A000226890472B68002BECD1EFE70A4A944212
:1062B00002D30A4A944205D3246814225343E518B2
:1062C000E358F0E70133F8E738CE04006CCE040061
:1062D00084CF04008CCF04006CCE040084CF040073
:1062E000F7B5037804462D2B164605D16FF015033C
:1062F0000020336003B0F0BD35F032F900230546CD
:106300000A4F0A46C35101A9204625F0EDFAEB5980
:10631000222B02D16FF02103EAE7002BE6D1019B8B
:10632000A342E3D01B78002BE4D0DFE71400000089
:10633000836803F580535B6F9B0603D50249406970
:1063400028F0C3B9704700BFEC140500014928F0DC
:10635000BCB900BFBC9005000A1E0EDC0FD0422362
:10636000816801F58051496F890608D5002A0449E2
:106370004069B8BF524228F0A8B94123F0E77047FE
:106380009D4805000A1E0EDC0FD04423816801F5EC
:106390008051496F890608D5002A04494069B8BF71
:1063A000524228F092B94323F0E770479D48050018
:1063B0002DE9F0478568044605F15600FAF760FEBE
:1063C0000023984695F83C70DFF8589086B2A26892
:1063D000558FED1BB54209DB002E1FDD563360697A
:1063E0000F491A44BDE8F04728F06FB91D442A440C
:1063F00092F856A082F85680A26856331A4449464D
:10640000606928F062F9A3682B4483F856A0A3685A
:106410005B8FDB1BF61A00272B46D8E7BDE8F08719
:10642000BE4105008F3E050008290A4618D883683A
:1064300093F83E10914213D083F83E208368082AD7
:1064400003F580535B6F05D0990609D5054940696E
:1064500028F03BB99B0603D50349406928F035B9BC
:10646000704700BFA4480500F114050038B50D467B
:1064700009780446FFF7D8FF6A78072A12D8A3687C
:1064800093F83F1091420DD083F83F20A36803F5A5
:1064900080535B6F9B0605D560690349BDE83840B2
:1064A00028F013B938BD00BFAD480500F8B58368C2
:1064B0000446B3F85020002A57D0B3F852100029F0
:1064C00053D0553103F156050B441846A84206D364
:1064D000014611F80169202E3ED0A8423ED286B274
:1064E0009DB2AB1B9BB2591C471CD21A01443846C3
:1064F00034F003FDA268711BB2F85030204613FA45
:1065000081F3A2F85030A36809B2B3F850201344C5
:10651000002283F8562028F043F9A36803F580533E
:106520005B6F9A0603D51149606928F0CEF83B46A7
:10653000082120460E4A28F050FA2046FFF7F8FEC0
:10654000A36803F580535B6F9B060ED5606909490C
:10655000BDE8F84028F0B9B80846B7E7014611F899
:106560000169202EBBD00846B7E7F8BDF614050038
:10657000BE410500FA1405002DE9F84F04460F4608
:1065800090460AB1FFF7D4FEA66806F580535B6F0C
:10659000B6F852505B0724D505F156003044FAF79F
:1065A0006FFD0546294EB5B9A368B3F85020A3F88E
:1065B0005220A06828F096F830B1B8F1000F00D052
:1065C00017B16069FFF7C2FE79422046BDE8F84F77
:1065D00009B228F0E5B83146606928F076F8013D47
:1065E000E1E73046FAF74CFDB6F85090738F19FA90
:1065F00080F915FA80F0B0FBF3F2B9FBF3F39A429D
:10660000AA461BD0124D4845A368CDDA5A8F461CC6
:10661000B0FBF2F302FB130313B96069FFF796FEB8
:10662000A368204653442A46082193F856300AF1BD
:10663000010B28F0D2F9DA463046E4E75635082156
:106640002046044A731928F0C8F9ADE70F8F0500FA
:10665000A1480500BE41050013B583688DF80710F9
:1066600003F58052526F0446D00725D5B3F8521077
:10667000B3F850208A421FD0481C9DF80720A3F889
:1066800052000B4483F85620A36803F58053596FDA
:1066900089070FD55B6F606913F0040F18BF2A22BA
:1066A000094928F012F8204628F02EF810B1606948
:1066B000FFF74CFE02B010BD012220460DF107018C
:1066C00028F098F9F6E700BFA148050010B5044688
:1066D00083680221084A28F080F9A36803F58053F3
:1066E0005B6F9B0707D52046FFF762FE2046BDE89B
:1066F000104028F030B810BDBE410500014928F017
:10670000B5BA00BFBC9005002DE9F04F0E46002140
:10671000044617460D4689B0304603AA01F1010828
:10672000FFF7A4FDB0B995B127B13A46082120463C
:1067300028F053F900211E4FDFF87890DFF878A099
:10674000304603AA01F10108FFF790FD60B909B0D6
:10675000BDE8F08F006810B1FAF792FC80B2854274
:1067600038BF05464146D7E703688BB11A787AB13E
:10677000D0F804B04A46CDE9005308213B462046F4
:1067800028F02BF9BBF1000F04D16069FFF7B6FFC9
:106790004146D5E7524620463B46082128F01DF9E0
:1067A000AA1D5946204692B228F06DFAF0E700BFC4
:1067B000CB480500B6480500473C0500F7B50F6813
:1067C00005460E46A7B13846FAF75AFC84B2094B83
:1067D0002846009308213B46074A28F0FEF8284641
:1067E000E21C716892B203B0BDE8F04028F04BBAE9
:1067F0003C46ECE7C7480500C046050010B5074910
:106800000446FAF72BFC38B120460549FAF726FC76
:10681000B0FA80F0400910BD0120FCE7BD4805003A
:10682000C048050010B58368044603F580535B6FCC
:106830009B0603D50549406928F09CFA5022A368BD
:1068400000205A871822A3681A8710BDFE1405007D
:1068500008B5836902491A6827F09BFC002008BD2F
:10686000CE4805002DE9F3410D49054627F091FC7E
:1068700000220C4C0C4EDFF83480B44202F10107C8
:1068800003D3002002B0BDE8F081636A92B20093A6
:10689000A3684146284627F07CFC30343A46ECE7B2
:1068A000DE48050008CE040038CE0400F648050096
:1068B00008B5024927F097FC002008BD308F05007D
:1068C00073B5044600250D4EA2680DF106030121A3
:1068D000E06802F6560228F0E5FABDF80600A36863
:1068E00040B12A463146204603F6560327F051FCB4
:1068F0000135E9E783F8560802B070BD0749050085
:1069000010B5044627F0B6FC03490246204627F09E
:1069100040FC002010BD00BF0E440500022907B551
:106920000BD153680C49009312680C4B27F04DFCB7
:106930006FF0150003B05DF804FB8368084A03F5A7
:1069400080535B6F074913F0020F074B18BF1A46BD
:1069500027F01FFC0020EDE72A4905001549050036
:106960001149050033490500707A050010B58368A8
:10697000044603F580535B6F9A0603D507494069C7
:1069800028F0F8F9A36803F580535B6F9B0603D5E5
:106990000349606928F0EEF9002010BD05150500D7
:1069A0000A150500F0B50129044685B00AD05368E0
:1069B000614900931268614B27F007FC6FF01500E6
:1069C00005B0F0BD836803F580535B6F990603D56E
:1069D0005B49406928F0CEF900256FF0F9012046A7
:1069E000FFF7BAFCFA212046FFF7CCFCA0684FF471
:1069F0000062294600F656008DF80B5034F097FAE5
:106A00005049606928F0B6F9606927F043FC4FF4FB
:106A10007A766068012203680DF10B011F6903ABF0
:106A2000B847039BF3B9013E4FF47A70B6B233F026
:106A30001EF9002EEDD1A36803F580535B6F9B0612
:106A400003D54149606928F095F95022A368204692
:106A50005A871822A3683D491A8727F0A8FB6FF0D0
:106A60000700ADE79DF80B20A3681B2A56D093F8CA
:106A700056181B29CDD1522A50D15A19002382F819
:106A80005638A66896F857285B2A2ED1022506F6B6
:106A9000570010F8011F2A463B2905F10105ADB248
:106AA00026D140F2FF718A42C5D002F6560216FA8C
:106AB00082F1002211F8010F20BBFA2A28BFFA2226
:106AC000FA2B28BFFA2386F85608A1684A87A268DD
:106AD0001387A36803F580535B6F9A0603D51A49A1
:106AE000606928F047F900206AE786F85638A2E77F
:106AF00003EB8303303901EB4301B5F5006F8BB233
:106B0000C7D198E7013502EB8202ADB2303800EB15
:106B10004200B5F5006F82B2CCD18CE72B44013531
:106B2000ADB2092D83F856287FF673AF0022A36813
:106B300083F856287FE700BF2A490500154905005C
:106B4000101505007E49050014150500444905008F
:106B50002DE9F04F07461546894689B021B1104608
:106B600028F055FA00285CD1032456E05C463CE04E
:106B700029460AF6560034F0D9FA0646002855D0C0
:106B8000FAF77EFA82B2601C31460132304434F0AA
:106B9000B4F922465946304634F0A2F94FF02003AA
:106BA0003355BAF8543008F1010801331C44AAF8EF
:106BB0005440002401994B1C484603AA0193FFF757
:106BC00055FB0646F0B100222846316828F08BFCC0
:106BD0000028EFD1D6F800B0D7F808A0BBF1000F1D
:106BE000C4D05846FAF74CFA84B2BAF85430234469
:106BF000B3F5006FBCDB2B46032138460C4A27F067
:106C0000ECFE0124B8F1000F07D0B8682A4600F165
:106C1000540100F6560027F06DFC204609B0BDE88F
:106C2000F08F4FF0000802244146C4E70224E9E750
:106C3000344E05002DE9F047D0F808901D46A4B069
:106C4000D9F80C3080460F46164698470368802BCB
:106C500011D924490B685C0708D0234B0293002309
:106C600001221846CDE9003328F016FA6FF015001E
:106C700024B0BDE8F087002E05DA1A490B685807E2
:106C8000F4D01A4BEAE746EA05045A1E14400ED027
:106C900014490A685207E9D00393154B0122029365
:106CA00000231846CDE9003328F0F6F9DEE780220C
:106CB000394604A834F03BF92046AC42D8D2A5EBC3
:106CC000040ABAF1800F28BF4FF0800A40465346AD
:106CD000D9F8047004AA3119B8470028C8DB544415
:106CE000EBE700BF6C200020864E0500AC4E05008F
:106CF000C94E05002DE9F04F80460C468DB00029A5
:106D00007DD04C4E3368580732D000258B68012265
:106D100005934B68284604930B6831460393464B12
:106D2000CDE9005502932B4628F052FA33685907F3
:106D30001ED0636901220593236931460493E368F9
:106D4000284603933D4B0095CDE901532B4628F08F
:106D50003FFA33685A070BD0E36901220393384B9B
:106D60003146CDE9015328462B46009528F030FAEC
:106D700000252746A946DFF8D8A0DFF8B8B0336869
:106D80005B0718D0FB6A01220A93EB1C0993BB6ACC
:106D900059460893AB1C07937B6A06936B1C0593BB
:106DA0003B6ACDE9019ACDE903530023CDF8009069
:106DB000184628F00DFA0435102D07F11007DED122
:106DC000336858071BD00025236E1A4903931D4BC7
:106DD0000122029328462B46CDE9005528F0F8F908
:106DE000336859070BD0A36901220393164B284639
:106DF000CDE901530F492B46009528F0E9F9B8F188
:106E0000010F10D1EFF305830A490A6852070AD02F
:106E1000103B03930D4B4246029300231846CDE9E5
:106E2000003328F0D5F9214640460DB0BDE8F04FBB
:106E300022F046B99C200020014F0500304F05008C
:106E40005F4F0500B14F0500C04F0500EE4F050034
:106E50006E4F050030BFFFF7FDBF00BF2DE9F041C9
:106E600005460B4EDFF83080324606EB0807CC1B98
:106E70002046084934F034F8A01942460021083C65
:106E800034F055F8C5F8A84007F10800BDE8F081D6
:106E90000800000090CF0400080000002DE9F04F2A
:106EA0009B4653688FB006934B699146DBF81C20D4
:106EB00082468846079329F032FA0AAB04464A46CE
:106EC00041465046D9F8005029F07EFA0AAB0746F1
:106ED00080B1B8490B685E0708D0B74B0122029316
:106EE00000231846CDE9003328F08DF938460FB05D
:106EF000BDE8F08F9DF8342002F00F02032A01BF95
:106F00002820BDF83620D8F8B410424307BFD8F87F
:106F100030608A58D8F82C600A9A009316444B4681
:106F200041465046CDE9016B09AA05F077FB0746BB
:106F300070B1A0490B685D07D8D0A04B0122029325
:106F4000002303961846CDE9003328F05CF9CDE71D
:106F50009DF818006219322800F2778101A353F8D6
:106F600020F000BFED6E01003970010031700100AA
:106F7000BB7001004B7201004B7201004B720100AB
:106F80004B7201004B7201004B720100FF70010057
:106F90004B7201004B7201004B7201004B720100F9
:106FA0004B7201004B7201004B7201004B720100E9
:106FB0004B7201004B7201004772010047720100E1
:106FC0003D7201004B7201004B7201004B720100D7
:106FD0004B7201003970010039700100FF7001002F
:106FE0004B7201004B7201004B7201004B720100A9
:106FF0004B7201004B7201004B72010031700100B5
:107000004B720100657001004B7201007770010046
:10701000C3700100C3700100C3700100C3700100A0
:10702000D1710100D1710100D1710100D171010054
:107030006359099A13441CE06FF07C4EDDF824C0BC
:107040006159ACEB0203080203EBA01303F10070DB
:107050000138704580F08680C3F3970301F07F41CB
:107060000B4306E06259564B134043F0D07343F490
:10707000704363513AE709986159A0EB020C41F360
:107080001E03634413F1804F12D54A490B685C0715
:107090000BD005904B4BCDE90362029300230122F4
:1070A0001846CDE9003328F0AEF86FF007071DE76A
:1070B00023F0004301F00041D2E7099B9A1A63597B
:1070C000B8E761590B09C1F30B0603F4704333436E
:1070D000099E06FA83F3A0F12D06012E0CD92C2867
:1070E000394A08BF1B140A40C3F30B011B010A43B2
:1070F00003F470231343BCE79B1A2E28F0E740F6F5
:10710000FE78605B51884FEA902E4FEA0E6308EAE2
:10711000410803F0807343EA0803DFF8B080DDF82C
:1071200024C008EA003843EA08038EEA51386FEABF
:1071300008088EEAD12E6FEA0E0E08F0010843EA25
:10714000C8536FF07E480EF0010E43EA8E5343F3AE
:107150001803ACEB020E734403F1FF1E0EF57F4ED5
:10716000C64506D313490B6858079ED0CDF814C006
:1071700090E7C3F3093C00F47840C3F300664CEA9F
:10718000000040EA8620605301F45041C3F34A00F6
:10719000014383F40000C0F3C05083F480037040C7
:1071A000C3F3805341EA4031734041EAC323538023
:1071B0009CE600BF6020002001500500245005001F
:1071C0000F0000F03E50050000F0E0FF00F03F002F
:1071D00034F805C051884FEA0C334FEA4C0606F4E8
:1071E00000669BB23343967833430E0906F4E0669B
:1071F0003343099E06FA83F3A0F13106012E1AD912
:10720000302808BF1B145E08C3F3033006F4806601
:107210002CF4816C30432CF0070C40EA0C0C01F488
:107220000F41D8B21B01014303F4E043194324F892
:1072300005C051805AE69B1A3228E2E76359079A43
:107240001A44134615E7099B13E708490B685B07C7
:107250003FF42BAF064B0390029300230122184604
:10726000CDE9003327F0CFFF1FE700BF60200020EB
:107270006E500500054B9A699B689A421FBF044AED
:10728000536843F080535360704700BF38D90020E3
:1072900000ED00E07FB54D4C064623680D465807CB
:1072A00009D04B4B01220293002321461846CDE919
:1072B000003327F0B8FF474B9B6AD90640F1838023
:1072C00023685A0709D0444B0122029300233F4907
:1072D0001846CDE9003327F0A6FF11203D4B9B6AED
:1072E0001B070DD52368590709D03C4B0122029397
:1072F000002336491846CDE9003327F094FF1220C9
:10730000344B9B6A9A0726D523685B0709D0344B18
:107310000122029300232D491846CDE9003327F0BE
:1073200082FF2C4B5A6B9B6A180613D523685907AA
:107330000AD02C4B03920293002301221846CDE978
:107340000033224927F06FFF26B1224A936A23F0C7
:107350008003936213201F4B9B6ADA070DD52368C5
:107360005B0709D0204B01220293002317491846DE
:10737000CDE9003327F057FF1420164B9B6A9E0679
:107380000DD52368580709D0184B0122029300231A
:107390000E491846CDE9003327F045FF15200D4B67
:1073A0009A6AD10658BF9A6A9A6A920642BF5A6A86
:1073B00022F400525A629A6A42F0FF029A62002353
:1073C0002B7004B070BD102088E700BF9C20002007
:1073D0008A50050000ED00E0A0500500D3500500E4
:1073E000E6500500FE50050014510500335105001C
:1073F0007FB5504C064623680D46580709D04E4BC2
:1074000001220293002321461846CDE9003327F0DC
:107410000AFF4A4B9B6AD90478D523685A0709D0DA
:10742000474B01220293002342491846CDE900331D
:1074300027F0F9FE1720414B9B6A1B050DD52368E9
:10744000590709D03F4B01220293002339491846BE
:10745000CDE9003327F0E7FE1820384B9B6A9A05E8
:1074600026D523685B0709D0374B012202930023FE
:1074700030491846CDE9003327F0D5FE2F4B9A6BE3
:107480009B6A180413D5236859070AD02F4B03921F
:107490000293002301221846CDE90033254927F045
:1074A000C2FE26B1254A936A23F400439362192051
:1074B000224B9B6A5B050DD523685E0709D0244BE0
:1074C0000122029300231B491846CDE9003327F01F
:1074D000AAFE1A20194A936A13F4807318D02368FD
:1074E000580709D01B4B012202930023114918466B
:1074F000CDE9003327F097FE1B20104A936A43F42E
:107500007F43936200232B7004B070BD162092E776
:10751000926A9104F1D52268520708D00E4A1846A3
:10752000CDE9013203490122009327F07CFE1C20A3
:10753000E3E700BF9C2000206251050000ED00E061
:1075400078510500D350050089510500A25105006E
:10755000B7510500D2510500335105001FB54C4C01
:107560002368580709D04B4B012202930023214680
:107570001846CDE9003327F056FE474B9B6A990128
:1075800040F1838023685A0709D0444B01220293BB
:1075900000233F491846CDE9003327F044FE1E2062
:1075A0003D4B9B6ADB010DD52368580709D03C4B46
:1075B00001220293002336491846CDE9003327F013
:1075C00032FE1F20344B9B6AD9020DD523685A071F
:1075D00009D0344B0122029300232D491846CDE9EE
:1075E000003327F020FE20202B4B9B6A1B030DD578
:1075F0002368580709D02C4B012202930023244909
:107600001846CDE9003327F00EFE2120224B9B6A5D
:1076100059030DD523685A0709D0244B0122029340
:1076200000231B491846CDE9003327F0FCFD22203A
:10763000194B9B6A9B030DD52368590709D01C4B36
:1076400001220293002312491846CDE9003327F0A6
:10765000EAFD2320104B9B6ADA030DD523685B07F4
:1076600009D0144B01220293002309491846CDE9A1
:10767000003327F0D8FD2420074A936A6FEA0343BA
:107680006FEA1343936204B010BD1D2088E700BF6A
:107690009C200020EA51050000ED00E002520500A8
:1076A000155205002F52050059520500775205006A
:1076B0009C520500B6520500F0B5814B06465F6846
:1076C000A3B00023C7F3080483F31188BFF36F8FBF
:1076D00002F07F40B0F17F4F0FD102F00C0008287C
:1076E0001BD178490A68500707D0774A1846CDE978
:1076F00001320093012227F096FD00252E4600233B
:107700008DF81F30E31E092B00F2BC80DFE803F088
:107710000BA6AAA2BABABABABAAE120746BF0E46AA
:107720001D460125EBE7674C23685F0709D0674BCF
:1077300001220293002321461846CDE9003327F0A9
:1077400072FD00215E488DF81F10C36A13F002031A
:107750000ED02368580709D05D4B0091CDE9011385
:107760000B4601225749184627F05DFD00244AE0E8
:10777000C26A002A07DA22685207F7D0554A0093F6
:10778000CDE90132EDE7C26A5700EFD52268500714
:1077900008D0514A1846CDE901324A4901220093E6
:1077A00027F041FD464BB1695A6942F480725A6133
:1077B000BFF34F8FBFF36F8F5A6931F8021C22F469
:1077C00080725A61BFF34F8FBFF36F8F4DF6027215
:1077D000914208D09A6AD2B272B301200DF11F0112
:1077E000FFF758FD38E0236859070BD033680122B2
:1077F00003933A4B3349029300231846CDE90033F3
:1078000027F011FD34689DF81F309BB9682231467E
:1078100008A833F065FB0F9B002D4BD0C3F3080283
:1078200022B96FEA53236FEA43230F93204608A936
:10783000FFF760FA23B0F0BD9A6A12F47F4F05D0CB
:1078400001200DF11F01FFF7D3FD05E09B6AB3F5A1
:10785000803F8BD3FFF782FE0446D4E700200DF172
:107860001F01BDE700200DF11F01ECE715490B6872
:107870005A073FF47BAF1A4B012202930023CDE954
:10788000003370E70F490B685B073FF46FAF154A91
:1078900017F4F87F144B18BF1346103CCDE903349E
:1078A000124B0122029300231846CDE9003327F042
:1078B000BAFC5BE723F4FF7323F00103B5E700BFD5
:1078C00000ED00E09C2000200F5305003A53050016
:1078D0005153050072530500805305009F53050066
:1078E000BB530500F6520500E1520500DF530500C9
:1078F000044B5A6942F010025A615A6922F0080298
:107900005A61704700ED00E0EFF30880EFF3098162
:1079100001B57246FFF7D0FE01BD00BF0E4880F3EF
:107920000888102080F311880C484FF0AA014FF40A
:10793000006232F000FA09484FF40061401880F309
:107940000988EFF314800221084380F31488BFF301
:107950006F8F00F0ADF80000384A0520F8C0042011
:10796000084B9B6883420BD1EFF3058343B1064B71
:107970005A6842F080525A605A6A22F400425A62AF
:1079800022F0DEBE38D9002000ED00E021498A68EF
:1079900082F8F5E04FF030001044EFF3098C80E8F6
:1079A000F01F1EF0100F03D102F1B40080EC108A1A
:1079B000102080F31288BFF36F8F174F4FF00066CF
:1079C0008A698A603E60D2F8A800144C206092F95F
:1079D000F5E0D2F8AC000023C2F8AC3080F3118897
:1079E0001EF0100F03D00023E1EE103A03E002F185
:1079F000B40090EC108AEFF3148323F0040383F3B4
:107A00001488BFF36F8F02F1300090E8F01F8CF301
:107A10000988704738D9002004ED00E068A30020F1
:107A20001EF0040F0CBFEFF30880EFF309808169AB
:107A300011F8021C0229FFD001B5724627F0D8FBCD
:107A400001BD00BF0028ACBF00F16040064B4FEA0B
:107A50000111C9B2ABBF00F5614000F00F0080F822
:107A600000131954704700BF14ED00E040B2002825
:107A700007DB01234109034A00F01F00834042F85D
:107A80002130704700E100E040B200280CDB012209
:107A90000649430900F01F008240203341F82320AB
:107AA000BFF34F8FBFF36F8F704700BF00E100E05F
:107AB000144A08B5144B22F07F029A60BFF34F8F2F
:107AC000BFF36F8FD3F8882022F47002C3F88820A8
:107AD000D3F8882042F4A002C3F888204FF0404237
:107AE000C3F83422BFF34F8FBFF36F8F0023E1EE53
:107AF000103A21F0D3FB23F06DF800F07BF821F071
:107B000011FC00BF0000010000ED00E042F8203C45
:107B1000009B0D4942F81C3C019B21F0010142F8F9
:107B2000183C029B42F8081C42F8143C4FF080734A
:107B300042F8043C0023C0F8AC304FF47D43203AB7
:107B40000265C0F8F4307047E5380100104B9B68BF
:107B500083421AD1EFF30580B8B9EFF311811022F7
:107B600082F31288BFF36F8F1A7B22F002021A731E
:107B7000EFF3148323F0040383F31488BFF36F8FB0
:107B800081F31188BFF36F8F70476FF01500704756
:107B900038D900200E461546002300B5E1EE103A14
:107BA000EFF3148323F0040383F31488BFF36F8F80
:107BB000BFF36F8F084BD0F8A8209860074B1A606E
:107BC0002C4686F309880020054B98472046002163
:107BD00000220023034C204738D9002068A300204E
:107BE0005DF20300E53801001022014B1A61704775
:107BF00000ED00E0002310210348C2180133602B80
:107C000082F80013F9D1704700E100E008B5EFF306
:107C10000583064A103B02EBC30152F83300496862
:107C20008847BDE80840FFF725BB00BFFC1C0020CB
:107C3000F0B587B007460E4614460021102268466C
:107C40001D4633F074F902238DF80230054B2A46A5
:107C500021466846CDE90476019323F045FF07B03D
:107C6000F0BD00BF85F2030008B5024823F098FB81
:107C7000FEE700BF1E37050008B5024B1B6898479A
:107C8000002008BD6CA30020034B044A18609378C1
:107C900043F00203937070476CA30020C8110020CA
:107CA00008B5054825F098FC002383F31188BFF33D
:107CB0006F8F0423184602DFF253050008B506490A
:107CC000064821F00701C1F1005202F5002225F01B
:107CD000D1FB002008BD00BFD330062070A30020D8
:107CE0004FF0FF324FF0FF33014821F0C9BC00BF15
:107CF000D8110020014821F03BBD00BFD811002061
:107D000038B50546FFF7ECFF2A460821074825F05D
:107D10009BFA044628B925B133F022FC0C22044B0F
:107D20001A50FFF7E7FF204638BD00BF70A30020C0
:107D30001400000038B504460D46FFF7D1FF214678
:107D40002B460822074825F0F3FA044628B925B146
:107D500033F006FC0C22044B1A50FFF7CBFF2046F1
:107D600038BD00BF70A300201400000010B5044609
:107D7000FFF7B6FF2146034825F01DFABDE8104085
:107D8000FFF7B8BF70A3002070B5A0FB01543CB949
:107D90002846FFF7B5FF064640B90026304670BDBD
:107DA00033F0DEFB0C22044B1A50F6E72A4621463C
:107DB00033F0BDF8F2E700BF1400000038B500252D
:107DC000074C204632F06BF904F11400013532F013
:107DD000C7FB052D04F12404F3D1002038BD00BFFA
:107DE0007CA3002008B500F0B7F801220023094960
:107DF000C0E9002241610849C0E902330A6007492D
:107E000003610A60064A1360064A1360064A13605B
:107E100008BD00BF308F05000812002004120020AA
:107E200038A4002034A4002030A400202DE9F04123
:107E300007460E46154600F08FF8C36804461BB986
:107E400043691A78002A41D10023E3606368BB428A
:107E500056F8232008DB324B6361204600F062F8BD
:107E60004FF0FF30BDE8F081511C616192F8008055
:107E7000B8F12D0FEFD1911C616151782D29A160CE
:107E800004D192786AB901336360E4E749B9244BBD
:107E900041462846636133F0F8F80028DDD0C4F885
:107EA0000880D4F808802846414633F0EEF8B8F14F
:107EB0003A0F636900D070B91B7813B96368013356
:107EC0006360204600F02EF83F20CBE75A1C426149
:107ED0001B788360E5E742783A2A0BD000222261C2
:107EE0001B7813B9636801336360204600F01AF809
:107EF000A068B7E718786268094928B90132974243
:107F0000626004DD56F82230C4E90431EAE76161B9
:107F10002D7820463A2DD5D100F004F82846A1E767
:107F2000308F05000268074B1A604268064B1A60E2
:107F30008268064B1A60C268054B1A600269054BDD
:107F40001A607047081200200412002038A4002094
:107F500034A4002030A4002000487047EC11002019
:107F600030B50346EFF31181102282F31288BFF37C
:107F70006F8F00220C4C04EB0210057B15F0020FF2
:107F80000CD143F0020325F0030203F00303134373
:107F9000037381F31188BFF36F8F30BD0132102A54
:107FA000E9D10020F5E700BF3CA40020134640F2D1
:107FB0000112914210B504460AD040F207129142D4
:107FC00010D0B1F5807F14D100F0FAFF00280DE049
:107FD000D3E9001200F088FF0028F7D1204600F016
:107FE000A7FFF3E7196800F0C7FF002808DA43424B
:107FF00000E05F2333F0B4FA024A13504FF0FF3031
:1080000010BD00BF1400000008B500F049FF031EBA
:1080100006DA33F0A5FA034A5B4213504FF0FF3300
:10802000184608BD1400000008B500F015FF031E37
:1080300006DA33F095FA034A5B4213504FF0FF33F0
:10804000184608BD140000002DE9F84391464B1175
:108050008A1002F0100203F02003CE10134306F042
:1080600040061E4301F00303012B80460C4629D035
:10807000022B2AD00BB946F00106FBF703FD071EC1
:108080001DDB0020FFF76CFF0546C8B30023C0E9E5
:108090000033037263061BD441462846F2B200F057
:1080A000FFFD041E23DA2B7B6FF341032B7338464D
:1080B00025F0B6FA33F054FA134B64421C504FF0DB
:1080C000FF371AE046F00206D7E746F00306D4E78A
:1080D00009F00302414642F0100200F0E1FD041EE7
:1080E000E1DB284600F092FE041ED5DADBE7002330
:1080F00029463846054AFBF705FD3846BDE8F883B2
:108100006FF01704D3E700BF140000000C1200202A
:10811000012830B50C4609D0042817D100230022CD
:10812000C1E9002300238B60002030BDEFF31185EF
:10813000102383F31288BFF36F8F084B0FCB84E8B3
:108140000F0085F31188BFF36F8FEDE733F008FA66
:108150001622034B1A504FF0FF30E6E7F859002083
:108160001400000030B501280C4685B01FD004284B
:1081700021D100230022CDE900230023029332F015
:10818000D5FC42F210720023F8F732FF009B134D2A
:10819000C018019B43EB0101029BC4E9000105FBF0
:1081A00002320F4BA2609A420ED800200AE06946C4
:1081B000FFF7AEFFE3E733F0D3F91622094B1A506D
:1081C0004FF0FF3005B030BD074B013041F10001E9
:1081D0001344C4E90001A360E7E700BFA0860100E3
:1081E000FFC99A3B14000000003665C438B500246E
:1081F000054D2846013432F0B3F9052C05F1080588
:10820000F7D1002038BD00BF3CA5002038B50024C0
:10821000054D2846013431F042FF052C05F11405C7
:10822000F7D1002038BD00BF64A500200B4B30B54E
:108230001C4600250A4A191BB1F5986F01D9002088
:1082400030BD506803F58071C3E94020016003F53B
:10825000987303F8085C5160EDE700BF085A0020EE
:108260001C12002070B541690446857A0B4E59B145
:10827000437ADB0706D4302303FB05639B6A1B6844
:108280009B6898470023636105EB4505214606EB93
:108290000510BDE8704031F0DFBF00BF7C23002037
:1082A0003022024B02FB0030704700BF7C230020CD
:1082B0003021827A064B01FB0233DA6A93F82230CE
:1082C000801A1B3323F00303B0FBF3F0704700BFA9
:1082D0007C23002038B53024827A064B04FB02331D
:1082E0009B6AD3E901240C601568FFF7E1FF04FBEA
:1082F000005038BD7C2300202DE9F04385B00546B1
:10830000684690461C46039132F012FCDDE9006796
:10831000EFF31189102383F31288BFF36F8F2B8C37
:10832000002B43D0EA8B9A4225D90022002328460D
:1083300021F06EFA0446F0B189F31188BFF36F8F14
:10834000039B002B43D032463B46684632F014FC78
:108350003021A27A264B204601FB02339B6A03A9F7
:108360001B681D68DDE90023A847606180BB2046CB
:10837000FFF778FF26E0298C4B1E2B8489F31188A8
:10838000BFF36F8F95F82230EA8BEC6A1B3323F032
:108390000303521A02FB0344154B164AEB1A1B1136
:1083A0005343A37295F82230E372C9E789F3118829
:1083B000BFF36F8F23464246284621F029FA044630
:1083C0000028BDD10024204605B0BDE8F0836361DC
:1083D000012300252381039B29466382E27A65609D
:1083E00004F1180032F0A3FD63692582E360EAE737
:1083F0007C230020ABAAAAAA70B530250B4C00B98B
:1084000070BD037A4668013BDBB20372002BF7D1E3
:10841000C3604360837A05FB03435B6A13B19847EB
:108420003046ECE7FFF71EFFFAE700BF7C23002091
:10843000F0B5EFF31184102383F31288BFF36F8F2D
:10844000036BDD0740F18380B1F5817F44D00BD809
:10845000032930D0042936D05F2333F081F83E4A17
:1084600013504FF0FF3029E040F203139942F3D14B
:10847000D2E900329988CD070AD5D0E90A152943F7
:10848000D98818BF41F00101D980116814311160F9
:10849000998849071ED5D0E90A51023571F1FF319B
:1084A00034BF01200020D98841EA8001D9801368B7
:1084B000143313600EE044F20200184084F3118874
:1084C000BFF36F8FF0BD126824490A4241D10B40BF
:1084D000134303630020F1E79168D2E90053AA88AF
:1084E000D70718D51A68914201D10C23B5E70127A7
:1084F00010611A68567B67F3050656731A68967BF7
:108500006FF3451696731A68D6686FF39436D66083
:108510001A6814321A60AA885607DBD51A68914285
:10852000E3D01030106101201A68517B60F305011F
:1085300051731A68917B6FF3451191731A68D16872
:108540006FF39431D1601A6814321A60C2E70923BC
:1085500083E7162381E700BF14000000FDBFFFFF83
:108560002DE9F3411E460023072A04460D46CDE9B6
:1085700000330BD961B90E2332F0F2FF4FF0FF3414
:10858000344A1350204602B0BDE8F0811623F3E7C9
:10859000EFF311874FF0100888F31288BFF36F8F45
:1085A000036B5B040ED5B047002850DA434232F02B
:1085B000D7FF4FF0FF34274A135087F31188BFF3DA
:1085C0006F8FDFE731F0D0FF08B10B23EFE76A468A
:1085D0002046214901ABFBF703FA87F31188BFF36B
:1085E0006F8F00984FF0FF324FF0FF3321F048F8C3
:1085F000EFF3118788F31288BFF36F8F2946204667
:10860000B04710F10B0F024612D0F0B132F0A8FFC4
:108610004FF0FF340F4B52421A5087F31188BFF3CB
:108620006F8F019821F0BCFB009821F0A1F8A9E719
:1086300087F31188BFF36F8FDDE900104FF0FF3231
:108640004FF0FF3321F00AFCD2E70824E5E70824C5
:10865000B3E700BF14000000F81F0500014BFFF74F
:108660007FBF00BFE3F60300014BFFF779BF00BFF8
:1086700051F70300002373B50546CDE9003331F00F
:1086800073FF044648B132F06BFF0B224FF0FF340A
:108690001E4B1A50204602B070BD6A4628461C493F
:1086A00001ABFBF79DF900984FF0FF324FF0FF331D
:1086B00020F0E6FFEFF31186102383F31288BFF357
:1086C0006F8F2B6BDB0711D432F04AFF09224FF07A
:1086D000FF340E4B1A5086F31188BFF36F8F019849
:1086E00021F084FB009821F043F8D3E7094B0A4AB4
:1086F000EB1ADB105A430121084825F017F9002234
:1087000000232C63C5E90A23E5E700BF140000003D
:10871000F81F0500F85F0020B76DDBB634120020AB
:108720002DE9F34721F4804727F002078046894668
:1087300057B132F015FF1622214B1A504FF0FF357A
:10874000284602B0BDE8F08701211E4801AA25F0A5
:108750009BF8002804DA32F003FF0C22184BECE7F8
:108760003823019CDFF864A05C43FBF78BF9051EFE
:1087700004EB0A0605DA0121019A124825F0D6F821
:10878000DCE749F001031034C6E90A873363544437
:10879000204632F067FB304632F064FBB8F1000F40
:1087A00003D03946304622F0B9FC0021204622F0A1
:1087B000B5FC002331462846034AFBF7A3F9BFE77F
:1087C0001400000034120020F81F0500F85F00209C
:1087D00010B509220C460749FBF7E4F830B108222E
:1087E0002146054BFFF7BCFEC01710BD4FF0FF3010
:1087F000FBE700BFF81F050051F7030007B5094963
:10880000CDE900230922FBF7CDF840B108226946E3
:10881000054BFFF7A5FEC01703B05DF804FB4FF052
:10882000FF30F9E7F81F0500E3F603002DE9F04FEC
:1088300083464FF00009DA464E469DB008A814461C
:108840001D46069132F074F9DDE90823DDF8188041
:10885000CDE904230DAB0A93CDF80C90B8F1000FCD
:108860001FD1002E77D0B5F1FF3F08BFB4F1FF3F15
:108870004FF0FF3006D0A04278EB050864D30A2001
:10888000B4FBF0F0069B019000934FF482725B46BC
:108890004946039826F08CFF074638461DB0BDE8D0
:1088A000F08FDAF80000002849DB0CAA0BA9FBF7CF
:1088B000CFF80746002842D00C984FF0FF324FF017
:1088C000FF3320F0DDFE1CAB01930AAB00934FF4A5
:1088D0008172534639460B9826F06AFF10F1780FE3
:1088E00003461AD10023002208A832F021F9DDE95D
:1088F0000834CDE904340024254623460C98079318
:1089000020F036FF079B002B19DA5B4232F028FE7D
:10891000474A4FF0FF371350BFE710F1120FEDD168
:10892000039B2BB90B9BB946039300230126E5E774
:10893000384606F079FA03460028F3D1F6E70AF143
:10894000080A08F1FF3889E70A2200232046294651
:10895000F8F74EFB96E7DDE9042308A832F00CF99E
:10896000DDE9084522462B46DFF8CC800A990DAC9C
:10897000091B891008FB01F1204622F077FB00F16A
:108980000B030B2B04D82B4F1F4117F0010701D00D
:108990004342BBE70A94B9465C46069D95B9B9F1D6
:1089A000000F3FF47AAF002F7FF477AFDDE90423A7
:1089B00008A832F0E1F8DDE908452B4625432246B8
:1089C000D4D16AE72068E68000282ADB0CAA0BA92C
:1089D000FBF73EF8824618B92023E380013720E0F8
:1089E0000C984FF0FF324FF0FF3320F049FE0AABF6
:1089F0005146009340F2031223460B9826F0D8FE0E
:108A000082460C9820F0B4FE1AF10B0F0CD0BAF18C
:108A1000000F02D0CAF1000378E7B4F90630002B4A
:108A2000DCD10834013DB9E74FF00109F9E700BF97
:108A3000140000007EF7FFFFCDCCCCCC2DE9F04F29
:108A400089B016461D460F46129CD1B1D1F800E000
:108A5000CEB1D6F80090C5B1D5F800C04EEA0902F3
:108A600052EA0C025ED0002101238846134227D02F
:108A7000B8F1020F0BDD32F073FD0C225B4B1A5084
:108A80004AE08E46E4E7B146E5E7AC46E6E713EA9E
:108A90000E0F14BF0120002013EA090F18BF40F089
:108AA00004000DF1200A13EA0C0F0AEBC80A18BFE4
:108AB00040F002004AF8181C2AF8140C08F10108CA
:108AC000013120294FEA4303D0D16CB3484A2068D2
:108AD0006368A0FB020102FB03114FF47A72A368E2
:108AE000B3FBF2F3C01841F100010029BCBF002024
:108AF000014663304FF064024FF0000341F1000182
:108B0000F8F776FA02460B46414602A8FFF78EFEBA
:108B1000B0F1FF3F82460BD14FF0FF34204609B041
:108B2000BDE8F08F9046D0E74FF0FF321346EBE7F9
:108B300017B1384626F055FE16B1304626F051FEE4
:108B400015B1284626F04DFE00240DF108090094C9
:108B500035E0DA0707D537B139465846019326F094
:108B600043FE019B013403F01A025B0717D576B16F
:108B700031465846019226F037FE019A631C9AB39B
:108B800085B3294626F030FE0234314602E07AB140
:108B900075B12946584626F027FE013408E03AB15F
:108BA00025B12946584626F01FFE0134002EECD18F
:108BB0000AF1FF3A009B09F1080901330093009B79
:108BC0009845ABD0BAF1000FA8DDB9F90630002BFB
:108BD000F0D09906D9F800B0BBD532F0C1FC09221B
:108BE000024B4CE71C46D0E71C46E1E714000000AE
:108BF00040420F0002460B46014820F041BD00BF35
:108C00006C220020014820F0B3BD00BF6C22002080
:108C10002DE9F74F4FF00009824608460F4690466F
:108C2000F8F72EFA4E4683464FF0FF314FF0FF30F3
:108C3000FFF7E0FF194B1C689C4208BF00245B68EB
:108C40005CB9FFF7DFFF36B3CAF80060B8F1000F78
:108C50001DD1002003B0BDE8F08FA569A94512D849
:108C6000AB4510D3012D03D97A5D2F2A00D052B91C
:108C70002A463846E168019332F014FA002804BF0E
:108C8000A9462646019B9C42DBD02468D8E7B369FD
:108C9000C8F80030DDE76FF00100DBE74412002088
:108CA0002DE9F043054616460F4687B039B1084610
:108CB000F8F7E6F9012802D93B782F2B12D04C495E
:108CC0000B68580708D04B4B01220293002318462B
:108CD000CDE9003326F090FD6FF01504204607B073
:108CE000BDE8F083D5F80480B8F1000F79D1424691
:108CF000394605A8FFF78CFF041E0EDA3C490B68C5
:108D00005A07EBD03C4B0122CDE901834046434654
:108D1000CDF8008026F070FDE0E7DDF8148098F8CB
:108D200020309B0702D516F0120F5DD1D8F81C2019
:108D3000136813B316F0400924D016F002030ED1C5
:108D40002B490A68540707D02C4A1846CDE901324E
:108D50000093012226F050FD6FF00C04BEE753692A
:108D600073B923490A68500707D0254A1846CDE948
:108D700001320093012226F03FFD6FF08504ADE73C
:108D80004FF00109C5F80480D8F81C303246394646
:108D900028461B689847041E10DA15490B685A07C5
:108DA00009D0184B03940293002301221846CDE901
:108DB000003326F021FD00236B608FE72E72B9F19E
:108DC000000F8BD0D8F81C30002128465B699847EB
:108DD000041E83DA06490B685B07ECD00A4B039448
:108DE000E1E76FF00F0479E76FF01D0476E700BF4D
:108DF000742000206D54050081540500995405002D
:108E0000C7540500E7540500FC54050030B544681C
:108E1000054685B09CB1E369DB69B3B19847041E90
:108E200010DA0B490B685B0709D00A4B0122029349
:108E3000002303941846CDE9003326F0DDFC2046DC
:108E400005B030BD00236B60F9E76FF08504F6E7ED
:108E500074200020185505001FB54368B3B1DB69C5
:108E60005B68B3B19847041E0DDA0B490B685B07CA
:108E700009D00A4B01220293002303941846CDE93E
:108E8000003326F0B9FC204604B010BD6FF0080492
:108E9000F9E76FF08504F6E7742000202E550500F1
:108EA0001FB54368B3B1DB699B68B3B19847041E33
:108EB0000DDA0B490B685B0709D00A4B01220293BC
:108EC000002303941846CDE9003326F095FC204694
:108ED00004B010BD6FF00804F9E76FF08504F6E701
:108EE00074200020435505001FB54368B3B1DB690A
:108EF000DB68B3B19847041E0DDA0B490B685B07BA
:108F000009D00A4B01220293002303941846CDE9AD
:108F1000003326F071FC204604B010BD6FF0080449
:108F2000F9E76FF08504F6E7742000205955050035
:108F30001FB54368B3B1DB691B69B3B19847041E21
:108F40000DDA0B490B685B0709D00A4B012202932B
:108F5000002303941846CDE9003326F04DFC20464B
:108F600004B010BD6FF00804F9E76FF08504F6E770
:108F7000742000206E5505001FB54368B3B1DB694E
:108F80005B69B3B19847041E0DDA0B490B685B07A8
:108F900009D00A4B01220293002303941846CDE91D
:108FA000003326F029FC204604B010BD6FF0080401
:108FB000F9E76FF08504F6E774200020835505007B
:108FC0001FB54368B3B1DB699B69B3B19847041E11
:108FD0000DDA0B490B685B0709D00A4B012202939B
:108FE000002303941846CDE9003326F005FC204603
:108FF00004B010BD6FF00804F9E76FF08504F6E7E0
:10900000742000209C55050070B50E46054686B0BC
:1090100030B1F8F735F8012802D92B782F2B0FD073
:1090200022490B685C0708D0214B012202930023E0
:109030001846CDE9003326F0DFFB6FF0150413E08E
:109040000022294605A8FFF7E3FD041E0FDA1749A1
:109050000B68580708D0174B0122029300231846CB
:10906000CDE9003326F0C8FB204606B070BD059858
:10907000C3691B6CB3B1324629469847821C04462B
:10908000F2D00028F0DA09490B685B07ECD00A4BF4
:1090900003900293002301221846CDE9003326F005
:1090A000ABFBE1E76FF08504DEE700BF7420002032
:1090B000B155050081540500CC550500F7B50646AD
:1090C0000D460D488AB2836831461B6898470028D0
:1090D00010DA00240CE02F1B042F28BF042710F007
:1090E0002FFD3A46019001A9301931F0F9FE3C44B8
:1090F000A542F0D803B0F0BDE4BA040010B50346B1
:109100000548826814688AB21946A0470028B4BF8F
:109110006FF00400002010BDE4BA040030B504462E
:1091200085B021F0CFF9204626F085FBA06990B1EB
:1091300094F86830D9072BD430F0A8FD0346A0B9C5
:1091400015490A68520706D0144A0090CDE9010279
:10915000012226F060FB6FF01205201D26F072FB45
:1091600021F0C4F9284605B030BD204601F022F8B0
:1091700005460028F1D10146282204F1200031F0F3
:10918000D6FE94F8683043F0010384F86830E4E7D1
:109190006FF07705E1E700BF04210020ED550500E1
:1091A0007FB5054621F08EF9284626F044FB95F858
:1091B0006830D9072DD59A07C3F340062CD4A86987
:1091C0002CF028F80446A0B115490B685B0708D0BD
:1091D000144B0122CDE9016330463346009626F058
:1091E0001AFB281D26F02EFB21F080F9204604B042
:1091F00070BD284626F0CAFC044618B1A8692CF0B8
:1092000032F8EEE795F8683043F0020385F86830ED
:10921000E7E74FF0FF34E4E76FF07704E1E700BFE2
:10922000042100201056050030B590F8683004463F
:10923000990785B031D526F0FEFA0021204601F0CD
:1092400089F960B116490B685A0708D0154B0122FD
:10925000029300231846CDE9003326F0DCFAA0691A
:109260002CF001F8054660B10D490B685B0708D08A
:109270000D4B0122029300231846CDE9003326F05E
:10928000CAFA94F86830201D6FF3410384F86830FF
:1092900026F0D8FA284605B030BD6FF07705F9E71B
:1092A000042100202C5605004A5605002DE9F04304
:1092B00089B00746884614461E4626F0C5FA05467C
:1092C0008EB1384626F0C5FA012809D032F048F9A7
:1092D0006FF08502364B1A50002009B0BDE8F083CC
:1092E000B5FA85F56D09013429463846E2B226F013
:1092F00095FC814668B92F490B685B07E6D02E4B79
:109300000122CDE9010303940346009026F0EEFB11
:10931000DCE744684EB12068616805AA03C2237A7D
:1093200005AC137007238DF8153008F10C06304694
:1093300026F0C8F92278824203D9304626F0C2F9D5
:1093400002462146304626F089F9D9F80C90B9F149
:10935000000F09D1B8F81010FB8C9942BCD93046E7
:10936000C91A26F0A0F9B7E7D9F8040083681B6B87
:1093700013B9D9F80090EAE7294698470028F8D0B1
:10938000041F54F8043F002BF3D01B78002BF0D0BF
:10939000304626F097F923681A78824203D930467E
:1093A00026F090F982B23046216826F057F9E8E7B6
:1093B00014000000F42000207A5605002DE9F04149
:1093C00090F82030044603F01F03012B0E4600F1F5
:1093D00020071DD0022B05D00BBB90F8211026F0E2
:1093E000AAFC03E090F8241001F044FA0546B0B15D
:1093F000E18C94F8200026F089FB024668688368B7
:109400005AB19B683BB332463946BDE8F041184734
:1094100090F8241026F076FCE8E7DB68F2E72046B7
:1094200094F8211026F069FA0246A0B194F8205071
:10943000E18C284626F06AFB38B113692BB132461D
:10944000394620469847034607E021B1ED0902D08E
:10945000D368002BF3D16FF0850332F081F8024A14
:1094600013500020BDE8F081140000002DE9F04FFA
:109470000E7E044636F080050F46904697B012D017
:1094800096490B685C0708D0954B01220293002394
:109490001846CDE9003326F029FB6FF00405284675
:1094A00017B0BDE8F08F4A7E02F00103B8F1000F5B
:1094B0001DD018F10C0F1AD0E3B918F1710F03D1B8
:1094C0003846FEF799FFEAE784490A68500709D051
:1094D000844A1846CDE90132CDE9036801220093A0
:1094E00026F004FB3846FEF787FF4546D7E7002BFA
:1094F00000F0AE84002E40F071843B8A072B14D913
:10950000FA6813682362536863627A68E18C3ABB35
:1095100072490B685A0715D0734B0122CDE90163DC
:1095200030463346009626F0E1FA6C490B685E0738
:1095300008D06E4B0122029300231846CDE9003378
:1095400026F0D4FA3846FEF757FFE28C94F8203024
:10955000A06912B1DB0900F09A84802100F09CBC64
:1095600094F8200026F0D2FAD8B1537E81B19B073F
:1095700032D45A490B685807E4D05D4B0392CDE9C9
:109580000163012233463046009626F0AFFACCE75D
:10959000590721D451490B685B07D3D0554B03922F
:1095A000EDE751B94D490B685D07CBD0524B012215
:1095B000CDE9016300963346B5E7537E99070BD496
:1095C00046490B685B07BDD0494B0392CDE9016367
:1095D000012233460096D8E73946002025F0FDFFEA
:1095E000074660B93D490B685D07AED03E4BCDE9FB
:1095F000017301223B46009726F078FAA5E731F087
:10960000AFFF002394F82060DFF8F49016F0600FAD
:1096100040F80930C6F3411307D0032B40F0F58121
:1096200031F09EFF6FF085033CE0B4F826A0304691
:10963000514626F06BFA94F82130002800F085811D
:10964000013B0A2BECD801A252F823F03998010013
:1096500021960100B9980100219601007996010038
:1096600021960100219601002196010065970100D5
:1096700021960100F1970100A069618C03697F299F
:10968000D3F88020CCD8A38C5AEA0303C8D116F0B3
:109690001F06C5D194F82C30022B06D131F060FFA3
:1096A0004FF0FF3349F8003037E012072AD5C9B22E
:1096B00026F053FA054640B308490B685B073FF4B0
:1096C000FFAE638C012203930C4B3046CDE901635E
:1096D0000096334626F00AFAF2E600BFF420002096
:1096E000A0560500C1560500F05605005357050069
:1096F0001257050021570500325705006A5705002B
:1097000014000000012384F8353094F82C30012B2C
:1097100026D1638C23BB84F82C3031F021FF59F81B
:109720000030002B7FF40EAF0123E18C94F8200071
:10973000A36226F0EBF9002800F03D83002900F039
:109740003A833946002025F048FF0746002840F0BC
:109750002E83B0490B685B073FF4F7AEAE4B46E78C
:109760000123D8E7204626F06FF8628C0146FF2AD5
:109770003FF656AFE38C002B7FF452AF94F82030C5
:10978000D8067FF44DAF94F82C30002B86D032B140
:109790002046D2B226F068FA00283FF47FAF618CF1
:1097A00094F834308B42B8D02046C9B200F0D2FED3
:1097B000054688B197490B685A073FF481AE04907B
:1097C000638C01220393954B029300231846CDE945
:1097D000003326F08BF973E6628C0521002A14BF52
:1097E00002230123204684F82C3026F0F1FB94E775
:1097F00006F01F06012E7FF413AFBAF1000F7FF4BD
:109800000FAF628CFF2A3FF60BAFA18CFF293FF60A
:1098100007AF94F82C30022B7FF440AF2046D2B231
:10982000C9B226F0F1FA831C054640F0448131F0BC
:1098300097FE49F8005070E7A58CBAF1000F7FF44D
:10984000EFAE94F82C30002B3FF428AF012B10D151
:10985000002D7FF423AF16F01F060DD1638C012B72
:109860007FF45BAF94F868306FF3C30384F868301B
:1098700053E716F01F0615D0022E7FF44EAF668C0C
:10988000002E7FF44AAFEDB22946204626F070FB49
:10989000034631F065FE49F80030013306D14FF040
:1098A000FF350DE6002D7FF4F9AED7E732462946A5
:1098B000204626F00BF930E7A38CBAF1000F7FF4B5
:1098C000AFAE628CDDB2022A10D106F01F062E4325
:1098D0007FF4A6AE0122A069190A26F01EF900281D
:1098E0007FF49EAE012384F8353016E794F82C10EF
:1098F00000293FF4D3AE01290DD1002B7FF4CEAE69
:1099000016F01F060AD1012A7FF407AF94F86830D9
:1099100043F00803AAE716F01F0612D0022E7FF4C8
:10992000FCAE002A7FF4F9AE2946204626F00CFB57
:10993000034631F015FE49F800300133AFD0012263
:10994000B5E7002B7FF4AAAEDDE70A2B3FF668AE41
:1099500001A252F823F000BF859901002196010071
:109960002196010021960100219601002196010017
:10997000FF99010021960100479D010021960100F9
:10998000759D0100BAF1020FA18C7FF449AE94F8E5
:109990002C30002B3FF482AE012B0ED100297FF436
:1099A0007DAE16F01F060BD194F868309D0805F0C7
:1099B0000205C3F300131D4305E016F01F060FD088
:1099C000022E11D0002507F10C06304625F07AFE54
:1099D000E38C98420ED231F0C3FD6FF00B0361E6C9
:1099E00000297FF45BAEDFE72046C9B226F0CFFA4C
:1099F0000546E8E72946304625F041FE8DE6628CB3
:109A0000F6064FEA1223D2B20AD039462046FFF7B3
:109A1000D5FC4FE0F4200020D15705008C570500FD
:109A2000013B0E2B3FF6FCAD01A151F823F000BF26
:109A30006D9A0100AB9A0100C39A010021960100C2
:109A4000219601000B9C0100BF9A010021960100A4
:109A50002196010021960100219601002196010026
:109A60002196010021960100699C010007F10C0676
:109A7000304625F027FE824509D2E58C204625F0A8
:109A8000E3FE48B101287FF4CBAD216F05E03046FD
:109A900025F018FE0546F1E7E16E0A783046AA4245
:109AA00028BF2A4625F0DAFD37E60023394620464E
:109AB000FFF7FCFB0546002D7FF402AD2DE60123E8
:109AC000F4E70321204625F057FF064600283FF41F
:109AD000A7AD25F0F6FFB4F826B0D0B9B38A07F1E8
:109AE0000C05ADF83830336928461B88ADF83A309C
:109AF00025F0E8FD834501D2E08C02E0284625F000
:109B0000E1FD9DF838200EA9824228BF0246284672
:109B1000C8E74FF0000A737DB2688DF82530A94B75
:109B20008DF824A01340A84A93425FD110210AA8BF
:109B30000EF0C8FC002836DB0EAB1E46DFF898C2DC
:109B40000AAA854203F1020340D1AD0002358DF827
:109B5000245007F10C0A504625F0B4FD9DF824501E
:109B60005D4528BF5D46A84203D2504625F0AAFDB8
:109B70000546022DAB4628BF4FF0020B5A46A5EB17
:109B80000B05B346504609A925F068FD6B0806EBA6
:109B9000550293452FD1E8077FF5BFAD5046F15CE4
:109BA00025F065FDB9E558307FF43AAD87490B687B
:109BB0005D073FF435AD864B0122CDE901A3504648
:109BC0005346CDF800A025F091FF29E512F8011BBE
:109BD00001354FEA111E01F00F011CF80EE01CF8D0
:109BE000011003F802EC03F8011CAAE7337D366983
:109BF0008DF82430ADE750461BF8011BCDE9063245
:109C000025F03DFDDDE90632C3E7204625F01CFEC8
:109C1000D4E91B32002808BF134640F20A62ADF8AF
:109C200038205A882046ADF83A201A798DF83C2021
:109C30005A798DF83D209A798DF83E20DA798DF8A1
:109C40003F205B7C8DF8403000238DF8413025F0BB
:109C500000FE01287FF4E4AC07F10C052846E68CF1
:109C600025F030FD864246E7204625F0EDFD20B187
:109C700001287FF4D5AC236F00E0E36E5B88B3F579
:109C8000007F7FF6CDAC534B04F1480B0E930023BD
:109C90008DF83C30A36C9B4552D107F10C0A50461D
:109CA00025F010FDBDF83A50E38C9D4228BF1D46BB
:109CB000A84203D2504625F005FD05469DF8382000
:109CC0005046AA4228BF2A460EA925F0C7FC052DFA
:109CD00094BF6D1B053D002D3FF41FADA66C5E4586
:109CE0003FF41BAD002E3FF418AD737D0F2B0FD149
:109CF000327D5046AA4228BF2A46316925F0AEFC83
:109D0000337DAB4294BFED1A6D1B002D3FF405ADC2
:109D1000E36CB3423FF401AD3668E3E75A7D0F2AA6
:109D20000AD11A7DBDF83A100A44ADF83A209DF8E0
:109D30003C2001328DF83C20E26C9A42ADD01B6889
:109D4000002BEBD1A9E794F82C3094F83460002B69
:109D50003FF4A4ACBAF1010F7FF462AC07F10C053B
:109D6000284625F0AFFCE38C9842FFF434AE314630
:109D7000284615E706F01F06012E7FF48FAC20461B
:109D800025F060FF00283FF489ACA38C4268FF2BCC
:109D90003FF646AC12799A42FFF442AC0F2B3FF6E5
:109DA0003FAC234493F83660E38C012BD4E77B7EF1
:109DB00059077FF5C6AC3946204617B0BDE8F04FCD
:109DC00000F0F0BE00FF020000030200F4200020BB
:109DD000AF570500050F05000C58050052077FF529
:109DE000B4AB802E7FF4B1AB3846FEF705FBA66A14
:109DF000012E7FF454AB94F83530002B3FF44FAB79
:109E000094F82130052B2AD0002594F82130032B1B
:109E100019D1638C022B16D1A18C00220E0A314677
:109E2000A06925F07AFE054668B11F490B685A07FC
:109E300009D01E4B01220293002303961846CDE958
:109E4000003325F053FE002384F83530FFF727BB9D
:109E500053077FF57AAB002E3FF432ABC1E794F89D
:109E60002210A06925F079FE05460028CCD00E49C5
:109E70000B685807C9D0638C324603930C4B02938E
:109E800000231846CDE9003325F030FEBDE718F178
:109E90000C0118BF0121C9012BF0ECF80023054685
:109EA000A362FFF7FCBA00BFF4200020EE570500C4
:109EB0006A57050030B590F82C300D46022B85B05E
:109EC0000ED125F0BFFE034660B913490A68520758
:109ED00006D0124A0090CDE90102012225F05CFE75
:109EE00005B030BDC468002CFAD02B78032B07D006
:109EF000052B0CD0022B08D1606883689B6902E0B7
:109F0000606883685B6903B198472468EBE7606821
:109F10008368DB69F7E700BFFC20002026580500B6
:109F20000022002301481FF0E7BA00BF40230020B1
:109F30002DE9F047DFF8E081724EDFF8E0918AB05A
:109F40004FF0FF334FF0FF32404607A91FF034FBBC
:109F5000099B1B69D3F89C409DF81C30072BEFD858
:109F6000DFE803F00A041A0D2C279CC0002201210F
:109F7000204626F02DF8E3E700221146F8E794F892
:109F8000683007A943F00403204684F86830FFF7DF
:109F900091FF00220321EBE794F8683007A96FF3E3
:109FA0008203204684F86830FFF784FF00220221F4
:109FB000DEE7204607A9FFF77DFFC1E794F8683088
:109FC000A7696FF3820384F86830D7F808A03B696B
:109FD000A033D3E8AF3F9A0721D53846DAF83C30B2
:109FE0009847DAF824300021384698470546DAF8D1
:109FF000403038469847A5B92946204600F0AAFACD
:10A00000054630B3326812F007020ED000273E4BEF
:10A0100001220293CDE900773B463A4914E04FF024
:10A02000FF35326812F0070206D10421204625F0E0
:10A03000CFFF2A4607219BE70027344B01220293DA
:10A0400031463B46CDE90077384625F0A5FD3A4636
:10A05000EBE78021204625F074FF60B133685B0791
:10A0600009D02B4B0122CDE9015328462B46254927
:10A07000009525F091FDA0692BF0B6F8002294F828
:10A080006830871E7842784123F0680343EA401322
:10A09000042184F82C2084F8683069E7089F204662
:10A0A0003B7E39465D06D7F81E2018D1FFF7DEF952
:10A0B000054600283FF444AF33685A07B9D0089BDF
:10A0C000012205933B7E3146CDE90303114B0293F8
:10A0D00000231846CDE9003325F05EFDA9E725F001
:10A0E00021FEE5E733685B0709D0002301223146F2
:10A0F0001846CDE90033CDF8089025F04DFD062136
:10A10000089A35E7FC2000208358050055580500C3
:10A11000AF580500CC58050040230020F658050034
:10A1200030B589B0002200230024CDE906236FF06A
:10A1300007034FF48062CDE90334CDE90144154BA8
:10A140001549009415481FF07BFF154913481FF06F
:10A15000BBFE144B14498B4207D30020134B144908
:10A160008B420CD3002009B030BD03F11402D2E8B9
:10A17000EF0FC2E8E54F002DF9D11833EBE703F1FB
:10A180001402D2E8EF4FC2E8E50F002DF9D11833E1
:10A19000E6E700BF319F01004852022030600020F6
:10A1A0000659050090250020A8250020A82500209C
:10A1B000C025002030B5024605461149806985B0AA
:10A1C0002BF071F8044678B10E490B685B0708D094
:10A1D0000D4B0122029300231846CDE9003325F0F0
:10A1E000DBFC204605B030BD85F83400284600F081
:10A1F00061F904460028F4D0A8692BF083F8F0E751
:10A20000219F0100FC2000200B5905002DE9F0439F
:10A21000012506460C462F4685B02068002849D007
:10A2200065F07F02D2B211465FFA85F825F0D4FCC2
:10A2300010B3D6F800901146484625F0CDFC0346F1
:10A2400070B91E490C68640707D003921C4A00933A
:10A25000CDE90132012225F0AFFC6FF015002AE0B4
:10A2600022F08002103207FA02F229EA0203336078
:10A27000236823EA020323604146206825F0ACFCF2
:10A28000A8B132684146104625F0A6FC034628B91D
:10A290000A490A685207E0D00395D7E707FA05F1A3
:10A2A00022EA01023260236823EA010323600135B8
:10A2B000102DB2D1002005B0BDE8F08310210020A0
:10A2C000325905002DE9F04F002791B05368CDE9D0
:10A2D0000821D5680B9004930E97059775B9059BD7
:10A2E000049A09339BB293701B0AD370089B1771B1
:10A2F000DD68002D40F0CC802C46B3E00023686878
:10A300000F9383681B6B002B00F0B380099998476B
:10A31000002800F0AE8000233E46C5E90333A0F1DB
:10A32000040959F8043F0BB11A78C2B9BE4240F291
:10A330009D80EB680F9A1343EB60686883689B6AA3
:10A34000002B00F0988098470446002800F0968083
:10A3500055490B685B0700F08580544B7AE05A78CA
:10A360000B2A08BF9E70D9F800305A78042A10D101
:10A37000EA680F990A43EA60DA78002A59D1012283
:10A380009E702B69B240134301362B61F6B2002355
:10A390000F93D9F8008098F80130052BC1D16FF0E8
:10A3A00012044FF0010B0B9B9B690A9398F8043041
:10A3B00098F805205FFA8BFA43EA0223ADF83630AD
:10A3C00098F90230002B0E9BB8BF4AF0800A514624
:10A3D0001846069325F000FC90BB0F9B514618468B
:10A3E000079325F0F9FB58BB98F8063098F803203E
:10A3F000514600930A980DF136032AF0B2FD044647
:10A40000F0B901231AF0800F1EBF2AF0800110312D
:10A410008B400698079908BF03FA0AF3BDF8362067
:10A4200019431843CDE90E0188F802A0A8F80420CA
:10A4300077E7721E9A700FA90EA8FFF7E7FEA6E74E
:10A440000BF1010BBBF1100FB0D117490B685A0784
:10A4500008D0174B0293002301221846CDE90033A0
:10A4600025F0AAFB204611B0BDE8F08F6FF015046F
:10A47000EBE73E4661E76FF0850469E76868099994
:10A4800025F020FC059B374603442D68059325E7FE
:10A49000EB6805F10C01AB600EA8FFF7B7FE0446B0
:10A4A0000028DFD12D6824E7102100207359050012
:10A4B0004F5905007FB5836905461B69C26E93F845
:10A4C0008030C3F34113022B0CD0032B0CD0012B93
:10A4D0000CBF10230823D371AE6D3EB92E6D0EBB99
:10A4E00034461AE02023F6E74023F4E73246012100
:10A4F0002846FFF7E7FE044690B113490B685A0758
:10A500000BD073685B790393104B029300230122F5
:10A510001846CDE9003325F04FFB204604B070BD4E
:10A520003668DAE7324600212846FFF7CBFE0446BC
:10A5300040B105490B685B07EFD073685B79039303
:10A54000034BE2E73668CAE710210020975905005F
:10A55000BA5905002DE9FF4105460E4625F074F96C
:10A5600095F83430804683B3284625F06BFB0746C8
:10A5700040B30146284625F0F5FB10220446002191
:10A5800005F1360030F0D3FC002385F83430FF6845
:10A590008FB9D4B11E490B685B0708D01D4B01224F
:10A5A000029300231846CDE9003325F01EFB204618
:10A5B00004B0BDE8F081786883685B6A03B19847AE
:10A5C0003F68E5E76FF03C04E4E71EB985F83460C6
:10A5D0000024ECE732464146284625F01FFB07469B
:10A5E00090B10246284625F0E7FB04460028DED15C
:10A5F00085F83460FC68002CEAD0606883681B6AC8
:10A6000003B198472468F6E76FF03C04CFE700BF3A
:10A61000F02000202C5605002DE9FF410546884614
:10A620001446566825F0F1FA95F86830DF0715D51D
:10A6300069490B68580708D0684B01220293002330
:10A640001846CDE9003325F0D0FA6FF00F08281D29
:10A6500025F0E2FA404604B0BDE8F081B8F1010F00
:10A6600027D1284625F0F5F8034668B95A490A6803
:10A67000520706D05A4A0090CDE90102424625F021
:10A68000B4FA6FF08508E2E7F3799B063AD5AB6937
:10A690001B69D3F8803013F0020325D14E490A68B4
:10A6A0005607EED04F4A029201221846CDE90033F8
:10A6B000E5E7F3799F06EAD4B8F1000F1AD1AB6D44
:10A6C000002B38D105F1500700223B68002B3CD10C
:10A6D0006268B8F1000F62D1EB6E5B7C0133DBB2D4
:10A6E0005371EA6E53743BE0B8F1000FE7D0B8F154
:10A6F000010F07D038490B685C07C2D03A4B029370
:10A700000023D1E72B6D13B905F15807DCE79C4214
:10A710000FD131490B68580708D0344B02930023FE
:10A7200001221846CDE9003325F05FFA6FF01508D5
:10A730008DE71B68E7E7A34205D127490B685A0755
:10A74000F4D02B4BEAE71B68BAE79C4224D123687C
:10A75000E2B97A683B60944200D17B6000232360B9
:10A76000A16869B3284625F021F9804620B31A492B
:10A770000B685B073FF46BAF1E4B01220293002373
:10A780001846CDE9003325F030FA60E713607B68A6
:10A790009C4208BF7A60E1E71A461B6896E7B8F169
:10A7A000010F02D001235371DAE72B6F5B7C013379
:10A7B000DBB253712A6F95E7A06825F082F9B0717A
:10A7C000002323607B6823B9C7E900444FF00008E9
:10A7D0003DE71C607C60F9E7F0200020015A05008D
:10A7E000235A0500DD5905007B5A0500415A050032
:10A7F0005E5A05009B5A05007FB50546A9B101299F
:10A800000BD1164C164E1BE0636828461968F6F704
:10A8100025FC38B11834B442F6D312490B685B07F3
:10A8200011D10024204604B070BD0F4C0F4EF2E74A
:10A83000636828461968F6F711FC0028F2D018342E
:10A84000B442F5D3E9E70A4B0122029300230395B2
:10A850001846CDE9003325F01EFAE2E7A8250020CE
:10A86000C0250020F820002090250020A8250020E9
:10A87000D25A05007FB5012501F07F0311F0800F4A
:10A8800018BF10339D4090F82C300446022B0FD097
:10A8900011490B685B0708D0104B0122029300237B
:10A8A0001846CDE9003325F0F6F9002004B070BD5C
:10A8B00090F8346024F0C8FF32460146204625F067
:10A8C000ADF90028F1D0C0680028EED083681D42A1
:10A8D000ECD10068F8E700BFF8200020F05A05002E
:10A8E0002DE9F043054685B00846114616469946BF
:10A8F000FFF782FF0446002850D0284625F0DBF9F8
:10A9000095F86830DF0716D526490B68580708D137
:10A910006FF00F04281D1EF02BFF204605B0BDE888
:10A92000F083214B0293002301221846CDE9003326
:10A9300025F0B1F9ECE7D4F8048004F11407D7E866
:10A94000AF0F10F00103E3D1D8F8042042B1AA42BE
:10A9500006D014490A685207DAD0144A0292E3E793
:10A960004A463146284625F059F9A0B10023236014
:10A9700003696BB9C0E90344D7E8EF3F43F0010333
:10A98000C7E8E23F002AF7D10024C8F80450C1E725
:10A990001C600461F0E76FF03C04BBE76FF0120449
:10A9A000BBE700BFF8200020015A0500155B050039
:10A9B0002DE9F0430129804616461F4687B02CD169
:10A9C000294DDFF8B89021E027B13946284625F017
:10A9D00052F9D0B969683346012240460968FFF749
:10A9E0007FFF044688B121490B685A0711D00496AD
:10A9F0006B681B6803931E4B0293002301221846C9
:10AA0000CDE9003325F047F903E018354D45DBD398
:10AA10000024204607B0BDE8F08301B36FF0850441
:10AA2000F7E718354D45F3D22FB13946284625F0C2
:10AA300022F90028F5D169683346002240460968AA
:10AA4000FFF74EFF04460028EBD008490B685B0770
:10AA5000DFD004966B681B680393064BCCE7064D6A
:10AA6000DFF81C90DEE700BFA8250020F8200020BA
:10AA70004A5B0500775B050090250020C02500207B
:10AA8000A82500207FB50BAB05930393054B01224E
:10AA9000029300231846CDE90033F9F7A5FB07B070
:10AAA0005DF804FBAF5B05002DE9F04F8BB04C68FF
:10AAB0000E460993804617469DF850B024F0C4FE18
:10AAC000A36801461B6B2BB96FF0150420460BB031
:10AAD000BDE8F08F204698470028F5D00024051FD8
:10AAE00006F10C0955F8041F09B10B782BB9002C9D
:10AAF0000CBF6FF03C040024E8E74B78042B0DD129
:10AB0000002C37D18B78099A9342EBD1CB785B45F7
:10AB1000E8D10B79002BD9D00124E3E7052BE1D153
:10AB2000002CDFD0012F91F802A008D0022FF3D122
:10AB30004A465146D8F8180025F0CEF904E04A46B6
:10AB4000D8F8180025F0ACF904460028E4D00A49EA
:10AB50000B685B07BAD00690F3680122CDE904A325
:10AB6000064B0397029300231846CDE90033FFF705
:10AB700089FFABE70024A9E70C210020AF5B0500AB
:10AB80007FB50BAB05930393054B01220293002382
:10AB90001846CDE90033F9F727FB07B05DF804FB51
:10ABA000EB5B05002DE9FF410B7E054633F0800687
:10ABB0000C4642D11F0636D524F093FE88B12049B9
:10ABC0000B68580708D01F4B0122CDE901633046BE
:10ABD00033460096FFF7D4FF4FF0FF3004B0BDE8D6
:10ABE000F0812846D5F86C80268AEF8C24F02CFE64
:10ABF00000B3421E534253419B01228A9AB1BE4286
:10AC0000324628BF3A46E98C91420CD9B2FBF3F1A7
:10AC100003FB11223AB994F91830002BBEBF637EB2
:10AC200043F0080363762146A86904B0BDE8F0410B
:10AC30002AF080BA98F80730DFE76FF01500CDE70B
:10AC400008210020EB5B050070B50646EFF311818B
:10AC5000102282F31288BFF36F8F1D4C236881F39B
:10AC60001188BFF36F8F5B6893F86830DB0705D4FA
:10AC7000BDE870400A2200231FF08CB8EFF3118367
:10AC800082F31288BFF36F8F256865B983F311884B
:10AC9000BFF36F8F2368D3B13046BDE87040002208
:10ACA00000231FF043B861682A688D4208BF6260C4
:10ACB000226083F31188BFF36F8F686805F1080184
:10ACC000C3699847294603482FF0D5F8E2E770BDDD
:10ACD000CCA500207821002030B585B06C46054613
:10ACE00084E8060000230022144803A91EF0BCFBE0
:10ACF0000246E8B994E80300039B5D60083383E8EB
:10AD00000300EFF31180102383F31288BFF36F8FDA
:10AD1000039B1A600A4A516861B9C2E9003380F3A3
:10AD20001188BFF36F8F0022002306481EF0FEFF3C
:10AD300005B030BD0B605360F1E700BF7821002003
:10AD4000CCA500205005002000B5034630F008FCDB
:10AD5000094A1158094A91420CD11B6993F84000E5
:10AD600030B1DA6B9388918910695B1A9BB2C01A73
:10AD70005DF804FB0020FBE71000000028610020C4
:10AD800000B5034630F0ECFB054A1158054A9142E4
:10AD90000ABF1B69002093F838005DF804FB00BF70
:10ADA000100000002861002000B5034630F0D8FBF9
:10ADB000084A1158084A914207D11B6993F840206C
:10ADC0002AB993F838005DF804FB0020FBE7012066
:10ADD000F9E700BF100000002861002038B50469C1
:10ADE00004F18805D5E8EF3F43F00403C5E8E23FEE
:10ADF000002AF7D1636B5A89DB889A4204D009484C
:10AE000004F124012FF067FB0421284625F026F9E0
:10AE100030B904F178010348BDE838402FF05BBB3E
:10AE200038BD00BF2861002010B5034630F098FB04
:10AE3000074C24580748844208D11C69606B22F0F3
:10AE40001AFE10B1012384F8393010BD0020FCE750
:10AE5000100000002861002010B50469606B428971
:10AE6000C3889A4202D14FF0FF3010BD012222F078
:10AE700002FE0028F7D0034804F178012FF02BFBE5
:10AE80000020F2E72861002038B5034630F068FB67
:10AE90000D4C24580D48844213D11C69EFF31185E1
:10AEA000102383F31288BFF36F8FE06B22F0C3FD92
:10AEB00085F31188BFF36F8F10B1012384F84130FF
:10AEC00038BD0020FCE700BF100000002861002012
:10AED00038B503464D7814461A69202D4068136929
:10AEE00008D0222D3AD030F03BFB6FF08502204B8A
:10AEF0001A502DE0C9880729F5D1E1680C685C601B
:10AF00008C881C818979997259681961197A61B1A3
:10AF100001290CBF022103215975597A4C1E032CBB
:10AF200005D8DFE804F0050505050121F4E7002157
:10AF30001975997A06290DD007290DD005290CBF5E
:10AF4000002103219975997ED975082125F04EF8C5
:10AF5000002038BD0121F5E70221F3E74988C1F35C
:10AF60004004998101F0010159761C760921EDE731
:10AF700014000000034630B51B6940685D6885B069
:10AF8000AC68A37A84F8223094F8343084F8233003
:10AF9000696879B124F00AFD78B10A490B685B074A
:10AFA00008D0094B0122029300231846CDE9003353
:10AFB00025F08BF8002005B030BD686824F081FDD5
:10AFC0002074F7E7EC200020105C050037B5002561
:10AFD000094C20462FF08FFA4FF0FF334FF4806278
:10AFE0002046064900951EF039FE054920461EF010
:10AFF0006BFF284603B030BD286100204856022070
:10B000003A5C050008B51346026910694A78212A9E
:10B0100012D133B930F0A4FA6FF00B02094B1A5079
:10B0200008E0CA88011D072A28BF072203F10C0087
:10B0300024F014FB002008BD30F092FA6FF0850276
:10B04000004BECE71400000073B5102504698DF87F
:10B050000710EFF3118685F31288BFF36F8F01227B
:10B06000E06B0DF1070122F0E6FC86F31188BFF3D7
:10B070006F8F012809D02FF077FA08B9A37E6BB93A
:10B08000094B1A780AB901221A700A22002304F126
:10B09000480106481EF020FE02B070BD00210A20C3
:10B0A0002FF03DFBD5E700BFA6D900202861002086
:10B0B0002DE9F041036906460D4647681C6991F881
:10B0C000188086B0002A3BD071320FD03F490B6800
:10B0D0005B070BD02B8A0122CDE903833C4B029303
:10B0E00000231846CDE9003324F0EFFF304695F8F1
:10B0F000188024F0C7FF804504D1042104F18800A2
:10B1000024F0FCFF304695F8188024F0C9FF8045F4
:10B1100004D1052104F1880024F0F0FF304695F8B1
:10B12000188024F0A1FF804503D104F18C001EF0AB
:10B1300001FC2946384606B0BDE8F04124F0FEBEC9
:10B1400024F0A0FF404516D12A8AE968606B22F0FE
:10B1500072FC30B1E36923B11E4804F124012FF0E1
:10B16000BAF9042104F1880024F0C8FF194804F159
:10B1700078012FF0B0F9304695F8188024F090FF50
:10B18000804517D1E36923B1124804F124012FF05F
:10B19000A2F9052104F1880024F0B0FFE36B5A897D
:10B1A000DB889A4206D0002200230A4804F14801B5
:10B1B0001EF092FD304695F8188024F055FF80452A
:10B1C000B7D104F18C001EF055FBB2E7EC20002053
:10B1D000495C05002861002038B5002405690C4948
:10B1E000EB6B05F14800C3E90144DC606B6BC3E91C
:10B1F0000144DC602FF086F905F1780005492FF055
:10B200003FF905F1240004492FF03AF9204638BDF2
:10B21000D5B4010019B401001DB2010030B550F8D9
:10B22000243C04465B6885B01A6850F8083C6BB94A
:10B230002F490A68520707D02E4A1846CDE9013235
:10B240000093012224F041FF05B030BD002300F13E
:10B250006405838283830221284624F0FFFEC8B15F
:10B2600054E9023110699847637D23B1224804F103
:10B2700054012FF030F90521284624F0EFFEA0B943
:10B28000637F73B10022002304F124011A481EF0E9
:10B2900023FD0AE00321284624F0E0FE0028DFD148
:10B2A000E2E714F8093C002BECD10221284624F0F7
:10B2B000D5FE40B123695A89DB889A4203D02146E2
:10B2C0000D482FF008F90321284624F0C7FE002876
:10B2D000BAD0A2699388918912695B1A9BB29A428B
:10B2E000B2D02146044805B0BDE830402FF0F3B895
:10B2F000EC2000206A5C05002861002008B50346A8
:10B3000030F02EF9144A1158144A914221D11B6988
:10B31000022103F18802104624F0A0FE28B1596BE7
:10B320004889C988401A18BF012083F838000321D2
:10B33000104624F093FE40B1DA6B9088918912692F
:10B34000401A80B2801A18BF012083F84000012003
:10B3500008BD0020FCE700BF1000000028610020AD
:10B3600070B503691C6904F18805D5E8EF2F42F038
:10B370000102C5E8E12F0029F7D10221284624F077
:10B380006DFE10B11846FFF729FD0321284624F071
:10B3900065FEB8B1E26B9388918912695B1A9BB222
:10B3A0009A4206D004F124010748BDE870402FF00E
:10B3B00092B804F148010022BDE870400023024821
:10B3C0001EF08ABC70BD00BF28610020016901F138
:10B3D0008803D3E8EF0F40F00800C3E8E20F002A2B
:10B3E000F7D1CA6B9388908912691B1A9BB29A4253
:10B3F00003D0024824312FF06EB870472861002036
:10B4000010B5002204460023024824F0C0F800B121
:10B41000047610BD7C2300207FB550F8782C00F115
:10B4200010045268034600212046156824F016FED9
:10B43000002848D00121204624F010FE002842D1E7
:10B4400053F8442C68689388918916695B1A9BB2FB
:10B45000F61A24F04AFEB04235D8D4E8EF3F43F064
:10B460001002C4E8E12F0029F7D1DA062BD42846D0
:10B4700024F008FE0646FFF7C3FF044618B36868C9
:10B4800024F033FE638A984203D2686824F02DFECC
:10B4900083B221462846638224F038FD98B10B49D7
:10B4A0000B685B0709D00A4B012202930023039625
:10B4B0001846CDE9003324F008FE204604B0BDE86C
:10B4C0007040FCF799BF04B070BD00BFEC200020B5
:10B4D000825C05002DE9F04350F8483C00F140053E
:10B4E0005B68074685B000212846D3F8008024F029
:10B4F000B5FD00285AD00121284624F0AFFD0028D0
:10B5000054D1D5E8EF3F43F02002C5E8E12F0029F0
:10B51000F7D19A064AD4404624F0C2FDFFF770FFE7
:10B52000064660B92846052124F0E8FD0A220023DA
:10B530003946204805B0BDE8F0431EF0CDBB81463A
:10B54000428A59F80C1F57F80C0C22F094FA044662
:10B550000146484624F07CF854B1D8F8040024F0A1
:10B56000C4FDB4FBF0F303FB1044B4FA84F46409A3
:10B570003146404607F82D4C24F0C8FCB0B10E49C6
:10B580000B685B0708D00D4B01220293002318467D
:10B59000CDE9003324F099FD3046FCF72DFF05215D
:10B5A000284605B0BDE8F04324F0A8BD05B0BDE8CD
:10B5B000F08300BF28610020EC200020A75C05007C
:10B5C00001481EF0D5B800BF141300202DE9F0414A
:10B5D00084B005460E4604AF00231A4601F058F920
:10B5E000041E11DA1E490B685A0709D01D4B0122AF
:10B5F0000293002303941846CDE9003324F027FE7C
:10B600002046BD46BDE8F08124F00303DA1D22F098
:10B610000702ADEB020D0DF11008284642463146F7
:10B6200001F036F9051E05DB0025A408A54211DB53
:10B630000024E5E70A490B685B0709D00A4B0122A1
:10B640000293002303951846CDE9003324F0FFFD53
:10B650002C46D5E758F8253098470135E6E700BF76
:10B6600080200020F75C0500145D050038B5054614
:10B670004FF0FF334FF0FF3208481EF001F8084B3F
:10B680001C682CB10F222946201D2FF00BFD18B984
:10B69000FFF796FF204638BD2468F2E71413002018
:10B6A000D4A90020F8B506460F464FF0FF334FF0FF
:10B6B000FF3209481DF0E4FF084B1D6825B92C46F0
:10B6C000FFF77EFF2046F8BD39462846B0470446BE
:10B6D0000028F5D12D68F1E714130020D4A900202B
:10B6E0002DE9F0410E46044690B100250768AF42AF
:10B6F00011D1002409E00835BD4206D23146286840
:10B70000F5F7ACFC0028F6D16C682046BDE8F08166
:10B71000084D094FF0E76368314653F8350003EBF5
:10B72000C508F5F79BFC10B9D8F80440EDE70135E2
:10B73000DDE700BF58C1040008CE04002DE9FF4139
:10B740000546084614460F469846FFF78FFF2060CF
:10B750004FF0FF324FF0FF3326481DF091FF26686F
:10B7600056B1D6F88C506B1CC6F88C30FFF728FF0A
:10B77000284604B0BDE8F08100230022BC211E4809
:10B780002EF039FB0346206068B91C490A6852074D
:10B7900006D01B4A0090CDE90102012224F057FD9A
:10B7A0006FF00B05E2E701464246284600F080F9BB
:10B7B000051E05DA216810482EF027FB2660D5E724
:10B7C00020680F22394604302FF07EFC2368DE7497
:10B7D0002268D2F88C300133C2F88C302368094AD1
:10B7E0001E60516811B9C2E90033BFE70B605360B6
:10B7F000BCE700BF14130020B021002080200020EF
:10B80000355D0500D4A9002070B5064604684FF0E8
:10B81000FF334FF0FF3224481DF032FFD4F88C3054
:10B820005D1E012BC4F88C5003D0FFF7C9FE2846DB
:10B8300070BD00211D4B1A6852B1944230D122686C
:10B8400041BB59681A608C4200D15A6000232360C2
:10B85000204624F0AAFD00233360FFF7B1FE94F8E0
:10B86000B83023B1D4F8B41011482EF0CEFA2046E7
:10B8700000F0E2F8D4F880100D482EF0C6FAD4F8A3
:10B8800088100B482EF0C1FA094821462EF0BDFA67
:10B890000020CDE70A605A68944208BF5960D5E796
:10B8A00011461268C8E700BF14130020D4A9002075
:10B8B000B02100207FB504460D46164624F0E2FC78
:10B8C00000280FDA0E490A68520709D00D4B039081
:10B8D0000293002301221846CDE9003324F0B7FC7F
:10B8E00004B070BD3046A847204624F0CEFC0028A6
:10B8F000F6DA03490B685B07F2D0034B0390E7E7E6
:10B90000802000205E5D0500805D05007FB50BABEB
:10B9100005930393054B0122029300231846CDE9BA
:10B920000033F8F761FC07B05DF804FBA55D050086
:10B930002DE9F04F9046282200F1480502FB0855FA
:10B940006A6907460E4689B0002A42D001EB880991
:10B950002C6AC9F84C2093F801B0BBF1000F61D1FB
:10B96000202C4FF0000338BF202402F11F0A0022D0
:10B970002AF01F0ACDE90023214652462B482EF01B
:10B98000F9F90346C9F81400A0B929490A6855070E
:10B990000AD0284ACDE90448CDE90102CDF80CA02F
:10B9A00001220090FFF7B2FF6FF00B05284609B0A7
:10B9B000BDE8F08FB26F04465244B2676B686A69A3
:10B9C000082B08D159462FF0B2FA0123464486F8D5
:10B9D00040300025EAE79246AA682B6992070AD50B
:10B9E000ED6959462A4607932FF0A1FA079B2C448C
:10B9F0002B44AAEB050A19463846BA689047054613
:10BA000038B95246214638467B6898470546002893
:10BA1000DBD0D9F8141005482EF0F7F90023C9F847
:10BA20001430C3E76FF00D05C0E700BFB021002060
:10BA300080200020A55D05002DE9F0414FF00008B1
:10BA40000A4F00F13F0600F1140500F1400416F81A
:10BA5000013F2BB1384629682EF0D7F9C5F8008090
:10BA60000435A542F3D1BDE8F08100BFB02100202C
:10BA700001460022002301482EF0BDB9B02100206C
:10BA800010B5D0F8003204466BB18B6FD1F8B020FE
:10BA9000A3EBC2038B67D0F8001204482EF0B5F96F
:10BAA0000023C4F80032002010BD00BFB0210020E8
:10BAB0002DE9F04F002699B011ABB24208BF1A46EB
:10BAC0000D46044601270B923146BC222846CDE99B
:10BAD000116613968DF844702FF029FA2368C4F884
:10BAE0000062A3B120469847834680B1B0490B68F5
:10BAF000580700F0CF80AF4BCDF80CB0CDE9016313
:10BB0000334600960122184624F0F9FBC2E00021DA
:10BB1000204624F0EDFB834668B1A5490B685A071F
:10BB20003DD0A54B029300230122CDE900331846F6
:10BB300024F0E5FB33E004F11406342231462046BC
:10BB400024F0D4FB834628B199490B685B0726D0C3
:10BB50009A4BE7E70422304699492FF05FFA0746EF
:10BB600080B193490B685F0717D0964B012203936E
:10BB7000954B5846CDE901B310230093334624F08A
:10BB8000BEFB0AE0A38C23F00202012A1FFA82F80E
:10BB900019D087490A6856070DD16FF0070B844901
:10BBA0000B68580776D0894BCDF80CB00293002370
:10BBB000CDE90033A6E70393854BCDE9017301225C
:10BBC0003B460097DBE7B4F84230282B06D0784993
:10BBD0000A685207E1D003937E4BEEE7B4F8446065
:10BBE000C5F8B060F6003046FFF742FF0346C4F8E0
:10BBF000000278B96E490A68570702D16FF00B0B43
:10BC0000CDE7754A0396CDE901320093424624F010
:10BC100076FBF3E7AB6F0B213344AB6738463B460B
:10BC2000D5F8B0209A4250D82046616B24F062FBD0
:10BC30000646C5F8B400002852D0002385F8B83075
:10BC400004F148034FF4DC7200211846B4F8469022
:10BC50000D932FF06CF94FF0000E4FF0FF3AF046C5
:10BC60004FF0280BD5F8B030734501D9032F73D1AD
:10BC7000D4F864313BB1D4F83C3123B1D4F8143159
:10BC8000002B40F0F8804A4F3B685A0740F0D680BE
:10BC90006FF0070B002629462046FFF7F1FED5F886
:10BCA00080104E482EF0B1F8C5E91F66BBF1000FB9
:10BCB00000F0BD832846FFF7BFFED5F8881047483F
:10BCC0002EF0A3F8C5E92166B1E3D4F8002202F80A
:10BCD0003310D4F8002202EBC302506001339FE717
:10BCE00028224FF00108D5F8B03085F8B88002FB63
:10BCF00003F94846FFF7BCFE0346C5F8B40040B957
:10BD00002B490A6852073FF479AF354ACDF80C90B9
:10BD100079E72046616B24F0EBFA834658B1244959
:10BD20000B685B073FF43BAF2E4BCDE90163424606
:10BD300033460096FBE64A462046D5F8B41024F078
:10BD4000D5FA834600283FF47BAF19490B685F079B
:10BD50003FF425AF244BE8E7D5F8B4600BFB0E6643
:10BD60007368022B1ED1A38C012B16D1B24604F5A9
:10BD7000887CBAE80F00ACE80F00BAE80F00ACE826
:10BD80000F0005229AE803008CE80300D4F8003283
:10BD900003F80820D6F818A001370EF1010E08F1BB
:10BDA00008085FE70B2B21D1A38C032BDDE700BF35
:10BDB00080200020DB5D0500005E05001E5E0500A2
:10BDC00062620500385E0500BE4105002E5F050079
:10BDD0005A5E0500775E0500965E0500B0210020E2
:10BDE000BF5E0500EC5E05000F5F0500032BD4D19C
:10BDF000F14511D10FCE04F5B07CACE80F000FCEA9
:10BE0000ACE80F00072296E803008CE80300D4F8A2
:10BE1000003203F80820BFE7D645BED10FCE04F5A7
:10BE20009C7CACE80F000FCEACE80F0096E8030056
:10BE30008CE803000622D4F80032EAE70026964B8D
:10BE400001220293394633463046CDE9006624F09C
:10BE500056FA3B685B073FF41BAF6FF00703039391
:10BE60008E4B0122CDE901633946334630460096B8
:10BE700024F045FA0CE7294620460B9A24F008FAEC
:10BE8000834640BB8046D5F8B03043452CD8224687
:10BE900023464FF0000CD96C002900F05881D86D72
:10BEA000002800F05481996EA78C9E6D0139032FF4
:10BEB00001EA060140F046815F6DB94240F24081DF
:10BEC00077490B685F0700F0B880764BCDF80CC05F
:10BED00002930023C8E072490B6858073FF4DAAEBA
:10BEE000714BCDF80CB061E62823D4F8009203FB27
:10BEF00008F319F83810D5F8B4200B2902EB030722
:10BF00004FEAC80AD3582A6B1FD1D3187E68184647
:10BF100066490C93F5F7A2F8012E0BD0083E082EC7
:10BF200011D8082E0FD8DFE806F04A0E0E0E0E0EBE
:10BF300039133D00BB685A073CD4DB0736D40028D0
:10BF400018BF022607E000283DD008F101089AE753
:10BF5000002818BF0A2608BF0426BB689807F4D536
:10BF600079690029F1D0A6F10802022A2DD87B6A4E
:10BF7000042B01D1890728D049490B685A075CD0A6
:10BF80000C9BCDF810800393494B029300230122B0
:10BF90001846CDE9003324F0B2F94EE0002818BF6E
:10BFA0000926D8E7002818BF0826D4E7002818BFBC
:10BFB0000126D0E7B0FA80F67609B600CDE7002872
:10BFC00018BF0326C7E70426C7E709F80A604FF041
:10BFD00028090D9B09FB06390B9B5B685BB9D9F8F7
:10BFE00004307BB907F1280357F8042B9F4249F826
:10BFF000042BF9D1A9E738460E9298470E9A0028EB
:10C00000EDD0A2E7B868D9F8081080EA010313F070
:10C0100007031DD0224F3B685B070ED00C9B03909B
:10C02000CDE90413234B012202930023394618461D
:10C03000CDE90033069624F062F96FF0070B18493A
:10C040000B685E073FF426AE1B4BCDF80CB0ADE598
:10C05000032E10D0D2B2022A34D811490A685707E9
:10C06000EBD0164A0396029201221846CDE900331E
:10C0700024F045F9E1E70A490A68500700F05C81BD
:10C080000F4A1846CDE901320093012224F037F916
:10C090006FF0850BD3E700BF545F0500895F050093
:10C0A00080200020B9600500B55F0500E05F050055
:10C0B000EE5F05000D6005005B6105007360050023
:10C0C00044600500B4F824E0D7F80CC0BEF1030FBB
:10C0D000D9F80CA03869D9F810100ED1ACEB0A0EC3
:10C0E000421A964509D0AB4908684207A5D00C9A78
:10C0F00004960392A84A029249E781420A4628BF61
:10C1000002467B693E6A1844D9F81430C9F81020F9
:10C11000194488422CBFC2EB0002C2EB0102D9F8DD
:10C120002030D44594BFC9F80CC0C9F80CA0C9F898
:10C1300014209E422CBFC9F82060C9F8203004E7C3
:10C140007F1A5F65761A08449E65D86559660CF1BA
:10C15000010CBCF10B0F03F128037FF49CAE00210E
:10C16000CDE90C110131084613460C9E013E0E9696
:10C170000B287FD10B2902F12802F1D12821D5F813
:10C18000B0305B4500F2C380294620460B9A24F06C
:10C1900091F88346002840F0D280D4F82471D4F876
:10C1A00034913F09E867D4F8208105D082460AF12E
:10C1B000010A574500F3CC80EE6FF6003046FFF7DA
:10C1C00057FC0346C5F88000002840F0ED80714917
:10C1D0000A68520740F033816FF00B0B5AE50D9E51
:10C1E000042E42D0042800F08F80A68C032E39D173
:10C1F000166DB70736D59E6FB60733D5566ED2F893
:10C200005480D3F88C7008EB0609DE6F3744B945CB
:10C2100007D80EEB080A0AF1FF3A574507D9B94586
:10C2200020D10CEB060A0AF1FF3AD1451AD8594938
:10C230000B685A073FF401AFF04408F1FF3366443E
:10C24000CDE90493013E0C9BCDE907760393534B54
:10C2500006900293002301221846CDE9003324F012
:10C260004EF8EAE60D9E032E1FD1013028337FE7FA
:10C2700004202833D66C002EF7D0D2F85CE0BEF153
:10C28000000FF2D05E6F002EEFD0D3F884C0BCF167
:10C29000000FEAD00E9E012EA1D8042834D0A68C1F
:10C2A000032E02D1166DB607A5D40328E0D0D2F82C
:10C2B0005880566ED3F88090D3F88C7046444F4423
:10C2C000BE4207D80EEB080A0AF1FF3A574507D9D4
:10C2D000BE42CAD10CEB090A0AF1FF3A5645C4D84E
:10C2E0002C490B685B073FF4A8AECC440CF1FF333C
:10C2F000C644CDE907730EF1FF33CDE904630C9B0F
:10C3000006900393264BA4E705202833B2E7D4F820
:10C31000003203EBCB0013F83B300B2B09D0D5F8E0
:10C32000B42001FB034301FB0B229B6D1269D31A5E
:10C3300043600BF1010B22E76FF0850BAAE415496E
:10C340000B6858073FF4A6AC164BCDF80CB02DE4A3
:10C35000C8444146204623F0CBFF0646002840F063
:10C360003D814A46204614A923F0C0FF0646002816
:10C3700040F034819DF85C3003F00F02013A012A4D
:10C380003FF615AF1B09012B02BFEB6F0133EB67C3
:10C390000DE700BF8020002087600500DC600500FD
:10C3A000196105007E610500324600212EF0BFFDB7
:10C3B000AB6F3344AB67D4F834310D93D4E94823E1
:10C3C0001B090C920F9345D10B9B1B78002B40F05F
:10C3D000C880D4F8FC00C3080728C5F8843013D9F6
:10C3E00020F007006E6AFFF743FB0346C5F888009C
:10C3F000002800F0C980002708360B9B5A78D5F832
:10C4000084309F42C0F0CA800B9B5B7813B92846EA
:10C4100023F06BFF0B9B1B7A002B3FF43BACD5F852
:10C42000801076482DF0F1FC0023C5E91F33236905
:10C430000BB120469847584619B0BDE8F08F6FF011
:10C440000B0203926E4ACDE901320093012223F0E0
:10C4500056FFC1E60027BA460F9B0AF1010A534571
:10C46000B2DDDDE90C321344194620460C9323F06B
:10C470003FFF002840F0B08020460D9A14A923F019
:10C4800035FF002840F0A8809DF85C30BDF85E9034
:10C4900003F00F02013A012ADED81B09012BDBD180
:10C4A000B9F1000FD8D0FB0014990E93EB6AD5F8C0
:10C4B00080200B4442F837302822D5F8B43002FBF4
:10C4C00009380B9BD8F80C605B789BB10B9B5B68C1
:10C4D00063B9A38C0E9A012B18BF0026D5F88030C3
:10C4E0001344159A32445A600137B5E740469847DD
:10C4F0000028EED04A462946204623F010FF034686
:10C5000000BB2046D8F8101023F0F4FE0346C8B94B
:10C510003C490A6857070BD16FF0850B39490B6806
:10C520005E073FF4B7AB384BCDF80CB0FFF73EBB1E
:10C53000364ACDF80C90CDE901020090012223F09B
:10C54000DEFEE9E7A28C1599012A08BF0026D5F87E
:10C5500080200E9818BF7642314402440B44536049
:10C56000C2E7294620460B9A00F0D6F80646002876
:10C570003FF42FAF23490B68580702D1B346FFF7AA
:10C5800089BB234B03962FE01E490A6852073FF4EC
:10C5900023AE6FF00B0203921E4A54E756F8081CB4
:10C5A0007AB956F8080CD5F88830083643F83700C1
:10C5B000D5F8883056F80C2C03EBC7035A600137C6
:10C5C0001BE7204623F0D8FE011EEADD204623F0BB
:10C5D00091FE0028E7D1E4E783469FE709490B680D
:10C5E0005B07CBD00C4B0396029300230122184625
:10C5F000CDE9003323F083FEC0E700BFB021002067
:10C60000CA6105008020002013620500FC6105005E
:10C6100032620500496205009D6105002DE9F04187
:10C6200098465B688AB01B0A0F46DDE9104615463E
:10C6300004D12B6000200AB0BDE8F081E289002A15
:10C640003DD131461046FFF74BF804462860C8B983
:10C65000CDE90860079007A92B48FFF723F8099A4E
:10C66000079B2A6072B107F18C0252F8041F8B42BB
:10C67000E0D001BB243447F82430D3F88C200132B9
:10C68000C3F88C202B68002BD4D120490A685207AC
:10C690000ED0129A184692690592D8F8002000939D
:10C6A000CDE903621A4ACDE90132012223F054FE9A
:10C6B0006FF03C00BFE70134082CD6D1BAE74FF643
:10C6C000F1739A4201D16368B3E7B0F84430934202
:10C6D00008D9B2F57F4F05D223F021FE63681844D4
:10C6E0002860A7E709490B685B070AD0094BCDE929
:10C6F00003220293002301221846CDE9003323F0E0
:10C700002BFE6FF0070096E7410304008020002015
:10C7100066620500B56205002DE9F04704460F4644
:10C7200000264FF028098CB0D7F8B0108E4201D304
:10C7300000202FE0D7F8B43009FB063ADAF80420DD
:10C74000042A17D0092A68D1DAF82420082A24D02C
:10C7500041490B685D070AD0404BCDE9032602939F
:10C76000002301221846CDE9003323F0F5FD6FF0D8
:10C7700007000FE038490B685C0709D0384B0122ED
:10C780000293002303961846CDE9003323F0E4FD1D
:10C790006FF085000CB0BDE8F087DAF81C208A4203
:10C7A00014D32D490B685807E1D008230693DAF813
:10C7B00014300396CDE904232A4B0122029300236F
:10C7C0001846CDE9003323F0C7FDD0E7DAF814802E
:10C7D00018F00705E5D109FB02339B6899071CD5C2
:10C7E000D4F8003213F832300B2B0ED11A490B68F3
:10C7F0005B07BCD01C4B0392CDE9015301222B46B1
:10C800002846009523F0A8FDB1E73946204623F0DD
:10C8100086FD4FEAD808A84501D1013684E7DAF849
:10C820002410DAF81020204601FB0521A368984760
:10C830000028AFD12046DAF82420636809A9984778
:10C840000028A7D153463946204609AAFAF726FB05
:10C8500000289FD10135DEE780200020026305001B
:10C8600030630500566305009C6305007FB50BAB84
:10C8700005930393054B0122029300231846CDE94B
:10C880000033F7F7B1FC07B05DF804FB4B7A050005
:10C89000F0B50F461646054687B0002845D041B191
:10C8A000D0E91B241444EEB19C420AD96FF00B006E
:10C8B00035E0446FB2B19C42F8D8C16B2246304695
:10C8C00007E0416B30462EF00BFBD5E91B02A96B4C
:10C8D00030442EF005FB00236969EA6CA5080A4480
:10C8E000AB4201D120461AE056F82300884218D204
:10C8F0000F490A68520710D0CDE904300D4A0E4B9B
:10C900000E4C0293002F18BF2246002303921846B4
:10C910000122CDE90033FFF7A9FF6FF00D0007B04A
:10C92000F0BD9042E4D20133DAE76FF01500F6E78C
:10C93000802000207B7A05004B7A0500737A050081
:10C9400030B5002585B001900C46084801A9CDE915
:10C950000255FEF7A7FE039B03B10433C4E900357B
:10C96000C4E90255258205B030BD00BFB104040002
:10C97000F8B5054650681646FEF778FE044638B905
:10C9800028467268114921F004FC6FF00100F8BDDF
:10C99000021D0F49284621F0FCFB28460D4921F0D5
:10C9A000F8FB00260C4FD4F88430B34201D80020A5
:10C9B000EDE7D4F88820394602EBC603284652F842
:10C9C00036205B6821F0E5FB0136ECE7947A050040
:10C9D000A67A0500BD7A0500E07A050007B505498D
:10C9E000019021F0D6FB01A90348FEF75BFE03B0DE
:10C9F0005DF804FBEF7A0500FDC9010010B50C4697
:10CA0000836F021D0249206821F0C3FB002010BD86
:10CA1000147B05002DE9F0410446D2E90168ADF52B
:10CA2000087D4046F4F72CFB05463046F4F728FB1A
:10CA30000F280AD920460F22234921F0AAFB6FF0C4
:10CA400015000DF5087DBDE8F081B5F5804F09D9D9
:10CA500020464FF400531D496A0821F09AFB6FF0FD
:10CA60000B00EEE71A4F4FF4005329463A46404672
:10CA700020F027FE4FF404720546002104A82EF092
:10CA800056FA144B6A460593134B31460693134BE3
:10CA900004A807930023CDE90133039301238DF804
:10CAA000043001ABCDE98575FEF748FE034638B981
:10CAB000009B0B491A1D204621F06BFB0020C0E7AC
:10CAC00032460849F7E700BF257B05004D7B05008E
:10CAD00040620020F10304001B0404002F04040042
:10CAE000827B0500AE7B05002DE9F041ADF5107DA0
:10CAF000054605A990681646FCF786FA044650B12B
:10CB00000346B2682846204921F05FFB20460DF518
:10CB1000107DBDE8F0819DF81470D6F808803FB113
:10CB200042462846194921F050FB6FF00704EDE713
:10CB30004FF4067239460AA82EF0F9F9144BCDE9E4
:10CB400002770A93134B01AA0B93134B71680C9352
:10CB5000124B0AA80E9301238DF8083002ABCDF8D2
:10CB600030820497FEF7EAFD031E019A05DA284693
:10CB70000B49043221F00DFBD7E71346284609493B
:10CB8000043221F006FBC1E7DC7B0500077C0500D1
:10CB9000370404005D0404008104040097040400C9
:10CBA000AE7B0500827B050038B50546506814460B
:10CBB000FEF75CFD38B928466268054921F0E9FABC
:10CBC0006FF0010038BDA16823F051FB0020F9E7A8
:10CBD000167C050037B5054650681446FEF746FD3D
:10CBE000019040B928466268084921F0D2FA6FF0F6
:10CBF000010003B030BD01A8FEF706FE28466268BA
:10CC0000034921F0C6FA0020F3E700BF167C0500B7
:10CC10002C7C050070B590B06C462246084B03F1A1
:10CC20004006254618685968083303C5B3422C46A8
:10CC3000F7D140230021034805F064FC10B070BD1B
:10CC4000A7D90020090014F100487047A7D9002097
:10CC5000034A044B1168928819609A80FFF7DABF83
:10CC6000377E0500A7D900202DE9F04F82461C46EB
:10CC70000846154693B062B1D2E90138B8F1020F07
:10CC800000F218815A0705D56FF0030013B0BDE814
:10CC9000F08F9046002838D00A2200211EF0AEFD09
:10CCA0004FF6FE73421E9A42064600F20681BAF122
:10CCB000000F4BD1002DE7D06F6817F00107E3D0CC
:10CCC000D5F808E0BEF1010F2AD8030243EA202379
:10CCD000E3840123BE460822A38404F12408C4F897
:10CCE00028A004F12C030020C4E90628236284F85C
:10CCF0002C002060C4F808E0EB68022B0ABF022772
:10CD000006231123C4E90373C0E7BAF1000F1CD155
:10CD10002EF026FC16226A4B1A506FF00A00B5E777
:10CD2000BEF1020FB0D1674B04F1280C0FCB8CE899
:10CD30000F00330243EA2623E384182204F1240877
:10CD4000A4F824E004F12C03CDE70646079500255E
:10CD5000370247EA2627BFB2ADF83C50ADF83E7027
:10CD60001194ADF840504FF0FF32294608A82DF03D
:10CD7000A8FAB8F1020F13D16FF008000023442481
:10CD8000BDF83C109AB2914200F28E8000287FF4E8
:10CD90007DAF4422119B02FB013343F8440C75E73D
:10CDA00044F62064AB4644F62062002304A82DF02C
:10CDB000BFFEDDE904986FF00903A3427BEB050396
:10CDC0003FD30A2204F10906B6FBF2F60AF00AF98B
:10CDD00007AB01933C4B012200935146029610ABE6
:10CDE00027F012FF0246002852D116F1630FA5BFAB
:10CDF0000A2206F16403134683FB022308A81CF0F1
:10CE000073FD0B3033D14A46434604A82DF0B4FEDF
:10CE1000DDE90423134320D024196D412B4622461B
:10CE200004A82DF085FE049B9945059B78EB030330
:10CE3000C1D24A46434604A82DF09EFEDDE90445D2
:10CE4000B9E714F109004FF00A024FF0000345F171
:10CE50000001F4F7CDF80646B8E7BDF840400AF007
:10CE6000C1F8214627F0CDFE6FF002000EE70E9BC1
:10CE7000653308D14A46434604A82DF07DFEDDE91E
:10CE800004231343C8D10E98C31C7FF477AFEBE79C
:10CE900010F1600F3FF470AF2EF062FB084B52426E
:10CEA0001A506FF00A0069E7119A04FB032201335C
:10CEB000D78467E76FF00800E8E66FF00100E5E669
:10CEC00014000000F4210500D90404002DE9F0410C
:10CED00005460E461746134CDFF85080444508D3EC
:10CEE0002EF03EFB6A22104B1A504FF0FF30BDE887
:10CEF000F0812368AB4200D08BB93A4631462846D0
:10CF0000A368984758B12EF02BFB0022064B314600
:10CF1000C2503A462846E368BDE8F041184710344D
:10CF2000DCE700BF84BF040014000000B4BF0400AD
:10CF300037B50D4601AA6946F6F78AFD044660B189
:10CF4000009B1B695BB986232EF00AFB4FF0FF3470
:10CF50000B4A1350204603B030BD0923F4E74FF0CD
:10CF6000FF3201984FF0FF3323F084FB009B2946EA
:10CF700020461B6998470446019823F07DFBE9E7AA
:10CF80001400000073B50D461646694601AAF6F76F
:10CF90005FFD0446B0B1009B5B69DBB14FF0FF322F
:10CFA0004FF0FF33019823F065FB009B204632468B
:10CFB00029465B6998470446019823F05DFB2046AB
:10CFC00002B070BD09232EF0CBFA034A4FF0FF34B4
:10CFD0001350F4E75F23F6E71400000073B50D4625
:10CFE0001646694601AAF6F733FD0446B0B1009B28
:10CFF0009B69DBB14FF0FF324FF0FF33019823F014
:10D0000039FB009B2046324629469B6998470446D7
:10D01000019823F031FB204602B070BD09232EF0A9
:10D020009FFA034A4FF0FF341350F4E75F23F6E70B
:10D030001400000037B50D4601AA6946F6F708FD51
:10D040000446A8B1009BDB69D3B14FF0FF324FF02B
:10D05000FF33019823F00EFB009B20462946DB6935
:10D0600098470446019823F007FB204603B030BDE3
:10D0700009232EF075FA034A4FF0FF341350F4E7FA
:10D080005F23F6E71400000073B50D4616466946A7
:10D0900001AAF6F7DDFC0446B0B1009B1B6ADBB1C8
:10D0A0004FF0FF324FF0FF33019823F0E3FA009B7B
:10D0B0002046324629461B6A98470446019823F0C9
:10D0C000DBFA204602B070BD09232EF049FA034A6C
:10D0D0004FF0FF341350F4E75F23F6E7140000002D
:10D0E0002DE9FF410D46164602A903AA1F46F6F791
:10D0F000AFFC0446E8B1029B5B6A13B34FF0FF320A
:10D100004FF0FF33039823F0B5FA0B9B20460193B1
:10D110000A9B32460093029B2946D3F824803B4663
:10D12000C0470446039823F0A7FA204604B0BDE8A0
:10D13000F08109232EF014FA034A4FF0FF34135004
:10D14000F3E75F23F6E700BF1400000073B50D4658
:10D150001646694601AAF6F77BFC0446B0B1009B6F
:10D160005B6BDBB14FF0FF324FF0FF33019823F0E0
:10D1700081FA009B2046324629465B6B984704465D
:10D18000019823F079FA204602B070BD09232EF0F1
:10D19000E7F9034A4FF0FF341350F4E75F23F6E753
:10D1A000140000002DE9FF410D46164602A903AA0E
:10D1B0001F46F6F74DFC0446E8B1029B9B6A13B389
:10D1C0004FF0FF324FF0FF33039823F053FA0B9BDD
:10D1D000204601930A9B32460093029B2946D3F8CE
:10D1E00028803B46C0470446039823F045FA204672
:10D1F00004B0BDE8F08109232EF0B2F9034A4FF0E4
:10D20000FF341350F3E75F23F6E700BF140000007C
:10D2100073B50D461646694601AAF6F719FC044691
:10D22000B0B1009B9B6BDBB14FF0FF324FF0FF338F
:10D23000019823F01FFA009B2046324629469B6B3B
:10D2400098470446019823F017FA204602B070BDB3
:10D2500009232EF085F9034A4FF0FF341350F4E709
:10D260005F23F6E71400000073B50D4616466946C5
:10D2700001AAF6F7EDFB044648B92EF071F9092230
:10D280004FF0FF340B4B1A50204602B070BD01988E
:10D290004FF0FF324FF0FF3323F0ECF921463346D5
:10D2A0002A46009823F0D7F90446019823F0E4F9C0
:10D2B000EAE700BF1400000073B50D461646694644
:10D2C00001AAF6F7C5FB044648B92EF049F9092230
:10D2D0004FF0FF340B4B1A50204602B070BD01983E
:10D2E0004FF0FF324FF0FF3323F0C4F9009B32467A
:10D2F00029462046DB6898470446019823F0BCF98C
:10D30000EAE700BF140000002DE9FF410D46164674
:10D3100002A903AA1F46F6F79BFB0446D8B1029B5D
:10D32000DB6A03B34FF0FF324FF0FF33039823F073
:10D33000A1F90A9B20460093029B3246D3F82C8029
:10D3400029463B46C0470446039823F095F92046FA
:10D3500004B0BDE8F08109232EF002F9034A4FF032
:10D36000FF341350F3E75F23F6E700BF140000001B
:10D370002DE9FF410D46164602A903AA1F46F6F7FE
:10D3800067FB0446D8B1029B1B6B03B34FF0FF321F
:10D390004FF0FF33039823F06DF90A9B204600936A
:10D3A000029B3246D3F8308029463B46C0470446AC
:10D3B000039823F061F9204604B0BDE8F081092309
:10D3C0002EF0CEF8034A4FF0FF341350F3E75F23FB
:10D3D000F6E700BF1400000073B50D461646694617
:10D3E00001AAF6F735FB0446B0B1009BDB6BDBB15D
:10D3F0004FF0FF324FF0FF33019823F03BF9009BD1
:10D40000204632462946DB6B98470446019823F0B4
:10D4100033F9204602B070BD09232EF0A1F8034A6B
:10D420004FF0FF341350F4E75F23F6E714000000D9
:10D4300073B50D461646694601AAF6F709FB044680
:10D44000B0B1009B1B6CDBB14FF0FF324FF0FF33EC
:10D45000019823F00FF9009B2046324629461B6CA9
:10D4600098470446019823F007F9204602B070BDA2
:10D4700009232EF075F8034A4FF0FF341350F4E7F8
:10D480005F23F6E71400000010B5044609B10C2A2A
:10D4900007D016232EF064F80E4A13504FF0FF30D9
:10D4A00010BD0B68002BF4D0886860B123F009F937
:10D4B00038B994F99000002809DC04F057F80028E6
:10D4C000E7D05823E6E7081D24F050FBEEE723F0F1
:10D4D000F8F8F4E714000000F7B507460E461446C6
:10D4E000F6F7D0FA051E18DB3CB97B1E012B04D8D9
:10D4F000022E17D0012E08BF0624F1B201ABA2B252
:10D50000B8B205F03BF9061E0EDA284620F088F87E
:10D510002EF026F8104B76421E504FF0FF3528466D
:10D5200003B0F0BD1124E8E7002301984360C36510
:10D5300060302CF044FE01987C302DF011F8062C60
:10D5400002D1019824F0C5FD4FF440432846034A18
:10D550000199F6F7D7FAE2E714000000DC20050095
:10D5600037B5069D0446E3B90093002200230E4917
:10D5700005F0EAF904F160002CF021FE04F17C00D2
:10D580002CF0EEFF214605F160002CF05AFE2046FB
:10D5900024F09FFD05F17C0003B0BDE830401CF095
:10D5A000FFBB03B030BD00BFD90604002DE9F04138
:10D5B00088B00C46DDE90E5858EA05010646109F72
:10D5C00013D014F1690F02D014F10B0F0DD168467E
:10D5D0002DF0D2FADDE9002313430ED114F1690FC7
:10D5E0000CBF6FF00B046FF068042DF0B9FF2F4BE8
:10D5F00064421C504FF0FF304DE0B8F1FF3F08BFD0
:10D60000B5F1FF3F0AD0B8F1000F16D10A23B5FBE0
:10D61000F3F03B68834294BF3B603860D6F88400E7
:10D6200008B11CF0A5F814F1690F0DD10A21386872
:10D63000A0FB01012DF073F823E00A220023284605
:10D640004146F3F7D5FCE4E70B341AD1B6F88E4027
:10D65000C4F38114012CE9D196F9900023F031F83C
:10D66000304626F0F7FE00220346022103A82DF0E3
:10D67000CBFB0A233A68A2FB0323214603A81DF033
:10D68000F5FC3B685B00642B28BF64233B60D6F845
:10D69000840018B9002008B0BDE8F0814FF0FF32D7
:10D6A0004FF0FF331BF0ECFFF4E700BF1400000065
:10D6B000F8B540F203139942044600F08E80B1F5AC
:10D6C000827F0ED2042923D0B1F5817F2BD003298C
:10D6D00019D02DF045FF5F226D4B1A504FF0FF30EF
:10D6E00015E045F21B43994200F0C48045F2214306
:10D6F000994200F0BD8040F205139942E9D11368C8
:10D70000C0F884300DE0C06DC0F340008003F8BD68
:10D710001268C36D550423F0020301D543F00203E0
:10D72000E3650020F3E7D2E900158B889768D807F6
:10D730001BD52B689F4202D16FF00B00E7E7042056
:10D7400004F160021A612B685A7B60F305025A7378
:10D750002B689A7B6FF345129A732B68DA686FF324
:10D760009432DA602B6814332B608B885A072CD5DF
:10D77000B4F88E30C3F38113012B02D06FF0770021
:10D78000C5E794F9900022F09CFF2E68B742D3D0F1
:10D79000B4F88E302046C3F34103012B1AD126F092
:10D7A0005CFE022130612B685A7B61F305025A73DB
:10D7B0002B689A7B6FF345129A732B68DA686FF3C4
:10D7C0009432DA602B6814332B60E36D13F0050F8D
:10D7D000A7D0D3E726F03EFEE3E7D2E90056AB88B8
:10D7E000DB070ED53368DB6813F4EE1F02D1C36D7F
:10D7F000DF0703D5EB8843F00103EB803368143374
:10D800003360AB8858071ED5B4F88E30C3F381134C
:10D81000012B28D194F9900022F053FF3368DB6884
:10D8200013F4FE1F0CD0E36DD90709D4B4F88E3081
:10D83000C3F34103022B02BFEB8843F00403EB80E8
:10D84000336814333360E36D5A0742BFEB8843F00B
:10D850000803EB80E36DDB077FF563AFEB8843F0F4
:10D860001003EB805DE7EB8843F00403EB80EAE70D
:10D87000C36D53E70023146819461A4622F090FF3F
:10D880006FF00043984294BF2060236049E700BFD7
:10D890001400000013B50021B0F88E300446C3F325
:10D8A0004103032B4FF000024FF00003009119D108
:10D8B00024F007FF04236360E36D204643F0040374
:10D8C000E36522F04AFF204605F016F8031E06DA4B
:10D8D0002DF046FE054A5B4213504FF0FF331846C9
:10D8E00002B010BD05F030F8E4E700BF14000000FE
:10D8F00037B505460C4611BBB0F88E300022C3F395
:10D900004103032B00914FF000030DD124F0D9FE09
:10D91000031E0CDA2DF024FE0E4A5B4213504FF02A
:10D92000FF34204603B030BD05F00EF8F0E7EB6D94
:10D93000284643F00103EB6522F00FFFF1E74C1E90
:10D940002DF00EFE012C94BF86221622014B1A5098
:10D95000E5E700BF1400000013B5044624F0ECFB1B
:10D96000031E07DA2DF0FCFD0C4A5B4213504FF00A
:10D97000FF3006E0B4F88E30C3F38113022B02D0DF
:10D98000002002B010BD63680022009320460023EF
:10D99000034904F0D9FF031EF2DAE3E714000000A4
:10D9A000D90604002DE9F043B0F88E301746C3F3D2
:10D9B0004102022A04460E4685B039D0012AC56DBF
:10D9C0000ED12DF0CDFD15F0040F08BF7822254BA8
:10D9D00018BF62681A504FF0FF3005B0BDE8F08301
:10D9E00015F00205C3F3811319BF4FF000084FF083
:10D9F000000947F230584FF0000918BF1A4D012BAB
:10DA0000426817D1009200230022184904F09CFFBD
:10DA1000002801DA434217E063683A460293314630
:10DA20002B462046CDE9008924F0B0FD0028F1DB2B
:10DA30000020D2E72B460292CDE900893A4624F035
:10DA4000A5FD031E05DA5B422DF08AFD054A135041
:10DA5000C1E763680022009320460023034904F0D5
:10DA600073FFE3E714000000C7060400D9060400B2
:10DA700013B5044624F0FFFB031E08DA5B422DF0C9
:10DA80006FFD094A13504FF0FF3002B010BD002265
:10DA9000002320460549009424F013FE002801DAF3
:10DAA0004342ECE70020F0E71400000061D50100DC
:10DAB0002DE9F04F16464FF0FF384FF0FF390A229C
:10DAC0008FB05B0604460D46CDE90C89189F0B927A
:10DAD00003D4C36D13F002034BD000220023CDE921
:10DAE0000C2308A82DF024F8DDE90C23DDE90889D2
:10DAF00008A82DF01DF8DDE90823CDE906236368A9
:10DB00000022009320460023274904F01DFF031E36
:10DB100036DB4FF0000A0DF12C0B6168DDE90C23B8
:10DB2000002F37D0CDE90223199B04910093324690
:10DB30003B4629462046CDF804A024F051FE00289B
:10DB400025DADDE90C230146CDE9002320464246D3
:10DB50004B46CDF808B0FFF729FD002817DBDDE9BB
:10DB6000062308A82DF008F8DDE90823CDE90C23E9
:10DB7000D3E70CAA052105F017F800230B4AB0E7FC
:10DB80002DF0EEFC0A4A5B4213504FF0FF300FB00D
:10DB9000BDE8F08FCDE9002302913B46324629468D
:10DBA000204624F0BFFDCAE7D9060400A086010084
:10DBB000140000002DE9F0474FF0FF3315464FF0F9
:10DBC000FF328CB0CDE90A230A2309936B06044681
:10DBD0000E4603D4C36D13F0020339D00022002394
:10DBE000CDE90A23002706A82CF0A2FFDDE90A23CD
:10DBF000DDE9068906A82CF09BFFDDE90623CDE9C7
:10DC000004230DF1240ADDE90A233146CDE900237E
:10DC1000204600232A46029724F0BDFD00281EDA84
:10DC2000DDE90A230146CDE90023204642464B4662
:10DC3000CDF808A0FFF7BAFC002810DBDDE90423CB
:10DC400006A82CF099FFDDE90623CDE90A23DAE7DF
:10DC50000AAA052104F0A8FF0023024AC2E70CB07B
:10DC6000BDE8F087A0860100F7B5C36D04469D07A7
:10DC70000F46164614D44FF0FF334FF0FF3269467B
:10DC8000CDE9002322F01FFE031E09DA2DF068FC07
:10DC9000384A5B4213504FF0FF35284603B0F0BDC1
:10DCA000002204F1600000231BF0B2FD044628B9F5
:10DCB0002DF056FC0B222F4B1A50ECE7F5F7E2FE45
:10DCC000051E06DA204622F048FD204604F014FE28
:10DCD000E1E704F160002CF0F0FAA8B190F83730D9
:10DCE000990711D5E36D284643F00103E3651FF062
:10DCF00097FC204622F031FD204604F0FDFD2DF07A
:10DD00002FFC71221B4BD7E7B4F88E305A0508D58B
:10DD10002DF026FC7122174B1A5028461FF080FC6C
:10DD2000D0E723F40073A4F88E3077B16EB1326877
:10DD30003846082A28BF082204F128012DF0D0F81F
:10DD4000238D012B09D1082333604FF44043214632
:10DD50002846094AF5F7D6FE9FE7022B01D1182382
:10DD6000F2E728461FF05CFC2DF0FAFB8622014BFF
:10DD70001A50A7E714000000DC2005002DE9F04F41
:10DD80008FB01F46DDE9195A4FF0FF3303924FF071
:10DD9000FF32CDE90423189B0C465906064603D4EE
:10DDA000C36D13F0020330D000220023CDE9042319
:10DDB000DDE90489189B06F1600B13F0020301935F
:10DDC00037D01022002109A82DF0B1F80423CDF896
:10DDD00034B08DF8313001214B46424609A81DF080
:10DDE00045F900F10B010B29034618D88D4A0A4169
:10DDF000D20714D458462CF05CFA8046F8B92DF0BE
:10DE0000AFFB0B22884B1A500EE0042104AA04F049
:10DE1000CBFE304604A922F056FD031EC8DA2DF0D1
:10DE20009FFB814A5B4213504FF0FF300FB0BDE8BB
:10DE3000F08F42464B4658461BF0EAFCDDE7D0E93E
:10DE400003930093002D4FD0BAF1000F4CD0B6F8D9
:10DE50008C30DAF80060029324F0CDFF98F8372078
:10DE6000C2F302122A8098F83720C2F30212012A64
:10DE700060D100231422072ECDE909323FD90DF1DC
:10DE8000240B5946404625F092F9064610B96FF02A
:10DE9000680236E040460A9924F0FCFF0028F6D1DB
:10DEA000404698F83A1024F0F5FF0028EFD1F168C9
:10DEB0009DF808206960112A34D107AA0992082226
:10DEC00059460A92404625F072F90028DFD00288B0
:10DED000009B6A80C8F80C90C8F810302A88012A84
:10DEE0002BD10822CAF80020002C64D0E2680AB1C5
:10DEF000A26832BB2DF034FB0C224B4B83E76FF052
:10DF00001502009BC8F80C90C8F8103052422DF052
:10DF100027FB4549019B0A50002B85D1404624F040
:10DF2000DAFE81E7062A05D11422CDF81CB008924A
:10DF300007A9C7E76FF08502E3E7022A6FD118222D
:10DF4000D0E7404625F022F887423E4628BF0646E5
:10DF50000546B2464FF0000BBAF1000F0FD1AF42A9
:10DF600003D2A26942F02002A2612269002A4ED0A7
:10DF7000606978B30F2848D8C4F814A02AE0A268D2
:10DF800052F80B1002EB0B0021B92DF0E9FA162222
:10DF9000254B38E742684046524528BF5246029218
:10DFA00024F08EFF0BF1080B029A08B16922AEE74C
:10DFB000AAEB020AD0E7404624F0E8FF87423E463B
:10DFC00028BF0646054632464046039924F078FFAE
:10DFD0000028EBD1019BE3B9404624F07CFE189B5E
:10DFE00013F0200F0CBF304628461FE78A44073144
:10DFF00021F00707103717448742BDD821F00701E9
:10E000000A4411680029F1D1B6E71044F9E76261CA
:10E01000E0E7009BC8F80C90C8F81030DFE78622D4
:10E0200075E700BF7EF7FFFF140000002DE9F04FF9
:10E0300017461E464FF0FF324FF0FF338DB0CDE94B
:10E040000823B0F88E300D46D9070446DDF8588015
:10E0500040F1A880C3F34103022B40F0A58018F0E3
:10E06000400F02D1C36D9A071BD500220023CDE9D2
:10E070000823002E40D0DDE90823CDE90576CDE95F
:10E080000A2308F4807BCDB1C7B9EB688BB96FF078
:10E09000150043422DF064FA444A4FF0FF36135006
:10E0A0002AE013F00503E4D1042108AA04F07CFD62
:10E0B000DFE7AB681A685B68059207930027DDE924
:10E0C0000A233E4602A82CF033FDDDE90223CDE908
:10E0D0000023069B63B3E36D13F0040010D0606867
:10E0E0004042002820EAE076D3DB18F0020F03D18B
:10E0F0003146204624F09EFB30460DB0BDE8F08F3F
:10E10000DB07EED4DDE90AA95AEA090312D1C5B941
:10E110004346204606AA05A922F042FB831950EA8D
:10E1200003063DD15AEA090918D0BBF1000F31D1DD
:10E130003046D6E720460AA922F0C5FB0028E6DAD9
:10E14000CFE74346204607AA05A922F029FB06444B
:10E1500050EA060305D15AEA090302D16FF00A001A
:10E1600097E7AA68FB0052F8371001440591069919
:10E17000091A069107990029D7D1E96801378F421A
:10E18000D6D00833D118D2584B68059207930AB1FC
:10E19000002BD6D1DDE900230AA82CF0EDFC98E78E
:10E1A0001E46C2E7092375E7802373E714000000C9
:10E1B000F0B585B01C46DDE90A67134602B3B0F836
:10E1C0008E20C2F38112022A08D10A46CDE90167E6
:10E1D00000210094FFF7D2FD05B0F0BD012A07D160
:10E1E0000A4600210A9405B0BDE8F040FFF71EBFC3
:10E1F0002DF0B6F98622034B1A504FF0FF30EBE7B3
:10E200001046E9E714000000F0B5B0F88E4085B084
:10E21000C4F3811499B18E68D6B100231D46D1F89C
:10E220000CC00436AC4517D1022C1AD10C1D029437
:10E230000C68CDE900240022FFF7A0FD06E01623BC
:10E240002DF08EF90A4A13504FF0FF3005B0F0BDA3
:10E250000C23F5E78623F3E756F8357001353B4488
:10E26000E0E7012CF6D100920022FFF7DFFEEDE798
:10E270001400000073B50D46062D1C461146069B82
:10E2800046D005DC002D4BD0012D0DD06D238EE046
:10E29000292DFBD1122A00F38380102A00F39080ED
:10E2A000F4D122460F210AE00F2A2ED00DDC032ADA
:10E2B0001DD0042A15D0022AE8D12246092104F0F3
:10E2C00073FC00281BDA434271E0262A1AD0272A61
:10E2D000DCD11B68042B69D1B0F88E30C3F3C203C4
:10E2E00003E01B68042B61D14368236007E0B0F8AA
:10E2F0008E20C2F381121B68042B57D122600020AC
:10E3000002B070BDB0F88C20F5E722460A21D6E7AE
:10E31000012ABBD1224602B0BDE8704026F073B896
:10E320000E2A3AD006DC012A3DD0022AAED122467E
:10E330001021C4E7202A04D0212AA7D122460D218A
:10E34000BDE7B0F88E20C2F3C202012A36D1042202
:10E350001B68019294B1934210D10DEB020313217B
:10E360006A4604F021FC00280CDA43422DF0F8F84C
:10E370004FF0FF35144A13502846C1E71623F5E73E
:10E380000223F3E7009808B92060F5E723F042FA8A
:10E390000028F5D043682360EEE7224614218EE77B
:10E3A000432A7FF473AF2246082188E716232DF015
:10E3B000D7F8054A13504FF0FF30A1E76A23F6E77C
:10E3C00022460E217BE700BF1400000073B50E4605
:10E3D000062E1C4605461146069B70D005DC002E15
:10E3E00075D0012E26D06D2354E0292EFBD11A2A98
:10E3F00000F3C0800F2AF6DDA2F110010A29F2D83D
:10E4000001A252F821F000BF79E5010081E5010089
:10E4100087E50100E7E30100E7E30100E7E301002E
:10E42000E7E30100E7E30100E7E30100E7E30100C0
:10E4300043E401000F2A22D006DC022A17D00D2A5D
:10E44000D1D1002002B070BD192ACCD1B0F88E20F5
:10E45000C2F3C2010139012951D81BB1002C50D09F
:10E46000217879B922F40062A5F88E20E9E72246E6
:10E47000092104F009FB0028E3DA43420AE02246BE
:10E480000A21F6E7082B3CD1204603F083FC031E4B
:10E4900007DA5B422DF064F83C4A13504FF0FF302E
:10E4A000D0E722F00EF970B3B5F88E3043F4006374
:10E4B000A5F88E3003F096FB85F89000C1E7012A9D
:10E4C00091D1224602B0BDE8704025F070BF212AEC
:10E4D0004AD008DC022A4AD0202A16D0012A82D14A
:10E4E00022460821C5E7A2F1230101293FF67BAFAF
:10E4F0001A46214602B0BDE87040FEF7C5BF6A2348
:10E50000C8E71623C6E71323C4E700961CB10C2BFB
:10E5100003D0082B16D016231EE0A06890B122F07D
:10E52000D0F80090009808B103F05CFB0423019040
:10E53000132128460DEB030204F0A6FA002811DA95
:10E54000434209E06368002BECD06946201D03F0CC
:10E55000EFF80028E6D102232DF002F84FF0FF3645
:10E560000A4A135030466DE722460D2181E72246C4
:10E5700010217EE7432AB2E722460F21284678E79A
:10E5800022461321FAE722460E21F7E71400000085
:10E5900013B503461446084669B162B1B3F88E203C
:10E5A000D1050AD480232CF0DBFF124A13504FF020
:10E5B000FF3002B010BD1623F5E7C2F38111012927
:10E5C00003D1C2F34102022AECD11A8D012AF2D101
:10E5D000ADF800205A8DDB6AADF80220226869464A
:10E5E000082A28BF082201932CF07AFC0823002077
:10E5F0002360DEE714000000F0B51546028C0E46DD
:10E60000012A4FF0000485B023D1436ACDE90244CA
:10E61000EBB1082301AA0DEB0301019324F020F9CB
:10E62000031E07DA5B422CF09BFF0D4A13504FF09C
:10E63000FF300AE0019F2A683046BA4228BF3A46B6
:10E6400002A92CF04DFC20462F6005B0F0BD16232A
:10E65000E9E72CF085FF1622014B1A50E7E700BFCF
:10E660001400000010B5044618B3134B984220D391
:10E6700003F59B6398421CD20379DB0719D500F59B
:10E68000A2702BF023FA04F170002BF0D2F904F5FC
:10E69000D4702AF0EEFE04F54F702AF0EAFE04F57D
:10E6A0009A602AF08CFD002023796FF30003237118
:10E6B00010BD6FF00800FBE75882002008B5034644
:10E6C00051B10B4413F8013C33B904492CF02EFD31
:10E6D000003818BF012008BD0020FCE73E7E050081
:10E6E0002DE9F04F43790446012B0E4614BF4FF03D
:10E6F00001084FF000088BB005D06FF08505284663
:10E700000BB0BDE8F08F002500F170090146694BA0
:10E710004846694A009504F5A2772BF003F92B4689
:10E7200042463146384619F0C9FD054610B16FF032
:10E730000B05E4E70421384619F0E6FB36B994F8F6
:10E7400058301BB948465D4919F0A6FB94F9591099
:10E750004B1C02D038462BF0E0F84FF00008C246C0
:10E760000022384656492BF0DAF801F071FE04F128
:10E770002C030593CDF81080236C98453CDA4FF0BC
:10E78000000B5E46059B53F8042FCDE9053204F5D6
:10E790009A6307933146069801F040FE064628B971
:10E7A000BBF1000F78D008F10108E5E73378013BB1
:10E7B000042B1FD8DFE803F003484B57640004F52F
:10E7C000D47394F95A10D6E902B241B111465846B1
:10E7D00009930892FFF772FFDDE9082320B159463B
:10E7E000184617F069FA03E0594618462AF076FEF3
:10E7F000002845D06FF0150501F034FE002D7FF4A0
:10E800007EAF049B4BB1384604F5D4712A462BF0F9
:10E8100093F838462B492BF08DF8BAF1000F3ED112
:10E82000636C23B1384604F144012BF081F839467A
:10E83000484619F029FE054600287FF478AF237971
:10E8400043F0020323715AE704F54F73B9E700233D
:10E8500002931B4B0798019300230093D6E9021201
:10E8600015F060FEC4E70521706801F0C1FD20B914
:10E8700001F0F8FD6FF0010541E701F0F3FD3CE721
:10E880003378012B06D0022B08BF4FF0010A4FF05E
:10E89000010B7FE70493FAE76FF00105ACE7384618
:10E8A00004F59A6204F54F7119F0D0FA0028B7D038
:10E8B0003DE700BFFDE80100C9E80100308F050019
:10E8C000C3090400B02D050007B500680023CDE999
:10E8D00000334023FEF704FC002808DA2CF040FE49
:10E8E000044B1B5804480B2B18BF6FF04D0003B0AE
:10E8F0005DF804FB140000008097FFFF07B5006877
:10E900000023CDE900334023FEF74CFC002808DA51
:10E910002CF026FE044B1B5804480B2B18BF6FF03D
:10E920004B0003B05DF804FB140000000097FFFFEC
:10E9300008B54FF49B62002106482CF0F8FA182223
:10E94000002105482CF0F3FA04482BF0A8FB002026
:10E9500008BD00BF5882002040820020DCA90020B2
:10E96000F8B54FF0FF364FF0FF37214C32463B46AB
:10E97000204822F0F1F8257915F0010532D14FF445
:10E980009B62294620462CF0D2FA2379194843F09D
:10E9900001032371FF2384F859304FF0FF33C4E99A
:10E9A0001867C4E91A67236022F0D8F801222946C3
:10E9B00004F110002BF085FC04F170002AF074FFC4
:10E9C00004F5A2702BF07EF804F5D4702AF04CFD0B
:10E9D00004F54F702AF048FD04F59A602AF0EBFB2D
:10E9E0002046F8BD034822F0B9F80020F9E700BF3F
:10E9F00058820020DCA900202DE9F04107460E4690
:10EA000014461FFA82F8F5F73DF8051E1CDB7B1E45
:10EA1000012B0FD8A4F58074032C18D8012E19D11E
:10EA2000FFF79EFF0446C0B92CF09AFD0C22174B4D
:10EA30001A5006E06FF069032CF092FD134A5B4216
:10EA4000135028461EF0ECFD4FF0FF351BE06FF031
:10EA50007A03F1E76FF06A03EEE7062231463846A3
:10EA6000FEF734FA002803DA2046FFF7FBFDE8E75B
:10EA700020604FF4404321462846054AA4F806800A
:10EA80006671F5F73FF82846BDE8F08114000000F4
:10EA9000202105002DE9F04F042905460E461446B5
:10EAA0008DB01AD802291CD9006809AA08A9F4F760
:10EAB000CFFF0546D0B92CF053FD09229A4B4FF0F9
:10EAC000FF341A5027E06FF481773E44022E26D897
:10EAD000DFE816F07D00DD001E00A1F58173032B39
:10EAE000F1D92CF03DFD5F228F4BE8E74FF0FF326C
:10EAF0004FF0FF33099822F02FF8089B2246314649
:10EB00002846DB6898470446099822F027F802E077
:10EB100023680024AB6220460DB0BDE8F08FD4E935
:10EB20000076B7F90480D4F8089018F0010F21D0CE
:10EB3000697902291ED195F95B30DBB9A869C8B99A
:10EB4000336805F110021A6133685A7B61F30502DC
:10EB50005A7333689A7B60F345129A733368DA68A4
:10EB600060F39432DA60336814333360BB8823F087
:10EB70000103BB80286809AA08A9F4F769FF0446C5
:10EB800010B34FF0FF324FF0FF33099821F0E4FF4C
:10EB900021463B464FF48172CDE90069089821F087
:10EBA000E0FE044668B9BB88DE070AD52B79580712
:10EBB00007D405F170002AF03EFD002818BF6FF061
:10EBC0007704A7F804809FE76FF00804F9E7286846
:10EBD00009AA08A9D4E90067B6F90480F4F738FF58
:10EBE0000446002850D04FF0FF334FF0FF32099811
:10EBF00021F0B2FFB388D90721D53B6805F1100297
:10EC0000196991421BD103F11402DB6813F4FE1F52
:10EC100010D02146CDE9007233464FF48172089836
:10EC200021F09FFE044660B310F1780F08BF6FF02B
:10EC30000A0469E73A60B38823F00103B3802146F0
:10EC4000334640F203120898009721F08AFE0446EA
:10EC5000A0B9B388DA0711D53146284621F0D5FE90
:10EC600010F10B0F0AD1B6F906303BB93B6853F8E7
:10EC7000082C64F39432044643F8082CA6F8048068
:10EC800042E76FF00A043FE76FF0080443E7D4E976
:10EC90000079D4F808A000252BF048FF0A220023B1
:10ECA000F2F7A6F92C46039009AEA94517DC00221D
:10ECB000386808A9F4F7CCFE0546002838D12CF0B6
:10ECC0004FFC1622184B1A50002309AA99457FF7CA
:10ECD00022AF52F8041B47F833100133F6E757F818
:10ECE00035000022114946F82500F4F75BFE834603
:10ECF00098B13B1D33F83530DB070AD50379580747
:10ED0000C3F3800804D40BF170002AF094FC30B9EE
:10ED10000024DBF8003047F835300135C5E76FF0E7
:10ED20007704C246F5E700BF14000000202105006B
:10ED3000D046BB1D049300231A46994527DC3B4669
:10ED40004FF482722946CDE90098089821F009FE17
:10ED5000041EB9DB00233E469B461C46D9451BDCFE
:10ED6000002BB1D0002CAFD1BAF1000FACD0E2DD56
:10ED70002BF0DCFE039B0A220AEB03080023F2F7C8
:10ED800037F9A8EB0008B8F1000FD4DC9CE7049930
:10ED900021F833200133D0E7059309AB53F82B005A
:10EDA00000222049F4F7FEFD059B0546002833D0DC
:10EDB000B288D10730D54279022A24D190F95B205C
:10EDC0000ABB027912070CD5642000212BF0A7FCA6
:10EDD000F38823F00103F38001230BF1010B0836C4
:10EDE000BCE782697AB900684023CDE900220DF1C1
:10EDF0001F010122FEF7D6F90028BEBFF38843F0B9
:10EE00000803F380E4E731462846059321F0FDFD31
:10EE10000B30059B08BF0123B6F90620002ADCD081
:10EE20000134DAE72021050050B1064B984206D3A1
:10EE300003F59B6398422CBF0020012070470020FF
:10EE4000704700BF5882002038B500230546836014
:10EE5000703017F0F5FE2846FFF704FC04462868DA
:10EE600021F014FC40B9002C06DA2CF079FB034B9E
:10EE700064421C504FF0FF3038BD00BF140000004A
:10EE80002DE9F04304460D46164603210022006892
:10EE9000A1B021F075FDB0F10008C0F2C58018F4F2
:10EEA000804705D00421206828F4804221F068FDC5
:10EEB000206832462946FEF791F8002809DB27B181
:10EEC00042460421206821F05BFD6379012B03D0C9
:10EED000002021B0BDE8F08300212046FFF700FCB0
:10EEE000031E49DB00230DF108080293A360C8F854
:10EEF000043094F85C3083B332462946DFF834910D
:10EF000040462BF0EDFF04A82AF0CAFCD9F81010F7
:10EF1000B9F80830BDF80820E1B193421AD1012BAD
:10EF200018D1BDF80A20B9F80A309A4212D1D9F89E
:10EF30000C30039A9A420DD1D9F8142004A819F084
:10EF40002DF9002820DAD9F8100011F0F5FD002382
:10EF5000C9F8103004A82AF059FD002347F23052B6
:10EF6000204621F012FE031E14DA13F10B0F03D119
:10EF7000002F08BF6FF073032CF0F2FA2C4A5B42AB
:10EF800013504FF0FF30A4E704A904F1700019F00A
:10EF9000CDF8DFE7002794F85C300297C8F80470DA
:10EFA000002B95D03246294640462BF099FF04A805
:10EFB0002AF076FC04A904F1700019F0D3F8B842E5
:10EFC0001EDB1C4C206910B111F0B6FD2761002238
:10EFD00001AB114604A818F0A9FF0199012011F016
:10EFE000A5FD0146206158B1019A01AB04A818F0B3
:10EFF0009DFF002808DA206911F09EFD002323619F
:10F0000004A82AF003FD63E7019B63612BF08EFDEA
:10F0100000230A22F1F7ECFF074BC4E9000198E84E
:10F02000030083E80300EBE76FF0040051E700BF43
:10F03000140000004082002048820020F8B50446F9
:10F040000D461746F4F71EFD061E1EDBA06A21F0D2
:10F0500085FD20683A462946FEF716F807464FF028
:10F06000FF324FF0FF33A06A21F076FD002F10DA57
:10F070002CF076FA264B1C58644230461EF0D0FA2B
:10F080002CF06EFA224B64421C504FF0FF36304693
:10F09000F8BDFFF765FC0546B8B3E38800F1300220
:10F0A000C380637904F17001437104F1300353F8B4
:10F0B000040B8B4242F8040BF9D195F858302BB170
:10F0C000D4F8301105F1700018F0E6FE4FF440431B
:10F0D000294630460F4AF4F715FD012128462F60D6
:10F0E000FFF7FEFA041E09DB002347F23052AB6043
:10F0F0002846002321F049FD041EC8DA2846FFF700
:10F10000B1FA384621F0C2FAB7E76FF00B04F8E71E
:10F1100014000000202105002DE9F04F884683608F
:10F12000194643790446012B914685B058D10068B1
:10F1300021F034FCE36805461BB92379DB060AD5C8
:10F1400071232CF00DFA294A13504FF0FF3B58461B
:10F1500005B0BDE8F08F10BB00220023CDE90223EB
:10F16000DDE90223684604F1700A2BF0E1FCDDE9D9
:10F1700000674A464146504617F02AFDB0F1000BA1
:10F18000E5DA2BF0800313F5D24F05D01BF5CA4FFB
:10F1900002D01BF5E04F1AD125B90B23D1E7D4E9F2
:10F1A0001823DBE732463B4602A82BF0E5FCDDE9FD
:10F1B00002321343F1D002A821F0B8FB5A460146AF
:10F1C000206821F0CDFC0028D3D04342B9E7204687
:10F1D00021F0FBFB10B10C23E360B2E77123FBE7E6
:10F1E0002CF0BEF98622014B1A50AEE71400000045
:10F1F0002DE9F347814692460C4659BB2CF0B0F9F5
:10F2000016224FF0FF36164B1A50304602B0BDE8BA
:10F21000F087A36803EBC708D8F804302BB10025AA
:10F22000D8F80420954205D32E440137E368BB4249
:10F23000EFD8EAE76368D8F80010019323682944FF
:10F24000009348465346521BFFF766FF011E04DB3E
:10F250000D44E5E700273E46E8E70E46D5E700BF48
:10F26000140000002DE9F04F90469A0704468A46A4
:10F270001F4689B007D52CF073F98622424B1A50ED
:10F280004FF0FF3531E083604379012BF3D13946EC
:10F29000006821F083FBE5688146002D5FD123796A
:10F2A000DB0622D428BB002200230025CDE906235B
:10F2B000DDE9062304A82BF03BFCDDE90423CDE9BE
:10F2C000002307F4807704F1700B5846A8EB050281
:10F2D0000AEB050117F0F0FB061E4BDA16F5F14FAD
:10F2E0000AD1237943F010032371284609B0BDE801
:10F2F000F08FD4E91A23D8E716F5CF4FF1D026F0D6
:10F30000800313F5D24F08D016F5CA4F05D016F575
:10F31000E04F02D016F5F64F29D1B9F1000F23D0F6
:10F32000DDE9002306A82BF027FCDDE906321343B4
:10F330001AD006A821F0FAFA0390A06A21F00EFC78
:10F3400032460399206821F00BFC06464FF0FF324D
:10F350004FF0FF33A06A21F0FFFB6EB175422CF035
:10F36000FFF8094B1D508BE76FF00A06F6E76FF0C8
:10F370000406F3E7B9D03544002DA6D0002FB4D051
:10F38000A845A2D8B1E700BF1400000070B5049CE6
:10F390001D4603B13CB916232CF0E2F8364A13504F
:10F3A0004FF0FF3070BD012913D1262A05D1C38843
:10F3B0002268042AEFD12B6029E0042A02D1C36815
:10F3C000002BF5D100682B460494BDE87040FDF792
:10F3D0009BBFB1F58D7FF5D1013A0B2A44D8DFE808
:10F3E00002F006431830434340434343433B236802
:10F3F000990736D1ABB3066C00F13001B6009E42DE
:10F4000028BF1E46284632462BF06AFD26600020A3
:10F41000C8E723689A0724D11BB3436C7BB916F065
:10F42000DFFC23689A08002350F8231021B145F827
:10F43000231001339A42F7D19B002360E7E7443061
:10F44000EFE72368042B0CD170302AF08BFA78B1E7
:10F450002AF057F82860DAE7226890F85C30042A2E
:10F46000A9D06FF0150301E06FF06C035B4293E7E6
:10F470006FF07F03FAE700BF1400000070B50E467E
:10F48000012E154604461946049A4CD1152D24D157
:10F49000102A40F0D380D3E900308A6853EA000193
:10F4A00008D13AB94FF0FF324FF0FF33C4E91823C7
:10F4B000002070BD6849A3FB013501FB0055D11741
:10F4C000633241F10001981845EB010164220023E9
:10F4D000F1F78EFDC4E91801EAE7142D26D1102AB0
:10F4E00040F0AC80D3E9002652EA06019B6807D1C0
:10F4F00033B94FF0FF324FF0FF33C0E91A23D7E79B
:10F500005548DD17A2FB002100FB0611633345F1CE
:10F510000005981841EB050164220023F1F768FD0E
:10F52000C4E91A01C4E7B6F58D7F08D020680492BB
:10F530000B462A463146BDE87040FDF719BF013D34
:10F540000C2D00F2858001A353F825F081F5010010
:10F550009DF50100AFF5010051F60100DDF5010058
:10F5600001F601003DF6010051F6010051F60100DF
:10F57000EFF50100B1F4010013F6010027F60100D8
:10F5800000295BD0900759D1132A4FEA920555D82C
:10F5900004F130002BF0A4FC256489E7703018F0EA
:10F5A0007BFC00284AD1012384F8583080E70029E9
:10F5B00044D012F0030641D1132A4FEA92053DD8F8
:10F5C00000F1440318462BF08BFC04EB8505014643
:10F5D0006E6404F5A2702AF0ABF969E771B3042AEE
:10F5E0002CD10B68022B29D880F8593060E729B359
:10F5F000042A23D10B68012B20D880F85A3057E712
:10F60000E1B1042A1AD10B68012B17D880F85B30BE
:10F610004EE799B1042A11D10B685A1E5342534147
:10F6200080F85C3044E70D4B186908B111F084FA9A
:10F630001822002109482BF07AFC39E76FF01503F6
:10F640002BF08EFF064A5B4213504FF0FF3030E73D
:10F650006FF06C03F4E700BF40420F0040820020CF
:10F66000140000002DE9F84307460E4690469946DF
:10F670004FF0FF334FF0FF322B481AF001F82B4BBD
:10F680001B78ABB94FF0FF324FF0FF3326492848C3
:10F690001AF0E4FB274B9F4240D3274B9F423DD2B9
:10F6A0007B681EBB314614204FF0FF3435460DE019
:10F6B000032BEFD06FF0040412E000FB01F23B6873
:10F6C000013113445C603B6813441D817B6899429F
:10F6D000F3DB1A49012200230868F9F78FF80024A8
:10F6E00011481AF045F82046BDE8F883984518DC23
:10F6F00000254FF0140CA845EBDD0CFB05F23C682F
:10F7000006EBC5031444043493E8030084E80300C3
:10F710003B6801351344C3F80C90ECE76FF001042B
:10F72000DEE76FF00B04DBE708220020E7D90020BA
:10F7300074230020B4BF0400C0BF0400F0A900205F
:10F740002DE9F04F534BDFF8608185B0A8EB030241
:10F750000B2A40F296800026434506F1010725D387
:10F76000032F00F28E8000214B4D0846AF61F8F761
:10F77000D7FF041EDFF82C917DDB032389F80030CE
:10F7800046481AF033FB01234FF0140A2C60AB807B
:10F790004FF0FF334FF0FF32414819F071FF3D4BFE
:10F7A00043451BD20024D3F804C013E09A680C33FD
:10F7B000176053F8082C1644CEE79A681868126848
:10F7C0000AFB0400224405EBC202D0E9010182E8F1
:10F7D00003000134A445F0DC0C33E1E7304819F0B4
:10F7E000C7FF4FF0FF3239462B481FF0F0FF0028CB
:10F7F00041DD4FF0010B284CB3450CDD0028F0D063
:10F80000B5F90630002BECD0286802A9F8F7E0FF24
:10F810000023EB80BCE7D4F808C0BCF1000F26DB66
:10F82000B4F90E30002B22DD1A4B09E01A680AFBEE
:10F83000002251688C4509D001307045F6DB0C334D
:10F840004345A5D20020D3F804E0F6E71361131D69
:10F85000D4E9020183E803004FF0FF31A3681046AA
:10F86000A160019321F022FA0020019BA3600BF11B
:10F87000010B0834C0E7022389F8003005B0BDE869
:10F88000F08F0122074B1A70044805B0BDE8F04F15
:10F890001AF0ACBAB4BF0400F0A900207423002011
:10F8A00008220020E7D90020C0BF040000B589B0BD
:10F8B00000220023CDE9062300230E22CDE90133E7
:10F8C000CDE9032300934FF49662054B05490648A2
:10F8D0001AF0B6FB054909B05DF804EB1AF0F4BA6A
:10F8E00041F70100485A0420308700205A7E050065
:10F8F00000B5036A012B14BF162286222BF030FEBE
:10F90000024B1A504FF0FF305DF804FB140000006A
:10F9100000B55F222BF024FE024B1A504FF0FF304F
:10F920005DF804FB1400000070B5174C164694F8FF
:10F930002430DB070CD4F4F7A5F8051E0ADA1C23E3
:10F940002BF00EFE4FF0FF35104A1350284670BDC5
:10F950000223F5E794F824304FF47A7243F0010360
:10F9600084F824300023C4E904234FF0FF324FF021
:10F97000FF332146C4E906234FF44043044A26627C
:10F98000F4F7C0F8E2E700BF288800201400000068
:10F990006421050010B56529044610461A46029BED
:10F9A0000BD152B14BB1216849B902232BF0D8FDDC
:10F9B000084A13504FF0FF3010BD1623F6E7064CEF
:10F9C000A042FAD100F03AFF002801DA4342EDE705
:10F9D0000020F1E7140000000500085210B5652969
:10F9E000044610461A46029B0BD152B14BB1216816
:10F9F00049B902232BF0B4FD094A13504FF0FF30F0
:10FA000010BD1623F6E7074CA042FAD11B6801F09F
:10FA10004FF8002801DA4342ECE70020F0E700BF8E
:10FA2000140000000B000852102A38B504460D4699
:10FA30001CD1486858B101F073FD206040B92BF02B
:10FA40008FFD02220B4B1A504FF0FF3038BD206063
:10FA5000AB686360236A012B06D1EB682268A36060
:10FA600012B143F08043A3600020EFE76FF0150070
:10FA7000ECE700BF140000002DE9F0479246D0E902
:10FA8000068900225B0648BF904604460D4648BFE3
:10FA9000C1468AB0129F049207AE2068D4F808C00D
:10FAA00006ABCDE902890096A0B9604605AA04A973
:10FAB00022F0B9FA10F1740F1FD0002813DA434274
:10FAC0002BF04EFD4FF0FF341D4A135020460AB074
:10FAD000BDE8F087614604AA22F0B1FA23680593D5
:10FAE000E8E77A23ECE7A268049B934307D0B9F1D7
:10FAF000FF3F08BFB8F1FF3FCFD00B23E0E757B17E
:10FB0000059808B102F06EF878606368BB60052361
:10FB10003B80049BFB60069981B1079A02F10804BF
:10FB20005445DED805F108002BF0DAF90123CDE9C0
:10FB3000083408AB03CB28606960C7E70C46F5E7DB
:10FB40001400000000B5036A012B14BF16228622A0
:10FB50002BF006FD024B1A504FF0FF305DF804FB0E
:10FB60001400000000B57F222BF0FAFC024B1A5063
:10FB70004FF0FF305DF804FB1400000000B51622C2
:10FB80002BF0EEFC024B1A504FF0FF305DF804FBF7
:10FB90001400000000B55F222BF0E2FC024B1A506B
:10FBA0004FF0FF305DF804FB1400000000B56D223B
:10FBB0002BF0D6FC024B1A504FF0FF305DF804FBDF
:10FBC0001400000000B56D222BF0CAFC024B1A5045
:10FBD0004FF0FF305DF804FB1400000008B5002270
:10FBE0000549F3F7DFFE28B1838C828D006B9B1AE9
:10FBF0009BB2C01A08BD00BFA8210500002208B5AD
:10FC00000349F3F7CFFE003818BF012008BD00BF3D
:10FC1000A82105002DE9F8430546E0B3064656F84D
:10FC2000440B431C04D10021304621F069F825E043
:10FC300000221A49F3F7B6FE044618B94FF0FF3315
:10FC40002B60F0E700F108094FF0FF324FF0FF336F
:10FC5000484621F051F84FF0FF380746C0B920461A
:10FC6000394640F8348B21F04BF830463946C5F818
:10FC7000008021F045F8484621F040F828469422BB
:10FC800000212BF054F92846BDE8F8432BF00AB9BF
:10FC9000C5F80080C7E7BDE8F88300BFA8210500CC
:10FCA00000B57F222BF05CFC024B1A504FF0FF3066
:10FCB0005DF804FB140000002DE9F04F88469146E2
:10FCC000044689B008B101B152B92BF049FC1622A3
:10FCD0004A4B1A504FF0FF35284609B0BDE8F08F67
:10FCE00000F1080700220023384621F005F8666875
:10FCF000002806F0010612DA36BB4FF0FF324FF053
:10FD0000FF33384620F0F8FF002805DA43422BF095
:10FD100027FC3A4A1350DDE7666806F001062068C2
:10FD2000FFF76CFFE28C638D05469A4246D138B1ED
:10FD300066B12BF015FC0B22304B4FF0FF351A50FB
:10FD4000384620F0DBFFC7E70B23E0E72AF00CFC86
:10FD50000028EED101964FF0FF360199029669BB5B
:10FD60004FF0010B102203A82BF0E1F89DF8193099
:10FD700038466BF3050304F1340A8DF81930CDF8D9
:10FD80001CA020F0BBFF4FF0FF3259464FF0FF336D
:10FD900003A81BF06BF94FF0FF324FF0FF333846EA
:10FDA00020F0AAFF504602AA01A92BF063F8019B9C
:10FDB000002BD2D0029BE3B15B45CED14A464146EF
:10FDC00004F120001DF057FEE28C638D06469A4236
:10FDD00007D12068FFF712FF18B104F134002BF0AF
:10FDE00046F825B1012104F1440020F089FF354691
:10FDF000A6E72BF0B5FB2022004B9EE71400000085
:10FE00002DE9F04F0E461746054689B008B101B1FD
:10FE100052B92BF0A5FB16226B4B1A504FF0FF3650
:10FE2000304609B0BDE8F08F00F108080023002239
:10FE3000404620F061FF6B68002803F0010914DAE6
:10FE4000B9F1000F23D14FF0FF324FF0FF3340469E
:10FE500020F052FF002805DA43422BF081FB5A4A7A
:10FE60001350DBE76B6803F001090022574928684B
:10FE7000F3F798FD044660B92BF072FB2022524B39
:10FE80001A504FF0FF36404620F038FFC8E70B23EA
:10FE9000E3E700F1080A00220023504620F02CFF7F
:10FEA000002830DAB9F1000F27D14FF0FF324FF0C0
:10FEB000FF33504620F020FF002801DA43421DE0C6
:10FEC0002868FFF78BFE30B331463A4604F1200034
:10FED0001DF0B1FD06462868FFF780FE18B904F151
:10FEE00044002AF0C4FF012104F1340020F008FF8F
:10FEF00004F1080020F002FFC5E70B232BF030FBD4
:10FF0000314A1350BDE72868FFF768FE0028DBD1AF
:10FF1000B9F1000F52D12AF027FB00284ED14FF043
:10FF2000FF3B0190DDF80490CDF808B004F1080A19
:10FF3000B9F1000FC8D11022494603A82AF0F7FFF3
:10FF400001219DF81930504661F3050344348DF8C2
:10FF50001930079420F0D2FE4FF0FF324FF0FF33FC
:10FF6000012103A81BF082F80028A7DB4A461749A5
:10FF70002868F3F717FD044600283FF47DAF4FF0E3
:10FF8000FF324FF0FF33083020F0B6FE002895DB3B
:10FF900002AA01A904F144002AF06CFF019B002B86
:10FFA000C0D0029B13B1012B8ED0BBE72BF0D8FA47
:10FFB0002022054B4FF0FF361A5099E72BF0D0FA6C
:10FFC0000B22014BF6E700BF14000000A82105003A
:10FFD0002DE9F0410E46074600B141B92BF0C0FAB9
:10FFE0001622204B1A504FF0FF30BDE8F081006818
:10FFF000FFF704FE804610B13868FFF7EFFD0023DD
:020000022000DC
:100000001D467C68F168994207D1B8F1000F0BD109
:100010002BF0A6FA2022134BE4E7B26802EBC302EE
:10002000526801331544EEE72DB1854205D800240E
:10003000F368A34209D82846D7E714F00104F7D0A3
:100040002BF08EFA7A22074BCCE7B368384603EBE5
:10005000C402526853F83410FFF7D2FE0130C2D008
:100060000134E5E7140000002DE9F7430D4616467C
:10007000044650B92BF074FA16224FF0FF34874B28
:100080001A50204603B0BDE8F08300F108074FF096
:10009000FF334FF0FF32384620F02EFE40F20313BC
:1000A0009D4200F09280B5F5827F0ED2042D1ED0C5
:1000B000B5F5817F2ED0032D11D02BF051FA5F22A0
:1000C000764B4FF0FF341A500DE045F21B439D4232
:1000D00019D045F221439D42EFD163680BE064687B
:1000E000A40304F48044384620F008FEC9E73268CF
:1000F0006368510404D543F0010363600024F2E710
:1001000023F00103F9E7E38C618D32685B1A9BB23F
:100110001360F3E7D6E90058AB88B668DA070DD567
:100120002068FFF76BFD002800F0B180D8F80030A0
:100130009E4200F0AF8004F134021A61AD8815F0E0
:10014000040540D02068FFF759FD0546002800F05F
:100150009E80D8F800309E4200F09C8000225049DA
:100160002068F3F71FFC4FF0FF3206464FF0FF33D5
:10017000083020F0C1FD041EB5DBD8F8003006F1D0
:1001800044021A610121D8F800305A7B61F305025C
:100190005A73D8F800309A7B6FF345129A73D8F8E7
:1001A0000030DA686FF39432DA60D8F80030143334
:1001B000C8F80030002EA1D0002D9FD006F1080015
:1001C00020F09CFD9AE72E46DCE7D6E90058AE8881
:1001D00016F0040608D02068FFF710FD064628B97F
:1001E000EB8843F01003EB80B14616E000222C4967
:1001F0002068F3F7D7FB4FF0FF3281464FF0FF3313
:10020000083020F079FD002821DB2068FFF7E6FCAC
:1002100078B1EB8843F00403EB80AB88DB0727D58C
:100220002068FFF7EBFCA0B9EB8843F00103EB80FB
:100230001EE00090694601AA09F144002AF01AFE66
:10024000009B002BE9D0EB8843F01003E4E7002685
:10025000E3E7E28C638D9A42E6D10023009369467E
:1002600001AA04F134002AF005FE009B002BDBD12B
:10027000D8F800301433C8F80030B9F1000F3FF45B
:100280003DAF002E3FF43AAF09F1080098E76FF058
:10029000770428E76FF00B0425E700BF1400000087
:1002A000A82105002DE9F3471E4600230628154620
:1002B000CDE900330AD02BF053F96A22424B1A5091
:1002C0004FF0FF35284602B0BDE8F087012904D081
:1002D0002BF046F96B223C4BF1E722B12BF040F9B1
:1002E0007B22394BEBE726B92BF03AF90E22364B3D
:1002F000E5E7E8461746DFF8D49094202AF0D9FDC8
:10030000044698B92BF02CF90C222F4B1A5002AB53
:1003100003EB8707002347F8083C0098FFF77AFCB7
:100320000198FFF777FCCBE70127E6E79022002151
:1003300004302AF0FCFD20464FF0FF3340F8083B24
:100340000122114629F0BDFF04F15403236200236A
:10035000C4E90933E3624023236304F134002AF043
:1003600081FD04F1440A50462AF07CFD01215046EB
:1003700020F0C6FCF3F786FB03460133206008D16A
:100380002BF0EEF81722104B1A502046FFF742FCD4
:10039000BDE74FF440434A462146F3F7B3FB48F824
:1003A000044B002FC0D0DDE900473B6822683A606B
:1003B00044F8083B2046336020F0A0FC3B68204610
:1003C000736020F09BFC7DE714000000A82105006D
:1003D00008B54022002104482AF0A9FD034829F06D
:1003E0005EFE002008BD00BF20AA00200CAA00204D
:1003F000094B30B51A4600241D788D4205D15D6841
:10040000854202D102EB041030BD0134042C03F10B
:100410001003F1D10020F7E720AA002010B50B4B04
:1004200031B11031CA1A1211032A03D9002008E091
:100430001946F7E70C782CB14C68844202D103EBE3
:10044000021010BD01321031EEE700BF20AA0020DB
:100450004FF0FF324FF0FF33014819F011B900BFE0
:100460000CAA0020014819F083B900BF0CAA002093
:100470002DE9F84306460F4690469946FFF7E8FFF8
:1004800039463046FFF7B4FF0446A0B90B4B2101B3
:100490005D5C03EB041245B9C2E9028956605F5402
:1004A000FFF7E0FF2846BDE8F8830134042CEED1C5
:1004B0006FF00B05F4E76FF01005F1E720AA0020BC
:1004C0002DE9F041D1F808800546D8F80C300C46EB
:1004D00013B90220BDE8F081B8F810200D2AF8D930
:1004E0004FF0030C0620D3F806109E89C4F826109E
:1004F000598984F82500618584F824C0D3F800E088
:1005000072BAC4F82EE09B8804F12E01638684F849
:100510002D0084F82CC00846A28620F04AFC94F8EE
:100520002E3097B203F0010385B1D5F800C0BCF1BD
:10053000000F0BD09CF81120062A07D148B943B907
:100540000CF112002AF06AFD18B1C2E708B9002BBD
:10055000BFD00E2108F10C001FF0ACF8A3688BB9D6
:10056000204B214A21499342B3D29889B84207D1FE
:100570005868884204D1D3F80880B8F1000F03D13D
:100580001033F0E75B68EAE7224639462846C04761
:1005900000289FD002289CD048F688639E4299D0BC
:1005A00094F83730C3F30213012B12D1A368DB6830
:1005B0005B885BBA9BB22D2B8CD8A268002A89D0AD
:1005C000118A994235BF5B1A13829BB2002352688D
:1005D000F4E7022B7FF47EAFA368DB689B885BBAED
:1005E0002833E7E764BF040084BF04007C250020B3
:1005F000004870477A7E0500F0B58DB01546044678
:100600000E463022002168462AF091FC0123204644
:100610008DF807508DF8003020F09AFB054687686A
:10062000CCB12368BBB15A680C4B9A4213D1204617
:1006300020F093FBC3040ED56FB13C695CB13388E5
:10064000012B08D10DF10101301D20F01BFC6A4681
:100650000A212846A0470DB0F0BD00BF7C25002030
:100660002DE9F047814620F073FB8A8ED0F808A070
:1006700057BA0E46BFB2BAF1000F00F0A680DAF802
:100680001C3023B96FF085052846BDE8F08791F846
:100690003730C3F30213012B52D1B2F5006F4FD1A3
:1006A0008B688D69DC6801F003FE226903689A4259
:1006B00000F09180284604F1100100F0BFFF0028EF
:1006C00040F08980B368D9681031084620F033FBC8
:1006D000024600287FD1304600F086FB0446002801
:1006E00076D086422ED0304622F0F5FAA78E7FBA19
:1006F000BFB2002FC6D094F82D304BB9374B1A68D3
:10070000C4F82D209A889B79A4F8312084F83330DE
:100710004FF47A7200230E21204602F0F9FA804647
:1007200090B96FF00B05B7F5C16FADD1304622F02F
:10073000B9FAA3684846D968103100F087FD36E061
:100740003446D6E70827D6E70E2150F80C5F1EF096
:100750007FFFB7F5C16F2ED094F83730C3F3021383
:10076000012B28D1A368DA681032104620F0E3FA92
:1007700008B32946104620F085FBD4F826304146C0
:10078000C5F80630638D20466B81AF8122F0C3FA35
:10079000204622F030FB484620F0DAFA2146DAF80B
:1007A0001C30984705460028BDD1A3684BB92046A8
:1007B00022F091FA68E7D4F82E302B60638EAB807C
:1007C000DBE71A8A5B681544F0E76FF001055BE729
:1007D0006FF00B0558E734468DE700BF6D7E0500CE
:1007E00038B50123054620F0AEFA114903760446D8
:1007F0004561043029F044FE284620F0AEFA420557
:1008000048BF237E284644BF43F00403237620F0EC
:10081000A4FAC30404D50021064A074800F0B8FE34
:1008200000F028FD637E43F00203637638BD00BF0D
:10083000410E0400F905020060AA00202DE9F043F2
:100840008046144699460E468DB0002900F0298155
:100850000B68002B00F025811D683022AF68002155
:1008600068462AF064FB002F00F018813B6923B929
:100870006FF085000DB0BDE8F083002C00F085809E
:10088000B9F1300F40F08180874B4344122B7CD864
:10089000DFE813F0130024004A00550064007E00D6
:1008A000A400B700CC007B007B007B007B007B00BA
:1008B0007B00D900E9007B00F6000821284620F0E3
:1008C00019FB0028D4D0002123788DF8003030683F
:1008D0003B6900B100686A469847CBE7237853B17B
:1008E0001021284620F006FB0028C1D001238DF8F6
:1008F00000300121EBE763784BB12021284620F03E
:10090000F9FA0028B4D001238DF80130F1E7A3787B
:10091000002B3AD04021284620F0ECFA0028A7D03E
:1009200001238DF80230E4E78021284620F0E2FA26
:1009300000289DD0237802218DF80030C7E70021E0
:10094000304620F0E5FA10B16FF00C0092E7206815
:10095000A38803210090ADF80430B8E74FF400718C
:10096000284620F0C7FA002882D0237953B1023BF1
:10097000012B0AD96B462068616803C3A068042173
:100980001860A4E7A368642BF4D96FF0150071E731
:100990004FF40031284620F0ADFA00283FF468AF4C
:1009A0006379012BF1D02379032B0AD13F4B226AC3
:1009B0009A42EAD8D4E904128B424FF000039341E3
:1009C000E3D36A4604F130051346206861680834B1
:1009D00003C3AC421A46F7D1052178E74FF48021D2
:1009E000284620F087FA00283FF442AF2379042BF1
:1009F000CBD06B462068616803C3A06806211860ED
:100A000065E74FF40021284620F074FA00283FF4EF
:100A10002FAF304620F086FA002895D16B4620682B
:100A2000616803C3A0680721186050E74FF4806134
:100A3000284620F05FFA00283FF41AAF23780821F7
:100A40008DF8003043E7304620F06CFA00287FF440
:100A50007BAF2068A288A3790C210090ADF8042018
:100A60008DF8063033E74FF48011284620F042FA23
:100A700000283FF4FDAE23780D218DF8003026E7E5
:100A80004FF48051284620F035FA00283FF4F0AEAC
:100A90006B466168206803C30A2118E76FF0010004
:100AA000E8E600239B68FFDEFFFFF7ADFFC99A3B36
:100AB0002DE9F0430746144698468DB0002900F012
:100AC00015810B68002B00F011811D683022AE6883
:100AD000002168462AF02BFA002E00F00181D6F89A
:100AE0001490B9F1000F04D16FF085000DB0BDE88E
:100AF000F083002C00F0F780B8F1300F40F0F38065
:100B00007C4B3B44082B00F2EE80DFE813F0090039
:100B10001B0037003C008200B700EC00EC00D50061
:100B20004FF40061284620F0E5F90028DCD06A4641
:100B300009212846736998470028D7D1009B236074
:100B40000020D3E74FF40071284620F0D3F90028A5
:100B5000CAD023686A460093237904218DF80430B3
:100B60002846736998470028C0D19DF80430042BAB
:100B7000E6D8DFE803F0777777779D006A460B21A8
:100B80002846C847D8E74FF40031284620F0B2F98C
:100B90000028A9D023792268012B08BF238A00925C
:100BA000A28808BFADF81030ADF8042005216A46D0
:100BB000284673699847002898D19DF80430032B84
:100BC000BED8DFE803F0751F4F0206AD2E4604F1D4
:100BD00018020AAF2B4603CBBB42106051601D4682
:100BE00002F10802F6D102AD04F108022B4603CB54
:100BF000B342106051601D4602F10802F6D10A9B13
:100C0000A3629DE702AB03CBA0601868E16020619E
:100C100096E74FF48021284620F06CF900283FF435
:100C200063AF23686A460093237906218DF8043068
:100C300028467369984700287FF458AF9DF8043020
:100C4000052B3FF67DAF01A252F823F0B10C020054
:100C5000650C0200650C0200410B0200B10C0200A1
:100C60006B0C0200029BA3606AE79DF80830227AB1
:100C7000C3F3010363F30102227261E74FF4002121
:100C8000284620F037F900283FF42EAF63686A4603
:100C90000193237807218DF800302846736998471F
:100CA00000287FF423AF9DF80030002B7FF448AF7D
:100CB0009DF80830237243E74FF48011284620F056
:100CC00019F900283FF410AF6A460D2128467369D0
:100CD000984700287FF40AAF9DF8003023702FE773
:100CE0006FF0010002E76FF01500FFE600239B683C
:100CF000FFDE00BFF6FFF7AD002301461A460148AC
:100D000001F000BC010008D2002301461A46014848
:100D100001F0F8BB020008D208B5084B5A683AB196
:100D200000211B6823B19A4204D1044820F00FF936
:100D3000104608BD19461B68F4E700BF80AA0020D2
:100D40002DE9F84320F02CF94FF0FF3306464FF021
:100D5000FF32214820F04CF9204B1C685CB125681B
:100D6000DFF878801E4FC6F5FA6934B91A48BDE835
:100D7000F84320F06AB92546F2E7626809EB0203FE
:100D8000002B21DC0121204620F06DF922460021B4
:100D9000404620F0DCF8002323607B6833B9C7E9C4
:100DA000004435B12B682C461D46DEE71C607C6094
:100DB000F7E72B46F7E70A2302F5FA62A2FB0323C3
:100DC000084818F0E7FFD1E7921B12F5FA6FF2D14D
:100DD00000221346F4E700BF6CAA002088AA002076
:100DE00090AA0020508800202DE9F04F89469046B7
:100DF000064687B020B90025284607B0BDE8F08F29
:100E00008368002BF7D05AB9806920F0DEFC38B92E
:100E1000B3699B6823B103F13C09DB6B002BEAD07B
:100E20004FF0FF324FF0FF33744820F0E1F8002319
:100E3000734D05932F684A463846B16905AB20F0DB
:100E4000F6F8044658BBDFF8C8A10346DAF80000FC
:100E500020F0EDF80546002842D16A480468002CCD
:100E60003AD02246294620F072F8B3690393B8F1CC
:100E7000000F43D14FF47A7200231C21CDE90023E7
:100E800003984346424602F06FF80546B8BB002C73
:100E900000F0998021465B4820F052F893E0B84278
:100EA00007D002460599284620F051F8214620F047
:100EB00047F8524820F0C9F8A06820F058F8811C83
:100EC00006F1240020F096F804F1100106F12C0040
:100ED00020F090F835468FE7FFF71EFF0446C4E781
:100EE000304621F0DFFE014605F1180029F0D2F965
:100EF0000028BAD0414820F0A8F87CE7354640F6F3
:100F000006030122AB8695F83730A86862F3061312
:100F100085F837301C210C301EF09AFBAB6805F1C8
:100F2000240BDF68002C56D0304621F0BBFE314642
:100F300004F1180029F085F9AB69A360D9F80030F5
:100F4000E360A06820F013F8811C584620F052F8A6
:100F500000232360DAF80430CBBBCAE9004420F058
:100F60001FF86060284829F0C1FD084305D144F608
:100F700020620023254818F00DFFFFF739FB0146DA
:100F800005F12C0020F036F80821B9700621002365
:100F90000122397104213B707A70FB707971BB7149
:100FA000FA71C7F81230FB82D9F80030BB61D5F86E
:100FB0002630BB606B8DBB81ACB9B368D8680C3090
:100FC0000368C7F80E300D4820F03FF814E71C60A6
:100FD000CAF80440C3E703981FF0C9FF811C5846B4
:100FE00020F008F8C9E7A3684146986820F00BF89C
:100FF0000028E5D1C7F80E00E5E700BF6CAA002085
:1010000080AA002090AA002060880020508800203C
:1010100088AA00202DE9F74F05460F461646984648
:101020009DF830901FF0DBFF38B94FF0FF324FF0E2
:10103000FF3305F174001FF0DBFF4FF0FF324FF07C
:10104000FF3349481FF0D4FF0023DFF82CA10193A0
:10105000DAF800B03A462946584601AB1FF0E7FFE0
:10106000044680BBBBF1000F02D1404829F058FA7A
:10107000B8F1000F0BD03E483A462946006801AB54
:101080001FF0D5FF18B133680361B3888382B9F1CB
:10109000000F0FD000233648294601933A460068D6
:1010A00001AB1FF0C4FF014600283FD03368036145
:1010B000B38883822C481FF0C8FF284603B0BDE8E0
:1010C000F04F1FF0C4BF0246019950461FF03FFF8A
:1010D000DAF8003013B9254829F022FA336821469E
:1010E0002361B3882248A3821FF02AFF04F1180766
:1010F000A369002BDED04FF0FF334FF0FF323846AC
:1011000018F086FB83680646D9682C301FF072FF02
:101110003DB32B682BB35B68314628465B68984724
:101120000028E5DA304621F0D6FDE1E711480468F1
:101130008CB122461FF00BFF1FF032FFC4E90105FE
:101140003B68E360336821462361B3880848A38283
:101150001FF0F6FEAEE7FFF7DFFD04460028EBD1F7
:10116000A8E700235B68FFDE6CAA002050880020FF
:1011700080AA002090AA002088AA00202DE9F84328
:10118000DFF8C08005464FF0FF324FF0FF332A48AA
:101190001FF02EFFD8F8004024B100272668DFF8A2
:1011A000A89094B9254F3C682CB14FF000082668F0
:1011B000DFF8949024BB3B6813B9214829F0B0F9BB
:1011C000BDE8F8431C481FF040BF234615B1A26894
:1011D000AA420DD1002120461FF045FF3946404666
:1011E00022461FF0B4FE214648461FF0A9FE3B46AA
:1011F00026B1326834461F461646D2E73246F9E732
:10120000234615B1A268AA420DD1012120461FF044
:101210002AFF4146384622461FF099FE214648469D
:101220001FF08EFE434626B1326834469846164675
:10123000C0E73246F9E700BF6CAA002088AA002068
:101240005088002080AA002090AA002008B50A46F5
:1012500001460748002300681FF0E9FE20B1012184
:101260001FF001FF002008BD6FF00100FBE700BF89
:1012700088AA002038B5124D2B7803BB114A124CB6
:10128000C2E90033114AC4E90033C2E9003310480F
:1012900028F095FF20460F491FF052FE01F14C0047
:1012A00028F08DFF20460C491FF04AFE0B490C48E0
:1012B00029F028F90B4828F0F2FE01232B7038BDE5
:1012C000E8D9002088AA002090AA002080AA002047
:1012D000B0AA002098AA0020CCAA0020410D02004C
:1012E000508800206CAA0020036804481BBA1B0C1D
:1012F0001B041B1A58425841704700BF0000FEA94A
:1013000070B58CB0054620F022F9154B0C4683428F
:10131000164602D001200CB070BD284620F01CF902
:101320008368002BF6D0DB68002BF3D0984704428B
:10133000F0D0284620F010F98368C4F110015B69F1
:10134000C9B20BB90020E6E76A4698470028F9D1F0
:10135000009B36EA030314BF01200020DBE700BF37
:101360007C2500204FF0FF3370B54FF0FF3205466B
:10137000184820F040F9184B196879B10A684FF005
:10138000FF334FF47A7659B95A1C1BD1134829F010
:10139000C7F8BDE870400F4820F036B90A46EEE7BE
:1013A000CC69098C641B06FB0141002909DD8B42D5
:1013B00028BF0B461AB1106811460246E3E71046F3
:1013C000FAE700230A220548A3FB022318F0E2FCF7
:1013D000DFE700BF1C22002064AB002080880020D3
:1013E0002DE9F341044615460E46984620F005F9CE
:1013F000A26882B9002732E051400E062BD403F1D7
:101400000802D2B20133DBB249009342C9B222D002
:10141000080620D4F6E7936915491940154B9942FF
:10142000E8D11388012BE5D1171D3846FFF75CFF83
:101430004045DFD15368D269013E13400193002338
:1014400001A816F8011F10F8012B9142D4D10833DE
:10145000DBB2202BF5D12A789A42CBD82B7004F13D
:10146000600020F0D1F8384602B0BDE8F08100BF3E
:1014700000FF0200000102002DE9F04720F094F87F
:10148000244E80464FF0FF324FF0FF33224820F0C9
:10149000B2F834682CB100254FF47A7AA94627684F
:1014A0003CB94046FFF75EFFBDE8F0471A4820F020
:1014B000ABB8E369218CA3EB08030AFB0133002BD3
:1014C000224619DCA388012B06D11023A1691348F9
:1014D00004F1080201F016F823689DB972683360C0
:1014E000944200D173602A4694F82230C4F80090E8
:1014F00069F3000384F8223057B13B683C46154637
:101500001F46CDE72B6073689C4208BF7560EAE711
:101510003B46F3E764AB00201C220020060004E0F9
:10152000002809DD9022431E044802FB0300044BFF
:10153000984228BF0020704700207047D024002028
:1015400060250020024608B50649074B8B4202D3AE
:101550000023184608BD18461FF0FEFF8242F8D04F
:101560009033F3E760250020D0240020054B064A85
:10157000934205D0054A1068002808BF18467047F6
:1015800000207047D0240020602500206CAB002094
:10159000F8B504460D4D4FF0FF330D4816464FF099
:1015A000FF320F4620F027F8214628461FF0B4FFEF
:1015B0002B6823606B682C6003B96C60C4E901760A
:1015C0000348BDE8F84020F01FB800BF0CAB002076
:1015D0001C22002038B504460D4620F00EF80621E6
:1015E00020461FF0D7FF10B3A36843B105B12B60AD
:1015F000002504F1600020F007F8284638BD4FF0C0
:10160000FF324FF0FF330B481FF0F5FF0A4B5A6CC7
:101610003AB9A3605C6405B12B6006481FF0F4FF83
:10162000E6E704481FF0F0FF6FF00205E1E76FF016
:101630008505DEE71C2200201CAB002070B50D469E
:1016400068B1BDE8704020F02DB82946204620F052
:1016500029F818B99034B442F7D3002070BD014C7A
:10166000014EF8E7D02400206025002000232DE95A
:10167000F34105460E468DF8073000294ED0084646
:10168000FFF732FE034628BBFDB128460DF10702E5
:10169000FFF7A6FE04460CE03846002331460DF164
:1016A0000702FFF79DFE002818BF04469037474504
:1016B000F2D3A4BB0121284620F0A9F8044670BB50
:1016C00002B0BDE8F04100F0EFBD2C46164FDFF848
:1016D0005C80ECE7EDB10121284620F095F8D9E7D0
:1016E0002046012331460DF10702FFF779FE00285D
:1016F00018BF074690344445F2D3FFF737FF314611
:1017000001230DF10702FFF76BFE044638B93C4692
:10171000CFE72F46044CDFF81480ECE70C46204658
:1017200002B0BDE8F08100BFD02400206025002079
:10173000F8B506460D46114C114FBC4201D30024AA
:1017400019E020461FF059FFA36804F160001BB99F
:101750001FF05AFF9034F0E79A7E9207F8D51A8866
:10176000012AF5D1326859689142F1D105B12C6056
:101770001C461FF049FF2046F8BD00BFD0240020C2
:10178000602500202DE9F7430646884691461D4610
:101790001FF033FF304601A9FFF71CFF002806F1B8
:1017A000600728DBB468A37E99071AD5D8F8001023
:1017B0006268914215D1DA060CD404F11403D3E81F
:1017C000EF1F0131C3E8E21F002AF8D1A37E43F0E6
:1017D0001003A37638461FF017FF204603B0BDE87C
:1017E000F083B9F1020F019C02D1237E042B04D0B7
:1017F000A37E9B0701D50024ECE7002CEAD0012250
:10180000A37E228023F0120343F01203A376D8F8BC
:101810000030A17E6360B5FA85F35B0963F30001D4
:101820006FF07F43E36104236261A1766276314603
:10183000034884F81890E21800F064FECAE700BF7D
:10184000010004E0F8B505460E461FF0D6FE002163
:101850002846FFF7BFFE002823DB336803F0F003C0
:10186000E02B1ED1AC68C4B905F160001FF0CCFEBE
:101870002046F8BD43F0010384F8383001232246A6
:1018800023843368294642F8243F0748042304F19F
:10189000200700F037FE3C46E6E794F83830DA07D8
:1018A000E8D50024E0E700BF030004E0F8B50646F1
:1018B0000D46154C154FBC4207D245B12B6833B1CC
:1018C000A34204D09034BC42F8D3002419E020464F
:1018D0001FF093FEA36804F160001BB91FF094FE93
:1018E0009034E8E793F83820D207F7D51EB1596A4B
:1018F00032689142F2D105B12C6003F120041FF04F
:1019000083FE2046F8BD00BFD024002060250020C3
:1019100073B50368002104469D7E1FF03BFE00283E
:1019200040D102262368002B00F09A809E7623681F
:101930009B7EB34240F09480062E61D1062D00F0CC
:101940008F80082120461FF037FE002321461A46CB
:10195000444800F0D7FD20461FF00FFE10F00805A8
:101960007ED120461FF049FE314620461FF012FE70
:1019700000283AD0204601A9FFF72CFE002834DBCE
:1019800028462946019B03F13402054601B304F1C0
:1019900060001FF039FE65B32B6853B3143B43B3AB
:1019A0005B69FAE720461FF0D7FD28F06FF968B1B0
:1019B000092120461FF0EEFD0028B2D00A21204662
:1019C0001FF0E8FDC0F10606F6B2ABE70326A9E773
:1019D00093F83810CE07DAD58907D8D40121586397
:1019E00008B91046D1E71546D1E704F160001FF0B1
:1019F0000BFE0621204602B0BDE870401FF0CABDB4
:101A0000062D2DD1082120461FF0E5FD002321469B
:101A10001A46154800F076FD20461FF0AEFD02077D
:101A20001ED420461FF0E9FD294620461FF0B2FDD6
:101A300030B904F1600002B0BDE870401FF0E4BDB1
:101A4000204601A9FFF7C6FD0028F2DB019991F8B5
:101A50003830DB07EDD5204620311FF076FFE8E770
:101A600002B070BD020001D0010001D02DE9F843A1
:101A700005468846174699461FF0C8FD0446B0B192
:101A800000F11402D2E8AF6F8EB1701ED2E8EF3FC2
:101A9000B34203D1C2E8E10F0029F7D1F2D1012E00
:101AA00009DDB9F1000F04D0C9F8004001E06FF082
:101AB0001500BDE8F883A37EB8F1010F6FF3410371
:101AC000A37601D00020F4E7002FFBD028461FF0BA
:101AD00094FDAB682BB1042329460448E21800F0BA
:101AE00011FD05F160001FF08FFDEBE7020004E03F
:101AF000F8B54FF0FF33054617460E484FF0FF325A
:101B00000E461FF078FD0C4B1B680BB11C6823B907
:101B10000848BDE8F8401FF077BD3A4631462846F0
:101B20005B6898471CB1226823461446EFE72246BB
:101B3000FAE700BF1C22002014AB00200023F7B5F9
:101B400004460D46CDE90033002943D0244B1B68E1
:101B500053B195F82D202E31062A3BD80DF1020005
:101B60008DF8012029F0BCF9092120466F691FF08A
:101B700011FD88B30D2120461FF00CFD38B94FF040
:101B8000FF324FF0FF3304F174001FF034FD2046A4
:101B90001FF0DDFC29464368204698470D21064684
:101BA00020461FF0F7FC18B904F174001FF02CFD5B
:101BB000002E02DA284621F08EF81FB13146384651
:101BC0001FF0CFFC9DF8013023B132466946204614
:101BD000FFF78EFF03B0F0BD6FF07206EAE700BFBB
:101BE00014AB0020074B984208D3074A904205D215
:101BF000C01A064B00115843013070474FF0FF30B8
:101C0000704700BFD024002060250020398EE338C3
:101C1000F8B505460E46054C054FBC4200D3F8BD4D
:101C200020463146A8479034F7E700BFD024002073
:101C30006025002038B505461FF0DFFC002128464E
:101C40001FF0A8FC40BB28461FF081FC044680B171
:101C5000846874B128461FF07FFC28F017F8F0B1B3
:101C600028461FF074FC0121836828469847041E0B
:101C70000CDB002128461FF09FFC002309481A4670
:101C8000294600F03FFC2846FFF742FE05F16000C0
:101C90001FF0BAFC204638BD6FF07704F6E76FF00E
:101CA0000504F3E7040001D038B505461FF0A5FC94
:101CB000002128461FF06EFCE8B128461FF047FCC3
:101CC000044628B184681CB12846A047041E0CDBDA
:101CD000002128461FF07FFC002308481A462946A9
:101CE00000F010FC2846FFF713FE05F160001FF01E
:101CF0008BFC204638BD6FF07704F6E7030001D077
:101D000008B503461FF023FC084A824208D14BB1B4
:101D10001B683BB19B68987E431E5842584108BDE2
:101D20000020FCE700239B7EFFDE00BF7C25002017
:101D30002DE9F0410D460646F8B1F1B10846EFF73E
:101D40009FF908281CD8114FDFF84480441C4745F0
:101D500008D32246294606F1500029F0C1F8002098
:101D6000BDE8F081B74206D02246294607F150006F
:101D700029F054F938B19037E9E76FF01500EFE733
:101D80006FF05A00ECE76FF07700E9E7D02400200D
:101D90006025002070B50546B8B10D4C0D4EB4421B
:101DA00002D36FF0010070BD2846EFF769F92946AC
:101DB000024604F1500029F075F920B92046BDE82B
:101DC0007040FFF70FBF9034E9E76FF01500EAE7C6
:101DD000D0240020602500202DE9F0434FF0FF3291
:101DE0004FF0FF33374885B01FF005FC002521F088
:101DF00011FA354C354FDFF80081354EBC4213D314
:101E000065B14FF4A072334B33493448A3F84020F6
:101E100028F078FB0022324BC3E90022294805B0A4
:101E2000BDE8F0431FF0F0BB00222046C4E91422B5
:101E300084F858201FF090FBD0F80890B9F1000FFB
:101E400018D0D9F80030ABB1062120461FF0B4FB02
:101E500004F1600028F023F904F1740028F01FF960
:101E6000D9F800302046984794F8883023F00303CF
:101E700084F8883094F8503083B92046FFF740FF4B
:101E800078B1184A1368591C1160174A092101A832
:101E900019F0A6FA204601A9FFF74AFF0135903450
:101EA000ACE720461FF053FB804505D10F4A13686D
:101EB000591C11600E4AE9E733685A1C32600D4A1A
:101EC000E4E700BF1C220020D02400206025002071
:101ED00000AB00201CAB0020791402008088002099
:101EE00064AB002008AB0020847E050004AB00201A
:101EF0008B7E0500917E05007C25002038B5074CBF
:101F0000074DAC4200D338BD032120461FF042FBF1
:101F100010B92046FFF78EFE9034F2E7D02400205F
:101F2000602500202DE9F04F00248BB00228824666
:101F30000D46CDE9084405925CD10B68069143B982
:101F40004A68002A4DD14FF6FF734C89E11A4C4282
:101F50004C4108A80246002305F1100705EB430198
:101F60000E88002E3FD00133082B02F10102F5D17B
:101F70004FF0FF384FF0010B002710F8013B5B4595
:101F800088BFB84607F1010788BF9B46082FF4D1E8
:101F90003A23BBF1010F02934FF0000308BF4FF04B
:101FA000FF380493002105980026042F63D1049B79
:101FB0009A5D7ABB0346302203F8022B029A4270E4
:101FC00018460136B742F0DC059B984214D0BAF1AE
:101FD000010F4FF0000340F08A8000F8013C0598A3
:101FE0000BE01C46B5E7167802310136B94216708F
:101FF000B6D1B8E7012803D000200BB0BDE8F08FC0
:102000002E2304274FF0FF38834625460491029380
:102010000694C7E7039200224FF00909DFF8D4C005
:1020200001900792DDF80CE0BEFBFCF20CFB12E322
:10203000079A0393914501DBE64509D3BEFBFCFEFD
:10204000019B0EF1300E03F801EBCDF81C900193CB
:102050000A2209F1FF39B9F1FF3FBCFBF2FCE1D1E3
:102060004FF00002019B1A701B1A50FA83F0029B7A
:1020700000F8013BA5E76CB1052E0BDD05F10C0363
:1020800004933A2300F8013B2E2304274FF0010A62
:10209000029389E7B0450ED111B9B8F1000F02D112
:1020A0003A2300F8013B3A2300F8013B0BF1FF33E0
:1020B00000211E4485E711B13A2300F8013B069B3D
:1020C00033F816305BBA13F47F4FC3F307215FFA7E
:1020D00083F90AD0002361221FF09CFD01234946A9
:1020E00061221FF097FD01216BE70B46F7E70370B4
:1020F00075E700BF00CA9A3B01282DE9F8430C465A
:10210000164637D100234C1E136019461A461D4649
:1021100014F8010F18B12E281BD101339BB20129ED
:1021200009D9092A03D9032907D1632A05D86FF0F1
:102130001500BDE8F8830029F9D0FF2AF7D87255B9
:1021400022781AB10135EDB2042D10D1032B7BD0CA
:10215000EDE73038C7B2092FE9D80131C9B20429F7
:10216000E5D002EB820200EB420082B2D0E700220F
:102170001146CDE70228DAD12E21204628F085FF2E
:10218000237800280CBF082706273A2B08BF013404
:102190002046EEF775FF00224249824223DB0025EC
:1021A000A8462378002BC2D03A2B41D01022002120
:1021B000204619F023FB102281460021204619F009
:1021C0001DFBC9F3072949EA002926F815903A2191
:1021D000204628F05AFFD8B1441C0135AF42E0DC5C
:1021E000062F31D133E0A35CA3F13005092D09D9C5
:1021F000462B09D82D2B9AD92E3BDBB221FA03F3BB
:10220000DB0794D50132C8E7613B052BFAD98EE78D
:102210007B1EAB428BDC0135AF4288DC062F13D12D
:1022200085E706EB450306F8158083F80180013544
:10223000BD42F6DB3A21204628F062FFA0421ED1C3
:10224000062F03D06378F3B9002072E7013400252C
:102250000B362378002B3FF46AAF00210A22204678
:1022600019F0CCFA2E2106F8010F204628F00DFFB8
:10227000B0B10135042D00F10104EAD1E4E7062FE5
:1022800008BF00F1FF307D1E013010F8013D3A2BF0
:1022900002D1013DFFF44BAFA042F6D101349CE7DF
:1022A000032D54E70110F80100487047F0210500A4
:1022B00000487047EC2105002DE9F0474A4F4B4D8F
:1022C00096B003AE002200233146384617F074F969
:1022D00010B116B0BDE8F0874FF0FF324FF0FF337A
:1022E000434817F0CDF9DFF80C81DFF80C91C845B1
:1022F0000DD32C682CB14FF0000AD046D4F80090D2
:102300002CBB3B481FF040FE18F06CF9D9E714983D
:10231000D8F8003080EA030280EA0301C2F30172B8
:10232000C1F30A410A430FD182B222B19AB212B16B
:1023300003409BB243B1D8F8083032460093159958
:10234000139BD8F80440A04708F10C08CFE7149B72
:10235000226983EA020183EA0200C1F30171C0F33A
:102360000A40014325D199B221B191B211B1134074
:102370009BB2F3B1139B23B3A660139B1201E360DE
:10238000636828D5996911B1159A914211D1149AAF
:102390002261159A9A612268BAF1000F13D16B6815
:1023A0002A609C4200D16A606068C4F8008017F01F
:1023B00061FAB9F1000F14D0D9F800304C469946B3
:1023C0009EE7A360DAE7CAF800206B689C4208BF6A
:1023D000C5F804A0E8E72046DDE914129847A246B4
:1023E000E7E74B46EAE700BF0C230020BCAB002028
:1023F00080220020B4BF0400B4BF040000210C4BB5
:102400001A6802B9704782420FD1026839B9596817
:102410001A60884200D15A600023036070470A6046
:102420005A68904208BF5960F6E711461268E8E71B
:10243000BCAB002000231A46114910B51148124CBC
:102440000B60A0420BD303B10A60104B1B685BB159
:102450001A68002408684BB904B1086010BD50F830
:102460000C3B1A430123ECE71A46F2E71B691843B9
:1024700022B11468134622460124ECE71446F9E71A
:10248000C4AB0020B4BF0400B4BF0400BCAB002048
:1024900010B504464FF0FF324FF0FF330B4817F0F2
:1024A000EFF82046FFF7AAFF094B1A6822605A6826
:1024B0001C6002B95C60074A2369116803480B433A
:1024C0001360BDE810401FF05FBD00BF80220020F8
:1024D000BCAB0020C4AB002038B50446084D4FF01B
:1024E000FF334FF0FF32284617F0CAF82046FFF7B7
:1024F00085FFFFF79FFF2846BDE838401FF044BD29
:10250000802200202DE9F0411E46224B17461B6811
:10251000040F020C24EA137422EA134204F00304A9
:10252000C2F30A0220EA030314439BB21C4305468C
:1025300088462DD14FF0FF324FF0FF33164817F089
:102540009FF8164B4C221846214628F0F0FC034613
:1025500047B13EB1402E16D83246394628F0C0FC6D
:1025600003460664C3E911580C49642200230C4851
:1025700016F0C2FF08481FF007FDBDE8F041094909
:10258000094827F0A8BF0448BDE8F0411FF0FCBC93
:10259000BDE8F081C4AB00209422002070AB002085
:1025A0000C23002028130020B08800201FB5FFF75F
:1025B00041FF0023094C0393094B2046029327F067
:1025C0009AFF02AB00934FF400524FF0FF332046C6
:1025D000044917F043FB04B010BD00BFB0880020D1
:1025E000977E0500F85E04202DE9F347294C0E463E
:1025F000174698460025A246B4F88E30DB0721D551
:10260000236B98421ED194235D4305F10C0454447E
:102610004FF0FF334FF0FF3220461FF02BFDB06923
:10262000FFF7E0FA0AEB050989F89000C6F8149064
:10263000D9F83430CBB920461FF01EFD022002B07D
:10264000BDE8F0870135062D04F19404D4D14FF094
:10265000FF324FF0FF330C201FF00CFDB069FFF785
:10266000C1FA002383F89030FFDE05F144005044A6
:1026700017F000F9204600241FF0FEFC0A9B00948E
:102680000193484643463A463146D9F83450A84764
:102690002046D4E7E0AB00202DE9F84F05460E4672
:1026A0001746354C98469DF82CA00A9B9DF830B0F3
:1026B00004F55E79B4F88E20D10705D494344C45E6
:1026C000F8D10020BDE8F88F0DB1A542F6D0B4F8DE
:1026D0008C10B942F2D1618C4145EFD1120528D45A
:1026E0001A88012AEAD1626A002AE7D0218C0129DE
:1026F000E4D112680AB1596831BBBBF1000F03D0B5
:1027000094F88A100029D9D1BAF1000F0ED0B4F88C
:102710008E10C1F38110012803D1C1F341010329B7
:1027200004D0002ACAD15A68002AC7D16FF010001D
:10273000C8E7002ED4D094F990000A931FF09EFCB5
:1027400086420A9BBAD1CBE78A42B7D1BBF1000FD0
:1027500003D094F88A20002AB0D1BAF1000FE5D056
:10276000B4F88E20C2F38112012ADFD1226C92F8D4
:1027700038220A2ADAD1A1E7E0AB002002282DE9AD
:10278000F84F8A461446984605D860B96FF0690438
:102790002046BDE8F88F033801288CBF6FF069042C
:1027A0006FF05F04F4E7022800F09680022906D05B
:1027B000032907D0012923D06FF06A04E8E7112A22
:1027C00040F08D80B8F1000F00F08C804FF0FF33A7
:1027D0004FF0FF32454817F087F8454B00251E465D
:1027E000B3F88E1011F001010CD00135062D03F164
:1027F0009403F5D16FF001043C4817F03BF8C7E7AC
:10280000062ADDE7942202FB05F706EB0709484696
:1028100028F08DFBFEF7AAFE062C51D09420FF2352
:1028200000214FF0010C00FB056282F89030314B23
:10283000A2F88E103B44D3E8EFEFC3E8EBCFBBF137
:10284000000FF8D1B2F88E300AF1FF32022A3DD9DA
:1028500000FB0565A5F88C400024194341F00801F0
:1028600007F12803A5F88E10F218F45007F12003A1
:1028700006EB030A54605146F4504846CAF8044037
:102880001FF0FEFBAAF8020018B34023012185F8CF
:10289000913085F8921007F144004FF0FF32304438
:1028A00027F00FFD07F10C00304427F0F8FBB5F8D6
:1028B0008E3043F00103A5F88E30C8F800909BE7F6
:1028C000484601F0D5F80028A8DA93E74FEA8A11C4
:1028D000BEE76FF06F048FE76FF05F0458E76FF0AB
:1028E0007A0455E76FF0150452E700BFC8AB00202B
:1028F000E0AB0020E8AB002070B50446F0B1114B0E
:1029000098421BD303F55E73984217D2002500F15D
:102910000C064FF0FF324FF0FF3330461FF0AAFB9A
:102920002046C4E90D55E56301F050FB20461FF039
:10293000DAFB30461FF0A0FB284670BD6FF0150093
:10294000FBE700BFE0AB00202DE9F04F9846B0F860
:102950008E3089B0DE0704468B469146DDF848A0EC
:1029600040F18C8000F10C074FF0FF334FF0FF3245
:1029700038461FF07FFBB4F88C30112B73D1002345
:10298000B4F88E00266BCDF81A30ADF81E30C0F3C7
:10299000C203ADF818309EB3628D10F4807352BA42
:1029A00092B2C4F834B0304600923649524618BF4D
:1029B00004F1280300F01CFD0546002D19DB59EA3F
:1029C000080316D04434204616F0B4FF38461FF0F2
:1029D00053FB4A464346204616F086FF4FF0FF322F
:1029E0000B304FF0FF33384608BF6FF073051FF010
:1029F00041FB38461FF040FB284609B0BDE8F08F88
:102A000020461FF01AFC05460028D6D1B4F88E30B7
:102A1000C3F3C203012B23D1636A13B11B6807936D
:102A200006AB628CB4F88E50B4F88C00C5F3C201CA
:102A3000ED0504F13005C4F834B0CDE904A5114D1D
:102A400052BACDE9024592B20192628D48BF04F1BB
:102A5000280652BA92B20092324600F07BFBABE7F6
:102A600033463246DEE7062B05D15246594620460C
:102A700021F03BFAA0E76FF06A05BAE76FF00805AE
:102A8000BAE700BFE92502002DE9F0418846154666
:102A90001E460446002800F08180424B98427DD3B8
:102AA00003F55E73984279D200F10C074FF0FF32C4
:102AB0004FF0FF3338461FF0DDFA08F1FF311429DB
:102AC00013D8DFE801F05F5F5F5F5F5F5F0B212C72
:102AD0005F5F1D5F5F195F5F3F365F00002D57D05E
:102AE000012E55D82B7884F88830002438461FF002
:102AF000C3FA2046BDE8F0812B6884F89130F4E7F2
:102B00002B6884F89230F0E7002D41D0042E3FD19D
:102B10002B68003B18BF012384F88930E5E7BDB37B
:102B2000042E35D12B68003B18BF012384F88A306E
:102B3000DBE7B4F88E30C3F3C203012BD5D16FF0BD
:102B40005E04D3E7B4F88E302D68C3F3C202012AC5
:102B50001BD1042E1CD1C3F38113022B18D115B93C
:102B600084F88B50C1E76B1EFE2B11D82846FEF768
:102B7000D7FC80B106211FF073FA0028F0D16FF066
:102B80006A04B3E76FF08504B0E76FF06904ADE75E
:102B90006FF01504AAE76FF00104A7E76FF01504C2
:102BA000A7E700BFE0AB00202DE9F0410C46164638
:102BB0001D468046002800F091804A4B9842C0F0A4
:102BC0008D8003F55E73984280F0888000F10C07D9
:102BD0004FF0FF324FF0FF3338461FF04BFA611EC3
:102BE000142914D8DFE801F06E6E6E6E6E6E6E0BF7
:102BF000242E6E6E216E6E1A6E6E4E316E0098F837
:102C00008830002E61D033700DB101232B60002479
:102C100038461FF031FA2046BDE8F08198F891302F
:102C20003360002DF3D00423F0E798F89230F7E7F3
:102C300098F88930002E48D015B12A68042A44D16A
:102C40003360E4E798F88A30F4E7B8F88E3013F48C
:102C5000006409D098F990001FF010FA10B10068D4
:102C600000B1008B3060DCE7C3F3C203012B2FD12E
:102C700008F12C001EF0EAFD10B1036803B11C8BB3
:102C80002046EFE7B8F88E30C3F3C202012A1FD105
:102C900098F88B000028E5D11B0510D598F9900015
:102CA0001FF0ECF9062103461FF0DAF998B1184637
:102CB000FEF798FF0028D5DC6FF00104A8E7FEF7C7
:102CC00055FCEFE76FF08504A2E76FF015049FE76E
:102CD0006FF069049CE76FF06A0499E76FF01504E0
:102CE00099E700BFE0AB00204FF0FF32012101481F
:102CF00027F0E7BAC8AB0020014601481FF0BBBF70
:102D00003C240020014601481FF0B5BF6C24002080
:102D100010B404460846646805498C4203D15DF846
:102D2000044BFFF7E9BF5DF8044BFFF7EBBF00BFB3
:102D30001821002073B5054616461C4627F014FCE2
:102D400008B10026344601A932462346284616F02B
:102D50008BFB014690B9019C4022204628F0E7F801
:102D60000123074A204695422362656008BF84F824
:102D70003C3020F040F8204602B070BD0024FAE755
:102D80005821002002460B460148FFF7D3BF00BF81
:102D90005821002002460B460148FFF7CBBF00BF79
:102DA00018210020F7B506461C460F46E9B1154626
:102DB00027F0DAFB08B100252C46CDE900540E4B74
:102DC0000E4C75680E480022A54208BF18463946C9
:102DD0001FF063FE044658B10146304620F011F85A
:102DE00020461CF0D8FB80234382002003B0F0BDB6
:102DF0006FF00B00FAE700BF6C2400205821002080
:102E00003C2400202DE9F34DDDE90AAB04461646CB
:102E100098460F4629B923B990F8373013F0700F50
:102E20004AD027F0A1FB18B14FF0000A4FF0000B79
:102E300020461FF07AFF94F83750024680B915F00B
:102E4000700FC5F302100DD041461FF014FEA369A8
:102E50003918C5F302153BB9012D0AD00B460DE018
:102E60000020F4E71046F2E7186848B3012D038B01
:102E70002AD1B3F5107F38BF4FF410739B1A9942D3
:102E800028BF19466568154B154F16483246BD4296
:102E900008BF1846CDE900AB1FF0FFFD0146C8B1E1
:102EA00020461FF0AEFF3EB1A06831460C301CF04A
:102EB000CBFB20461FF09FFF002002B0BDE8F08D45
:102EC000012DCBD10346D4E7456807488542C5D1DB
:102ED0000E33D3E76FF00B00EFE700BF6C24002048
:102EE000582100203C2400207C2500202DE9F743B8
:102EF000DDE90A89044616460D4639B932B990F81B
:102F0000373013F0700FC3F3021026D027F02CFBDC
:102F100018B14FF000084FF00009A06950B93346CE
:102F2000002229462046CDE90A8903B0BDE8F043D6
:102F3000FFF768BF62680B4B9A42F0D103687BB120
:102F40005B681F69002FEAD033462A462146CDE947
:102F50000089B84710F1860FE1D003B0BDE8F083D7
:102F60001B69FFDE5821002030B585B00093DDE9F4
:102F700008451346CDE902450A46014602481FF0BE
:102F800051FF05B030BD00BF5821002030B585B0DD
:102F90000093DDE908451346CDE902450A4601469E
:102FA00002481FF03FFF05B030BD00BF18210020D0
:102FB0004FF4907208B5034B02FB003027F041F943
:102FC000002008BDC8890020082828BF0020014B28
:102FD000185C7047A97E050030B58BB0164C2046B2
:102FE00027F0EDF84FF0FF324FF0FF330025CDE929
:102FF00006234FF0FF330094CDE9033504F12000A0
:103000004FF40052CDE901550C4B0D4917F018F85B
:10301000044678B12B4608210A4A08A818F0E0F9BE
:10302000204608A916F050FF20460BB0BDE83040FE
:1030300017F05CBB0BB030BDC8890020F53104002F
:10304000F87E0420A07E05002DE9F341074688465E
:1030500016466FF001054FF0FF334FF0FF32134873
:1030600016F00EFB124B1C6834B9104816F080FBAA
:10307000284602B0BDE8F081227C33789A4213D111
:10308000637C72789A4200D073B9A36813B1BA69AD
:10309000934209D1E3684246009365683346394656
:1030A0002046A847051EE0DB2468DDE7302200202B
:1030B00058AF0020F8B50F4616461D460446D0B15D
:1030C000CBB11422002127F032FF656027746674AB
:1030D0004FF0FF324FF0FF33084816F0D1FA084B9B
:1030E0001A6822605A681C6002B95C60034816F0D6
:1030F0003FFB0020F8BD6FF01500FBE730220020F9
:1031000058AF002002460B46014816F0B9BA00BF7E
:10311000E0210020014816F02BBB00BFE021002079
:1031200010B504462822002127F001FF4FF0FF30A0
:103130004FF0FF31FFF7E6FF054B1A6822605A682F
:103140001C6002B95C60BDE81040FFF7E3BF00BF40
:1031500068AF00202DE9F04F87B01F46129DBDF8E3
:10316000403080461446BDF844B00291039365B3E5
:1031700095F99000FEF7D4F9064628461EF0A4FF04
:1031800001904FF0FF304FF0FF31FFF7BBFF784A5F
:103190001268002A00F08680D2F800909BFA9BFA11
:1031A0001FFA8AF304939AB9FFF7B4FF4FF0FF3088
:1031B0004FF0FF31FFF7A6FF6E4A1668002E75D15B
:1031C000FFF7A8FF6FF001044CE02E460195D8E709
:1031D000108C40451AD192F82200029B984215D1DA
:1031E00092F8230000F00403C7B17BB1B7F800C028
:1031F000BCF1010F0AD1B2F80CC0BCF1010F05D12E
:10320000D7F804E0D2F810C0E64509D0B9F1000FB4
:103210004AD0D9F800004A468146C4E7002BF5D1D0
:10322000B2F80EC0049B9C45F0D100F00200ECB156
:103230000028EBD020880128E8D190880128E5D12A
:10324000D4F804C090688445E0D1039BB2F806C06E
:1032500058BA80B28445D9D19269B2B9FFF75AFF02
:103260006FF06F04204607B0BDE8F08F0028CDD185
:10327000019B002BE9D090690028E6D005921EF052
:1032800023FF059A0028E0D0C0E7002EE6D0B2F870
:103290008E000305E2D592F99000FEF741F98642CF
:1032A000B4D1DBE7914679E74846B4E75168306826
:1032B0008E4208BF5060106000223260FFF72AFF84
:1032C000C7B13A88012A0FD13A68F2607A68326150
:1032D0007A68003A18BF0122920142F0040254B108
:1032E00021883B88994206D03046FFF719FF6FF0DE
:1032F0001504B7E73A46BBF1000F03D042F01002C5
:10330000A6F80EA0139B21467361149B86F8232018
:10331000F361029B3046039AA6F8208086F822309B
:10332000B5611FF083FF04460028DDD1159B03B172
:103330001E6096F823304FF0FF3043F0010386F80B
:1033400023304FF0FF31FFF7DDFE094B1A68326082
:103350005A681E6002B95E60FFF7DCFE28461EF068
:10336000B6FE96F8243060F3000386F8243079E73F
:1033700060AF002068AF00201B4B10B59842044698
:103380002BD3A033984228D890F82330DB0727D5D9
:103390004FF0FF314FF0FF30FFF7B4FE0021134B29
:1033A0001A6852B1944215D1226869B959681A60F5
:1033B0008C4200D15A6000232360FFF7ABFE204609
:1033C000FFF7AEFE002010BD0A605A68944208BFA5
:1033D0005960F0E711461268E3E76FF01500F2E775
:1033E0006FF00100EFE700BF70AF002060AF00207A
:1033F000F0B40D4D0F46A84216461946BDF81020F0
:103400000BD3A035A84208D890F82330DB0708D5A5
:103410004761C661F0BC1FF009BF6FF01500F0BC3A
:1034200070476FF00100FAE770AF00202DE9F04F10
:1034300089B0049390F837300546C3F3021306931E
:10344000013B012B0E469046D0F8189003D902207C
:1034500009B0BDE8F08F112A42D1049B1B681A887D
:103460000392B3F802B0069B012B57D137680021B5
:1034700007F10C042046FEF75BF9824600283BD09A
:10348000039B5B45E3D031680B6903F0F003E02B4D
:1034900047D048461031FEF7D1F802904FF00009AE
:1034A00000274FF0FF304FF0FF31FFF72BFE6E4B40
:1034B000BA461C684FF0FF330793002C36D1BAF19F
:1034C000000F40F0A380FFF725FEB9F1000F00F0D8
:1034D000BA80002FBBD028461FF0FDFB0020B7E7C5
:1034E000062A04D1049B1B68002BB8D1AFE74FF02C
:1034F000000BCDF80CB0B6E7FEF7DAFEFA68036809
:103500009A42BDD021465046FEF798F83368DA68F3
:103510001B699A42B4D00028B5D0B1E700230293CA
:10352000BCE700234FF001090293B9E7A369002B20
:103530003FD194F82230002B4AD1238C434545D10A
:10354000E38813B1039A934240D1E3890BB15B4501
:103550003CD194F8233099070ED595F83720A188EF
:10356000C2F30212914231D1012905D1A2681AB1E8
:103570003168C9688A4229D15A070ED595F8372093
:10358000A189C2F30212914220D1012905D12269F9
:103590001AB1316809698A4218D1079A03F0780391
:1035A0009A4213DAB9F1000F16D11BB2A246079363
:1035B0000CE0B3F88E201005BBD5AA6993F99000F2
:1035C0000592FDF7ADFF059A8242B2D0246874E7F8
:1035D000069A9A42B1D0F9E74FF47A72002328464E
:1035E0001FF09EFD059010B9FFF794FD2FE7E369EA
:1035F000324600932046049B05996769B847022824
:1036000002D105981FF067FB4F46DFE7DAF8144058
:10361000DAF81CB0FFF77EFDB9F1000F11D0002FD2
:103620007FF459AF002C3FF412AF049B3246294679
:103630005046CDF800B0A047831E58425841400084
:1036400006E7002CF1D1029B002B7FF400AFB8F10C
:10365000060F03D1284620F0C1FBF8E603222846D6
:1036600011461FF0DCFEF2E660AF002000230B4A9B
:1036700010B5C2E900330A4A184611461446013310
:10368000042B086002F1280202D008461146F6E732
:10369000044B054AC3E9002410BD00BF60AF002001
:1036A00070AF002068AF0020E8AF002000220821A2
:1036B000014B0248FFF7FEBCD532040010B00020D9
:1036C00038B504461FF0EEFA0B4B1D685DB120467D
:1036D000A847002802DA20461FF0FDFA2046BDE880
:1036E00038401FF0F8BA26F03FFF421E65F1000394
:1036F00020461DF02DFEECE728B0002010B500F5A7
:10370000E4742046074926F0FDFE0A22064B2146B6
:10371000BDE810401B68054823EAE37383FB0223DE
:1037200016F00ABB573D040034B00020E88A0020A0
:103730002DE9F04190F859320446DB071ED500F11F
:10374000980704F12806384626F0EAFE4FF0FF32CB
:103750004FF0FF33304620F03DF904F1180020F01F
:10376000BAF8054630465DB920F078FAA26972B918
:1037700094F8593262F3000384F85932BDE8F081BD
:1037800020F06CFAA5F11C001FF0A5FAEEE7092362
:10379000C4F82C320A23B4F84E223946BDE8F04171
:1037A000A2FB0323014816F0C7BA00BFE88A002035
:1037B00010B50446FFF7BCFF04F5E47026F0B0FE38
:1037C00043F69822002304F59471024816F0B4FAE7
:1037D0000A2010BDE88A002070B5044600F12806D2
:1037E0004FF0FF324FF0FF33304620F0F3F8A56979
:1037F000002D4BD0304620F031FA94F859321C3D60
:10380000D80716D4284620F019F9437B102B31D065
:1038100003F0EF02082A2DD05A072BD428464FF484
:103820007A7200231FF07CFC054600284AD1002054
:1038300070BDD4F82C32002B5AD04FF47A7200238A
:1038400028461FF06DFC30B1FFF73AFFD4F82C3258
:10385000013BC4F82C3294F85932D907E7D50A2233
:10386000B4F84E32A3FB022304F19801214816F06C
:1038700063FADCE730464FF0FF324FF0FF3320F0C1
:10388000A9F804F1180020F026F818B9304620F005
:10389000E5F9CCE7A0F11C05304620F0DFF9284619
:1038A00020F073F806462846FFF70AFF94F85932CD
:1038B000DB07D4D4002EBAD0A369002BB7D00022E6
:1038C0000023D1E720F061F806462846FFF7F8FE0E
:1038D00004F1A80027F00AF90843E7D10923C4F846
:1038E0002C3294F8593243F0010384F85932DDE761
:1038F00001209DE7E88A00202DE9F8430546A0F560
:10390000DC74A0F5A67700220023384615F080FF6E
:10391000064600287ED1A5F5C8774FF0FF3338461C
:103920004FF0FF3220F056F86368186B18B1FFF7BC
:1039300023FD63681E63206950B194F85932DB0699
:1039400006D50023B4F8F81105F14402FEF78EF80D
:1039500000236268A5F590781364404684F83832F5
:1039600026F0DEFDA5F5D0794FF0FF324FF0FF33A2
:10397000384620F02FF848461FF0ADFF064638467F
:10398000002E4AD120F06AF9A5F1C00026F0C8FD4A
:10399000A0681FF0A0F9E0681FF09DF9A5F1900064
:1039A00026F0BEFD05F1100026F0BAFDA5F160007D
:1039B00026F0B6FDA5F1300026F0B2FD404626F017
:1039C000AFFDA5F1F00026F0ABFD384620F046F93A
:1039D00060681EF088FB4FF0FF324FF0FF3317484E
:1039E00066601FF0F7FF164B1A6852B1944221D15E
:1039F0002268CEB959681A608C4200D15A600023FF
:103A000023600E4820F02AF92146BDE8F8430D480E
:103A100026F031BA1FF05FF975E720F01FF9A6F123
:103A20001C001FF058F99FE732605A68944208BFA3
:103A30005E60E4E716461268D7E700BFA8220020C0
:103A40002CB000203821002000F50D73D3E8AF2FF3
:103A5000D3E8EF2F013AC3E8E12F0029F8D122B9CA
:103A600000F5DC71014826F036BD7047E88A002079
:103A7000002337B50546019300220023564801A9CB
:103A800015F0F2FC0446002840F08C8001464FF40B
:103A90001872019827F04BFA4FF47A700021FFF763
:103AA00079F9019BD860002800F085804FF47A7086
:103AB0000021FFF767F9019B986000287BD003F194
:103AC000280026F0ECFA01986C3026F078FB01987B
:103AD0003C304FF0FF32214626F0F3FB0198543082
:103AE0000122114626F0EDFB012201983B4980F8A6
:103AF00038224FF00622C0E991224FF4C062A0F8AC
:103B00004C2290F8592280F8574222F01A0280F88D
:103B100059224FF6FF72C0F83C42A0F85022C0E98B
:103B20000644983026F0EEFC01982D4900F594707B
:103B300026F0E8FC01982B4900F5E47026F0E2FC41
:103B400001982949F83026F0DDFC01982749C83052
:103B500026F0D8FC0198264900F5AC7026F0D2FC7E
:103B60000198244900F5C47026F0CCFC0198224944
:103B700000F5DC7026F084FC019800F50D7020F053
:103B800088F84FF0FF324FF0FF331C481FF022FF40
:103B9000019B1B4A1C60516851B9C2E900331748A8
:103BA00020F05CF8019B9BB96FF00B0003B030BDB7
:103BB0000B605360F3E7019BD86820B11FF08BF8CE
:103BC0000022019BDA600199034826F054F9EBE7E3
:103BD0005D6000202B64E9E7382100201F3D0400D0
:103BE000633D04006F3D040091400200613C04000D
:103BF000253F0200313F0400F9380200A8220020CE
:103C00002CB0002070B50446036C002088B0CDE9CC
:103C100006001BB96FF0150008B070BD93F83802AC
:103C20000128F7D11962B4F88E30C3F3C203012B17
:103C3000ADF81830EED1636A0BB11B680793638C43
:103C4000658D6260206B5EBAADF81A30FFF794FBA9
:103C5000B4F88E2004F13003B4F88C006DBACDE9CD
:103C60000443094BB6B2ADB212F48072CDE90243FF
:103C7000CDE900569DF8181018BF04F1280206ABD4
:103C8000FFF768FAC8E700BF49540200F0B589B0F1
:103C900003AB01931423029390F83730154A164F63
:103CA000C3F302130E4601A90446022B08BF1746B0
:103CB0001FF07DFA0546C8B10023037443743946EA
:103CC000A0691DF04BFF00B956B1062120461EF039
:103CD000A3F8288294F8383043F0080384F8383089
:103CE000204601A91FF081FA09B0F0BD6FF068000D
:103CF000FAE700BF000420000100200070B590F832
:103D000037300E46114A1249C3F302130446022B00
:103D100008BF114680691DF025FF40B93146204695
:103D20001FF045FA054648B90025284670BD062112
:103D300020461EF071F80028F0D0F5E73146204605
:103D40001FF053FA0028F0D0EEE700BF0004200077
:103D5000010020002DE9F04F9A4690F89230044679
:103D600013F0010F0F4643684FF000014FF47A70D3
:103D70008BB01546B3F88E20CDE900014FF0060355
:103D800014BF182114212069C2F3C202FFF7ECF816
:103D90000646002800F0BF8025B1A9681FF031F861
:103DA0000023AB6096F83730C3F30213012B40F0C9
:103DB00088803146606804F5057304F5FE721EF0D4
:103DC0007BFA051E06DA30461EF085FF28460BB04A
:103DD000BDE8F08F4FF0140B0DF10C094946304649
:103DE0000DF11408CDF80C80CDF810B01FF0DFF9FC
:103DF000054610B96FF06805E5E75A46002127F03F
:103E000096F8B4F8FA312B80B4F812326B800522A0
:103E10002B7B62F307132B7394F892306F7303F0CC
:103E2000010313442A7B63F307122A73B4F8483260
:103E30005BBAEB819AFA8AFAC5F804A017F010076A
:103E400003D0D4F840321BBAAB60494630461FF06D
:103E5000CCF9051EB7DB94F89230DB071AD50423A2
:103E600041463046CDF8149006931FF0A0F9054660
:103E70000028BFD0204620F03EF883B21BBA43F49E
:103E8000806343F002032B60414630461FF0ADF9DA
:103E9000051E98DB30461EF0AEFF96F83730C3F3B0
:103EA0000213012B0DD1062130461FF0FAFB051E2F
:103EB00089DB1A4B1A683AB130460BB0BDE8F04FB7
:103EC00010476FF015057EE7F261E26906F11C0309
:103ED00092B9C4E906331FB1B4F84832A4F84432A9
:103EE00030461FF052FD50B10022002304F198012A
:103EF0000B4815F0F1FE69E71360E361EBE720463C
:103F0000FFF76AFC00283FF461AF6FF073012046B1
:103F10001FF0C7FE5AE76FF0680557E728B000208A
:103F2000E88A0020F8B5A0F59877A0F5AC754FF0B9
:103F3000FF324FF0FF33064638461FF04BFDD5F8F1
:103F40003C3200221021013B2846FFF703FF2846A0
:103F50001FF007FDB5F84C4264BB95F85832B5F830
:103F60004E223E2B9CBF013385F8583295F85832CB
:103F7000134DA3F12000C3F1200102FA00F022FA50
:103F800001F19C409A40002304430C43501E44F12D
:103F9000FF31854273EB010138BF1C464FF00A0325
:103FA00038BF084A0848A2FB032103FB041331462B
:103FB00015F0C2FE3846BDE8F8401FF04FBE00BF06
:103FC000BFD40100C0D40100E88A002070B5046CA1
:103FD000002C55D004F128054FF0FF334FF0FF328D
:103FE00028461FF0F7FC94F83832033B012B3AD8EF
:103FF000D4F82862BEB10A2294F85932224843F01C
:10400000040384F85932B4F84E3204F1F801A3FBEA
:10401000022315F091FE28461FF020FE2046FFF7F0
:1040200013FD002070BD0A22184B04F5E4711B68D3
:10403000154823EAE37383FB022315F07DFED4F8D1
:104040003C22D4F830321121134420463246FFF787
:1040500081FE20B9D4F83C320133C4F83C32052348
:1040600084F83832D7E794F859329A07D3D56FF3EA
:10407000410384F8593204F13C0015F05BFCCAE7B7
:104080006FF00100CEE700BFE88A002034B00020C6
:10409000F8B50446A0F1D0064FF0FF334FF0FF32E1
:1040A000A0F1F80530461FF095FC94F85E31082B1E
:1040B00009D930461FF0D2FD2846BDE8F8406FF020
:1040C00073011FF0EEBD002B54D114F86C3C284650
:1040D000DA0754BF4FF4067734F8707C1FF00BFFFB
:1040E000B84240F3848014F86C3CDB0740F18480D4
:1040F00034F8703C5B00D4F8382102EBD272B3EB99
:10410000620F4FEA620013DD14F86C3C2846DF07AB
:1041100054BF4FF4067734F8707C1FF0ECFEB842C1
:104120006DDD14F86C3CD8076DD534F8700C400088
:1041300080B214F86C3CA4F85A01D907284654BF41
:104140004FF4067734F8707C1FF0D5FEB8425DDD81
:1041500014F86C3CDA075DD534F8700CA4F85801FB
:1041600028461FF0C2FB28B100220023A4F1A400BE
:104170001FF009FC01230027284684F84131C4F8C8
:1041800038711FF0EAFE94F85E110131C9B284F86B
:104190005E11002841D194F861315B0742D5D4F813
:1041A0003071002F3ED10A22284B04F1D0011B6848
:1041B000274823EAE37383FB022315F0BDFD0523A3
:1041C000D4F8442184F84031D4F838311121134413
:1041D00028463A46FFF7BEFD20B9D4F844310133F2
:1041E000C4F844313046BDE8F8401FF037BD2846DA
:1041F0001FF081FE43007EE74FF486637BE728468D
:104200001FF079FE93E74FF4866092E728461FF08F
:1042100072FEA3E74FF40670A0E73D3002D184F8A8
:104220004171DFE70829B4F856310DDD0A22214635
:1042300083FB0223064815F07FFDD3E703EB6303FE
:1042400001328A42FADBF1E70022FAE734B00020BB
:10425000E88A00202DE9F74F414B0446D3F800903F
:104260000D461746B9F1000F04D0C847022003B02D
:10427000BDE8F08F43685B6B002BF7D0C368D2F8C2
:1042800000A09B68002B68D0DA68002A65D01B8AE2
:10429000002B62D008461FF0D1FBE26843689168AA
:1042A0001BBA8E690AEB030BABEB060208460193BF
:1042B00000921FF09EFB009A80468242019B3DD2F5
:1042C00032B1114628461EF07BFD4644A6EB0B0892
:1042D000E368A86899681BF06FF90022E36804F1AD
:1042E000C8009A6026F01CF93B68284643443B60AE
:1042F0001EF081FD95F83730A86843F0010385F87A
:1043000037301FF076FB3968411A28461EF0C2FD8F
:104310003968204649421FF0F9FEB4F844323A6841
:1043200004F16C009A428EBF00239B1A9BB229466F
:10433000A4F8443225F085FF002098E7A6EB0A0692
:10434000F61A002E09DC0846F4F756F8E36804F183
:10435000C800C3F8089026F0E3F84FF00008C3E760
:1043600024B00020F8B50446002520461FF0CCFA02
:10437000061E08DD94F8593219070FD520461FF0A4
:10438000ECFD051EF1DAD4F8283204F1F80604F544
:10439000847023BB26F0AAFB2846F8BDD4F830323F
:1043A000002BEBDD94F88C302046DA0754BF4FF435
:1043B0000677B4F888701FF09EFDB84208DD94F8C7
:1043C0008C30DB0708D5B4F888008642D6DADAE705
:1043D00020461FF090FDF8E74FF40670F5E726F051
:1043E00085FB0843D8D1002384F856320A23B4F859
:1043F0004E223146A2FB0323014815F09DFCCBE77A
:10440000E88A00202DE9F04F04460D4697B0B9B96F
:104410000F460026B04604F1280305934FF0FF3203
:104420004FF0FF3305981FF0D5FA94F83832B3B93E
:1044300005981FF013FC0226304617B0BDE8F08F38
:1044400008461FF0FBFA002780460028E1D0067BD3
:10445000477B3609053EB60007F03F07DBE7B8F1BA
:10446000000F34D098F80C304F2B7CD80421204614
:104470001FF059FD01236FF0670A02260293656859
:1044800005B12D6B0598D4F814801FF0E7FB04F1FB
:104490006C0775B104F50D79D9E8AF3F002B08DD45
:1044A00000220023384615F0B3F98346002840F077
:1044B000E986029B002BBFD094F83832002BBBD08A
:1044C0000B2BB9D0514620461FF0EBFBB4E717F099
:1044D000FF095FD1002E00F0E380D5E903BA28463A
:1044E0001EF089FC95F83A3095F8361028461944A4
:1044F00014311EF0CFFC282E3246284628BF282231
:104500000CA91EF0DDFCC5E903BA94F88C30002834
:1045100023F0030384F88C3003DB31460CAB002915
:1045200066DC002EA2DDB8F1000F21D128461FF075
:10453000FCFA8146002302269A460493029394F8DB
:104540003832CDF82C90013B092B00F23181DFE8A5
:1045500013F0B20099011E0101025305DA05290585
:10456000FE052F05440617F0FF0930D1002EB4D107
:1045700094F83832013B012B6AD9414620461FF09E
:10458000E1F9002864D0B9F1000F61D019F0020FF1
:104590005ED06BE719F0040F9CD0414620461FF017
:1045A000D1F9029000283FF443AF94F8593243F018
:1045B00020039A0784F859320DD4002D00F05A8652
:1045C00028461EF088FB6FF0670A002657E719F0AF
:1045D000040FE2D1CAE798F80D30142BEDD1002D6D
:1045E00000F04D8628461EF076FB6FF06E0AECE771
:1045F0001878002895D0012828D001293FF436AF3B
:104600005A78012A7FF632AF9142FFF62FAF022887
:1046100004D0032810D01344891A80E7042A7FF4B9
:1046200025AF588840BAA4F8880094F88C0040F070
:10463000010084F88C00EEE7032A7FF417AF94F8AA
:104640008C00A4F88A2040F00200F2E70246E2E77C
:10465000B8F80E30B4F84A225BBA9BB2934228BF36
:10466000134604F5AC763046A4F84C32EBB925F08D
:1046700055FF50B90A23B4F84E2284F85802314647
:10468000A2FB0323B14815F057FB20461FF02DF97C
:10469000034604F154005BB1002200231FF073F9BC
:1046A000002D7FF443AFA94644E725F039FFECE73E
:1046B00015F0E0F8F4E7FBB2022B3DD1002794F8A7
:1046C0009230122143F0010384F89230D8F804208C
:1046D000D4F8403212BA013313442046C4F84032B1
:1046E0001FF021FC0A2294F8923098486FF30003DF
:1046F00084F89230D4F83C3204F5E4710133C4F804
:104700003C32934B1B6823EAE37383FB022315F0CF
:1047100013FB002D00F0A68528461EF0DCFA4FF0B2
:1047200003093E46049B84F83892002B40F0EF804A
:104730000025A846A94602E794F89230002243F0EB
:10474000010384F8923002212046D4F83C32FFF76E
:1047500001FB0028C0F2778594F8923004F50D70C3
:104760006FF3000384F89230D4F83C324FF0020922
:104770000133C4F83C321FF08CFA002DD2D0002E49
:1047800040F0518428461EF0A6FA00F0AFBC17F0A6
:10479000FF020DD0D8F80830D4F83C121BBA8B4277
:1047A00006D1D8F80430D4F840121BBA8B4203D09B
:1047B000002D40F0C78062E6D306F9D502F0EF077E
:1047C000D4F82090B9F1000F20D0D9F82080D9F882
:1047D000049004F5E47025F0A3FE2046FEF7A8FF40
:1047E00004F50D701FF055FA6268B2F88E3023F0B0
:1047F000060343F00403A2F88E3000232362B8F1CD
:10480000000F05D16068FFF7E1FBD1E7C846E0E79C
:10481000D4F81002D4F814120CAA03C266680CAAC9
:1048200003CAB062F162B9F88E206068C2F3C202B6
:10483000022A00F1280114BF08221822CDF80090A6
:10484000C04720461FF072FD0B9B002B00F0F38445
:1048500029460BAA2046FFF7FDFC0646D4F8403255
:104860000B9A102113442046C4F840322EB91FF091
:104870005AFB4FF00409002654E71FF054FB4FF099
:1048800004094FE717F0FF0256D0B8F1000F53D0DC
:10489000D8F80830D4F83C121BBA8B424CD112F035
:1048A000120F49D002F0ED072046FEF741FFD8F87D
:1048B0000420D4F8403212BA01330B9E1344C4F8DA
:1048C00040326EB129460BAA2046FFF7C3FC061EF4
:1048D00008BF0025D4F840320B9A1344C4F8403284
:1048E00062682046B2F88E304FF0040923F00603C8
:1048F00043F00403A2F88E301FF018FD102120466B
:104900001FF011FB002D40F0A38484F8389294F836
:1049100059326FF3410384F85932636A2BB16068EE
:104920000021426898470023636204F13C0014F0C0
:10493000A1FF01230493FBE6002D3FF4A0AD284620
:104940001FF04CFA4FF0000919E700BFE88A002079
:1049500034B00020B8F1000F00F0628217F0FF03BE
:10496000039343D0D8F80430D4F840221BBA9342C2
:104970003CD1039BD80739D503F0FE070B9E3EB10F
:10498000294620460BAAFFF765FC061E08BF002536
:104990000B9B5A1CD4F840321344C4F8403217F031
:1049A000FF031CD0D9061AD503F0EF07D8F808305A
:1049B000D4F83C221BBA9A1A002A01DDC4F83C3212
:1049C000112120461FF0AFFAD4F83C3220460133C3
:1049D000C4F83C32FEF792FE4FF00909CDE61021F3
:1049E00020461FF0A0FA4FF00709C6E6D8F80830B5
:1049F000D4F83C221BBA934240F0A380D4F828326A
:104A0000002B00F0C480B9F1000F28D194F8573280
:104A10002046032B28BF0323013384F8573294F830
:104A20008C30B4F850B2DA0754BF4FF40673B4F8C0
:104A3000883006931FF05FFA069B984240F3A080EF
:104A400094F88C30DB0740F19F80B4F888004FF673
:104A5000FF7383449B45A8BF9B46A4F850B294F8CB
:104A60003932002B6DD194F85722032A69D1D4F83A
:104A700030B22046C4F830321FF06FFAB4F8543226
:104A8000C4F830B2002B52D194F88C30D8072046AD
:104A900054BF4FF4067BB4F888B01FF02CFA584589
:104AA00078DD94F88C30D90779D5B4F888305B007C
:104AB000D4F8302202EBD272B3EB620F4FEA6200FD
:104AC00013DD94F88C302046DA0754BF4FF4067B90
:104AD000B4F888B01FF00FFA584563DD94F88C30B5
:104AE000DB0763D5B4F88800400080B294F88C30BE
:104AF000A4F85202D807204654BF4FF4067BB4F8FE
:104B000088B01FF0F8F9584553DD94F88C30D90778
:104B100053D5B4F8880000EB400080B2B4F85232AC
:104B20001844D4F83032A4F85002A4F85432204685
:104B30001EF0DBFE28B10022002304F154001EF019
:104B400022FFD8F808301BBA0693D4F83C320793FA
:104B5000DDE90632A3EB020BBBF1000F40F3288125
:104B6000D4F828225A452BD2042120461FF0DBF925
:104B700001230293002D40F06F836FF0670A7EE4FB
:104B800020461FF0B8F962E74FF406705FE784F83B
:104B9000573264E720461FF0AEF9430088E74FF430
:104BA000866385E720461FF0A6F99DE74FF48660EF
:104BB0009CE720461FF09FF9ADE74FF4C960ADE7D1
:104BC0005946A068CDF820B01EF01BFF0028CBDBB3
:104BD000002284F8572294F88C20089B12F0010FD1
:104BE0000CBF4FF40672B4F888202046CDE9083295
:104BF000B4F850621FF07FF9099A089B90422EDDAD
:104C000094F88C20D20740F14D83B4F88820934566
:104C10000ED3B4F88830204608931FF06CF9089B37
:104C200098422ADD94F88C30D8072BD5B4F8883018
:104C3000B4F854224ABBB4F85022B4F8521291424C
:104C40009EBF03FB032303F1FF3393FBF2F34FF605
:104C5000FF7233449342A8BF13469BB21CE0204628
:104C600008931FF048F98345089BE1D394F88C30F2
:104C7000DB07CED44FF40673CDE720461FF03BF997
:104C80000346D5E74FF40673D2E7934561D300237B
:104C9000A4F85432B4F85232A4F85032DDE90623B5
:104CA0009A1AD4F8283220461344C4F82832D4F88B
:104CB00030325B4534BF00239B18C4F830321EF0FD
:104CC00014FE18B904F1540014F0D4FD0026D4F8F1
:104CD0003C3284F856625B44C4F83C3294F8393272
:104CE000012B04D12046C4F830621EF03AFED4F8FD
:104CF000283284F839624BB10A22B4F84E32AA48FD
:104D0000A3FB022304F1F80115F016F894F85932C8
:104D100059072BD5D4F8283243BB2046FEF708FDAF
:104D20000A22A24B04F5E4711B689F4823EAE3734F
:104D300083FB022315F000F8112120461FF0F3F841
:104D4000D4F83C320133C4F83C325DB94FF0050968
:104D500091E51FFA8BF1B4F85032521AA4F854229C
:104D60005B1A7AE728461DF0B6FFEFE794F8393270
:104D7000012B13D02046FFF7F5FA061E0EDA16F1C6
:104D8000690F0BD0042120461FF0CDF815B128463D
:104D90001DF0A1FF0123B246029316E420461EF047
:104DA000A4FD28B10022002304F154001EF0EBFD05
:104DB000D8F80480D4F8403298FA88F8984551D150
:104DC000B9F1000F00F0E380039B002B3FD013F0FC
:104DD000080803D003F0F7074FF001080B9B002BE6
:104DE00000F0DB8029460BAA2046FFF733FAD4F8FF
:104DF00040320B9A064613442046C4F840321FF056
:104E000040F904F5C47110B9B8F1000F22D14FF484
:104E10007A720023644814F05FFF002E08BF00255B
:104E2000D4F828322BB984F8563204F1F80025F072
:104E300077FB20461EF059FD034604F15400002B79
:104E400000F0AD80002200231EF09DFDB0E4DDF8EF
:104E50000C80C3E7084625F063FB102120461FF0B5
:104E600062F8DAE7A3EB0803002B04DD10212046EB
:104E70001FF059F88BE0B9F1000F00F08480A868AA
:104E80001EF0B7FDA0EB090128461EF0BAFD002870
:104E9000ECDBAB68198A5E68C3F81880414426BB16
:104EA000E068D0F808B0BBF1000F23D0DBF80C307D
:104EB00003B3BBF81030EBB1DBF818305846C91A11
:104EC0001EF097FD814229D358461AF064FB83698E
:104ED000018AA3EB0803994519443DD98945C5D3F7
:104EE000E3689868F3F788FA23E0338AB16176685B
:104EF0001944D4E7A9681DF084FF002304F1C80613
:104F00003046AB6025F00AFB0028AFD144F62062A2
:104F100000233146244814F00FFFA7E78945A5D99F
:104F200011B128461DF04CFFE368A86899681AF093
:104F300043FBE368AA689A60E3684FF00108986849
:104F400000220346A3B9B8F1000FD6D1F3F754FA03
:104F5000E368C3F80880D0E7894587D911B1E068D4
:104F60001DF02EFFE368A96898681AF025FBE3E7B7
:104F700099691EB1914218BF4FF000081A8A1E4667
:104F80000A445B68DEE7039B0BB1DA0701D4002615
:104F900046E7039B03F0FE0768E7022640E714F0AC
:104FA00069FC05E401210CE5E88A002034B000200A
:104FB000B8F1000F3FF4FCAB17F0FF023FF4F8AB81
:104FC000D8F80830D4F83C121BBA8B427FF4F0AB0F
:104FD000102A7FF4EDAB2046FEF7AAFB04F5E4703F
:104FE00025F09EFA15B128461DF075FE01234FF0FD
:104FF000000A0293FFF7E9BAB8F1000F3FF4D8AB0B
:1050000000234A46414620461EF0E6FC984210DD49
:105010002046FEF7CDFB0421814620461EF083FF8B
:10502000002D7FF4ACABB9F1000F7FF47BABFFF741
:1050300026BA17F0FF0230D0D8F80810D4F83C0296
:1050400009BA81422CD112F0100927D002F0EF07E3
:105050002046FEF76DFB4FF0010B00264FF00609CE
:1050600017F0FF000B9A32D0D8F80430D4F8401271
:105070001BBA13448B422AD1C30728D500F0FE0780
:10508000D4F8403220460133C4F84032BBF1000F5F
:1050900009D0FEF78DFB814621E09146CB46DFE744
:1050A0009B469946DCE7FEF743FBD4F83C325A4670
:1050B00011212046013BFEF74DFE002D00F0D78068
:1050C00028461DF008FE4FF00809FFF7D4BB002A60
:1050D000A6D02046BBF1000F0AD0FEF729FB102115
:1050E00020461EF020FF002D7FF44CAB00269AE7EF
:1050F000FEF71EFBD4F83C325A4611212046013BF4
:10510000FEF728FEEFE7B8F1000F3FF451AB0023A4
:105110004A46414620461EF05FFC98423FF778AF72
:1051200017F0FF0200F08280D8F80430D4F8401263
:105130001BBA4B448B4279D1D00777D502F0FE07DA
:10514000D4F8403220460133C4F84032A1E7B8F128
:10515000000F3FF42DAB01234A46414620461EF086
:105160003BFC00283FF754AF17F0FF032AD0D8F8D4
:105170000820D4F83C1212BA8A4226D113F0100942
:1051800021D003F0EF072046FEF712FB4FF0010B92
:105190008146002617F0FF000B9A1AD0D8F80410A9
:1051A000531C09BA0B44D4F840128B4211D1C107E9
:1051B0000FD500F0FE072046FEF7BAFABBF1000F4C
:1051C00098D08CE79946CB46E4E74FF0000BD946E0
:1051D000E0E7002A3FF424AFEDE7B8F1000F3FF419
:1051E000E7AA01234A46414620461EF0F5FB002867
:1051F00005DD042120461EF096FEFFF7D9BA17F010
:10520000FF0213D0D8F80430D4F840121BBA01338F
:105210008B420BD1D30709D5102120461EF083FE07
:1052200055B328461DF057FDFFF7CFB9B9F1000F70
:105230003FF4BEAAF0E7002D3FF41BAB28461DF05B
:105240004AFDFFF716BB012382460293FFF7B0BA6F
:1052500001230493FFF793BA4FF000096FF0670A38
:10526000FFF78DBA4FF003092E46FFF75BBA4FF0F8
:105270000809F9E76FF0670A2E46FFF700B96FF0EB
:105280006E0AF9E7002359461A462846CDF80080F1
:10529000FDF7AAF902287FF4FFA858461DF01BFD70
:1052A000FFF7F7B8BBF5067FBFF4E4ACC0E400BF7E
:1052B0002DE9F04F89B00546DDE914A9046C884654
:1052C00093461E46BDF8487090F99000FCF728F907
:1052D000206120461EF045FBB5F88E30C3F3C203B3
:1052E000012B5AD0022B00F0A980042107A8F3F764
:1052F000E5FE079B7FBAC4F83C32B5F88E1005F185
:10530000300321F0060141F0020189B2A5F88E10A8
:10531000CDE904534B4B76BACDE90253B6B2BFB2D6
:10532000009601975B464246B5F88C00C1F3C20176
:10533000FDF710FF061E2CDB04F5FE72B4F8F81121
:1053400020691CF052FB94F8593204F50D7043F0BB
:10535000100384F85932169B00216362179B6B601F
:1053600094F8593243F0020384F859321EF091FC4C
:105370002046FFF747F894F838320BB10B2B2CD1AD
:1053800094F85932990653D56FF06E062046FEF711
:105390005BFB304609B0BDE8F08F0022A4F8F8317D
:1053A000C4F8FC21C4F81422A4F81032A4F8126244
:1053B000A4F8FA71DBF8043043B995F99000FCF7D2
:1053C000AFF808F10401FCF751F90368C4F8FC31A7
:1053D000D8F80430C4F8143287E75AEA090201D138
:1053E000042B28D152464B4604F13C001EF0CBFA68
:1053F000B8B194F83832042B13D094F859329A0784
:1054000008D56FF341036FF07301204684F85932D9
:105410001EF047FC94F859329B06B5D46FF0730622
:10542000B4E794F859326FF3410384F85932ADE789
:105430006FF07F06AAE76FF07606A7E76FF0150614
:10544000A7E700BF495402002DE9F0414FF0FF33B8
:105450008AB04FF0FF326A480D46DDF840801EF0FA
:10546000B9FA684B1C681CB126681CB9274617E0BE
:105470002646FAE70022294604F5FC701EF092FB4E
:1054800028B9002E54D1334634461E46EDE701229A
:10549000294604F504701EF085FB07460028F0D06D
:1054A00057481EF0DBFB17B1002C40F0A1802846C6
:1054B0001EF0C4FA467BB30733D516F0100630D180
:1054C00095F837700622C7F302170121384606AB5C
:1054D000CDE90866D8F840800696FDF74FF9002818
:1054E0001FDB069B1C6CAB69204623611EF039FA5A
:1054F00095F837306268C3F30213042B98BFDE00BF
:10550000B2F88E3029461E43A2F88E6004F5047668
:10551000012230461EF01EFB00280BDA0698FDF72C
:10552000EBF928461EF05AFC02200AB0BDE8F081D3
:105530003368A9E70022294604F5FC701EF00AFB37
:105540000028EBDB3368069A936273681784D36292
:10555000B2F88E3043F48073A2F88E30C3F3C203E6
:10556000012BADF8203002D1D4F8FC310993082288
:10557000069808A91CF0E0FD0028CFDB069AB2F8D7
:105580008E30C3F3C203012B04BFB4F8FA31538445
:10559000042107A8F3F792FD069A079B3946C4F841
:1055A0003C3202F13003CDE90423174B0620CDE94C
:1055B0000223B4F8FA3128325BBA9BB20193B4F8F3
:1055C00012325BBA9BB2009308ABFDF7C3FD002813
:1055D000A4DBB4F81012206904F5FE721CF005FA81
:1055E00094F85932C4F8208043F0100384F85932FB
:1055F000294620460AB0BDE8F041FEF703BF00BFD0
:10560000A82200202CB000204954020013B5002429
:105610006FF00D034FF400520C490D48009414F044
:105620001DFB09212346C8220139134402EB620203
:10563000FAD1084AC83303EB6303136006490448F0
:1056400002B0BDE8104014F03FBC00BFF89E04203B
:10565000E88A002034B00020B17E05000823F0B5B0
:1056600085B0039390F837301E4A1F4FC3F30213DF
:105670000E4602A90446022B08BF1746CDF808D0F3
:105680001DF095FD054650B30023A2681ABB94F89F
:105690003A1094F836200A449B1A5BBAAB8039461C
:1056A000A0691CF05BFA00B97EB1112120461CF004
:1056B000B3FB4FF6FF73002818BF0346EB8094F846
:1056C000383043F0080384F83830204602A91DF032
:1056D0008CFD05B0F0BD118A52680B44D6E76FF01F
:1056E0006800F6E70004400001004000F8B590F8BB
:1056F00037301F4A1F4EC3F3021304460F46022BD6
:1057000008BF16461DF053FD054610B90025284672
:10571000F8BD394620461DF068FD03460028F5D146
:10572000AA88A16852BA92B2B1B994F8361094F826
:105730003A0001445B1A9A42E8D13146A0691CF054
:1057400011FA0028E3D0EB8853B994F83730C3F34B
:105750000213012BDBD0D9E7088A49680344E3E749
:10576000112120461CF058FB0028D0D0CEE700BF06
:105770000004400001004000124B70B51A889B786D
:1057800002808370104B1968D1B103230A6819B9DC
:105790000E4A033B136070BD0C7A01461D1811F8C8
:1057A000016BA64205D08D42F9D1092B01DCC4540E
:1057B00001331AB1146811462246E8E71446FAE7A5
:1057C0000323E5E7BA7E05003CB0002038B0002096
:1057D00070B504460D461EF076FEC4E9020125614F
:1057E0000022BDE870400023014814F0D3BA00BF86
:1057F000008C002070B50446D0E90A3200F1100593
:105800000AB95A08C262226B3AB940F26B314FF4BE
:105810007A725943B1FBF2F12163D4E90B12914240
:1058200001D29A4209D35A08E26240F26B325343E2
:105830004FF47A72B3FBF2F3236306232846E16A3E
:1058400084F84030FFF7C4FF2A462146BDE8704087
:1058500040230148FCF756BE080004E002460B4610
:10586000014813F00DBF00BF44220020014813F08F
:105870007FBF00BF4422002038B501F14053A3F19F
:105880000113012B0D46144631D84FF0FF304FF075
:10589000FF31FFF7E3FF164B04F110021B681BB941
:1058A000BDE83840FFF7E2BF93420ED01B68F6E731
:1058B00094F84030062BF3D101232046A4F8403061
:1058C00004F138011CF0A8F8EAE70A4B9D42EFD03A
:1058D0001EF0F9FD0023013861F10001C4E9060161
:1058E000236200220023044814F054FAD8E738BD9C
:1058F00058B00020010001D0008C0020002373B5B7
:1059000004461A460D4601461B48FCF7FBFD4FF0C6
:10591000FF304FF0FF31FFF7A1FF94F8403013BB89
:10592000012384F8403004210DEB0100F3F7C6FB9E
:10593000019A626235B10923B2FBF3F303EBC303AF
:10594000D21A551C0D4E336813B90D48FCF7A0FD53
:1059500000232361736804F110004BB9C6E900000D
:105960002946FFF735FF02B0BDE87040FFF77EBF64
:1059700018607060F4E700BF070004E058B0002032
:1059800044B000202DE9F04F95B01E4609AB0493BA
:105990002C2388469146059305469DF87CB09DF8DA
:1059A00080A0F7F751F90290EBF76AFB074616B9AA
:1059B000FCF77AFC0646BBF1000F0CBFF421FA217C
:1059C000BAF1000F00D00631B8F1010F01BF634BEF
:1059D0001B680533C9180FB1BB1C19444FF47A7208
:1059E00000232846CDE9002311230122FDF7BCFA4C
:1059F0000446002800F0A280FF2331461E9A80F85A
:105A000039301DF03DFE002840F095804FF486426D
:105A10004FF4884120461EF023FD0390002840F0FB
:105A20008A8004A920461DF0C2FB039B0646194646
:105A30002A22023025F07BFA012333707370002D87
:105A400000F087802B68002B00F083805B7C06F1E0
:105A50001C00B3706B6A1BBA7360B9F1000F02D0FF
:105A6000D9F80030F3602968002975D04A7C1231DA
:105A700025F036FA04A920461DF0B7FB01460028A0
:105A800059D1402220461DF010FA0146002852D17B
:105A9000802220461DF009FA00284CD1042220461D
:105AA0002F491DF069FB002845D1012235212046F0
:105AB00006AB8DF818801EF049FD00283BD0BBF1E5
:105AC000000F2FD1BAF1000F07D004223221204657
:105AD00005F138031EF03AFD68B3B8F1010F0CD19F
:105AE00006A8FFF749FE1D4B37211A68034603320B
:105AF0002046D2B21EF02AFDE8B10FBBFF230122DF
:105B0000204606A98DF818301DF036FB98B92046BE
:105B10001DF071F9112120461DF0C3FD204615B07E
:105B2000BDE8F08F04223621204605F134031EF033
:105B30000DFD0028C6D120461DF0CDF80024EDE76C
:105B40000C212046029BFAB21EF000FD0028D5D1A0
:105B5000F1E700235B78FFDE4B78FCE738B00020EC
:105B6000BE7E05002DE9F04F85B01EF0ACFC054669
:105B70000E464FF0FF304FF0FF31FFF76FFE764BD0
:105B80001C68BCB1D4F800804FF0FF374FF47A792D
:105B900094B9FFF76BFE7B1C00F0DB804FF47A7347
:105BA0005F430A23A7FB03236C4805B0BDE8F04F11
:105BB00014F0F0B8A046E7E72069D4E9023109FB08
:105BC00000F0C01841F10001854276EB01030DDAC7
:105BD00040F2E733401B61EB0601C01841F10001C0
:105BE0004FF47A720023EBF7B3F940B9A4F1100A2D
:105BF000002150461EF095FC68B94FF0FF308742F7
:105C000028BF0746B8F1000F00F0A180D8F8003097
:105C100044469846BCE7082150461EF082FC002806
:105C2000EBD094F83030013B062BE6D8DFE803F0E8
:105C30001C24284F6D300400636901336361FCF755
:105C400037FB002301220090CDE9013204211A46DE
:105C50005046FFF797FE834630B11EF06BFC0028DC
:105C600002DA58461DF037F80023C4E90633C4E9C8
:105C70000833A3620223238650461EF089FCBEE748
:105C800094F83130022BEFD850461EF0ACFCB6E74A
:105C90004FF47A73E0695843D4E90231C01841F1F6
:105CA0000001854276EB01030EDA40F2E733401B38
:105CB00061EB0601C01841F100014FF47A72002334
:105CC000EBF746F900289AD104232386DCE74FF44A
:105CD0007A73206A5843D4E90231C01841F10001B7
:105CE000854276EB01030EDA40F2E733401B61EBAD
:105CF0000601C01841F100014FF47A720023EBF75E
:105D000027F90028C0D10523DFE74FF47A73A06993
:105D10005843D4E90231C01841F10001854276EBC5
:105D200001030EDA40F2E733401B61EB0601C018B5
:105D300041F100014FF47A720023EBF709F90028D2
:105D4000A2D1504604F128011BF066FE8CE74346C1
:105D50005EE705B0BDE8F08F58B00020008C002051
:105D60002DE9F04F99B00DAB07932C230D469146CA
:105D7000089320B90224204619B0BDE8F08F00290D
:105D8000F8D08C69002CF5D000238E68002E40F0EE
:105D90008180472BEED928461DF02DF81C2128467E
:105DA0001DF078F80028E5D1284607A91DF0FFF975
:105DB00080460028DED04FF0FF304FF0FF31FFF774
:105DC0004DFD98F80030022B40F0F580D8F80430F3
:105DD000626A1BBA9A4240F0EE80216808F11C000A
:105DE000002900F0BB814E7C1231324625F016F9B5
:105DF000002840F0E08098F80230B34240F0DB80A9
:105E0000089928461DF046F8C02128461DF042F8A2
:105E1000002840F0D0800422284606A91DF050F842
:105E2000002840F0C8800422AA4806A925F0F6F808
:105E30000746002840F0BF808346CDE900000122DC
:105E400028460DF117011DF03BF80646002840F0EA
:105E5000B2809DF81730FF2B20D1022F40F01D811A
:105E6000009B23B920460BA90B931BF043FDD9F8E7
:105E70000030DB68A36494F84030022B40F0458189
:105E80000323A4F84030D8F810302046A3631EF056
:105E9000AAFB3AE1328A7668134477E70122284662
:105EA0000DF116011DF00CF8002840F08480EB681D
:105EB00002932B690393884B1E68AEB1D6F800A0FD
:105EC0009DF817309DF8162086B93B2B07D8322B4A
:105ED00030D8032B50D0062B66D0012B42D0114670
:105EE00028461CF0D7FFC6E0B246E9E7317A99426E
:105EF00012D1F36828469A4228BF1A4631691CF02D
:105F0000DFFF002857D1736830469C463A46234647
:105F100066469DF81610B047029BEB60039B2B6111
:105F2000BAF1000F04D0DAF8003056469A46C7E7B7
:105F30005346FAE7333B082BD1D801A151F823F09F
:105F400011600200DF5E02007F60020069600200F3
:105F5000DF5E0200DF5E0200DF5E02002D600200F5
:105F60004B600200042A26D128460BA91CF0A8FF8A
:105F700008BB0B9BE36362E791071CD1032A1AD984
:105F8000042228460BA91CF09BFFA0B99DF816100F
:105F9000284604391CF07EFF68B920460BA91BF087
:105FA000A9FC012300934AE709ABCDE90B3693071F
:105FB000CDE9096603D00224FFF758FCDBE6072A87
:105FC00002D85FEA920A09D0042228460AA91CF0E6
:105FD00077FF0028EFD14FF0010A00E00B969DF803
:105FE00016102846A1EB8A011CF054FF0028E2D1CC
:105FF00000F0F8FFBAF1000F02D00123ADF8243011
:1060000000210BAA00F07AFF0028BFF618AFD2E7F4
:10601000042AD0D1284604F128011CF05AFF002898
:10602000C9D1A36A002B7FF40AAFC4E7042AC2D106
:10603000284604F12C011CF04CFF0028BBD1E36A78
:10604000002BB8D001230193F9E6042AB3D12846E6
:1060500004F130011CF03DFF0028ACD1236B002B74
:10606000A9D04FF0010BEAE6042AA4D1284604F196
:1060700034011CF025FF00283FF4E1AE9BE7012A24
:1060800099D1002328460BA98DF82C301CF018FF5D
:10609000002890D19DF82C70D1E6052F2FD194F8CF
:1060A00040301A1F012A19D9D9F80020032BD268D1
:1060B000A2642AD104F13806022231462046A36A9E
:1060C000FBF760FB08B33146204604F13C021BF0AD
:1060D000D6FB0DE0BE7E05003CB00020019B03B95D
:1060E000E362BBF1000F07D0D9F80030DB68A3648E
:1060F0002046FFF77FFB08E0C4F830B0F4E7D9F89A
:106100000030062FDB68A36404D028461CF0E3FDB2
:10611000002451E794F84030032B0DD9043B012BA8
:10612000F3D8204604F138011BF076FCC4E90A6676
:10613000C4E90C66A6630DE0042204F1480104F1F1
:10614000440024F06BFF0028DFD1C4E90A00C4E951
:106150000C00A0630223A4F84030D6E77378FFDE7A
:106160001FB50446B0B14368A3B14FF0FF304FF004
:10617000FF31FFF773FB094B1A6822605A681C60F5
:1061800002B95C6001A8FFF7F7FAFFF76FFB002088
:1061900004B010BD6FF01500FAE700BF3CB000205E
:1061A00010B588B0FCF780F80368079300240E4B05
:1061B0000120CDE90143442321460093CDE9034466
:1061C000234606AAADF818001EF067F9002809DB7F
:1061D0000648074924F096F92046064B064A5A60BD
:1061E000064A1A6108B010BD615D0200008C0020F3
:1061F000655B020044B0002079580200030001D022
:106200002DE9F04F0427C368426889B0029753F81C
:106210002240064604F130084FF0FF324FF0FF33C2
:10622000404613F02DFA706802AD27220121009537
:1062300004ABF7F769F8B6F80A9019F028090CD002
:10624000706801213A46009505ABF7F75DF84046C6
:1062500013F08EFA09B0BDE8F08F049B2348012BA0
:1062600014BF182308230393D4E9122319F08FF9DC
:1062700005460028EBD050F80CBFD6F804A019F062
:1062800029FA024603AB06AF019359464B465046E6
:106290000097F6F787FF00281BDBB0F5007F02466A
:1062A00028BF4FF4007203287168039BEE6810DD6D
:1062B000F07800F00F0005280BD0B678207BF609A7
:1062C0000BD102280BD1CDE90052A6693A462046EF
:1062D000B0472846F2F790F8B9E70128F2E7E06AFC
:1062E0000028F6D0CDE900528669EFE7AC23002004
:1062F000F8B504464C4E4FF0FF334FF0FF324B4899
:1063000013F0BEF933681D4615B933B9194605E0D7
:10631000AC4200F086802D68F6E71968002273B958
:10632000002A7ED1002D44D0EB6A002B79D1134690
:106330003F49EC62226A9A4226DC00252BE0E068A5
:10634000DF68784030F47F4007D1A76A986A8742B7
:1063500003D11F8A208A874212D065B9277B187B18
:10636000874208D0E789D889874204D11F8A208ACA
:10637000874208BF1D4629B108680B460146CEE793
:106380000122F8E70846F8E7E26952F833200F2ABD
:1063900006DD6FF02105254813F0EAF92846F8BD1F
:1063A000002A04DB51F8220008B941F822400133E9
:1063B000C0E741F288320023C4E91223E389606A0E
:1063C000012B14BF1822082204F10E01F6F7DAFDA2
:1063D000002805DA25F0C4F8164B1D586D42DAE79F
:1063E0001348E562D4E90712AA420DDC6068104B3D
:1063F000F9F738F9051ECEDB336823607368346023
:10640000002BC8D17460C6E751F835300F2BC0DCC3
:10641000002B04DB50F823200AB940F82340013553
:10642000E0E76FF07705B6E7A0B000205822002023
:1064300060B000201400000010B504464FF0FF3299
:106440004FF0FF331D4813F01BF900211C4B1A6855
:1064500052B1944223D12268D9B959681A608C424A
:1064600000D15A60002323606068002319461A4651
:10647000F9F7F8F84FF0FF3363620023184611492B
:10648000226A9A420EDC00240C4813F071F920466F
:1064900010BD0A605A68944208BF5960E2E711468D
:1064A0001268D5E7E26952F833200F2A03DC41F87D
:1064B00022000133E4E76FF02104E5E758220020D1
:1064C000A0B0002060B000200022024BC3E90022EF
:1064D000704700BFA0B00020F8B590F8E85004461F
:1064E000002D3FD1012300F1700680F8E8303046DE
:1064F0001EF09EFAA368002B20DB04F11807384633
:10650000FFF79AFF2388022B2AD0201D1BF09EF94B
:106510000146082322461548FBF7F4FFA0681AF04D
:10652000B5F8A368A26E38469A4204BF4FF0FF3315
:10653000A366FFF781FF4FF0FF33A3600C4A30469C
:106540001368013B23EAE37313604FF0FF334FF00E
:10655000FF321EF061FA0223002084F8E830F8BD13
:106560002946D6E76FF00100F9E700BF080014F1F3
:10657000B0B00020682330B54B43C418C35A02465C
:10658000012B85B03ED1251D28461EF022FA08B306
:10659000E379FB2B1ED1237C43F001032374638832
:1065A00013B94FF454536380682303FB01231A7C0F
:1065B000D20770D56168394A91426CD1D868FAF730
:1065C000AFFF002867D12146354805B0BDE830400F
:1065D000FBF71EBB682303FB0123187C6FF300004D
:1065E000187428461EF0F5F920B1E079A0F1FC05F9
:1065F00068426841682303FB01231D7C60F3410569
:106600001D74CCE72379FF2B02D1E37CFB2B12D046
:10661000682303FB0123187C6FF3000018742379AF
:10662000FF2B33D00020682303FB01231D7C60F384
:1066300041051D7403E0237C43F001032374638848
:1066400013B94FF454536380682303FB01252B7C5B
:10665000DB0720D50D2200210DF1020024F067FC9C
:10666000FF238DF8003002238DF80130FB23102228
:106670006946201D8DF80F3024F0D0FC58B9E86829
:10668000FAF74EFF38B9214606489EE7E07CC51E62
:1066900068426841C7E705B030BD00BFE00000FBBD
:1066A000E3490400CB4A04002DE9F04F984601234A
:1066B0004FF0000987B0ADF80830BDF840301746FC
:1066C0005BBA0446DDF844A0CDF80C90ADF80A3072
:1066D000002800F0D58090F8E830022B40F0D380FD
:1066E0004FF0FF338360836619B10E1F56F8045FC5
:1066F0006DB957B33B6843B31A6822605A68626049
:10670000BAF1000F1DD0DAF80030E36019E025215E
:10671000284624F0BAFC834678B3451BE6D040787F
:1067200018B10BF10100FBF735FBE060C4F80090F5
:10673000C4F804902246294630681BF00AFC002861
:10674000D4D000212046FFF715FF2688002E00F048
:106750008180022E7ED0012E40F0988011220221ED
:106760003046F6F7B3FB051E0DDA24F0F9FE4A4B6E
:106770001858404207B0BDE8F08F2846EAF780FC81
:1067800005465846D1E7E268A560002A3EDC23882A
:10679000022B6CD0201D1BF059F805462846211D00
:1067A000FAF764FFA368A16E01228B4204D000298E
:1067B000BCBFA366A4F86C203849E3632388216337
:1067C000012B04F16801C4E90D12C4E9078484F8BF
:1067D00024205ED102AB03CBC4F82600C4F82A10F3
:1067E00004F11800FFF784FD002842DA10F1780F59
:1067F000C0D12B4A0020136884F8E80001331360ED
:1068000041F288320023C4E92223B3E7254904ABCF
:106810000868496803C31046FAF782FE082204A9F3
:106820001BF0DCF900280FDB082319220093314606
:10683000284604ABF6F79CFD00280EDA24F090FE03
:10684000154B1B58002B08DDA06819F01FFF4FF0F7
:10685000FF33A3606FF015008CE7E068FAF760FE85
:1068600023880546022B9DD0002897D192E700256A
:1068700098E70823224629460B48FBF743FEB8E772
:106880006FF0010076E76FF0590073E76FF0690071
:1068900070E76FF085006DE7140000006D6902007D
:1068A000B0B0002018150500070014F1002307B54B
:1068B000CDE90033024B1EF080F903B05DF804FB14
:1068C000B4BF04002DE9F3470746884699461446AD
:1068D000002A41D0D0E92223234818F058FE05466B
:1068E00000B3064656F80CAF304618F0F3FE2346C8
:1068F000024651460DF106001DF029FF041E06DA7E
:106900002846F1F779FD204602B0BDE8F087304611
:10691000BDF8064018F0DEFE0134844205DB28464F
:10692000F1F76AFD6FF00B04EDE7BDF80610304695
:1069300018F08EFE4946304618F0ABFEBDF8063022
:106940004FF6FF714AF20100EA68023316F085FA49
:1069500004462846F1F750FD22464146384602B02B
:10696000BDE8F0471EF066B8DC2300202DE9F04FAB
:10697000866895B006F1700303934FF0FF324FF035
:10698000FF3303981EF048F896F8E840002C40F0DA
:106990009381D6E92223C24818F0F9FD80460028E9
:1069A00000F08C811E9B2422D3F80C901F9B214663
:1069B000B3F5007F28BF4FF400730BA8ADF8283063
:1069C000CDF8189024F0B3FA1F9B032B40F26C8192
:1069D00099F80330B9F8005003F00F036FBA052B94
:1069E000BFB217D100246FF0030522463946304666
:1069F0001EF000F8041EC0F24281582303FB046419
:106A000090342846224600211DF0ECFF20461EF05F
:106A100005F834E199F80230DB0900F02F8139469E
:106A200006A81DF00CFF031E05DA24F099FD9D4A0F
:106A30005B42135011E0069B9B88B3F5807F0FD01B
:106A4000002DCFD106A81DF05BFF0C306FD124F0D4
:106A500087FD0C220024934B1A506FF00A05C4E7FF
:106A600006A81DF04DFF002861DA0C30EFD0002D94
:106A7000B8D1069B9B881BB9BDF82430ADF82630F1
:106A800000244FF0FF35A246A1464FF00C0B8DF8C5
:106A90001340069AD3885BBA9BB29A454DDB6B1CB8
:106AA00015D1BDF82430D4182046EAF7E9FA224679
:106AB000C31C4FF6FF714AF2010016F0CEF93946B9
:106AC0000246044630461DF095FF051E66DBB9F10F
:106AD000000F40F0C480079B133340F0E78040462E
:106AE00050F80C9FBDF820A018F0F4FD06AB02464C
:106AF000CDF800A0484608F110011DF02EFF031E3E
:106B000093DB582202FB0562394692F8DC303046AE
:106B1000D2F8D820FFF7D6FE2246394630461DF07F
:106B200069FF051E80F2CD806FF00205A7E0069B8D
:106B30009B885BBA3B439BB29DE70DF1130359461B
:106B400005AA06A81DF03AFE031EFFF66EAF079BCE
:106B500013F1150F05D013337FF445AFBDF820B006
:106B600073E06A1C28D1BDF82430069C1C442046E2
:106B7000EAF786FA23462118994214D12246C31C0B
:106B80004FF6FF714AF2010016F067F939460246E6
:106B9000044630461DF02EFF051E0DDA24F0E0FC01
:106BA0000222404B22E01A78A2F14105192D98BF2C
:106BB000203203F8012BDFE7582303FB056393F82A
:106BC000DC30012B14D19DF81330012B61D101234E
:106BD0008DF83830ADF82C3008230D93BDF82230F5
:106BE000032B1DD824F0BCFC7A222E4B1A5034E71C
:106BF0001C2B08D19DF813301C2B0CBF6FF0050522
:106C00006FF00805F1E6FF2B46D19DF81330012BFC
:106C1000DDD01C2B14BF6FF008056FF00505E4E60E
:106C2000BDF82030BDF82820191D9142DADC069A03
:106C30006FF06300D358582202FB05620BA9903213
:106C40000C931DF0CFFE09F10109BDF82030BDF80D
:106C500022200AF1010A1344ADF8263019E7012D6C
:106C600027DC582303FB056590356FF066002A4644
:106C700000211DF0B7FE28461DF0D0FE002540463D
:106C8000F1F7BAFB03981DF0D3FE284615B0BDE816
:106C9000F08F6FF00805A8E66FF00505A5E600BFC8
:106CA0000C2400201400000027469BE66FF004052A
:106CB0009BE66FF0660598E60025E3E76FF00905AF
:106CC000E0E7B368002BFFF62FAF1E9850F80C9F3B
:106CD00018F000FD2946CDE900084A4630461F9BC2
:106CE0001DF0F4FE051ECADAB7E600BF2DE9F04F2D
:106CF00091B0894690461E460446DDF868A01C9D6A
:106D000068B161B1BAF1000F09D06B1C0AD00A2733
:106D100025EAE57585FB075755EA070303D16FF0B0
:106D200015052EE02F464846EAF7AAF90DF1140B97
:106D300001465A4648461BF00CF9A8B307AB184663
:106D40002422002124F0F3F8B8F1010F03461CD1EE
:106D5000BDF81420022A24D09BE80300082283E80F
:106D6000030019466FF0630009928DF828801B9A82
:106D7000ADF81C80D04700216FF066001B9AD04709
:106D80000025284611B0BDE8F08FB8F11C0F0BD1DB
:106D9000BDF81430012B14BF6FF069056FF05F056B
:106DA000EFE76FF05F05ECE704F1700B4FF0FF3396
:106DB0004FF0FF3258461DF02FFE94F8E830002BBC
:106DC00040F08F80D4F8C4305BB1D4F8D830002BB9
:106DD00040F08A8004F1900023F0A0FB002840F0EE
:106DE00083801B9BC4F8D890C4F8C830002304F1FA
:106DF00090094846C4E934573D49A4F8E030C4F846
:106E0000C4A084F8DC80C4F8C04023F07BFBD4E944
:106E10002223384818F0BBFB0746002857D0D4E996
:106E20002223354818F0B3FB804600283CD0C168C7
:106E3000FF22D4F8D83010301DF089FC051E42DB4B
:106E4000022107A8F2F73AF9BDF81C30A4F8DE30A9
:106E500006B13380A368002B1EDB3D4655F80C2F8E
:106E60002846039218F036FC8246284618F032FC79
:106E70005346CDE9000800212046039A1DF026FE66
:106E8000002809DA48461DF0C9FD6FF001052EBB48
:106E90003846F1F7B1FA03E03846F1F7ADFA0025CC
:106EA0004046F1F7A9FA0AE048461DF0B7FD0EB1D9
:106EB000A6F800803846F1F79FFA6FF00B055846A8
:106EC0001DF0B6FD5DE748461DF0A8FDDFE748462A
:106ED0001DF0A4FD002EF0D03780EEE700233380B4
:106EE000D6E76FF01505EAE76FF00A05E7E700BFA0
:106EF000914A0400DC2300200C2400202DE9FF41EE
:106F00000F4616460446002866D000F170084FF080
:106F1000FF324FF0FF3340461DF07EFDB7B9002E23
:106F200053D03368002B52D01A880025012A25D16E
:106F30002288012A22D15A6863689A421ED14046AB
:106F40001DF076FD284604B0BDE8F0813D68002DB7
:106F5000E5D02846EAF794F802AA014628461AF036
:106F6000F8FF0028DBD0BDF80830039A012B05D1CB
:106F70002388012B02D163689A42D0D094F8E8109C
:106F8000012926D051B100233246CDE900333946DC
:106F90002046134BFFF788FB0546D0E7D4F8C430F2
:106FA00063B1D4F8D8304BB104F190056FF06400B0
:106FB0002A461DF017FD28461DF030FD2046FFF73C
:106FC0008BFA05460028DED0B9E73546B7E71D46FF
:106FD000B5E76FF00F05B2E76FF00105B2E700BF4C
:106FE000B4BF040000487047308C002000220349E1
:106FF000034B4A600B60FFF759BC00BFA8B00020EC
:10700000C27E05000148FFF7F1BF00BF308C0020B1
:107010000A2210B50446064B2920C3F8A4230C21EC
:10702000002218F010F92046BDE810401DF006BE01
:10703000006000400B2210B50446064B2A20C3F81E
:10704000A8230C21002218F0FEF82046BDE81040CD
:107050001DF0F4BD006000402DE9FF4705468A465B
:1070600091461F46D0F808801DF0E1FE044668B343
:1070700090F82060F30714D523490B6858070BD00C
:1070800094F8243001220393204B029300231846E6
:10709000CDE900331DF07BFE6FF0770004B0BDE852
:1070A000F0873B464A4651461DF081FE034680B9B3
:1070B00015490A68520709D094F8242000900392D9
:1070C000134ACDE9010201221DF061FE6FF01200AA
:1070D000E4E79DF8303026F00E0684F82590E7842A
:1070E00084F8283084F82060D8F8183021462846E3
:1070F0009847B0FA80F394F820205B0963F300020C
:1071000084F82020CAE700BFE42000203F7F05006C
:10711000597F05007FB5054686681DF088FE044648
:1071200048B390F8203013F0010312D113490A68D4
:1071300052070AD090F8242018460392104A009370
:10714000CDE9013201221DF022FE6FF0770004B07C
:1071500070BD0146F3692846984750B194F8203035
:1071600003F0010394F8202063F3000284F8202048
:10717000EDE70346F6E76FF01200E8E7E4200020B1
:107180007B7F05002DE9FF411646D0F808800546B3
:10719000D8F83C300F4698470022002331460E486D
:1071A000F1F7AAF80446A0B90C490B685B0708D0B0
:1071B0000B4B0122CDE901030396034600901DF01D
:1071C000E6FD2846D8F840309847204604B0BDE890
:1071D000F0810776F5E700BF9C240020E420002022
:1071E000967F050030B54D7E0469ED07D4F8800028
:1071F0000B7ED4F8A42085B010D53BBBC868C088EE
:10720000C4F8A8100AB1C4F8A43060B3CB681B78E6
:10721000DB090133C4F8A43005B030BDB3B9012A8D
:1072200023D0042A04D10A8A002AF3D00623F1E7E6
:107230000F490B685B07F9D00E4B01220293002324
:107240001846CDE900331DF0A2FDEFE7052A08D06E
:10725000022A04D180F0040303F00403DAE7032ACE
:10726000E6D10023D6E70323D4E70523D2E700BF06
:10727000E4200020B57F050030B503690446D3F84B
:10728000AC5085B005F5887105F1F80004F046F8BA
:107290000246A8B90146009040232046FFF7DCFED5
:1072A000024680B1174B1B68580709D0164B0122C4
:1072B0000293002313491846CDE900331EF0E9F983
:1072C0006FF004041AE00090402320468021FFF76D
:1072D000C3FE04460028E5D195F91901411C01D0EF
:1072E000F0F7C4FB95F91501421C01D0F0F7BEFB85
:1072F00095F91601431C01D0F0F7B8FB204605B004
:1073000030BD00BFE8200020D97F050030B50369FB
:1073100085B000210446D3F8AC50FFF7FBFE90B1D6
:10732000104B1B685B0709D00F4B0122029300230F
:107330000C491846CDE900331EF0ABF96FF0040498
:10734000204605B030BD20468021FFF7E3FE04460D
:107350000028E5D105F1F80004F0B2F80028EFD0DC
:10736000ECE700BFE8200020FB7F0500034610B5D6
:107370001A790069013A86B0052A1AD8DFE802F0C6
:10738000030A0D1610130022042106B0BDE81040B8
:107390001DF0C3BD00221146F7E700220121F4E7EA
:1073A00000220321F1E700220221EEE7002205215D
:1073B000EBE7002202AC04338DF8042093E80700C9
:1073C00084E807000022002301A9024812F094F883
:1073D00006B010BDD82200202DE9F04F044600224F
:1073E0000C21362089B017F02EFFD4F804B025699F
:1073F000DBF81C20D5F8AC60022A96F814211ED1C7
:10740000013A012A0BD80021DBF8000007AA1EF080
:1074100084FC071E76DA384609B0BDE8F08FAA4929
:107420000B685A0708D0A94B029300230122184683
:10743000CDE900331EF02DF96FF08507EBE7012A47
:107440005CD0A1490B685B07F6D0A14BECE798F83C
:10745000000002F03BFCD8F804209E49B0FBF2F893
:10746000DAF8002010460592E9F7F8FD059A0028A1
:1074700035D1994B98450BD0934C23685E07DBD0F0
:10748000964B0122CDE90103214603460090D1E746
:1074900049461046E9F7E2FD50B30137DBF8082012
:1074A0009742B0D2DBF8042052F827A0DAF8048023
:1074B000504622F0EBFB0028C9D183490B685F07D7
:1074C0000AD0DAF8003001220393854B0090CDE911
:1074D000010303461EF0DDF86FF012079BE74946F3
:1074E0001046E9F7BBFD0028D7D17E4B9845D4D094
:1074F00075490B685D079FD07B4B95E70027DFF848
:10750000F491CBE7079800220179006801F0A6FB0F
:10751000071E80DB05F1840022F0C1FD95F8802074
:107520004FF02C0922F0620242F0620285F88020BE
:1075300096F814214FF0400A022A01BF95F88020E6
:107540004FF4806842F0010285F8802018BF40F2B5
:10755000FF380025DBF80C20AA422AD800254FF07E
:107560002C094FF0400ADBF80C20AA426CD896F99F
:1075700019210027501C1FBF40F27F105B49C03209
:1075800041F8220096F91521511C1FBF6D20574963
:10759000C03241F8220096F91621531C1FBF6E20FD
:1075A0005249C03241F82200DBF818302046984793
:1075B00031E709FB05F2DBF814101144887F40F035
:1075C00040008877DBF814101144887F1DBB40F021
:1075D00001008877DBF814101144A1F81CA0DBF837
:1075E00014102046114481F82450DBF81410114483
:1075F0001DF039FC074628B333490B685C073FF49C
:107600000AAF3B4B0122029300231846CDE9003319
:107610001EF03FF8FFE640F004008877DBF8141016
:107620001144887F40F002008877DBF81410114481
:10763000887F40F008008877DBF814101144A1F827
:107640001C80CCE7013585E709FB05F2DBF810105B
:107650001144887F40F020008877DBF81010114437
:10766000887FCDB940F001008877DBF81010114415
:10767000A1F81CA0DBF8101065F07F00114481F820
:107680002400DBF81010204611441DF0ECFB0746E7
:107690000028B1D1013566E740F004008877DBF8B7
:1076A00010101144887F40F002008877DBF810103A
:1076B0001144887F40F008008877DBF810101144EF
:1076C000A1F81C80D6E700BFE82000201E8005003E
:1076D0005980050095800500006CDC029A80050049
:1076E0008580050000879303C2800500006000408C
:1076F000E5800500BB80050030B5036989B004460C
:10770000D3F8AC5000220023CDE906236FF0070325
:107710000122CDE9033200230090CDE901334FF47B
:1077200000722846054B064912F08AFC216828465B
:1077300009B0BDE8304012F0C7BB00BF457702007A
:10774000F8BE042004462DE98048DFF80CA27F4FE4
:107750008BB04FF0FF3205A94FF0FF337C4811F09A
:107760002BFF9DF81410012900F0A780022900F0DA
:10777000D9800029EDD19DF81830072B2ED0082B89
:10778000E7D19DF81D5023690A4620462946D3F8C3
:10779000ACB09DF81C90DDF820801DF059FB294607
:1077A00020461DF09FFB06460028D2D0B9F1000FFD
:1077B00011D12B064FD51DF0A7FB002858D030461D
:1077C0001DF0A6FB4B464A4629460BF1F80004F093
:1077D00035F80028BDD06FF0040247E008222046AB
:1077E0001DF0F2FC054660B958490B685A07B0D045
:1077F000584B0122CDE90103009003461DF049FFDB
:10780000A7E71DF07AFB082207A905F10C0017F085
:1078100025FF20462946FFF7E5FC20461DF00BFE1C
:1078200068B1EB682046D9881DF0EBFE10F10C0F13
:1078300002468ED1294620461DF07BFB89E7204673
:107840001DF000FE18B120461DF0A9FD81E720467D
:107850001DF0CBFD7DE7294620461DF01BFB414670
:1078600006460C3085B117F0F3FE00223146E2E700
:10787000294620461DF00EFB802D0646F5D1014617
:1078800020461DF0E4FE64E717F0E2FE20461DF0FE
:10789000E0FD18B1314620461DF0C6FD20463146B8
:1078A000FFF7A0FC20461DF0DBFD00283FF451AFA0
:1078B000314620461DF04DFD4BE79DF824502369CD
:1078C00029462046D3F8AC801DF0BAFA00287FF490
:1078D00040AF294620461DF005FB064600283FF430
:1078E00038AF2906C2684CBF338A738A294608F12B
:1078F000F80003F0A3FF78B13B685B0709D00023D1
:10790000012239461846CDE902A5CDE900331DF024
:10791000C0FE6FF06E02A9E70122294620461DF045
:1079200097FA16E7236980212046D3F8AC601DF052
:10793000B1FA054600283FF40CAF002380211A4617
:1079400006F1F80003F07AFF294699E7E8200020C5
:10795000D8220020018105001E81050030B50D46AA
:10796000144687B01422002101A823F0E0FA214632
:1079700028461DF0C0FA95F82430802B8DF814307D
:107980000FD1238A002B14BF012302238DF804306A
:107990000022002301A9044811F0AEFD002007B029
:1079A00030BD0123F2E700BFD822002068B161B1E9
:1079B0000A68074B496853F82200012203688A408D
:1079C00023EA02030360002070476FF01500704740
:1079D000C423050060B159B10A68074B496853F8E0
:1079E0002220012310688B4003431360002070475E
:1079F0006FF01500704700BFC4230500002903691C
:107A00000ADC1B6813B10020136070474368996853
:107A1000034BB3FBF1F3F6E76FF01500704700BFBF
:107A200000CA9A3B7FB50BAB05930393054B02222B
:107A3000029300231846CDE90033ECF7D5FB07B0DD
:107A40005DF804FB4282050008B5074822F01EF9E4
:107A500038B10648F0F718F90448EBF72FFF00207B
:107A600008BD6FF01200FBE7BCBB0400717A020096
:107A70000A2838B50446074D04D1AB680D212846C5
:107A80005B689847AB6803485B68E1B2984720465B
:107A900038BD00BFBCBB0400C368054A1A4205D00C
:107AA0000369186900F5DD6011F0E4BE704700BF9E
:107AB0000000070170B5002440F26F12134B0669F5
:107AC0001C70134B88B0C3F8CC23054622460C210A
:107AD000332017F0B8FB00220023CDE906236FF016
:107AE0000D0340F2DC52CDE9024306F11001094BCF
:107AF000CDE90054049406F5BE6012F0A1FA3320DB
:107B0000EFF7B4FF204608B070BD00BF000D08407D
:107B100000600040C97B0200F0B5044685B0002833
:107B200045D00368002B42D01E6806223569032326
:107B3000291D776819F0FFFD2B6803B92C602046DA
:107B400005F5E064F8F74CFE2046396806F0B4FA13
:107B500060B118490B685A0708D0174B01220293ED
:107B600000231846CDE900331DF010FE00233246F5
:107B7000204612491FF024F860B10E490B685B07DC
:107B800008D00F4B0122029300231846CDE90033A1
:107B90001DF0FCFD786883689B6813B13246094983
:107BA0009847286805B0BDE8F0401AF003B80023F4
:107BB0001B69FFDE68200020CA820500997A020056
:107BC000F3820500AD5704002DE9F04F06464FF44F
:107BD0007A7A4FF0000BD0F810802D4F2D4D87B0E2
:107BE00041F28832002308F5DD6011F07DFE044685
:107BF0000028F5D1D6F810900590394605AA09F568
:107C0000E0601FF04AF880B1B0F57A6F0DD02B68B4
:107C10005907E5D0204B0122CDE9014329462346EF
:107C2000204600941DF0B2FDDAE70023D9F80000E9
:107C30001A46CDE900AB0599FBF7A8F9044650B9FF
:107C40002B685A07CCD0154B0122CDE901032946F8
:107C500003460090E6E73946059A1BF08DFA80B19D
:107C60002B685B0709D00E4B0122029300232946A3
:107C70001846CDE900331DF089FD20461BF02BF896
:107C8000AEE72146A06919F006FC0028A8DAF4E75F
:107C9000D3DF002068200020238305003A830500FD
:107CA000558305000346002208462DE9F043D3F82A
:107CB00010808E6885B096B9DFF8689097B23A4622
:107CC00049461BF0FDF8054668B115490B685B078E
:107CD0001CD14FF0FF35284605B0BDE8F083338A4C
:107CE00076681A44E7E73B2F07D8C7F13C0209EB57
:107CF0000700314623F01BF93C273A46094908F5AD
:107D0000E0601EF08AFF0028E5D0DEE7064B012286
:107D1000029300231846CDE900331DF037FDD8E764
:107D200068200020E9D90020828305002DE9F04376
:107D3000074650F8105C8BB000F1340400264FF079
:107D4000FF324FF0FF33204611F0CEFDD5F80490FE
:107D50000121484608AAD5F81080ADF81C60ADF89E
:107D60001E60ADF82060ADF82260ADF82460ADF87B
:107D700026601DF098FDB042C0F2D380BDF82020EF
:107D800098F8411002F00403C2F38002914200F01F
:107D9000C88088F8412003BB64490A6802F00702E2
:107DA000022A0ED8204611F065FD28461DF01FFE60
:107DB00041F28832002338460BB0BDE8F04311F0A1
:107DC000E9BF99F8002018460392594A0093CDE97B
:107DD000013203221DF03FFDE4E70421686807AA91
:107DE0001DF061FD0028C0F29C80314668680DF1ED
:107DF0001E021DF058FD0028C0F29380BDF81E2021
:107E0000314622F4806242F4905292B26868ADF832
:107E10001E201DF02FFD0028C0F283802926013E80
:107E20007FD000214FF47A7022F079FC012168683C
:107E300008AA1DF038FD002873DB0121686808AA34
:107E40001DF031FD00286CDBBDF820309B06E6D527
:107E5000052168680DF122021DF025FD002860DB78
:107E600098F85C30EBB10921686809AA1DF01BFD88
:107E7000002856DB0A2168680DF126021DF013FD6B
:107E800000284EDBBDF8263098F85C209B08ADF842
:107E9000263032B1BDF8242013409E0537D4D805D2
:107EA00037D4BDF82220BDF81C301340D90532D498
:107EB0001A0632D413F0400F14BF022301231B4AC9
:107EC00088F84030126802F00702022A7FF66AAF93
:107ED00013F0300F99F8001021D1164813F00C0F51
:107EE000154A08BF0246154813F02A0F144B18BF55
:107EF0000346CDE90423134B03910293002303228D
:107F00001846CDE9003309491DF0A5FC4AE72023B6
:107F1000D5E71023D3E70823D1E70423CFE70A4AA4
:107F2000E1E7204611F0A6FC42E700BFA0200020B8
:107F3000E2830500027F050095850500D8830500D2
:107F4000DD830500F3830500D38305002DE9F041AF
:107F500004464768056988B0012205F144001146CE
:107F600022F0AFF900232C606B60BE7866B17A68AE
:107F70004B4B53F8223085F84030012385F84130CF
:107F8000002008B0BDE8F08185F84160B8688368DA
:107F90001B6803B198477978E1B94FF400426068F3
:107FA0001DF068FC002815DB4FF00D08B8F1010842
:107FB00010D000214FF4FA7022F0B1FB002160686C
:107FC0000DF11E021DF06FFC002803DBBDF91E3011
:107FD000002BEBDB022160680DF11E021DF063FC3B
:107FE000002832DB032160680DF11E02BDF81E80FF
:107FF0001DF059FC00284FEA084826DBBDF81E306A
:10800000284943EA08030A68581C02F007020ED107
:1080100052B13B7801220393234B0293002318466D
:10802000CDE900331DF017FC6FF01500A9E7022A17
:108030000BD904933B78032203931C4B0293002338
:108040001846CDE900331DF006FC0121606807AA3F
:108050001DF029FC00280FDA012685F85C603F211D
:10806000103520461DF034FC2846114922F04AFA0A
:108070002846FFF75BFE83E7BDF81C30DB05ECD537
:108080000F2160680DF11E021DF00DFC0028E3DBDE
:10809000BDF81E6006F44056003E18BF0126DCE71E
:1080A0009C240500A02000201884050033840500CE
:1080B0002D7D020001780122024B09B91A70704728
:1080C0005A707047BDE5002010B504690C4B20794B
:1080D000012807D1E468A4091C6040245C6010609A
:1080E0000B6010BD4FF4005008244FF03E0CC3E964
:1080F00000404FF40040C3E902C00220EFE700BF98
:10810000D4B4002010B5302231240B4B2046C3F8E4
:10811000C4430121C3F8C823002217F094F80022B9
:108120000121322017F08FF82046EFF79FFCBDE8C1
:1081300010403220EFF79ABC0060004010B504698F
:10814000084821F0A3FD48B10020A36803F178425C
:10815000534253412371044B236010BD6FF0120052
:10816000FBE700BF08BB0400601400202DE9F843C2
:108170000469904620461A4689461F461DF09DFC1C
:10818000002848D0002F3AD023792568C3B9EFF3EF
:108190001186102383F31288BFF36F8FA2683B46CA
:1081A000414628464A441EF055F92379B8B18BB9A7
:1081B00086F31188BFF36F8F6FF00400BDE8F8837A
:1081C0004FF0FF324FF0FF3305F1440011F08CFB0C
:1081D0000026E3E705F1440011F04CFBECE7012B2E
:1081E00007D195F85C308BB10C4F7B784BB10023F5
:1081F0007B70237953B986F31188BFF36F8F00200A
:10820000DCE70021012022F08AFAEEE705F14400C4
:1082100011F030FBF3E76FF01500CFE7BDE500206C
:108220002DE9F84F0669804630468B46144637687C
:108230001DF043FC18B96FF01500BDE8F88F002A57
:1082400066D0DFF8ECA05946524640461DF018FCB7
:1082500005460028EFD1DAF80090D945EBD1337903
:10826000DFF8C4B04C4413BBB4F5001F24D146233F
:10827000CBF80830DBF80820DAF80840141B47D0A8
:1082800033793BBBEFF31185102383F31288BFF3DF
:108290006F8FB16822463846494402F087F8337937
:1082A00030B303BB85F31188BFF36F8F0FE0B4F5D4
:1082B000005F01D18023DBE71B4A214640461DF0C9
:1082C000DFFB0028B7D1DBF800309C42D2D06FF042
:1082D0000400B2E74FF0FF324FF0FF3307F14400E4
:1082E00011F002FBD5E707F1440011F0C3FAEEE705
:1082F000012B07D197F85C308BB10C4C23784BB134
:1083000000232370337953B985F31188BFF36F8F3E
:10831000002092E70021012022F001FAEEE707F1A8
:10832000440011F0A7FAF3E7BCB40020BDE500203B
:10833000C8B400202DE9F04302F44033B3F5403FC8
:1083400080460E461446476889B000F0878012F0D8
:10835000200540F083803B7DFF2B17D06FF012008B
:108360004FF0010C07F11303C01B5A78591C002A67
:108370006CD1012001F002FD3D4A012092F8BB348E
:1083800023EA050382F8BB3401F0CCFC14F4003579
:1083900018BFC4F3C0453B7918BF45F0040560071A
:1083A00048BF45F0400503F00F03E10643EA06131A
:1083B00048BF45F0100562028DF8043024D53146DF
:1083C000D8F804001DF010FC8146002849D0006850
:1083D00021F05CFC002847D03B79CDF80C808DF86B
:1083E000103004F0C063059304F0B0730693214B82
:1083F0008DF811600793D9F8000003A91CF032FC36
:10840000002820DB45F48045A30212D5D8F80400EB
:1084100031461DF0E9FB804618B3006821F036FCB8
:1084200010B332463979D8F800001CF062FC25F40C
:108430008045A40004F440642C430022012101A8DB
:10844000029400F00BFC09B0BDE8F083B24202BF19
:108450001B180CFA03F31D430B4686E76FF08500EB
:10846000F1E76FF01500EEE76FF00A00EBE700BFF1
:1084700000E001401B5C040030B40F2944681AD8A6
:1084800024790F4D01EB041455F824501A4315F0CC
:10849000040F14BF4FF400344FF4803415F0400F34
:1084A00018BF44F00404ED0648BF44F01004224312
:1084B00030BCFFF73FBF6FF0150030BC704700BF06
:1084C00000080840102928BF102110B50C460A46A4
:1084D000024922F005FD204610BD00BF9081000139
:1084E000782208B5164B0121C3F86C247922C3F811
:1084F00070247A22C3F874247B225B20C3F878248A
:10850000002216F0A0FE002201215C2016F09BFE46
:10851000002201215D2016F096FE002201215E203E
:1085200016F091FE5B20EFF7A1FA5C20EFF79EFAC0
:108530005D20EFF79BFABDE808405E20EFF796BAA2
:10854000006000402DE9F04F90ED047B87B08DED89
:10855000007B90ED067B8DED027B0E463349344C5B
:10856000096A24681746D0F820B08268C1F3026017
:108570008440C1F302219A46109DCC40002B51D17A
:1085800002F1030824FA0AF406EB4800B0FBF4F009
:10859000E7F782FF02460B46CDE90423DDE900231D
:1085A000E7F73EFEDDE90223E7F73AFE02460B4617
:1085B00000202049E8F714F9E8F7C0FA286007EB33
:1085C0000800B0FBF4F0E7F767FFDDE90023E7F709
:1085D00027FEDDE9002380468946DDE90201E7F751
:1085E0001FFEDDE90423E7F71BFE02460B4640466B
:1085F0004946E8F7F5F800220F4BE7F7C7FFE8F721
:108600009DFA5845C5E9010A8CBFA0EB0B00ABEB06
:108610000000B0FBFBF0F61B2F61EE60686107B055
:10862000BDE8F08F02F10208ACE700BF00E00140B6
:10863000B49100200000F03F000059402DE9F043C4
:108640000D469946144687B01AB307690E460120B5
:108650000B7A43F004030B728442317A2BDD327DB6
:1086600082EA0103DB0718D512F0040315D157493C
:108670000A6855070BD0564ACDE904040392554ABF
:10868000029201221846CDE900331DF0F9FA6FF08D
:108690000404204607B0BDE8F08389070ED54B4996
:1086A0000B685A07F3D04A4BCDE9040403934A4BB5
:1086B00002930023E5E741F0020131720130A0424C
:1086C00006F10C06C8DD07F168084FF0FF324FF0E5
:1086D000FF33404610F0D4FFD7F89C30494613F0E2
:1086E000080F0CBF0122022238461DF0F3FE07F1ED
:1086F0007C09287A012C00F00100D5E9001207D08E
:108700002B7DC3F3800328B938461DF004FF04E035
:10871000E0B1002338461DF037FF064668B32B4909
:1087200008280B6803F0070312D0172816D153B19D
:10873000274B0393294B0293002301221846CDE9CE
:1087400000331DF09DFA6FF004043BE00346DBE7C5
:10875000002BF8D01E4B0393214BECE7002BF2D0FB
:108760001B4B012203931F4B049002930023CDE97E
:10877000003318461DF084FAE5E74FF0FF324FF062
:10878000FF33484611F0B0F897F89420012A13D12E
:108790000E490B685B07D6D02B7A134813F0010FF4
:1087A000124B18BF03460493094B00960393104BDA
:1087B000CDE901633346DCE7013C14F0FF0405F129
:1087C0000C0596D1404610F0D3FF62E7D020002080
:1087D000868905003B8705009D870500FB8705000E
:1087E0005D880500978805003087050035870500FE
:1087F000B68805002DE9F04F90ED067BD0E90467BF
:108800000C469FB08DED087B036A84490693914620
:10881000834B844A8C428246D0F808801B6A1268D7
:1088200005D081498C4202D080498C4266D1C3F385
:1088300002618A40C3F3022322FA03F308F1010B19
:108840000B934FEA4B0307930CAB182200211846F9
:1088500022F06DFB5A460023079900905046FFF71F
:1088600071FE08F1030320460A93E7F715FE02465E
:108870000B4600206E49E7F7B3FFDDE90823044605
:108880000D4630463946E7F7CBFC02460B462046FC
:108890002946E7F7C3FC0026CDE908010B9B23FA24
:1088A00006F0E7F7F9FDDDE90823E7F76FFE0A9B1D
:1088B000044658000D46E7F7EFFD02460B462046FA
:1088C0002946E7F7ABFC41EC100B14F075F951ECBD
:1088D000100BE8F733F93E28054602D8079B834280
:1088E00025D90136082E1CD10F9B89F80230109B28
:1088F00089F801300E9B89F800300FE04D490B6874
:108900005B070BD04C4B012203934C4B0494029316
:1089100000231846CDE900331DF0B2F91FB0BDE8C1
:10892000F08F012E04BF08F102030A93B6E7069BFD
:10893000182200FB03F46423B4FBF3F412AB5C4590
:108940004FF00001184638BF5C4622F0F0FA33467B
:108950000090224629465046FFF7F4FD139F069BE0
:10896000BB4210D3069BBB4231D8DDE9152313432C
:108970001F2BB6D80CAC12AD0FCD0FC495E8030079
:1089800084E80300B0E7013CA345EBD82B1B1F2B69
:10899000E8D81822002118A822F0C9FA18AB2246FC
:1089A0000093294633465046FFF7CCFD1D9A179B8E
:1089B0009A42D7D20DF1480C0DF1600EBEE80F00BF
:1089C000ACE80F009EE803008CE80300C7E7013421
:1089D000A542CAD31F2CC8D82B1B9B45C5D818222B
:1089E000002118A822F0A3FA18AB224600932946CA
:1089F00033465046FFF7A6FD1D9A179B9A42B4D204
:108A00000DF1480C0DF1600EBEE80F00ACE80F0050
:108A10009EE803008CE80300A4E700BF801A06006C
:108A200000E00140B491002040420F00A086010008
:108A30000000F03FD020002053890500C5880500C4
:108A4000F0B5466889B0076905460021706807AA35
:108A50001DF063F9041E07DB079B002219791868D3
:108A600000F0FCF8041E11DA28490B6858070AD0F8
:108A7000274B01220393274B029300231846CDE98D
:108A800000331DF0FDF8204609B0F0BD07F1680085
:108A900021F005FB0122002107F17C0021F011FCEF
:108AA0007B6C1D4A934205D01C4A934202D01C4A5B
:108AB000934217D1194607F197026868FFF79AFEAB
:108AC000012387F8953087F8963007F195037B6688
:108AD00007F14001384601F081FF28463368984786
:108AE0000024D0E709490A68520702D16FF08504D3
:108AF000C9E70493064B012203930A4B0293002318
:108B00001846CDE900331DF0BBF8EFE7D020002078
:108B100043890500E4880500801A060040420F00E2
:108B2000A0860100C588050030B511F010030D4680
:108B3000046987B00FD120490A68500707D01F4A3F
:108B40001846CDE90132009301221DF099F86FF02B
:108B5000040007B030BDC1F34203022B14D0032B35
:108B600025D0012B25D014490A685207EFD0049371
:108B7000134B01220393134B029300231846CDE9B4
:108B800000331DF07DF8E2E70F49616404F19702BC
:108B90004068FFF72FFE204601F05CFF204604F1FD
:108BA000400101F01BFF0020C4F89C50D1E70749A9
:108BB000EBE70749E9E700BFD0200020FF88050068
:108BC000718905001F890500801A060040420F00C8
:108BD000A08601007FB50BAB05930393054B0122E3
:108BE000029300231846CDE90033EBF7FDFA07B0F6
:108BF0005DF804FBD089050030B5436887B005698E
:108C00000021186805AA1DF088F8041E1EDB059BCC
:108C100000221979186800F021F80446B0B905F16E
:108C2000140105F12C0005F0F9F960B109490B6850
:108C30005B0708D0084B0122CDE9014320462346BB
:108C40000094FFF7C7FF284621F029FA204607B015
:108C500030BD00BFD4200020D089050070B5EFF3EF
:108C60001085012383F31088174B1C681CB9174A21
:108C7000D4704024D4701A6801321A6085F31088C9
:108C8000134E00EBC101884213D1EFF31081012292
:108C900082F310881A6812B11A68013A1A601A68C9
:108CA0001AB90A4BDA708022DA7081F3108800203A
:108CB00070BD0478456804F00F02120102EB141233
:108CC00046F822500830DEE7B0910020000D084041
:108CD0000008084010B501291446006988B010D971
:108CE0000D490B685B0708D00C4B0122029300234F
:108CF0001846CDE900331DF023F86FF0150008B0D9
:108D000010BD05A902F092F918B9069BC4E900301C
:108D1000F5E76FF00400F2E7C0200020278A050085
:108D200070B54668056986B0306820F0AFFF03462D
:108D300078B927490A68540706D0264A0090CDE939
:108D4000010201221CF0FCFF6FF01204204606B065
:108D500070BD314651F8040B83681B688BB198478E
:108D6000041E11DA1A490B685A07EFD01A4B039404
:108D70000293002301221846CDE900331CF0E0FFE6
:108D8000E4E76FF05704EDE70021F06805AA1CF056
:108D9000C4FF041E07DB059B002219791868FFF742
:108DA0005DFF044630B10A490B685B07CED00B4B20
:108DB0000394DDE705F140032846EB6305F120014C
:108DC00002F04CF8002818BF6FF00404BEE700BFA3
:108DD000C02000204D8A05006C8A05008C8A0500A1
:108DE000F0B501290E4617461D46046985B010D915
:108DF00035490B685C0708D0344B012202930023ED
:108E0000CDE9003318461CF09BFF6FF0150005B04C
:108E1000F0BD227C012A0CD1B7F5803F09D32A4945
:108E20000B685807F1D02A4B02930023CDE9003399
:108E3000E8E7012396BB84F84030E16BBDF82830A9
:108E4000886BDB07A26848BF7D1BF8B90B783BB184
:108E50004B78180140EA831040F4847040F0010020
:108E60008B785BB191F803C04FEA0C1343EA8C1383
:108E700040EA034343F0847040F4803091F821309D
:108E800091F820C05B0743EA4C33184350632046F7
:108E90001DF09CFB28B16FF00400B8E784F8423065
:108EA000CBE7394620461DF09BFB0028F3D1324624
:108EB000294620461DF0E7FB0028ECD120461DF096
:108EC0008AFB0028A3D0E6E7C0200020278A0500FF
:108ED000B28A05007FB50BAB05930393054B0122C6
:108EE000029300231846CDE90033EBF77DF907B074
:108EF0005DF804FB398B0500F0B5446885B0054684
:108F00001CF041FFA06A30B90021284605B0BDE839
:108F1000F0401CF0B1BF20F0B9FE034688B91449F7
:108F20000A68520709D0A26A126800900392114A97
:108F3000CDE901020122FFF7CDFF6FF0120005B06D
:108F4000F0BDE38DA06A94F82C1043F400320124A4
:108F5000066913F0010F336804FA01F414BF2343C8
:108F6000A343876833603B6898470028CCDAE6E77C
:108F7000CC200020398B0500036993F94730002B82
:108F800008DB0122590903F01F0302FA03F3024A26
:108F900042F82130704700BF00E100E0036993F917
:108FA0004730002B0DDB01215A0903F01F039940C4
:108FB00002F12003034A42F82310BFF34F8FBFF39F
:108FC0006F8F704700E100E010B50469636F0BB16B
:108FD000A16F984794F94130044AC03352F82310E6
:108FE0006FF3104142F8231010BD00BF0060004035
:108FF00010B50469636F5BB1A16F984794F9433072
:10900000044AC03352F823106FF3104142F8231082
:1090100010BD00BF0060004010B50469636F5BB114
:10902000A16F984794F94530044AC03352F8231091
:109030006FF3104142F8231010BD00BF00600040E4
:1090400010B50469636F5BB1A16F984794F947301D
:10905000044AC03352F823106FF3104142F8231032
:1090600010BD00BF0060004070B504460E461546B6
:10907000012141F28832006801F020F8002832D145
:109080002379042B2FD8DFE803F00403040C0C0031
:109090000323B3706379032B25D8DFE803F00217AD
:1090A00002056FF0850070BD0123F370A379042BD6
:1090B00019D801A252F823F0A3900200A390020055
:1090C000F1900200D1900200ED9002000023ECE745
:1090D0000223737008232B72E279012A0BD009D97D
:1090E000023A012ADDD96FF01500DCE70023F0E732
:1090F0000323EEE7002300202B73A873D3E700BF00
:109100002DE9F8430E4604690A462346014604F158
:109110003C09154814F060FA4946304604F17003E2
:1091200004F15C02FFF7A0FF054601460F4814F06A
:1091300053FA95B904F10408404600F091FE4946FF
:109140000746404600F0BCFE074309D1084814F02A
:1091500043FA336863637368A3632846BDE8F88302
:109160006FF00405F9E700BF838B0500A48B0500B1
:10917000BA8B05004FF4DB72194B10B5C3F82824E5
:1091800040F2B712C3F82C244FF4DC72C3F8302439
:1091900040F2B9120446C3F83424012100224A20C7
:1091A00016F051F8002201214B2016F04CF8002255
:1091B00001214C2016F047F8002201214D2016F025
:1091C00042F84A20EEF752FC4B20EEF74FFC4C20C1
:1091D000EEF74CFC2046BDE810401DF037B800BF4C
:1091E000006000404FF4CF72194B10B5C3F8502304
:1091F00040F29F12C3F854234FF4D072C3F858239F
:1092000040F2A1120446C3F85C230121002214207D
:1092100016F019F800220121152016F014F800228A
:109220000121162016F00FF800220121172016F058
:109230000AF81420EEF71AFC1520EEF717FC16209A
:10924000EEF714FC2046BDE810401CF0FFBF00BF45
:10925000006000404FF4D272194B10B5C3F8602380
:1092600040F2A512C3F864234FF4D372C3F8682305
:1092700040F2A7120446C3F86C23012100221820F3
:1092800015F0E1FF00220121192015F0DCFF00227A
:1092900001211A2015F0D7FF002201211B2015F013
:1092A000D2FF1820EEF7E2FB1920EEF7DFFB1A20C1
:1092B000EEF7DCFB2046BDE810401CF0C7BF00BF46
:1092C000006000404FF4D572194B10B5C3F87023FD
:1092D00040F2AB12C3F874234FF4D672C3F878236C
:1092E00040F2AD120446C3F87C23012100221C2069
:1092F00015F0A9FF002201211D2015F0A4FF002276
:1093000001211E2015F09FFF002201211F2015F0D2
:109310009AFF1C20EEF7AAFB1D20EEF7A7FB1E20EC
:10932000EEF7A4FB2046BDE810401CF08FBF00BF45
:10933000006000404FF4D872194B10B5C3F8802379
:1093400040F2B112C3F884234FF4D972C3F88823D2
:1093500040F2B3120446C3F88C23012100222020DE
:1093600015F071FF00220121212015F06CFF002271
:109370000121222015F067FF00220121232015F092
:1093800062FF2020EEF772FB2120EEF76FFB222018
:10939000EEF76CFB2046BDE810401CF057BF00BF45
:1093A000006000402DE9F041436888B00569002164
:1093B000186807AA1CF0B1FC00281FDB079B0022DD
:1093C00019791868FFF74AFC002817DB0126AC68FA
:1093D000D5E9023203EBC2039C4204D328461CF0B9
:1093E000C3FF00200AE0206820F050FC0346A8B923
:1093F0001B490A68550704D16FF0120008B0BDE898
:10940000F081227904922268126800900392154A32
:10941000CDE9010201221CF064FFEDE7206821790B
:10942000E388D0F810C0DA07DCF8007054BF43F4CA
:10943000B01383F4D01323F4801206FA01FEDB0785
:10944000D0F808804CBF47EA0E0727EA0E07CCF891
:109450000070D8F8003098470028CFDB0834B7E711
:10946000C8200020598C05002DE9F04F81460E469A
:109470001F469046046989B00AB9002B3BD0B388D7
:109480009D043CD44FF0FF324FF0FF3304F1100045
:1094900010F02AFA6660D9F810502B689E4200F04E
:1094A000B080AB6E1BB105F1680001F03BF8B6F976
:1094B0000430B288002BC0F2318202F0010285F83C
:1094C000A120B388C3F3400385F8A330B38813F019
:1094D000040324D122B344490A68500716D16FF01F
:1094E000150723689B8813F4005304D1636004F1CB
:1094F000100010F0BFF9384609B0BDE8F08FA3693D
:10950000002BBFD163689E42BCD1C4E7374A1846DE
:10951000CDE90132009301221CF0E3FEDFE70122D6
:1095200085F8A220B388C3F3001385F8A530B3886B
:10953000C3F3803385F8BE30B38813F001032BD119
:10954000DFF8A4A0DAF8002002F00702022A0AD904
:10955000326851460392264A1846CDE901320093FB
:1095600003221CF0BEFE306805F1C30101F024F9AE
:1095700090B1DAF80030590702D16FF00407B0E774
:109580001C4B012202930023CDE9003316490390BE
:1095900018461CF0A6FEF0E7002385F8BD30B3683E
:1095A000E3B1012385F8BC3005F1BC03C5F8B83040
:1095B000114B05F19801C5E92C3905F1680000F05F
:1095C000E3FFE8B108490B685A07D6D00B4B0122DC
:1095D000029300230390CDE90033D9E785F8BC302E
:1095E00085F8BF30E0E700BFC82000207D8C050073
:1095F000918C05009F8C050095630400C08C0500CC
:109600002E60B3882268C3F34513013BDB080133A6
:10961000DBB284F864309588266FC5F34515013DAB
:10962000EDB2B8F1000F40F0C080C4F844800022D1
:10963000A26404F14402059204F14802069204F186
:1096400058084246DDE9050107931CF034FE079BEC
:109650006065002F40F0B280E764002204F14C09FD
:1096600004F1500A04F1600B5146226548465A46FF
:109670001CF021FE0027E0653A46012120462764C0
:109680001CF052FE337867F341033370A26D1AB9B0
:10969000337862F341033370236E1BB9337843F0A0
:1096A00002033370F37A0F2DDBB240F28E80013566
:1096B00023F04003AD0843F02003053DDBB2F37215
:1096C000338A9BB243EA05239BB23382337843F05B
:1096D000400333702368256F9B88C3F34517013F10
:1096E000DB07FFB200F19680626D002A78D0A36D8F
:1096F00023B194F86430022B6ED91368EA7890068F
:10970000FCD50F2F6ED96B60A26D94F864308AB1CE
:10971000013AA265002A6CD1DDE90501626C07936C
:1097200008326264A26C013AA26442461CF0C3FD96
:10973000079B60652A78910721D4EA78D209FCD08A
:109740000F2F5CD96A68E16D21B1206E10B1022B38
:109750005CD90A60226E94F86430216D7AB1013AC6
:109760002266002A40F0AE80E26C01390832E264E1
:1097700021655A46514648461CF09DFDE065002291
:109780001346A06C834240F0A48000231946256D47
:10979000A94240F0A5809A42A16D80F0A8800029DE
:1097A00098D1236E002B95D1A4E0D8F800206264F4
:1097B000002A3FF43CAFD8F8042039E73A68E26465
:1097C000002A3FF44AAF7A6848E7072D94BF43F078
:1097D000400323F0600371E70CBF138813788DE713
:1097E00013468BE7072F95BFDBB29BB22B71AB8083
:1097F0008AE7626D002A9DD01A4462659AE7072FB6
:1098000095BF2A79AA88D2B292B29CE70CBF0A808F
:109810000A709FE7EB789A0644D5636D002B41D020
:10982000A26D002A3ED094F86420022A29D91B6830
:109830000F2F2AD96B60A26D94F864307AB1013A87
:10984000A265002A28D1DDE90501626C0832626454
:10985000A26C013AA26442461CF02DFD6065EB78D3
:10986000DB098CD0E26D002A89D0236E002B86D0D4
:109870000F2F1CD96B6894F8641002291ED913604D
:1098800068E70CBF1B881B78D2E7072F95BFDBB2B8
:109890009BB22B71AB80CEE7626D002ADFD01A44F9
:1098A0006265DCE72B786FF345132B70D7E7072F42
:1098B00095BF2B79AB88DBB29BB2DCE70CBF138082
:1098C000137047E7E26D002A3FF459AF1A44E2658E
:1098D00055E7616C01EBC301496801330A4451E764
:1098E000E06C00EBC10040680131034450E70029FF
:1098F0007FF457AFF378C3F340079B07FAD433786C
:109900003A4667F386133946204633701CF00CFD47
:10991000276404F128000FF0ADFFE2E56FF0850742
:10992000DFE500BF4FF0E02310B50F499C691A69CD
:1099300008689B690D4902F4803234B993B9034633
:109940004AB90A681044C01A10BD002B08BF03466C
:109950000AB9A342F5D90A6802440A604FF0E0222E
:109960001269EEE70446F3E7A8B50020A4B500208D
:1099700010220A4B002083F8232044F62062084B73
:109980001A60084B44F61F6218604FF0E0235A61DA
:1099900098611A6942F007021A61704700ED00E011
:1099A000A8B50020A4B50020684620F007018D4628
:1099B00019B5FFF7B7FF1149114B0868D3E9004209
:1099C000001942F10002C3E9000200230B6044F6D3
:1099D00020630C4AD2E90041001BB0FBF3F0434383
:1099E0001B1941F10001C2E9003111F0CBF9EDF78B
:1099F00041FCBDE819408546704700BFA4B5002072
:109A0000888D0020808D00202DE9F041DFF8F08066
:109A100099B1421C0BD14FF0E022136923F00103EE
:109A200013614FF07F43C8F80030BDE8F081D8F8EB
:109A30000060012807DC00270BE0431CD8F8006019
:109A4000F7D140F2453040F246339842A8BF18465D
:109A5000471EEFF31185102383F31288BFF36F8F36
:109A6000FFF760FF4FF0E023214C9969D4E9002310
:109A700080184FF0000243F10003C4E900031D4BBE
:109A80001A601D4B1A68831A2ED444F6206C0CFB06
:109A9000073303F59C431F33B3FBFCF7131A40F263
:109AA000E2420CFB0733934238BF1346134A9342FA
:109AB00028BF13464FF0E022C8F80030013B906900
:109AC0005361002381429361A1EB000338BF9B19CE
:109AD000D4E900125B1842F10002C4E9003285F3B8
:109AE0001188BFF36F8FA0E740F2E243E2E700BFC7
:109AF000888D0020A4B50020808D0020A06EFF007E
:109B0000A8B5002038B5EFF31185102383F3128830
:109B1000BFF36F8F084B1C68084B1B68E41AFFF7F4
:109B200001FF85F31188BFF36F8F44F62063204453
:109B3000B0FBF3F038BD00BF888D0020808D002081
:109B400038B5EFF31185102383F31288BFF36F8FBD
:109B5000044B1C68FFF7E6FE85F31188BFF36F8F97
:109B6000204438BD888D002010B5EFF311841023F8
:109B700083F31288BFF36F8FFFF7D4FE054AD2E953
:109B80000031C01841F1000184F31188BFF36F8FD9
:109B900010BD00BF888D0020064B93F826101A6A6E
:109BA000054BC2F3026253F82130D340034A1360DD
:109BB000704700BF00E0014028D20120B49100208E
:109BC0004AF2035208B5384BA3F8FE230123374A63
:109BD000A2F80431B2F8040180B20028FAD10123BE
:109BE000A2F80031324ADFF8E0C093601360314BD5
:109BF000314A3249C3E900C24FF40042C3E90221AD
:109C00001A612F4A5A61FFF7C7FF0922264B83F8D2
:109C1000130483F8A22093F880241AB993F88124BE
:109C200091073BD093F8802452B90121C82083F8D2
:109C3000801400F051F81C4A92F88034012BFBD1BB
:109C40000022194B83F8812483F880240022164BCC
:109C500083F8322093F83C201207FBD543F202121E
:109C60001A850022104883F82A2090F83C309B0681
:109C7000FBD503220D4B83F81C21124B03620523F5
:109C800080F82630FFF788FF012380F8303080F815
:109C900052304FF42543A0F8FE3308BD4FF47A70DC
:109CA0001CF097FBD2E700BF00E0014000C001407C
:109CB0000070004028D2012000127A0000366E01A8
:109CC00000C2EB0B21120120002D3101014B53F892
:109CD0002000704728D2012010B4104B104A1B6896
:109CE0004843B2FBF3F24FF47A73A0FB03143CB980
:109CF000B1FBF2F3980868B15DF8044B1CF06ABB45
:109D00009200B0FBF2F0A0FB0303002BF3D04FF066
:109D1000FF30F1E75DF8044B704700BFB4910020BD
:109D200000CA9A3B10B5EFF31081012383F310882A
:109D30000F4A32F810309BB22BB132F81030013B91
:109D40009BB222F8103032F810309BB263B9094A46
:109D5000094CB2F8FE3334F810009BB243F42543AB
:109D600023EA0003A2F8FE3381F3108810BD00BF80
:109D700078D9002000E00140B033050030B5EFF3A2
:109D80001084012383F310880D4A32F810309BB2FF
:109D900063B90C490C4DB1F8FE3335F810509BB245
:109DA0002B4343F425439BB2A1F8FE3332F8103025
:109DB00001339BB222F8103084F3108830BD00BF0D
:109DC00078D9002000E00140B0330500054BC030D9
:109DD00053F820206FF3104243F8202053F820302E
:109DE000704700BF0060004008B50146FFF7EEFF76
:109DF000BFF35F8F01224B0901F01F018A40024926
:109E0000603341F8232008BD00E100E0090100F1C2
:109E1000604303F56143C9B283F80013014B43F873
:109E200020207047ACB5002001234109034A00F00F
:109E30001F00834042F82130704700BF00E100E07E
:109E400001220649430900F01F008240203341F8F7
:109E50002320BFF34F8FBFF36F8F704700E100E007
:109E600038B500250446036A45609D70C36993F9BF
:109E70000500FFF7E5FFE36993F90B00FFF7E0FF4B
:109E8000E36993F90700FFF7DBFFE36993F9090042
:109E9000FFF7D6FFEFF31081012383F31088E36906
:109EA000064A1C784FF000435068E3400343536078
:109EB000536881F31088284638BD00BF0040084031
:109EC0002DE9F041002640F2F9374FF001080B78F8
:109ED000067003F5800303F58C531B0203620B78B5
:109EE000C16127FA03F303F001031B0103704B69FF
:109EF0000D4643628B690446C0E90A63837868F3C0
:109F0000010383704B78B34214BF42460222837828
:109F100062F30103837091F90B20897A1CF06FFAC8
:109F2000204695F9052029791CF069FA204695F913
:109F30000720A9791CF063FA204695F90920297AAF
:109F40001CF05DFAEFF3108088F310884FF00041A9
:109F5000584B95F800C05A6821FA0CF122EA010228
:109F60005A605B6880F31088236A9E70236A1E71B2
:109F7000236A5E72236A9E72236ADE72236A5E839C
:109F80002B78DF40FB0742BF4022236ADA740622A7
:109F9000236A1A772278AAB1E369013ADB69216A58
:109FA0001B7A13401B02120392B203F47063134333
:109FB00043F0010243F007038B82216A8B8A9BB234
:109FC0009A42FBD1EB78AA78DB0043EA02136A7865
:109FD000032A54D1F22243F04003216ADBB20B7012
:109FE000236AD2B29A71EA690020137B216A082B96
:109FF0000EBF0A235B0003F002034B735378917882
:10A00000DB01490101F02001DBB20B43216A087238
:10A01000117802390129216A36D8FF204870127858
:10A02000022A08BF43F01003226ADBB2D371002674
:10A03000C4E90366C4E90566E369EF6993F90500BD
:10A040003D781CF0CCF9E36905F0030593F90B00AA
:10A050001CF0C5F9E36945F0700593F907001CF0A1
:10A06000BEF9E36993F909001CF0B9F9236A304697
:10A070009D707B892381104B6360BDE8F081002ACD
:10A080000CBFE222F222A8E7DBB2CB715268236A4E
:10A09000917859705078197860F301011970D1786E
:10A0A0009974D979127801F0A30102F05C020A4395
:10A0B000DA71BCE700400840554943532DE9F04FA1
:10A0C0001C46FF23A370237890466FF3820323700E
:10A0D00080238BB0E3704D4B01914D4A05901B6A74
:10A0E0001268C3F302618A40C3F3023322FA03F316
:10A0F0000093484B984548DC4FF0000AD346464D44
:10A10000009BA3FB05230893009B07921B0A049363
:10A1100000265FFA8AF30693404B9B5DC3F340022F
:10A12000C3F38003039313460292039A1343069AE0
:10A13000934220D13A4B33F81690059B03FB09F963
:10A14000009BB3FBF9F7B7F5807F14D807FB09F242
:10A150008FB1DDE90701D3170992E6F7F9FE019BFC
:10A16000099A013FABB9A0F5C330A0380028B8BFA9
:10A170004042854242DC01360D2ECDD1BAF1000FAE
:10A1800040D145454FF0010AC2DC00200BB0BDE8CC
:10A19000F08F049BB2FBF3F10B06ECD5C9B2484338
:10A1A00048BFFF300312A3F5C333A03B002BB8BF59
:10A1B0005B429D4219DD8B461D46184BA770995D89
:10A1C0002378C1F3000060F386130298C1F3C10144
:10A1D00060F30413039860F3C3032370637861F39F
:10A1E00001036370019B002BC5D0237884F803B072
:10A1F00043F004032370A2EB0902A9E70546DDF84A
:10A2000004B0DAE74545C0DD0320BFE700E00140C8
:10A21000B49100209F860100A0860100198D0500E1
:10A22000B83305004FF4964313B5019343680446D1
:10A230001A7842B193F911001CF0D1F8636893F9D0
:10A2400013001CF0CCF84AF680230A4AA2F88430A6
:10A25000B2F884309BB2802B02D1002002B010BD36
:10A26000019B1BB1019B013B0193F1E74FF4FA7095
:10A27000F4E700BF00E07F4001460123002030B535
:10A280002C4D81F8340085F816342B4B2C6A1B6852
:10A29000C4F3026203FA02F2C4F30274E2402C6ACD
:10A2A000C4F30264A340E340244CA2423ED9244CB0
:10A2B00002F5742202F23F22B2FBF4F203F574239A
:10A2C00003F23F23B3FBF4F302F5F0521D4C92B2BC
:10A2D000A4F8E42043F6B85406225C43B4FBF2F43D
:10A2E0008C6040F6D8645C43B4FBF2F4CC605C0054
:10A2F000B4FBF2F40C6154245C43B4FBF2F44C6103
:10A30000114C5C43B4FBF2F48C6144F250645C4346
:10A31000B4FBF2F44C620D4C5C43B4FBF2F40C62FF
:10A320000B4C6343B3FBF2F3CB6130BD4FF4FB70D6
:10A33000FBE700BF00E00140B4910020FF083D00B2
:10A3400040420F0000E07F4038AF040080DE0F0085
:10A35000A0F7030070B541600B7804460D46114E1E
:10A36000E3B14B6802468363CB6803640023C36395
:10A3700001233376097C95F911001CF039F89823F4
:10A3800033752246A97C95F913001CF031F820465C
:10A39000FFF772FF08B9044B236070BD3376337545
:10A3A000F5E700BF00E07F404E45504F0023B1F17C
:10A3B000006F70B5044680F8343010D2BDE87040AC
:10A3C00021F40013B3F5803F35BF21F4FF5121F490
:10A3D000FF4121F01F0121F07F0121F0D1B821F0D0
:10A3E0003F0181620263FFF71DFF064648BB6368B9
:10A3F0001B78EBB1022384F834300122124BA3F80E
:10A40000E02032464021204621F0CAF86268034627
:10A410001278A2B919224FF4005121F0B9F8236B38
:10A4200005463BB10028ECD021F0A2F82B4606E00F
:10A43000666AE2E721F09CF80346002DF6D1184643
:10A4400070BD4FF4FA73FAE700E07F4070B5EFF3A8
:10A4500003841349134B0A7C103C64B2100753F871
:10A460002460D1F88010D3B214D41A0614D4DB06B9
:10A4700014D511F4405F0CBF06250725304621F0A6
:10A480008BF82046FFF7A2FC29463046BDE8704015
:10A490001BF0C6BF0425F1E70525EFE70725EDE72B
:10A4A00000E07F40ACB5002038B5EFF303801B4BD4
:10A4B000103840B253F82040FFF788FC94F834502D
:10A4C000012D0CD1236BE3B100220421204621F0A1
:10A4D0005BF808B32046BDE8384021F05DB8022D96
:10A4E00008D1256B6DB12046BDE8384000224021DF
:10A4F00021F056B80A4B93F8D430012B14BF022533
:10A50000032521F035F8002384F83430294620460D
:10A51000BDE838401BF084BF38BD00BFACB500209B
:10A5200000E07F4010B5044638B30268154B9A42EC
:10A5300025D100230360436893F90200002801DB62
:10A54000FFF77EFC636893F90100002801DBFFF749
:10A5500077FC636893F90300FFF772FC636893F973
:10A560000400FFF76DFC0020A26813786FF38613D8
:10A570001370A368DA78D87010BD0120FCE70720BB
:10A58000FAE700BF495053522DE9F04F044685B019
:10A59000002800F00981864E0368B34200F0FF8076
:10A5A000002900F001818B69002B00F0FD800B6A0F
:10A5B000002B00F0F9800B78012B00F2F28091F96A
:10A5C0000330002BC0F2F08091F90430002BC0F270
:10A5D000EB804B7A012B03D18B7A012B40F0E68084
:10A5E000002261608B696362CB69A262E3620B78CF
:10A5F00003F5800303F58D531B02A3604F7A002FF0
:10A6000040F0C1804FF0B80C082310204D7BCA7A6F
:10A610002D0345EA42058A7A15430A6A92F800E05A
:10A62000BEF1000F40F0B480012309788B409B07F6
:10A6300004D0B7FA87F35B0945EAC31592F801E045
:10A6400025F070054FEA4E1141EA4E012CEACE1377
:10A650000B4301939178D3789940029111791B01B2
:10A6600019B102290CBF3021202192F805C0BCF19C
:10A67000000F06D0BCF1010F14BF40F0010040F004
:10A68000030092F808C092F806A00CF0030C43EA0D
:10A690008C032B43002F7ED192F809E092F80AC078
:10A6A000D57A43F46043EFF3108B4FF0010888F341
:10A6B0001088DFF80091D9F80470039767683F7835
:10A6C000C7F1130708FA07F8039F27EA0807C9F834
:10A6D0000470D9F804708BF31088A768C9B297F892
:10A6E00003804FF0000887F80380A7689DF8048076
:10A6F0005FFA8EFE87F80080A7689DF808805FFAF1
:10A700008CFC87F80180A768EDB2B970A168D27996
:10A71000C0B28A72A2689BB282F80CE0A26882F88A
:10A720000DC0A2689573A268D073A268138210222C
:10A73000A36883F820A0A36883F82120636893F9B5
:10A740000200002803DB224699791BF051FE636862
:10A7500093F90100002803DB224659791BF048FEDB
:10A7600063682246197A93F904001BF041FE63687E
:10A77000224693F90300D979FFF748FB00202660B1
:10A7800005B0BDE8F08F4FF0B00C134610463DE722
:10A7900043F0B10C52E70025AC46AE4683E70E20ED
:10A7A000EEE740F27A50EBE70120E9E70620E7E721
:10A7B000495053520040084010B51B4B1A6A1B4BBE
:10A7C000C2F302641B68C2F30232A340D340421EAC
:10A7D0001344B3FBF0F0B0F5805F22D801281DD9F7
:10A7E000B0F5007F16D9B0F5806F15D9B0F5006FC0
:10A7F00094BF022203220224431E94402344B3FB4D
:10A80000F4F3013BDBB248780B7062F3010048704F
:10A81000002010BD0022EEE70122ECE700221346E3
:10A82000F1E70620F5E700BF00E00140B491002009
:10A8300037B5394B01691B6A0193019B03F00F2364
:10A840000193019A019C0B7C90F82C50DBB2A5B9C6
:10A85000C2F30322A2EB146293409B0813B90820B1
:10A8600003B030BD4A78D20905D0013BF6E700239A
:10A8700080F82C304EE0B323CB710023826980F83E
:10A880002B30C26190F8262080F82D3080F82720E8
:10A89000026880F82E3080F8283080F82F3003626C
:10A8A00080F83030516A04690A784978012A14BF67
:10A8B0000422052242EA4102D2B2E27001690A7919
:10A8C00042F010020A7101690A7963F3C3020A7146
:10A8D00001690A7963F304120A710269537943F03A
:10A8E00001035371036893F90F30002B08DB012239
:10A8F000590903F01F0302FA03F3084A42F8213012
:10A90000BF220369DA7190F82C30002BAFD10222FC
:10A9100003695A700020A3E700E0014000E100E075
:10A920001F2238B503690D461A705F220369044679
:10A930001A70DF2203691A70036802695B6A1B7967
:10A9400043F0E0031374036802695B6ADB7843F049
:10A95000E0035374036802695B6A9B781B0103F090
:10A96000700343F008039370036801695A6A13780F
:10A970005278012B14BF0423052343EA4203DBB2C0
:10A98000CB700368144A5B68934214BF7723F723A4
:10A9900002695371002203699A71B3220369DA7163
:10A9A000697B024695F911001BF022FD2246697B66
:10A9B00095F90F001BF01CFD2246697B95F91000EC
:10A9C0001BF016FD2246697B95F90E001BF010FD69
:10A9D0009F2223691A7038BD40420F00F8B5002548
:10A9E0000A78016002F5800202F51F62120202611C
:10A9F0008A68044642600A7B0272CA6942630A6A34
:10AA00008563C263EFF3108C012282F310880F4E2E
:10AA10000B787768C3F109039A4027EA0202726053
:10AA200073688CF31088FFF77BFF094BC4E9055569
:10AA3000C4E9075584F82950E36084F82A5084F863
:10AA40002B5084F82C502846F8BD00BF0040084029
:10AA50004349495270B50446002501211BF07BFD96
:10AA60002369DD712368E56093F91100FFF7E8F9C8
:10AA7000236893F90E00FFF7E3F9236893F91000B8
:10AA8000FFF7DEF9236893F90F00FFF7D9F9EFF329
:10AA90001080012383F310882168064A09785668DC
:10AAA000C1F109018B4033435360536880F3108830
:10AAB000284670BD0040084037B51BF006FDFFF783
:10AAC00085F91BF002FD464B53F8204094F82D30D9
:10AAD0002BBBA369022B9FBF2269137943F040036C
:10AAE0001371E369012B0ED12269137943F010032E
:10AAF00013712269137943F00803137122691379E2
:10AB00006FF3041313712369DB7CDBB28DF807301C
:10AB10009DF80730012384F82D3003B030BDE5697E
:10AB2000002DFAD0032D17D12269137943F0400389
:10AB3000137123696269D97C236AD154236A013372
:10AB40002362E369013BE361002BE6D121690A79C5
:10AB500063F386120A71E0E7022D0ED122691379A0
:10AB600043F0100313712269137943F00803137142
:10AB7000226913796FF30413DAE7012DD9D194F820
:10AB80002A301BB3236893F90F00FFF759F92269A4
:10AB9000D37943F08003D3712269137943F0100312
:10ABA0001371226913796FF3C30313712269137947
:10ABB0006FF304131371042223695A7022695379C5
:10ABC0006FF30003537184F82C50B2E72269537A73
:10ABD00003F0F7035372082223695A70A9E700BFF4
:10ABE000ACB5002010B51BF070FCFFF7EFF81BF0C0
:10ABF0006CFC3E4B53F8204094F82730002B54D087
:10AC000094F826102269032934D194F82830022BB5
:10AC10002AD194F8303003F0FF01002B40D1D379D2
:10AC200061F3C713D371C0232169CA79D20901D056
:10AC3000013BFAD1236893F91000FFF7C7F82368A6
:10AC400093F91030002B09DB01215A0903F01F038F
:10AC5000994002F16003264A42F823102269D37911
:10AC600043F04003D37117E0BBB1022B18D094F826
:10AC7000243006E0012994F8243002D994F82810F1
:10AC800059B1937494F82830013384F8283094F83B
:10AC90002730013B84F8273010BD94F82530F0E7C9
:10ACA00094F8253043F00103EBE794F82930002BAA
:10ACB000F2D1E269236962B92269D3796FF3C713CC
:10ACC000D371C0232169CA79D209B3D0013BFAD12B
:10ACD000B0E7226A61698A5C9A74236A013323624D
:10ACE000E369013BE361002BD6D1E5E7ACB5002079
:10ACF00000E100E038B51BF0E8FB274B53F820409B
:10AD000094F8293013B394F82720012A1ED194F81F
:10AD10003030DBB92169CB7943F08003CB7104215A
:10AD20002369597084F830202269D3796FF3861330
:10AD3000D371C0232269D179490601D5013BFAD1EB
:10AD40001BF0C3FBBDE83840FFF740B8E569002DB4
:10AD5000EAD194F82A30ABB1236893F90F00FFF7DA
:10AD60006FF82269D37943F08003D37104222369F9
:10AD70005A702269537965F300035371012384F8F3
:10AD80002C30D1E72269537A03F0F703537208227B
:10AD900023695A70C8E700BFACB5002038B51BF076
:10ADA00094FB2D4B53F820402269537A517ADD06EB
:10ADB00001F0E0015172D8B203F003020CD523690F
:10ADC0005978490600D5DAB10125294684F82B5077
:10ADD00020461BF0C0FB3AE0002AF5D102072CD533
:10ADE00094F82B30002B34D1B32294F82910236926
:10ADF000C1F10301C9B2DA7120461BF06FFB16E006
:10AE00005A785506C2F38011E8D5082284F82B1031
:10AE10005A7023685B6A1B78012B14BF022203223D
:10AE20002369DA702269537943F0010353711BF0EF
:10AE30004CFBBDE83840FEF7C9BF94F82C30002B1E
:10AE4000F5D04307F3D594F82B30002BCCD001215B
:10AE5000D2E70021BCE700BFACB50020F7B5012266
:10AE60000B7C0D4602FA03F313F00F0FC3600CBF07
:10AE70001346002341600374097C694B04460B446C
:10AE80001B0283606B694361AB69C361002383610B
:10AE9000EE69EFF3108782F310884FF00040614AAB
:10AEA00095F810C0116920FA0CF021EA0001116137
:10AEB000126987F310884FF42541A268204611607B
:10AEC000A268D362A268D363A26893642A782B7ABB
:10AED000032A4FEAC353A26808BF43F4803369686A
:10AEE000D3621BF097FBA368B2690139DA61A368EA
:10AEF000F2694FF0FF3C1A62A3689966A36859662D
:10AF000000232A78CDE900C3B76B002A40F0818086
:10AF10006B685B08013B0093A268009B5365A268C5
:10AF200093652A78032A81BFA268D365A268136655
:10AF3000019B1A0642EA0342B36B73B9337823B11B
:10AF4000717828781BF0FDFB0743B3782BB1F178BB
:10AF500028781BF0F6FB47EA00476368DB6993F843
:10AF60003010C80741BF996AA06801F1FF31C16480
:10AF700093F83010890741BFDB6AA16803F1FF3302
:10AF80000B650023A1688B63A168C1F88830B36B9F
:10AF90003BB996F8213096F820105B0743EA41331D
:10AFA0001F4396F83030002B14BF4FF4A0014FF42C
:10AFB000AA01A36819642B78012B04D10023A1688E
:10AFC000CB64A1680B65D4E90231D960A36842F073
:10AFD00003015F63A36842F001021963A3681A6367
:10AFE000697C224695F912001BF0A6FB224696F8D2
:10AFF000221096F924001BF09FFB96F925002246AB
:10B0000096F823101BF098FB0020074B236003B039
:10B01000F0BD012A80D06A46E9681BF009FB7BE796
:10B0200090164000004008405450470010B5836817
:10B030005B6E01338B608368D86A094BC0F3C350E1
:10B040001A6A084BC2F302641B6802F00702A340AD
:10B05000D340C3404B60012300200B7010BD00BFE4
:10B0600000E00140B491002010B5836804461A68DE
:10B07000012A08D193F909001BF0B1F9074B4FF4ED
:10B080005D421A8610BD93F905001BF0A8F9A3686C
:10B0900093F906001BF0A3F9014BF0E700101140F3
:10B0A0000000094010B5836804461B68012B42F27A
:10B0B000FF230AD10B4A118E0B401386836893F944
:10B0C0000900BDE81040FEF7BBBE074A118E0B40D9
:10B0D0001386836893F90500FEF7B2FEA36893F91F
:10B0E0000600EEE700101140000009400368012B44
:10B0F00009D00A4A138D03F00F039942FAD1538DF8
:10B100009B04FCD57047064A138D03F00F03994248
:10B11000FAD1538D9904FCD5704700BF0000094057
:10B1200000101140036889B2012B0CBF034B044B84
:10B13000A3F86410B3F86C0080B27047001011409F
:10B14000000009402DE9F74F82682E4C166803462F
:10B15000012E08BFA14604F102042B4808BFA346F4
:10B160004FF09804294A18BF024600F1100018BF9A
:10B17000814600F1020018BF83460C20744300FB97
:10B180000144234D88462819C78827B901202F512B
:10B1900003B0BDE8F08F41F48060A9F80000986822
:10B1A00001920093FFF7BEFF8246009B41469868DC
:10B1B000FFF79CFF57453B4628BF53469BB2019A79
:10B1C00043B12959CDE900131BF0F5FADDE900136D
:10B1D000194429519A4584BF4FF40042ABF800202E
:10B1E0000022A9F80020B9F8000010F00F00FAD1F1
:10B1F000982256430C2202FB0866FF1A3544EF8062
:10B20000C6E700BF2810114018000940181011406F
:10B210002CB700202DE9F84F8068234CD0F800802F
:10B22000B8F1010F2AD1B4F89E5065B31F4B204AE4
:10B23000B3F85E60DFF884B006F07F06AE423746B2
:10B2400028BF2F466FB14FF0980909FB08F954F851
:10B2500009A03B4651461BF0AEFA0AEB070344F83F
:10B260000930B7423CBF4FF40043ABF8003098239D
:10B2700003FB0844ED1B0020E5800AE0982303FB54
:10B280000843DD883DB998230022012003FB08F321
:10B29000E250BDE8F88F074B074AB3F85E60DFF86D
:10B2A00020B006F07F06C9E72CB70020001011403F
:10B2B00014101140000009401400094022101140F0
:10B2C0002200094003680139012B05D1042907D860
:10B2D000044800EB81007047042901D80248F8E7D0
:10B2E0000020704790101140900009400368012B26
:10B2F00004D139B1054849000844704721B10448D8
:10B300004900F9E703487047034870476E10114041
:10B310006E0009406010114060000940F8B5634AB2
:10B320000D46634B09680646012908BF13460021F4
:10B330009822C0E901356B69C360AB690161436163
:10B3400028685C4B02FB00301FF0F1FDB3681A68FF
:10B35000594B012A6BD1EFF3108182F310885A68A0
:10B3600022F480525A605B6881F310882F68012FA5
:10B3700066D12B794D4C981E22884342434163F39A
:10B38000C7122280E38F39469BB223F0010343F0BA
:10B390000203E387E38F384643F03003E387FEF789
:10B3A0009BFC23884FF47A716FF345132380384652
:10B3B000FEF792FCE38F6FF34103E387B4F80231A9
:10B3C00043F48043A4F80231E388D907FCD5012275
:10B3D000238843F00103238063889BB243F00F036B
:10B3E0006380E38F62F30923E387B36840211A681F
:10B3F000012A43D12D4BB3F85E0061F30600A3F898
:10B400005E005A87DA862B680021012B4FF45D42DB
:10B410003DD1264BA3F840101A863246297C95F977
:10B4200009001AF0E5FF254B00203360F8BDEFF36B
:10B430001081012282F310885A6822F4006291E799
:10B440001B4B1A8842F480621A801A885205FCD578
:10B450001A886FF345121A801A886FF386121A80C1
:10B460001A8842F001021A800522C3F8F020D3F8AE
:10B4700000246FF30412C3F80024B6E70C4BB3F8B2
:10B480005E2061F30602A3F85E200122B9E7084BB3
:10B49000A3F840101A86297B324695F905001AF068
:10B4A000A7FF3246697B95F90600BAE70010114004
:10B4B000000009402CB7002000400840444253558A
:10B4C00010B50446FFF7EEFDA36880211B78012B21
:10B4D0004FF0000351D14A4A1381A2F86010A2F83C
:10B4E0007030A2F87230A2F87430A2F87630A2F868
:10B4F0007830A2F87A30A2F87C30A2F87E30A2F838
:10B500008030D3861387538713865386A2F846303C
:10B51000A2F84830A2F84A30118821F0100109043D
:10B52000090C1180118821F001010904090C118016
:10B53000118821F020010904090C1180118821F0E3
:10B5400040010904090C1180A2F8023101210846CA
:10B55000FEF7C2FBA3681A682A4B012A47D1EFF312
:10B56000108182F310885A6842F480525A605B68F6
:10B5700081F310880020206010BD234A1381A2F8B7
:10B580006010A2F87030A2F87230A2F87430A2F8FD
:10B590007630A2F87830A2F87A30A2F87C30A2F89F
:10B5A0007E30A2F88030D386138753871386538664
:10B5B000A2F84630A2F84830A2F84A30138823F0A7
:10B5C00010031B041B0C1380138823F020031B049F
:10B5D0001B0C1380138823F040031B041B0C1380E7
:10B5E000138823F001031B041B0C1380AEE7EFF359
:10B5F0001081012282F310885A6842F40062B5E794
:10B6000000101140004008400000094083681B689A
:10B61000012B0AD1084B1A8842F480721A801A88CA
:10B6200042F010021A8000207047044A138843F049
:10B6300010031380F7E700BF00101140000009401D
:10B64000836800201B68012B0CBF034B034B1A8837
:10B650006FF304121A807047001011400000094077
:10B660002DE9F3474FF00C0CCF78044689468878D3
:10B670009821434A434B07F00307CDE9002302AB6F
:10B6800003EB470313F8085C13F8076C3E4AAE421D
:10B690000BDBA3681B684B430CFB0633134493F886
:10B6A00008E0BEF1000F05D136B940F2DD5002B01E
:10B6B000BDE8F087013EEAE71872A36800F07F0A50
:10B6C0001B684FFA80F84B43C00903EB00131A4480
:10B6D00052440501204682F87860FFF7E3FCA36836
:10B6E000B1B21B68012B05BF47F60843274A284A19
:10B6F000A2F86A30A2F86410A36831461B79022BC5
:10B70000B9F804300CBFC3F30A03C3F30803A2F86B
:10B710006C30A068FFF7EAFD4FF44073038000230C
:10B72000022F038045EA0A0323D143F48543012213
:10B73000A168B240096892B201290CBF13491449AB
:10B7400082F47F7585F00305A1F86830A1F84650B2
:10B75000CB8EB8F1000F9BB243EA0203CB8601DB2C
:10B76000022F01D0012303802046FFF77DFC00203B
:10B770009DE7032F0CBF43F4004343F44243D6E755
:10B7800000000102010506092CB70020001011403D
:10B79000000009402DE9F843982306468068CA094D
:10B7A000D0F80080170103FB08F303EB021301221A
:10B7B000174C01F07F0523442B4493F878904946B9
:10B7C000FFF794FD02FA09F2D243B8F1010F0CBF62
:10B7D000104B114B92B2D98E0A40DA8600220280B9
:10B7E000A3F86490A3F8682098220C210020B36885
:10B7F0001B68534301FB093121440872B3681B687D
:10B8000002FB03773C442C4484F87800BDE8F883BD
:10B810002CB7002000101140000009408368002070
:10B820001B68012B0CBF034A034A138943F480733E
:10B830001381704700101140000009402DE9F041CC
:10B840000546884616461C46FFF72CFCAA6818F0E9
:10B850007F005F4B12684FFA88FC6AD04FF098085F
:10B86000012A5C4908FB02F25B4F18BF0F4601F149
:10B870000201DFF870E118BF8E464FEADC7102EB7F
:10B8800001111944014491F87880B8F1000F00F0DB
:10B890009B800C2101FB0822BCF1000F03EB02018D
:10B8A0009E508C80CC801BDA54B141462846FFF76D
:10B8B00049FC00242846FFF7D7FB2046BDE8F0816D
:10B8C000A7F80080BEF800301A0444BF4FF40043CC
:10B8D000AEF8003000233B803B881B07FCD1E8E733
:10B8E000AE6841463046FFF7EDFC02460028E0D046
:10B8F00041463046FFF716FC41460646A868FFF76A
:10B90000F5FC018834448F0718BF002104F1FF348F
:10B9100094FBF6F418BF01801188A4B241F4807141
:10B9200011805480118841F400711180012202803D
:10B93000BFE72A4FDFF8B0E0012A294918BF39468E
:10B9400007F1400708BF77464FF0980E0EFB02F252
:10B950004FEADC7C02EB0C121A44B8F1800F92F82B
:10B9600078C017D14FF484620A800A889006FCD50B
:10B97000AA680C20116898224A4300FB0C229818F0
:10B980008480C480BCB128469E50FFF743FC01234D
:10B990003B808EE708800A889206FCD4AA680C20B7
:10B9A000116898224A4300FB0C2298188480C480B6
:10B9B0000CB19E50EBE7982251430C2202FB0C1174
:10B9C00000225A500523E3E74FF4BC6472E700BF3E
:10B9D0002CB7002028000940281011402000094001
:10B9E000201011402A1011406010114070B505461A
:10B9F0000C46FFF757FB9820AA68E109136804F08A
:10BA00007F04434303EB0111284B0B44234493F879
:10BA10007860002E44D031461046FFF753FC314683
:10BA200004461046FFF762FC038802469B071CBFD2
:10BA3000002303800123B340DB43A9689BB209685C
:10BA400001290CBF1A491B49C88E1840C886088FA7
:10BA500018400887488F03404B87238823F40073DE
:10BA60001B041B0C238023889BB243F48073238028
:10BA70000B8D03F00F039E4202BF0B8D6FF3030388
:10BA80000B8513889BB243F400731380138823F44F
:10BA900000731B041B0C1380138803F400531380E2
:10BAA0002846FFF7E1FA002070BD00BF2CB7002048
:10BAB000001011400000094038B505460C46FFF75C
:10BAC000F1FA9821A868E209036804F07F044B4367
:10BAD00003EB0212094B1344234493F87810FFF749
:10BAE00005FC038803F0030343F0020303800223F1
:10BAF00003802846FFF7B8FA002038BD2CB7002095
:10BB000070B505460C46FFF7CDFA9821A868E20902
:10BB1000036866B24B4303EB0212174B04F07F0439
:10BB20001344234493F878201146FFF7DFFB4FF4CA
:10BB30008073002E038002DA012303800DE0AB68DE
:10BB4000196801290ED10D4BA3F86420B3F86830B1
:10BB5000C3F38133012B00D001802846FFF784FA1C
:10BB6000002070BD064BA3F86420B3F86830C3F31F
:10BB70008133012BE0D1F0E72CB7002000101140F9
:10BB8000000009402DE9F04F89B0EFF30383103B2B
:10BB90005BB20193019A9F4B53F82240A3681B6844
:10BBA000012B0CBF9C4A9D4A9D4BB2F84050ADB250
:10BBB0002B4083F47F4383F0FF0343F00803A2F894
:10BBC00040302A040AD515F0800F0CBF032302234E
:10BBD000204605A98DF814301AF0C4FD6B0414D565
:10BBE00000230622CDE9053307938DF81420A268BF
:10BBF00020461268012A0CBF874A884A118E63F3D7
:10BC00004D31118605A91AF0ADFDAF0417D50023FB
:10BC10000422CDE9053307938DF81420A268126839
:10BC2000012A0CBF7C4A7D4A118E8E0407D5118EE5
:10BC3000204663F34D31118605A91AF093FDE804FF
:10BC400008D505F07003202B00F0378176D8102B33
:10BC500000F08F80A90509D5A3681B68012B4FF060
:10BC600000030CBF6C4A6D4AA2F848302A0535D54E
:10BC7000EB0740F13B81A3686A4E1A686A4B012AC0
:10BC800018BF1E46694903F5002303F6E27318BF87
:10BC90000B4631880F0721D54FF4804119800723C7
:10BCA000012A8DF814300CBF5B4B5C4B2046B3F877
:10BCB000542005A9ADF81820B3F85620ADF81A2085
:10BCC000B3F85820ADF81C20B3F85A309BB2ADF849
:10BCD0001E301AF047FD4FF6F77333806E0524D5FA
:10BCE0000021A3681B68012B0CBF4B4A4B4AB2F8DA
:10BCF0004A30A2F84A109BB2D80716D52046FFF763
:10BD000089FA90B1A36898211A6808238DF8143035
:10BD10004FF40043ADF81830454B204601FB023389
:10BD20009B8805A907931AF01DFDE90500F1FA802B
:10BD3000019809B0BDE8F04FFEF748B8602B04D079
:10BD400015D805F06003402B84D10023CDE90533DD
:10BD5000079305238DF81430A3681B68012B0CBFD3
:10BD60002D4A2E4A138E43F4005313864CE0702B59
:10BD7000EAE7A3681B68012B60D1274A5387D38663
:10BD80004FF48043538400231385138D13F00F0366
:10BD9000FBD19385118D11F00F01FBD101234FF4DD
:10BDA000007C4FF48077234E23481FFA83FEA2F8CD
:10BDB00064E0A2F8681020F813C020F8131026F8E9
:10BDC00023700133062BF0D100214FF400769FB28F
:10BDD000A2F86470A2F8681020F8136020F813101D
:10BDE00001330A2BF3D1138903F00703013B9AB205
:10BDF000022A60D903230022CDE9052207920122FD
:10BE00008DF818308DF81420204605A91AF0AAFCE8
:10BE100020E700BFACB50020001011400000094031
:10BE200000F8FFFF40101140400009402200094087
:10BE30002CB700208C1011406E1011400122BF4B16
:10BE40005A87DA864FF480425A8400221A851A8D66
:10BE500012F00F02FBD19A851A8D12F00F02FBD15E
:10BE6000012396464FF4007C4FF48077B44EB549D9
:10BE7000B2481FFA83F8A0F86480A0F868E021F8BF
:10BE800013C021F8132026F823700133062BF0D1BC
:10BE900000204FF400760746A84A1FFA83FCA2F858
:10BEA00064C0A2F8687021F8136021F81300013310
:10BEB0000A2BF2D197E7DBB29DE7A3681B68012B41
:10BEC0000CBFA14B9D4BB3F8503003F07F03002B08
:10BED0003FF4C0AE0722ADF81A308DF814200023CD
:10BEE0004FF4A0620793ADF818208DE715F0070214
:10BEF0007FF4F4AEA36895491868954B8DF8182027
:10BF0000012808BF0B4608211B888DF81410C3F3C5
:10BF10004013DB01204605A98DF8193007921AF06D
:10BF200021FCDBE6A3681B68012B0CBF864B834B0F
:10BF3000DA8EB3F84670BFB21740FA4392B2A3F854
:10BF40004620002F3FF4F4AE97FAA7F8A368B8FA9A
:10BF500088F81D6898230C216B4301FB08317D4E46
:10BF6000314491F90820002A1EDA41462046FFF7A5
:10BF7000E9F8002800F08C8008238DF814300023A5
:10BF80008DF8183098235D430C2303FB08552E448D
:10BF9000337AF2888DF81930B38820469B1A05A9A8
:10BFA00007931AF0DFFB73E0B8F1000F76D06A4B0D
:10BFB000012D6A486A4A08BF1A46A3F5002308BF44
:10BFC0008246A3F57F6300F1020018BF9A4603F191
:10BFD000020308BF034602931FFA88F3B1F806B0C4
:10BFE000AAF800304146A0680392FFF79BF841464B
:10BFF0008146A068FFF77AF8012D0CBF524B4F4BDA
:10C00000CB45598D5B4628BF4B46C1F30B019BB214
:10C010008B4228BF0B4698210C20694300FB081176
:10C02000039A715883B1084601EB030C92F800E0C3
:10C0300000F801EB8445F9D198220C206A4300FBFB
:10C040000822444840F802C0994582BF4FF480421C
:10C05000029802800022AAF80020BAF800201207F5
:10C06000FBD198220C206A4300FB0822ABEB030CA7
:10C0700032449945A2F806C001D89B4508D19823BF
:10C0800000226B4300FB0833F25000297FF474AFA9
:10C09000012303FA08F327EA030752E7012D36D0FC
:10C0A0003344D888254BDFF8BCC0B3F85E20598CE8
:10C0B000DFF8B4E002F07F02C1F30B0182421346C5
:10C0C00028BF03468B4228BF0B4683B198216943A2
:10C0D000715801EB03099EF800A001F801AB494536
:10C0E000F9D14FF0980E0EFB05FE46F80E10C11A5E
:10C0F0009A4289B24FF0980218D802FB0562984222
:10C10000D180C5D1982300226B43F25034E70E4B07
:10C11000B6F89E00B3F85E20598CDFF850C0DFF807
:10C1200050E002F07F02C1F30B01C7E74FF48043F8
:10C1300002FB0562ACF80030D180E3E70000094063
:10C140008C0009406E000940001011402010114081
:10C15000200009402CB70020181011402810114071
:10C160001800094022000940140009402210114023
:10C170001410114007B5054B01A8DB6A03F00F034B
:10C18000019300F0A5FE03B05DF804FB00000E4033
:10C1900008B50D4B9A686FF3DF729A6000F07AF978
:10C1A00000F086F978B94FF6FF72084BC3F8D42136
:10C1B000FFF7E0FF38B900F039FE00F06FFABDE894
:10C1C000084001F0A3B908BD004008400010164027
:10C1D00008B500F0C1FD024B002818BF184608BD85
:10C1E00002000100682310B5074CC4F80431074B66
:10C1F000C4F8E030D4F80431002BFBDA00681AF000
:10C20000EFFAC4F8000110BD0010164000000180D4
:10C2100010B5074B074CC4F838310023C4F8F03090
:10C220004FF0805363611AF0DBFAC4F80C0110BDC3
:10C230006A8097F500101640054B064AC3F838216E
:10C240000022C3F8F0204FF00112C3F80C21704710
:10C25000001016406A8097F538B50546FFF7ECFFE9
:10C2600001230A4C2846A3621AF0BAFA43F20803E3
:10C27000E063636143F2180363610023C4F8D031C3
:10C28000C4F8D0312368002BFCDB38BD0010164009
:10C2900038B50546FFF7D0FF01230B4C2846C4F8FC
:10C2A00080301AF09DFA43F20803C4F88C006361F1
:10C2B00043F2180363610023C4F8D031C4F8D031CD
:10C2C0002368002BFCDB38BD0010164038B50D4646
:10C2D0001AF086FA054C606128461AF081FA0023AC
:10C2E0006061C4F8D031C4F8D03138BD00101640B8
:10C2F000F8B50F4616461D460F4C104BC4F8C43017
:10C30000D4F80431002BFBDA1AF06AFAC4F8000101
:10C3100038461AF065FAC4F8000130461AF060FA9F
:10C32000C4F8000128461AF05BFAC4F80001D4F8FA
:10C33000C830DB03FBD4F8BD001016408D3A0F0067
:10C34000F8B50F4616461D460F4C104BC4F8C430C6
:10C35000D4F80431002BFBDA1AF042FAC4F80001D9
:10C3600038461AF03DFAC4F8000130461AF038FA9F
:10C37000C4F8000128461AF033FAC4F80001D4F8D2
:10C38000C8309B03FBD4F8BD001016408D3A0E0058
:10C39000F8B50F4616461D460D4C0E4BC4F8C4307A
:10C3A000D4F80431002BFBDA1AF01AFAC4F80001B1
:10C3B00038461AF015FAC4F8000130461AF010FA9F
:10C3C000C4F8000128461AF00BFAC4F80001F8BDC1
:10C3D000001016408D3A0D0038B540F25223274C1C
:10C3E000C4F80431264BC4F8C430D4F80431002B0F
:10C3F000FBDA00201AF0F4F9224DC4F80001C4F869
:10C40000C450D4F80431002BFBDA00201AF0E8F90C
:10C41000C4F80001C4F8C450D4F80431002BFBDA8E
:10C4200000201AF0DDF9184BC4F80001C4F8C4303C
:10C4300042F21323236023689A01FCD44FF4C053C3
:10C44000E3615223C4F80431104BC4F8C430D4F86B
:10C450000431002BFBDA00201AF0C2F90C4BC4F8AF
:10C460000001C4F8C43042F21323236023689B0107
:10C47000FCD44FF4C053E36138BD00BF0010164038
:10C4800074370001F437000105080600443607013F
:10C4900005080B000022054BC3F83821C3F8D02152
:10C4A000C3F8D021C3F8D021704700BF0010164058
:10C4B0002DE9F04701F044FC614C624B40F20172FF
:10C4C000C4F838310023C4F8F03001236360C4F8A5
:10C4D0000C21D4F8BC5115F01F0540F0AD80C4F814
:10C4E0008030A362E367636E1905C3F3C02AFAD4F0
:10C4F00008236366544B40F25239C4F884304FF439
:10C500007063C4F83C3148F202035048C4F88830E4
:10C51000C4F804911AF064F906464D481AF060F91F
:10C5200007464C481AF05CF980464B481AF058F917
:10C530004246034639463046FFF702FF474BC4F8F0
:10C5400088A0C4F80491C4F8C430D4F80431002B96
:10C55000FBDA434B4348C4F80031A3F18353A3F5FE
:10C56000D413A3F5CD53C4F800313F4BC4F80031C8
:10C5700003F15B4303F52B1303F6BD13C4F800313D
:10C580001AF02EF9064639481AF02AF907463848B3
:10C590001AF026F9804637481AF022F94246034637
:10C5A00039463046FFF7CCFE33481AF019F90646F3
:10C5B00032481AF015F9074631481AF011F9804649
:10C5C00030481AF00DF94246034639463046FFF727
:10C5D0008FFE41F2010363600023C4F8D031A369E8
:10C5E0009A0406D42023284DC4F8BC312846BDE85F
:10C5F000F0874FF6FF73A3604FF408732348C4F825
:10C600003C311AF0EDF8064621481AF0E9F80746E1
:10C6100020481AF0E5F880461F481AF0E1F8424633
:10C62000034639463046FFF7B3FE4023C4F8BC3119
:10C63000A369DB04FCD4D9E74FF00115D6E700BFAE
:10C64000001016406A8097F501010100D8A5A2E10B
:10C6500028541A82C37A777C901215FD0D3A0F0088
:10C660005965D69E80CEE6F4D3D1F5D20F3B77390B
:10C670008F7F22864000812BA590553E5374FA96F9
:10C68000193A210EEC8A4912020001009195CB6201
:10C69000926C557237C9CA458FBE31842DE9F0417D
:10C6A000C04CD4F8BC3113F01F0340F0F68240F2C6
:10C6B0000222C4F88420C4F808315223C4F804319B
:10C6C000B94BC4F8C430D4F80431002BFBDAB748B6
:10C6D0001AF086F85223C4F80001C4F80431B44BB0
:10C6E000C4F8C430D4F80431002BFBDA00201AF06F
:10C6F00077F8B04BC4F80001C4F8EC300323C4F859
:10C70000EC30AD4BC4F8EC3040F62103C4F8EC300B
:10C710008023C4F8EC30636E1805FCD408236366EC
:10C72000636E1905FCD442F20803636640F66303A6
:10C73000C4F8EC3040F68403C4F8EC3040F6A503AE
:10C74000C4F8EC304BF2C043C4F8EC301323C4F807
:10C75000EC304BF2E043C4F8EC304FF45273C4F8C1
:10C76000EC304FF43543C4F8EC30B7232025DFF824
:10C77000D482924FC4F8EC30914B4046914A924992
:10C78000FFF7B6FD47F60143C4F8EC304FF4C003A1
:10C79000E3610023C4F8D031E369B3F1807F80F016
:10C7A000F080636E1A05FCD4884B894A6366894918
:10C7B000894B8A48FFF7C4FD894BC4F8C43003F1A4
:10C7C0007C5303F2A3532360636E1805FCD44FF42B
:10C7D0009053E36123685900C3F38072FAD40123B4
:10C7E0002360C4F8C420636E1A05FCD47D4B6366D5
:10C7F0004FF40063C4F8EC307B4BC4F8E03048F2EF
:10C800004343236023689B01FCD44FF4C053E3618E
:10C8100043F6A003C4F8EC3043F20543C4F8EC300F
:10C8200042F60403C4F8EC3003F150536F4E03F5A5
:10C8300000130433C4F8EC70C4F8EC60C4F8EC30B6
:10C8400043F28543C4F8EC60694AC4F8EC306949A6
:10C85000694B6A48FFF774FD013D8DD14BF2E0430F
:10C86000C4F8EC304FF43563C4F8EC3040F64203C2
:10C87000C4F8EC3040F6C603C4F8EC304BF2804309
:10C88000C4F8EC300423C4F8EC304BF2A043C4F8F5
:10C89000EC30022310254FF411514FF4335042F283
:10C8A0008542C4F8EC30564B013DC4F8EC30C4F876
:10C8B000EC70C4F8EC60C4F8EC10C4F8EC00C4F8F8
:10C8C000EC20F1D142F62042C4F8EC204D4A4FF45E
:10C8D0001811C4F8EC204FF40052C4F8EC20802268
:10C8E000C4F8E020E16101F5D111E1614BF2E041D2
:10C8F000C4F8EC1033214FF03C0CC4F8EC104BF2B0
:10C900008041C4F8EC10C4F8ECC0C4F8EC30C4F8B2
:10C91000EC70C4F8EC60C4F8EC00C4F8EC103E21F4
:10C92000C4F8EC10C4F8EC30374BC4F8EC70C4F821
:10C93000EC60C4F8EC304FF42603C4F8EC503349F3
:10C94000C4F8E0203248E361324A334BFFF7D0FCB1
:10C950004FF48003E361C4F8D051E3695E0240F113
:10C9600084802E4B2E4A2F492F48FFF711FD40237C
:10C97000C4F8BC31A369DD04FCD42C4D2846BDE8C5
:10C98000F081E36903F07F43B3F1807F5CD1636E94
:10C990001B05FCD4264B274A63662749274B2848AA
:10C9A00008E700BF001016408C3B090056BAC701CB
:10C9B0000408070020A8003020000100E0282034EF
:10C9C0007B77B4BD5E434C2A7C3C5D901C9020007C
:10C9D00089DB24A2FC2C6934FB8D26080485D64E05
:10C9E0005E1E004108B010000000908066500010EC
:10C9F000891F0D3E376423714BDFD258A43E3BCADA
:10CA0000043800014088003860880038F945122356
:10CA10009BD6D425DA7BA752C85B7EBAD17C6481D1
:10CA2000CA5815C57943083E7087947D04000100FB
:10CA30001E90200055911E95EA6E508A4774BB15D2
:10CA400007D9E67D64E2716CE36903F07F43B3F1DB
:10CA5000007F7FF4B1AE636E1E05FCD4904B914A0B
:10CA600063669149914B9248A4E64BF2C073C4F8B7
:10CA7000EC304FF4F873C4F8EC304BF2E073C4F8C8
:10CA8000EC308C4BC4F8EC3043F6FE73C4F8EC3059
:10CA9000636E1805FCD41C2363665223C4F804316A
:10CAA000854BC4F8C430D4F80431002BFBDA0020E5
:10CAB00019F096FE814BC4F80001C4F8E03048F24A
:10CAC0001323236023689901FCD44FF4C053E3611E
:10CAD00003F1824303F2DD63C4F8C43042F213432E
:10CAE000236023689A01FCD44FF4C053E361744C73
:10CAF000636EC3F3C0221B05FAD4724B6266C4F89E
:10CB0000E03048F21323236023689F01FCD44FF4E4
:10CB1000C0536D4AE3616D496D4B6E48FFF7E8FB0A
:10CB20005223C4F804316C4BC4F8C430D4F8043137
:10CB3000002BFBDA002019F053FE40F25233C4F808
:10CB40000001C4F80431654BC4F8C430D4F8043192
:10CB5000002BFBDA002019F043FEC4F8000100208E
:10CB600019F03EFEC4F80001002019F039FEC4F8A7
:10CB70000001012019F034FE594BC4F80001594A54
:10CB800059495A48FFF7B4FB4FF48073C4F8D030CA
:10CB9000574BC4F8C430574BC4F8E03042F6230377
:10CBA000236023689E01FCD44FF4C053E361524BD1
:10CBB000C4F8C43042F21323236023689801FCD4E4
:10CBC0004FF4C053E361454BC4F8C43042F2132321
:10CBD000236023689901FCD44FF4C053474A484965
:10CBE0004848E361484BFFF783FBFFF7F5FB474BF2
:10CBF000474A48494848FFF77BFB5223C4F80431B1
:10CC0000464BC4F8C430D4F80431002BFBDA0020C2
:10CC100019F0E6FD424B434A4349C4F8000143483A
:10CC2000FFF766FBFFF7D8FB414B424A42494348B6
:10CC3000FFF75EFB5223C4F80431414BC4F8C43003
:10CC4000D4F80431002BFBDA002019F0C9FD40F2C2
:10CC50001223C4F80001636063685A00FCD5D4F85D
:10CC60000021384B38491A65D4F8002137485A65F5
:10CC7000D4F800219A65D4F80021DA6540F2022345
:10CC8000334AC4F83C31334BFFF782FB4023C4F8EE
:10CC9000BC31A369DB04FCD470E64FF001156DE6EE
:10CCA0001D902000EFD532134A403AB8CE7C8294D2
:10CCB0000DDA126F72C9242EC40C0001000004802A
:10CCC000001016408000048092A447F561BAD5E6B2
:10CCD00006F61B4078FB0B8D04080B0005080700C7
:10CCE0005EF695DCF5A7F5D6AFE82E24F356FCBF2B
:10CCF000F7B700010000088105080B00FEE8081ED8
:10CD0000C203148BEF5BDE487CA8A7A1CD897DBE52
:10CD1000880F1BF7AD74B1BA9E77B53C040C0D01BA
:10CD20005E721D43926AFB55DDE47922AB7AAD95C4
:10CD3000DF2BA13867F86A7301B60677852E787005
:10CD4000840C00015CB80020F05EB99AE16FFE75BA
:10CD500001C859EC3A69CB8470B5264C0646D4F824
:10CD6000BC5115F01F0542D142F20203224AC4F819
:10CD700084302249224B2348C4F80851FFF7B8FAFF
:10CD8000FFF72AFB5223C4F804311F4BC4F8C43008
:10CD9000D4F80431002BFBDA002019F021FD1B4BE5
:10CDA000C4F800011A4A1B491B48FFF7A1FA40F2D8
:10CDB0001323636063685A00FCD5D4F80031174A26
:10CDC0003360D4F8003116497360D4F80031154847
:10CDD000B360D4F80031F360134BFFF7D9FA402366
:10CDE000C4F8BC31A369DB04FCD4284670BD4FF005
:10CDF0000115FAE700101640D5C5B7135B494BD5AE
:10CE000028C2A0F9956A56CC840C0001F48346EF41
:10CE1000774DA05DE56F144D4A110AF9C7FFDFB6E3
:10CE2000AE374C97FE3BF25CEE025EB038B5214C5B
:10CE3000D4F8BC5115F01F0539D142F20163C4F892
:10CE400084301D4BC4F80851C4F8843040F6017397
:10CE50001A4AC4F83C31C4F88420C4F83C314BF27F
:10CE6000C073C4F8EC304FF4F873C4F8EC304BF2F4
:10CE7000E073C4F8EC3043F6FE73C4F8EC50C4F829
:10CE8000EC304FF00113C4F8843040F202230C4A16
:10CE9000C4F83C310B490C4B0C48FFF779FA40239E
:10CEA000C4F8BC31A369DB04FCD4284638BD4FF07C
:10CEB0000115FAE70010164002000100030001000E
:10CEC000CDAF116C3938C3705844543AC32C155E39
:10CED00070B5544C0646D4F8BC5115F01F0540F00F
:10CEE0000A8344F20103C4F88430C4F80851FFF700
:10CEF00079F94BF22043C4F8EC300923C4F8EC3044
:10CF0000494BC4F8EC30494BC4F8EC304FF4F843CB
:10CF1000C4F8EC30464BE36133683BBB4FF4380355
:10CF2000444AE3614449454B4548FFF709FA454BFC
:10CF30004549464A4648FFF7DBF94FF48003E36171
:10CF40000023C4F8D031E369590240F1D580414B48
:10CF5000414A42494248FFF71BFA4023C4F8BC311A
:10CF6000A369DA04FCD43F4D284670BD013B072B72
:10CF70004AD8DFE803F0040C141C243139414FF483
:10CF80003003394AE3613949394B3A48CDE74FF428
:10CF90003103394AE3613949394B3A48C5E74FF41F
:10CFA0003203394AE3613949394B3A48BDE74FF416
:10CFB0003303394AE3613949394B3A48B5E74FF40D
:10CFC0003403E36103F1725303F58933364A374979
:10CFD000374803F5D273A8E74FF43503354AE361C8
:10CFE0003549364B3648A0E74FF43603354AE361FE
:10CFF0003549364B364898E74FF43703354AE361F5
:10D000003549364B364890E7364B374AC4F8EC3052
:10D010008023C4F8E0304FF426033449E3613448F8
:10D02000344B82E7001016400128203401340020E0
:10D0300000206000F0524502F06AB866ACB68B6919
:10D040002052F68DBE1BF578B7ECCA3C07A822A685
:10D05000892B9EC4862212D5831A43EBFDDEDEB8EF
:10D06000C911380C02000100457B98A8AA739FCF14
:10D070000C9F0101294F4775167C1EAD8DBFA1DBAA
:10D08000BA9B94F4137EFE37E2AF48DB42FB2841A3
:10D09000754A079915E4F7CA4FEEFC31217578946B
:10D0A000BD464D86A6F4F85750EF8BFC54D627C9E1
:10D0B000FDD66BB12903C624E7CA0827CEF0A1D656
:10D0C000125C6E08436079AF8738ECE5D7AA70F838
:10D0D0008964586487D7DD2D108FDA61DED7860921
:10D0E000C6B718DD000C003829D12E17FA63F26399
:10D0F0004A7C5D850FA28F7C40F25233C4F8043124
:10D10000BD4BC4F8C430D4F80431002BFBDABB4863
:10D1100019F066FBC4F80001B94819F061FBC4F8C6
:10D120000001B84819F05CFBC4F80001B64819F0DA
:10D1300057FBB64EC4F80001B54BB64AB649B748DE
:10D14000FFF7D6F8C4F8C460D4F80431002BFBDA3A
:10D15000002019F045FBB24BC4F80001C4F8C430FC
:10D16000D4F80431002BFBDAAE4819F039FBAE4B92
:10D17000C4F80001AD4AAE49AE48FFF7B9F8C4F8AB
:10D18000C460D4F80431002BFBDA002019F028FB2E
:10D19000A94BC4F80001C4F8C430D4F80431002B02
:10D1A000FBDAA64819F01CFB40F25233C4F8000128
:10D1B000C4F80431904BC4F8C430D4F80431002BC7
:10D1C000FBDA9F4819F00CFBC4F800019D4819F0E8
:10D1D00007FBC4F800019C4819F002FBC4F80001E9
:10D1E0009A4819F0FDFA9A4BC4F80001994A9A49F5
:10D1F0009A48FFF77DF89A4BC4F8D030994BC4F8A1
:10D20000C4304FF00043C4F8E83042F213632360A7
:10D2100023689B01FCD44FF4C053E3614FF080437B
:10D22000C4F8D030904BC4F8C430904BC4F8E83008
:10D2300042F21363236023689801FCD44FF4C05377
:10D24000E3618B4BC4F8A43041F2132323602368BD
:10D250009901FCD44FF4C053864AE3618649874B59
:10D260008748FFF745F8874BC4F8A43041F21323F1
:10D27000236023689A01FCD44FF4C053E3614BF25E
:10D280002043C4F8EC304FF4D873C4F8EC3043F6C4
:10D290000143C4F8EC304FF08043C4F8D03048F27A
:10D2A000B573C4F8C430784BC4F8E83042F2136365
:10D2B000236023689B01FCD44FF4C053E361734B9C
:10D2C000C4F8C43042F21323236023689801FCD4CD
:10D2D0004FF4C053E36140F25123C4F804314FF0DE
:10D2E0008043C4F8B0306A4BC4F8A430D4F8043199
:10D2F000002BFBDA002019F073FA4FF08043C4F8DA
:10D300000001C4F8B03048F68463C4F8A430D4F8FF
:10D310000431002BFBDA5F4819F062FA4FF08043CA
:10D32000C4F80001C4F8B03048F68463C4F8A430EF
:10D33000594CD4F80431002BFBDA584819F050FA54
:10D340004BF22043C4F80001C4F8EC304FF4E8730A
:10D35000C4F8EC30524BC4F8E03048F22313236099
:10D3600023689901FCD44FF4C0534E4AE3614E49FF
:10D370004E4B4F48FEF7BCFFC4F8C460D4F80431EC
:10D38000002BFBDA002019F02BFA4A4BC4F80001FD
:10D39000C4F8C430D4F80431002BFBDA464819F045
:10D3A0001FFA464BC4F80001C4F8C430D4F8043165
:10D3B000002BFBDA002019F013FA40F69C63C4F846
:10D3C0000001C4F8C430D4F80431002BFBDA3C4827
:10D3D00019F006FA4BF22043C4F80001C4F8EC300F
:10D3E0004FF4E073C4F8EC30364BC4F8E03048F248
:10D3F0001323236068E000BF0D3A0F00FFDB2F7E90
:10D40000494EE3D4474A0486FB77EA780C3A442035
:10D41000EAD2C5A7B37974C78E4675B797EA225A80
:10D420001C3E08205D72EA0107BB10FEC8195E6051
:10D4300011D39DCE6BFCCFFB1C3E09205D72EA022E
:10D44000D2F0011262D5C19F25FC024F19FF606B1B
:10D45000BC8988CFBFD5E2F3F4B6EC545C965DBAD4
:10D4600000010040B587F002B587F000040000809D
:10D4700005080800A3A98664751B0B882A49F09C3F
:10D480006E171EAE0508090008000080450C8000DC
:10D49000048A440095E29E010010164095E29E0227
:10D4A000010088808BD5DC8C43D779895238CAAB90
:10D4B000C0CD79F71C3E0C2038DB52010C0A440029
:10D4C0000E37F7010100848023689A01FCD44FF4E1
:10D4D000C053E36140F21123084AC4F83C310849C3
:10D4E000084B0948FEF754FF4023C4F8BC31A36938
:10D4F000DB04FCD438E54FF0011535E5DA2BA5A5A2
:10D50000B300BCDFEDB09A8B6BBE71FF2DE9F0412B
:10D51000C94CD4F8BC5115F01F0540F0DF8349F227
:10D520000323C4F884304BF2C073C4F80851C4F824
:10D53000EC304FF4F873C4F8EC3043F6FE33C4F823
:10D54000EC30BE4BBE4AC4F8EC30BE4BBE49C4F80A
:10D55000EC308023C4F8E0304FF42603BB48E3618D
:10D56000BB4BFEF7C5FE4FF48003E361C4F8D05116
:10D57000E3695F0240F14C835223C4F80431B54B98
:10D58000C4F8C430D4F80431002BFBDAB24819F0E7
:10D5900027F95223C4F80001C4F80431AF4BC4F892
:10D5A000C430D4F80431002BFBDA002019F018F94C
:10D5B000AB4BC4F80001C4F8EC300323C4F8EC30E2
:10D5C000A84BC4F8EC3040F62103C4F8EC308023BB
:10D5D000C4F8EC30636E1E05FCD408236366636EEA
:10D5E0001805C3F3C026FAD442F20803636640F676
:10D5F0006303C4F8EC3040F68403C4F8EC3040F622
:10D60000A503C4F8EC304BF2C043C4F8EC3013234C
:10D61000C4F8EC304BF2E043C4F8EC304FF45273F2
:10D62000C4F8EC304FF43543C4F8EC30B7238E4ADD
:10D63000C4F8EC308D498E4B8E48FEF759FE47F604
:10D640000143C4F8EC304FF4C003E361C4F8D06187
:10D65000E369B3F1807F80F04381636E1905FCD4E8
:10D66000854B864A63668649864B8748FEF768FE87
:10D67000864BC4F8C43003F17C5303F2A3532360F8
:10D68000636E1F05FCD44FF49053E36123685E0082
:10D69000C3F38072FAD401232360C4F8C420636EFC
:10D6A0001805FCD47A4B63664FF40063C4F8EC3081
:10D6B000784BC4F8E03048F2434323602368990173
:10D6C000FCD44FF4C053E36143F6A003C4F8EC303C
:10D6D00043F20543C4F8EC3042F60403C4F8EC30DE
:10D6E00003F150536C4FDFF8F48103F5001304335A
:10D6F000C4F8EC80C4F8EC70C4F8EC3043F2854315
:10D70000664A67496748C4F8EC70C4F8EC30664B69
:10D71000FEF716FE4BF2E043C4F8EC305A23C4F88F
:10D72000EC3040F64203C4F8EC3040F6C603C4F8CF
:10D73000EC304BF28043C4F8EC300423C4F8EC30F6
:10D740004BF2A043C4F8EC30022310264FF41151E1
:10D750004FF4335042F28542C4F8EC30534B013E53
:10D76000C4F8EC30C4F8EC80C4F8EC70C4F8EC10E9
:10D77000C4F8EC00C4F8EC20F1D142F62042C4F821
:10D78000EC204B4A4FF41811C4F8EC204FF480728F
:10D79000C4F8EC208022C4F8E020E16101F5D11149
:10D7A000E1614BF2E041C4F8EC1033214FF03C0C46
:10D7B000C4F8EC104BF28041C4F8EC10C4F8ECC093
:10D7C000C4F8EC30C4F8EC80C4F8EC70C4F8EC0099
:10D7D000C4F8EC103E21C4F8EC10C4F8EC30354B22
:10D7E000C4F8EC80C4F8EC70C4F8EC304FF42603B5
:10D7F000C4F8EC603049C4F8E0203048304AE361B6
:10D80000304BFEF775FD4FF48003E361C4F8D0613F
:10D81000E3695A0240F18E802B4B2C4A2C492D484B
:10D82000FEF7B6FD4023C4F8BC31A369DB04FCD489
:10D83000294D2846BDE8F08100101640E08B0038E5
:10D84000602BF8CC72C9242E0F97F2A4B3FF52724A
:10D85000BC3AF6FA8C3B090056BAC7010408070027
:10D8600020A8003020000100FD40C92EB125E60AA5
:10D87000FB5367FD3C6AC4791C9020009412DD07BD
:10D8800060A78E7C67528E222CE64C585E1E0041AB
:10D8900008B010000000908066500010D7254D7928
:10D8A000A543EB207409ECA85005DD4B04380001BA
:10D8B0004088003860880038893A28303D1CE6618D
:10D8C0008E8209596E9C69A7FE20D277F35E80CCC8
:10D8D000008587D9EE0E354E04000100E028203483
:10D8E000E36903F07F43B3F1807F0DD1636E1A05C6
:10D8F000FCD4974B974A636603F1475303F55843AB
:10D90000954996484733B1E6E36903F07F43B3F1A5
:10D91000007F7FF4ADAE636E1B05FCD4904B914A43
:10D92000636603F1D54303F53C138F498F4803F237
:10D93000F5539BE6636E1F05FCD41C2363665223DC
:10D94000C4F804318A4BC4F8C430D4F80431002B35
:10D95000FBDA002018F044FF864BC4F80001C4F83D
:10D96000E03048F21323236023689E01FCD44FF477
:10D97000C053E36103F1824303F2DD63C4F8C430B2
:10D9800042F21343236023689801FCD44FF4C05340
:10D99000E361636E1905C3F3C022FAD4764B626665
:10D9A000C4F8E03048F213232360744C23689A01D2
:10D9B000FCD44FF4C053724AE3617249724B73480E
:10D9C000FEF796FC5223C4F80431714BC4F8C430FE
:10D9D000D4F80431002BFBDA002018F001FF40F2EC
:10D9E0005233C4F80001C4F804316A4BC4F8C4309F
:10D9F000D4F80431002BFBDA002018F0F1FEC4F853
:10DA00000001002018F0ECFEC4F80001002018F01E
:10DA1000E7FEC4F80001012018F0E2FE5E4BC4F8F6
:10DA200000015E4A5E495F48FEF762FC4FF4807376
:10DA3000C4F8D0305C4BC4F8C4305C4BC4F8E03060
:10DA400042F62303236023689B01FCD44FF4C053A8
:10DA5000E361574BC4F8C43042F2132323602368B8
:10DA60009F01FCD44FF4C053E3614A4BC4F8C43067
:10DA700042F21323236023689E01FCD44FF4C05369
:10DA80004C4A4D494D48E3614D4BFEF731FCFEF7E2
:10DA9000A3FC4C4B4C4A4D494D48FEF729FC522300
:10DAA000C4F804314B4BC4F8C430D4F80431002B13
:10DAB000FBDA002018F094FE474B484A4849C4F866
:10DAC00000014848FEF714FCFEF786FC464B474A27
:10DAD00047494848FEF70CFC5223C4F80431464B32
:10DAE000C4F8C430D4F80431002BFBDA002018F05D
:10DAF00077FE40F21223C4F80001636063685800A7
:10DB0000FCD5D4F8000118F06BFE3C4E3066D4F81A
:10DB1000000118F065FE7066D4F8000118F060FE90
:10DB2000B066D4F8000118F05BFE40F20223F06604
:10DB3000334AC4F83C313349334B3448FEF728FCB0
:10DB40004023C4F8BC31A369D904FCD471E600BFFA
:10DB50001E90200023576563E5BE33734953887CCC
:10DB60001D9020004D1F6C41EA97309659A86C79A2
:10DB7000C40C0001000004808000048000101640E6
:10DB800018FB58FF6AD413214BFEED242574AF997E
:10DB900004080B0005080700E2530E46BD4B3FFB8F
:10DBA00012951C9166874F09F7B7000100000881A4
:10DBB00005080B00C29884B29B1320FABF43130BD5
:10DBC000911F069A0B646E2ED1DA422ECB734DED67
:10DBD00044832627040C0D0175492577868774D662
:10DBE0004E89577E768687B36C1AE90084E965AD65
:10DBF000E9560C11C5C70FA5840C00015CB80020C4
:10DC0000EB0A5C9A2ECB2A960850C76E8C4C9C0768
:10DC1000344B354A35493648FEF76AFBFEF7DCFBE4
:10DC2000344B354A35493648FEF762FB5223C4F877
:10DC30000431344BC4F8C430D4F80431002BFBDA7F
:10DC4000002018F0CDFD304B304A3149C4F80001B6
:10DC50003048FEF74DFBFEF7BFFB2F4B2F4A3049F4
:10DC60003048FEF745FB5223C4F804312E4BC4F86C
:10DC7000C430D4F80431002BFBDA002018F0B0FDDA
:10DC800040F21223C4F80001636063685A00FCD5B7
:10DC9000D4F8000118F0A4FD244E3066D4F8000139
:10DCA00018F09EFD7066D4F8000118F099FDB0667A
:10DCB000D4F8000118F094FD40F20223F0661C4AEB
:10DCC000C4F83C311B491C4B1C48FEF761FB402348
:10DCD000C4F8BC31A369DB04FCD4AAE54FF00115FC
:10DCE000A7E500BF537FF663AA5D328765910811EF
:10DCF000236B276BF39E131754CBB5E5C416B2D62E
:10DD00005FECB09E040C0D013390B4575005B90977
:10DD1000CD0A91F4041DD7195610EBF44D3BEA31AE
:10DD20005747025B1CB5030F840C00015CB8002050
:10DD3000C6CFCBFB227D7DBFE80F8DDD4ACE4A9753
:10DD40002DE9F8439E4C9F4B43F20800C4F838314C
:10DD50004FF00113C4F80C319B4B23610123E3679F
:10DD600048F20703A367994BC4F8343118F038FD23
:10DD7000054643F2180018F033FD01462846FEF729
:10DD8000A5FA2368002BFCDB4FF0011018F028FDEA
:10DD9000FEF73EFA636E1805FCD40823636640F272
:10DDA00017438B4EA3668B48E66618F019FD0546AF
:10DDB000894818F015FD01462846FEF787FA2368C2
:10DDC000002BFCDB012018F00BFDFEF721FA0123EC
:10DDD000824AA362E263824AE26448F2BB02C4F868
:10DDE0008030C4F88C20C4F89460E36740F21F13BD
:10DDF000A367636E1905FCD408236366172379486B
:10DE0000A36618F0EDFC0546774818F0E9FC0146DA
:10DE10002846FEF75BFA2368002BFCDB0625734FD0
:10DE2000DFF8EC81012018F0DBFCFEF7F1F9384651
:10DE300018F0D6FC0646404618F0D2FC01463046A3
:10DE4000FEF744FA2368002BFCDB013DEAD10625EE
:10DE50000126DFF89881DFF8B891012018F0C0FCA6
:10DE6000FEF7D6F9A662C4F88060E667636E1A050D
:10DE7000FCD408234046636618F0B2FC07464846C7
:10DE800018F0AEFC01463846FEF720FA2368002B56
:10DE9000FCDB013DE1D103250126DFF87881DFF8C5
:10DEA0007891012018F09CFCFEF7B2F94B4BA6626A
:10DEB000E3634F4BC4F88060C4F8B030C4F8D0308E
:10DEC0004FF40043C4F8A430C4F8C43048F68B03C0
:10DED000C4F88C300723E667A367636E1B05FCD488
:10DEE0000823636617234046A36618F079FC0746AB
:10DEF000484618F075FC01463846FEF7E7F92368F6
:10DF0000002BFCDB013DCCD1FEF796F90123A36287
:10DF1000384B43F20800E36318F062FC054643F215
:10DF2000180018F05DFC01462846FEF7CFF923687B
:10DF3000002BFCDB06242F4D284618F051FCFEF781
:10DF40008BF9013CF8D103242B4D284618F048FCEE
:10DF5000FEF782F9013CF8D10324284D284618F039
:10DF60003FFCFEF779F9013CF8D10324244D284603
:10DF700018F036FCFEF770F9013CF8D1214818F092
:10DF80002FFCFEF785F906241E4D284618F028FCC4
:10DF9000FEF77EF9013CF8D103241B4D284618F00A
:10DFA0001FFCFEF775F9013CF8D10324174D2846F4
:10DFB00018F016FCFEF76CF9013CF8D1BDE8F883C7
:10DFC000001016406A8097F5674523011032547699
:10DFD00001EFCDAB083000101830001073010100C4
:10DFE000896745230710F0721710F0720730F0723E
:10DFF00010000040730181007F1980007B01FE004A
:10E000001F09AF00BB800300BB910100B785010071
:10E010001730F0720730F07A1730F07A70B5034697
:10E0200008780E4A800202440020DA601861996084
:10E03000EFF31086012282F310889D6808492D783D
:10E040004C68C5F10F05AA4024EA02024A604A68FA
:10E0500086F31088034A1A6070BD00BF204111404A
:10E060000040084059485052C37E012B1BD1036920
:10E070001B689B051AD483681A68002A0BDB196891
:10E080000C4A0A401A608268136843F00043136028
:10E090008368DB688360436900201A69012A1CBF1A
:10E0A00001221A61704740F6A170704740F6A270D5
:10E0B000704700BF60FCFFC72DE9F047DFF8D49040
:10E0C000036804464B450E465CD0002791F800805B
:10E0D000D1F834A04FEA8828A8F1BF28A8F56E0827
:10E0E000C0F810800D78416005F1401505F58855A0
:10E0F0002D02456187614A7DDAF800003946120138
:10E100001CF015FF636839461A7DDAF80400120125
:10E110001CF00DFF204618F008FEB36A6269236206
:10E12000336B1948C4E909731368012143F00103F3
:10E130001360164B1B68B0FBF3F00844FBF7CCFDF3
:10E140006369626891689A6F61F305029A67626811
:10E1500051799A6F61F311429A673723C8F81030EA
:10E160000B4B2246AB622B6B43F480032B6363683B
:10E1700093F92000596A18F03BF93846C4F800902A
:10E18000BDE8F0870E20FBE700E1F505B491002023
:10E190009F0FFF47454854452DE9F0411646D0E909
:10E1A00004721368044643F001031360584B594846
:10E1B0001B680D46B0FBF3F001210844FBF78CFD12
:10E1C000636962684FF0004E91689A6F61F30502CF
:10E1D0009A67626851799A6F61F3114200219A67D8
:10E1E000AB882A685BBA9BB212BAC7F8C020C7F8DE
:10E1F000C83063688C46586B0B466268557DA942EF
:10E2000041D333B11A6842F080421A600268DA6082
:10E21000A26000214FF0010C0F466268127D91420E
:10E220004CD333B11A6842F080421A604268DA6017
:10E23000E260012ED4E904235CD1916941F002012E
:10E240009161196B41F48001196340F2EE519160C4
:10E25000142111656168C968D1661A6842F04002EC
:10E260001A60A2681A62E2689A6162689278002A6B
:10E270004CD19A6300229A6440F20F721A6501220F
:10E280009A65BDE8F0810768928B07EB0113DA808D
:10E29000A3F804C002680D0105F110084244DA60D9
:10E2A0006268013192693AB102EB810252F8042CA2
:10E2B0009A6047F805E0A0E79A609EE742680D0182
:10E2C00002EB0113A3F806C09F8057514268103536
:10E2D0002A44DA60656801F1010E6A7842B9AA69D8
:10E2E0001AB16D7D294452F8212071469A6094E755
:10E2F0000022FAE7196B41F480011963196B41F4AC
:10E3000080211963196B41F400119DE78022B0E769
:10E31000B491002000E1F50530B587B0EFF3038339
:10E32000144A103B5BB252F82300D0E90441226941
:10E330008B6A5D0204D5950744BF0125857622616D
:10E340008B62016A61B14168CDE903230C780B6BE4
:10E350000194032401A98DF80840059318F035FCB9
:10E36000EFF30380103840B207B0BDE83040FBF750
:10E370002DBD00BFACB500202DE9F04FADF5077DF8
:10E3800006AD012300222C4646A813F0800F14BFCF
:10E390001B21002143F30606C25481EA46010132E3
:10E3A00005F8013BB2F5807F83EA0103DBB2ECD1D3
:10E3B00001230022644913F0800F41F8043B43F32A
:10E3C00006050CBF00231B23013283EA45030A2AFA
:10E3D000DBB2F0D163235D4A8446137000231746F5
:10E3E00001255B4E86F863301CF8013FC3F1FF0343
:10E3F00014F803E04FEA4E0141EADE115FFA81F8BA
:10E400004FEA4803DBB2C1F3C01119434FEA410A96
:10E410005FFA8AFA4AEAD3134FEA43095FFA89F9A5
:10E4200049EADA198EEA090E88EA0E0881EA08013B
:10E430004B4083F06303F5540135B5F5807F07F851
:10E44000013FD1D1837BDFF81CC10293437A414F56
:10E450000393437B404E0493C37AFF2005933F4BC5
:10E46000DFF804B1DFF804A1DFF80491DFF80481DC
:10E47000DFF8DCE0019312F8013B13F0800F14BFCA
:10E480001B21002143F3060481EA4401C9B203EBD6
:10E49000032441EA04244B4084EA03634FEA3361D6
:10E4A0004AF8041B4FEA334149F8041B1EF8011BCC
:10E4B0004BF8043B4FEA332348F8043B002941D092
:10E4C00046AB5B5C03995918B1FBF0F4C4EB042430
:10E4D000091B06AC655C04995918B1FBF0F4C4EB58
:10E4E0000424091B06AC615C029C09041C4441EA3B
:10E4F0000521B4FBF0F5C5EB0525641B06AD2C5DCD
:10E500006140059C2344B3FBF0F4C4EB04241B1BC3
:10E51000EB5C1B064B40019941F8043B01914FEA2B
:10E5200033614CF8041B4FEA33414FEA332346F87A
:10E53000043B0B4B47F8041B93429CD10DF5077D20
:10E54000BDE8F08F0B46E5E7E0B80020BFE600200D
:10E55000BFE5002008BD002008B9002008C5002044
:10E56000BFE7002008C1002008D5002008D1002006
:10E5700008CD002008C90020C02AF8B506460D467F
:10E58000144648D0B2F5807F47D0802A40F0C4803E
:10E590000A23634F33603B681BB9FFF7EDFE01238D
:10E5A0003B60334600222946640943F8042F05EBFB
:10E5B00084048C4233D133680C2B35D00E2B64D0BD
:10E5C0000A2B26D1574D58493046A036426955F896
:10E5D000044B8768C2F30723CB5C7C406340140E76
:10E5E0000C5D103083EA0443D4B20C5D83EA04630B
:10E5F000C2F307440C5D83EA042350F8044C8360A3
:10E6000063400468C36063405A40036142618642CC
:10E61000DCD10020F8BD0C23BBE70E23B9E751F88D
:10E62000042B43F8042FC4E730463E4C3E4906F124
:10E63000C005C26954F8046B8768C2F30723CB5C3A
:10E640007E407340160E8E5D183083EA0643D6B2C4
:10E650008E5D83EA0663C2F307468E5D83EA062376
:10E6600050F80C6C8360734050F8086CC3607340C2
:10E6700050F8046C036173400668436173405A406C
:10E680008361C2618542D4D1C3E7264D2649304615
:10E69000E036446A55F8042B8768C4F30723CB5C43
:10E6A0007A405340220E8A5C876983EA0243E2B2D1
:10E6B0008A5C203083EA0263C4F307428A5C83EAFF
:10E6C000022350F8142C8360534050F8102CC36080
:10E6D000534050F80C2C036153404361DAB28A5C1A
:10E6E0007A401F0ECF5D82EA0762C3F30727CF5D32
:10E6F000C3F30743CB5C82EA072282EA034350F864
:10E70000042C836153400268C36153405C40036240
:10E7100044628642BDD17CE76FF01F007AE700BFFC
:10E72000DCB80020E0B80020BFE600202DE9F04F63
:10E73000C9B0044602A816460D4618F07AFB00231D
:10E7400032462946636002A8FFF716FF06460028F6
:10E7500060D1029F039B04A903EB870301EB8302B3
:10E7600051F8233004F1180CA3605368103AE360A9
:10E77000936961462361D369964663617B1E98461F
:10E78000294827600193B8F1000F2ADDAEF1040A91
:10E7900001F1100B5AF8044F244BE5B210F8059024
:10E7A000250E53F82990455D214B53F82550214BF8
:10E7B00089EA0509C4F30725455DC4F3074453F806
:10E7C0002550045D1C4B89EA050553F8244065403B
:10E7D00041F8045B5945DDD108F1FF38AEF1100E68
:10E7E000D1E76FF00F01019B002F01FB03F3D4BFB2
:10E7F00000241C46C3F10003D8BF0023101912598E
:10E800000CEB03014CF8032043684B6083688B607A
:10E81000C368CB6002A84FF48C7102F07BF93046DC
:10E8200049B0BDE8F08F00BFBFE6002008C500205A
:10E8300008B9002008C1002008BD00202DE9F04FD4
:10E8400091B00192426800F1080303EB82060D6863
:10E8500053F822304C685D4073688A6863400093C7
:10E860000993B368DFF838C35A40CB68F168DFF822
:10E8700034E34B400168DFF830834FEA610A06F168
:10E8800030010026DFF8249308950A920B930AF1D1
:10E89000FF3A51F8184C51E90807029451F8144C0A
:10E8A0002031039451F8304CBAF1000F049451F820
:10E8B0002C4C059451F8284C069451F8244C07949C
:10E8C00000F3C08026B100990895CDE909120B9399
:10E8D000DFF8D092DDE90841DDE90A56E2B2330EF5
:10E8E00059F823305CF82220DFF8BC825A40C1F38B
:10E8F000072358F82330DFF8B4E25A40C5F3074342
:10E900005EF823305A404240CBB2200E59F8200026
:10E910005CF823300C924340C5F3072058F82000E0
:10E920004340C6F307405EF8200043407B40E8B216
:10E930000F0E59F827705CF820002D0E7840C6F3B2
:10E94000072758F82770F6B25CF8266059F825506A
:10E950007840C4F30747C4F3072458F82440C1F3B0
:10E9600007415EF82110754065405EF827704D4004
:10E97000039978404D40029F8849D6B278408E5D19
:10E98000049F2C0E0C5D7E4086EA0466C3F30724C8
:10E990000C5DDFB286EA0426C0F307440C5D0D93DC
:10E9A00086EA044E140E0E900F95CDF820E00C5D13
:10E9B000CF5D059E5FFA80FC774087EA0467C0F36D
:10E9C00007240C5D11F80CC087EA0427C5F307443F
:10E9D0000C5D069E87EA04471C0E0C5D8CEA060C53
:10E9E0008CEA046CC5F307240C5DEDB28CEA042CB0
:10E9F000C2F307440C5D000EC2F30722C3F30743C2
:10EA0000085C8A5CCB5C8CEA044C4C5D2021079D41
:10EA100009976C4084EA006080EA022282EA03439C
:10EA2000019A0DEB0100C2F800E05760C2F808C07F
:10EA3000D360CDF828C00B9302F06CF8002011B021
:10EA4000BDE8F08FEEB24FEA136B5EF82BB05CF8C6
:10EA50002660009C86EA0B06464000984FEA156B3C
:10EA6000C0F3072058F820005EF82BB04640C2F3F0
:10EA7000074059F820000AF1FF3A46409DF800008F
:10EA80005CF8200080EA0B007840C2F3072758F8B2
:10EA900027704FEA146B7840C3F3074759F8277083
:10EAA0005EF82BB07840D7B25CF82770120E87EA78
:10EAB0000B07C3F3072BDBB2029C5EF822205CF845
:10EAC000233058F82BB067405340039A87EA0B076E
:10EAD000C5F3074BC5F30725534058F8252059F8CF
:10EAE0002BB05340009A87EA0B07C2F3074459F84A
:10EAF0002420F4B253401A0E5CF824505EF8222011
:10EB0000C4B25540049A5CF824405540C0F3072233
:10EB100058F822204FEA106B5540C7F3074259F8C6
:10EB20002220C0F307405540320E5EF822205440A8
:10EB3000059A5440C7F3072258F822205440C3F3E3
:10EB4000074259F8222062400092FAB25EF82BB0D8
:10EB50005CF82220069C82EA0B02C3F3072B58F8CC
:10EB60002BB0DBB23F0E62405CF823305EF82770BA
:10EB700082EA0B02079CC6F3074BC6F3072658F838
:10EB800026607B4059F82BB059F820006340734051
:10EB900082EA0B02012643407BE600BFBFE600206D
:10EBA00008D5002008C9002008D1002008CD002089
:10EBB0002DE9F04F002791B00192426800F108035F
:10EBC00003EB82060D6853F822304C685D40736891
:10EBD0008A68634000930993B368DFF838C35A40EA
:10EBE000CB68F168DFF830E34B400168DFF82C8335
:10EBF0004FEA610ADFF8289308950A920B930AF10D
:10EC0000FF3A06F1300151F8184C51E90806029418
:10EC100051F8144C2031039451F8304CBAF1000FE4
:10EC2000049451F82C4C059451F8284C069451F852
:10EC3000244C079400F3C08027B100990895CDE9D2
:10EC400009120B93089D0999DFF8CC92EBB20A0EDA
:10EC500059F822205CF82330DFF8C082DDE90A474A
:10EC60005340C7F3072258F82220DFF8B4E253409C
:10EC7000C4F307425EF8222053405840220ECBB224
:10EC800059F822205CF823300C905340C5F307223A
:10EC900058F822205340C7F307425EF82220534021
:10ECA0007340E2B23E0E59F826605CF82220FFB2B3
:10ECB0007240C1F3072658F82660C4F30724724057
:10ECC000C5F307465EF826602D0E7240029E59F885
:10ECD000255072405CF8276058F82440C1F3074182
:10ECE0005EF82110754065404D400399C6B24D4015
:10ECF0008749049F8E5D1C0E0C5D7E4086EA04668B
:10ED0000C5F307240C5DDFB286EA0426C2F307448C
:10ED10000C5D0D9386EA044E140E0E920F95CDF8FD
:10ED200020E00C5DCF5D059E5FFA82FC774087EAAC
:10ED30000467C0F307240C5D11F80CC087EA0427B0
:10ED4000C5F307440C5D069E87EA04472C0E0C5D54
:10ED50008CEA060C8CEA046CC3F307240C5DEDB25C
:10ED60008CEA042CC0F307440C5D000EC2F30722AA
:10ED7000C3F30743085C8A5CCB5C8CEA044C4C5DB3
:10ED80002021079D09976C4084EA006080EA0222F6
:10ED900082EA0343019A0DEB0100C2F800E05760DC
:10EDA000C2F808C0D360CDF828C00B9301F0B2FEC2
:10EDB000002011B0BDE8F08F009CEFB24FEA146B59
:10EDC0005EF82BB05CF82770029C87EA0B0747407F
:10EDD000C3F3072058F820004FEA126B4740C2F3F4
:10EDE000074059F820005EF82BB047409DF800001E
:10EDF0000AF1FF3A5CF8200080EA0B007040C5F38E
:10EE0000072658F826604FEA136B7040C3F3074695
:10EE100059F826605EF82BB07040D6B25CF82660D8
:10EE2000DBB286EA0B066640009C5CF82330C4F334
:10EE3000072B58F82BB0039C86EA0B06C5F3074B4B
:10EE40002D0E5EF82550C2F3072258F822206B40A1
:10EE500063405340009A59F82BB0C2F3074459F865
:10EE60002420FCB25340020E5CF824505EF82220AD
:10EE700086EA0B065540049AC4B25540C3F30722F4
:10EE800058F822205CF824405540C6F3074259F850
:10EE900022204FEA136B5540320E5EF82220544078
:10EEA000059A5440C7F3072258F822205440C3F370
:10EEB000074259F82220DBB262400092F2B25EF8BB
:10EEC0002BB05CF82220069C82EA0B02C0F3072BD1
:10EED00058F82BB0624082EA0B02C7F3074B3F0E93
:10EEE0005EF827705CF82330079CC6F307267B404A
:10EEF00058F82660C0F3074059F82BB059F82000A5
:10EF000063407340012782EA0B0243407BE600BF67
:10EF1000BFE5002008C5002008B9002008C1002076
:10EF200008BD002070B586B0CDE9043205460E4616
:10EF30001046002110221C461BF0F9FF04AB03937E
:10EF4000064BFF22029300233146CDE900332846C9
:10EF5000E3B218F0DEF806B070BD00BF416F0400E8
:10EF600030B5074C256824686A40D2B2891A101A55
:10EF7000090A41EA1021634023EA0100C0B230BD12
:10EF800008D900202DE9F84F4FF0000A05468846C1
:10EF90001646994654465746DDF828B05F4516D2C6
:10EFA000002319F8070020280CD0ABEB0702012A38
:10EFB00011D00D280FD109EB070252780A2A6CD123
:10EFC0000137EBE70137BB454FF00103E9D1A4B9A5
:10EFD0000020346004E00A28F2D01BB16FF02B004F
:10EFE000BDE8F88F0206F9D43D2858D10AF1010A8C
:10EFF000BAF1020FF2D80134E2E7062204F0070367
:10F00000E408534354430733A4EB0A0404EBD3044A
:10F0100065B144450AD809EB070B00272C46BA46D0
:10F02000B846234AD94505D1641BD1E76FF02900C2
:10F030003460D5E719F8010BA0F10A03DBB2162BF7
:10F0400009D93D284FEA88180CD018F018F9184A49
:10F0500048EA000807E042FA03F3DB07E2D54FEA8B
:10F060008818F2E701370AF1010ABAF1040FD9D181
:10F070004FEA1843012F237003D901344FF0000ADF
:10F08000D0E74FEA1823637017B101270234F5E780
:10F0900084F80280BA460334C4E7002B9ED1BAF14B
:10F0A000000F9BD118F0EBF80028A4DA96E700BF18
:10F0B000F6FFBFFF044B1B68584043085B424042C9
:10F0C0001843C017704700BF08D900208842F0B528
:10F0D00004D00025084F0438AA4200D1F0BD3E6894
:10F0E00050F8044F5E4024EA060451F825600135CB
:10F0F0001E4034430460EFE708D900202DE9F04FAB
:10F100008DB01D46189B8346B3F12A3F8A46179F50
:10F110001A9E059240F08D803946169818F0E3F853
:10F12000012838BF0120470900F01F044FF00109F2
:10F130007B01502B34BF4B4603230A9309FA03F398
:10F140000B930A9B059805FA03F306EB83030693DA
:10F1500003EB8503079318F0C3FA4FEA850842468C
:10F160000021089030461BF0E2FE079BC6F8009095
:10F170000393089B3146CDE90153059B3046199A0C
:10F18000009306EB08092B4618F0BBFA514642469D
:10F1900048461BF0A5FE0223494609930B9B099A9A
:10F1A000934248D14246314658461BF099FE4FF0F3
:10F1B0000009CA46079B5A460393089B5946CDE966
:10F1C0000153059B584600932B4618F09AFA002CE1
:10F1D00047D11F24013F169B0AF1010A53F827303B
:10F1E000E34003F0010343EA49090A9B534503D076
:10F1F000002CDFD1002FDDD1189BB3F12A3F32D193
:10F20000424609FB086106981BF06AFE079B5946B7
:10F210000393089B5846CDE90153059B069A00933A
:10F220002B4618F06EFA002CC1D1BFB90DB0BDE865
:10F23000F08F00247AE7079B01EB080A0393089BF1
:10F240004A46CDE90153059B504600932B4618F0E2
:10F2500058FA099B5146013309939FE7A146A246FC
:10F26000A8E7013CB7E731464FF0000A0A4B2A46AF
:10F2700018681B68584080EA090080EA0A00FFF716
:10F2800019FFC3430698FFF721FF099B0AF1010A02
:10F2900053454144EAD1B9E708D90020054B013173
:10F2A0001B680132434022EA030208400243501E19
:10F2B00000B2704708D900202DE9F04F834699B07D
:10F2C0000F46184600211646049318F0CDFC00287E
:10F2D00000F0878100240125774B30461493049970
:10F2E00015ABCDE90B45CDE90D45CDE90F45CDE990
:10F2F0001145139318F041FCA04228DABBF1000F2E
:10F3000005D1E7B90024204619B0BDE8F08F2146A9
:10F31000584618F0A7FB04460028F2D00BA818F0B6
:10F32000EEFA0DA818F0EBFA0FA818F0E8FA11A8F9
:10F3300018F0E5FA0C2115A801F0ECFBE3E73146E3
:10F34000384618F05AFB04460028E7D1DAE7314680
:10F350000BA818F052FB04460028DFD104990DA831
:10F3600018F04BFB04460028D8D1F1880FA80231D1
:10F37000ADF83850ADF8305018F0CFFA04460028F8
:10F38000CCD101460FA818F06DFB04460028C5D16A
:10F39000F18811A8023118F0C0FA04460028BDD146
:10F3A0000DA818F09EFB00F01F001F2873D0C0F1BD
:10F3B0001F0319460BA8019318F0B9FB0446002857
:10F3C000ACD101990DA818F0B2FB04460028A5D1D4
:10F3D000BDF83250BDF83A800DA8A5EB080A4FEAF7
:10F3E0004A19494618F0A3FB0446002896D14FEA73
:10F3F0008A0A0DA90BA818F0EFFB00284DDA494640
:10F400000DA818F0B1FB0446002887D108F1FF339E
:10F4100002939B0005F1FF3A069305F1804508F140
:10F420008043023B013D9B00A5EB08050993AB001F
:10F430000393029B9A4541D8BBF1000F0DD058466B
:10F440000FA918F0DAFA002840F0C780049AB388B0
:10F45000928813FB02F3ABF80430002F3FF45EAF49
:10F4600001990BA818F080FB002840F0B680B38803
:10F470000BA93846ADF8303018F0BFFA0146002825
:10F4800040F0AD80384618F0EFFB00287FF446AF1F
:10F490000123BB8042E701949AE70F9A0BA952F827
:10F4A0000A300846013342F80A300DAA18F0C1FCB0
:10F4B000044600289DD031E7010003000D9B069A09
:10F4C00005931344DDF82C900893059B4FEA8A08B6
:10F4D0009A5859F82A10A8F104030F9D0793039B2B
:10F4E00091421D4474D20798002359F80000E1F7B7
:10F4F0007FFD002914BF4FF0FF330346BAF1010F1F
:10F500002B600EBF002309EB080353F8083C099A4F
:10F510001593079B59F80330169359F80830179341
:10F520002B6801332B60059B134498462B68002100
:10F53000013B2B6011A818F095FA00284DD1029BD1
:10F54000002B48D0D8F80020119B11A91A60089A06
:10F55000084612685A602A6818F00BFD00283CD152
:10F5600013A911A818F038FB0028DFDC2A680DA9C0
:10F5700011A818F0FEFC80BB039B11A84FEAC3083A
:10F58000414618F0D4FA40BB0BA9084611AA18F05E
:10F5900050FC014618BB0BA818F066FB002812DAD5
:10F5A0000DA911A818F029FAB8B9414611A818F008
:10F5B000BEFA90B90BA9084611AA18F037FC60B939
:10F5C0002B68013B2B60039B0AF1FF3A043B2FE7BA
:10F5D0004FF0FF3392E7029AB6E704469EE60C46E8
:10F5E0009CE66FF00B048EE618B112B1002011609A
:10F5F00070470148704700BF009FFFFF0246044B61
:10F60000586800B9704719789142FBD00833F7E782
:10F610008429050010B50446A8B1006C10B124215E
:10F6200019F008F9E06B40B12368074ADB79C3F3AE
:10F63000840352F823309B6998472046BDE8104068
:10F64000442101F067BA10BD601C002038B50546A2
:10F650000C46A9B1442200211BF069FCE379094A58
:10F66000C3F3840352F823305B6913B900202C6084
:10F6700038BD9847E8630028F8D1A0F5C340F7E704
:10F680000148F5E7601C0020009FFFFF70B4DCB26A
:10F69000012C29D804683CB3E57905F00305012D58
:10F6A00005D8657905F00F05B2EB851F1CD14260C6
:10F6B0000372012BC06BE3790D4D08D0647904F01F
:10F6C000F006302E03D004F0E004402C06D1C3F342
:10F6D000840355F82330DB6870BC1847C3F38403F8
:10F6E00055F823301B69F7E7024870BC704700BF2C
:10F6F000601C0020009FFFFF38B5036805461446D4
:10F70000BBB1102A13D8DA79D20707D41B795B0969
:10F71000B4EB830F4FEA83020BD314462CB122467D
:10F7200005F128001BF0DCFBAC63002038BD02486B
:10F73000FCE70248FAE700BF809FFFFF009FFFFF42
:10F740002DE9F04F1546026885B004468846994673
:10F75000DDF838A01AB9624805B0BDE8F08F002284
:10F76000CAF800200268002A00F0B380167916F06B
:10F770001F0600F0AE80527902F0F002102A15D177
:10F78000B54240F0A880CAF8005002685549D279C5
:10F79000C2F3840251F8222090F9081055684246BD
:10F7A000AC46C06B05B0BDE8F04F6047994208D148
:10F7B000436A002BCFD1B5FBF6F306FB1353002BA6
:10F7C000C9D1202A40F08980626A94F908300392F6
:10F7D0008BB9039BE268F31A8AB1AB4249D3039811
:10F7E0002A461430414620441BF07AFB636A2B44BE
:10F7F00063620020B0E7012B03D1039BF31AAB42F5
:10F80000EDD8039B002B37D1002DF2D0B5FBF6F7D6
:10F8100006FB175737B994F908301BB9E368002B7A
:10F8200018BF3746ED1B3A4608EB050104F11400FA
:10F830001BF056FB636A3B446362002DD9D02368FA
:10F84000284ADB79C3F3840352F82330CDE90089D9
:10F850002A469E6894F90810E06B04F12803B0472B
:10F8600000287FF479AFDAF800302B44CAF8003072
:10F87000BFE7039B002BC9D0039B4146A6EB030BBC
:10F8800003F114005A4620441BF02AFB234653F888
:10F89000142B1449D279C2F3840251F82220CDE905
:10F8A0000039936894F908101F463246E06B04F162
:10F8B0002803B84700287FF44FAFDAF80030039FE1
:10F8C00033442F44CAF80030B1446062D844BD1BB1
:10F8D0009AE7054840E705483EE705483CE700BF92
:10F8E000009FFFFF601C0020809CFFFF809DFFFFAA
:10F8F000809FFFFFF7B5036804460E46154613B90F
:10F900003A4803B0F0BD002313600368597901F051
:10F91000F002202A08D10269002AF1D09A794C3AE3
:10F92000012A1AD80020ECE701F0B0003028F9D005
:10F9300001F0E0014029F5D0602AF3D0902AF1D0FF
:10F94000A02AEFD09B794C3B012BEBD9102A4AD14E
:10F95000636A002BE6D02648D3E790F90810426A84
:10F96000012931D1C76817B9002ADBD0F3E7A16BB1
:10F97000143011B9197949098900B847234653F859
:10F98000281B1C480A79C97902F01F02C1F38401BF
:10F9900050F8211004F11400019600908F68E06B7C
:10F9A00094F90810B8470028ABD194F908302168C1
:10F9B0009BB9236911B1097901F01F012A4630462C
:10F9C00003B0BDE8F04018471B7903F01F039A42CB
:10F9D000D4D0C368002BC7D0BDE711B1097901F0BD
:10F9E0001F0129609EE704488BE700BF009FFFFFCF
:10F9F000809DFFFF601C0020809FFFFF0268034680
:10FA00005AB1527902F0F002202A06D1042906D117
:10FA10000020044AD8601A617047034870470348C1
:10FA2000704700BFE9F50200009FFFFF809FFFFFC6
:10FA3000F0B585B00446DDE90B751E46FFF75CFEA8
:10FA4000A8B92368ABB160623B46314620460A9AAA
:10FA50000095FFF775FE50B92968204603AA39447E
:10FA6000FFF748FF18B92B68039A13442B6005B0C1
:10FA7000F0BD0148FBE700BF009FFFFF044B1B6880
:10FA8000584043085B4240421843C017704700BFCC
:10FA900008D900202DE9F84305460027DFF87080DB
:10FAA0008A1A8F4201D1BDE8F883D8F80040D8F80F
:10FAB00000607C40564084EA0600C00FFFF7DEFF7E
:10FAC000D8F80030A41B4340064024EA0304344322
:10FAD000E00FFFF7D3FF00244E1EA64204D8AB5D13
:10FAE00001370340AB55DCE715F804C004EB050E05
:10FAF00001342B5DD8F800900CEA000C80EA09096B
:10FB000023EA090343EA0C038EF80030E5E700BF5F
:10FB100008D90020F0B5114C002B14BF9C468C4630
:10FB2000246800234440E443059F03F1040E774515
:10FB300002D2BB4209D3F0BDD5585CF80360054042
:10FB400026403543CD507346EFE7D55C1CF8036083
:10FB5000054026403543CD540133EAE708D900205B
:10FB60002DE9F7430746884691461C460B9E0D4DEE
:10FB70000A9B9C4202D903B0BDE8F0832B682A6837
:10FB80003946534083EA090383EA0400FFF776FF0E
:10FB900008EB04020023C0430096FFF7BBFF0134CB
:10FBA000E6E700BF08D900200338C0B208289ABF92
:10FBB000024B53F820000020704700BF082A0500C0
:10FBC00008B530B3036823B319B30A680AB3934284
:10FBD0001FD11B78033B082B1BD8DFE803F0051A65
:10FBE0000B1A1A10101515004968406818F094FD9A
:10FBF000002008BD4968406818F09EFFF8E7496892
:10FC0000406819F049F8F3E74968406819F008F9C5
:10FC1000EEE70148EDE700BF00AFFFFF70B50D460E
:10FC20001646044600B109B9284870BD0023C0E952
:10FC3000013301600B78033B082BF5D801A252F881
:10FC400023F000BF69FC020029FC02007FFC0200D7
:10FC500029FC020029FC020091FC020091FC020038
:10FC6000A3FC0200A3FC02005821012000F05EFF6B
:10FC7000606048B318F047FDE6B90020D5E75C2185
:10FC8000012000F053FF6060F0B118F04CFFF3E783
:10FC90006C21012000F04AFF6060A8B118F0F3FF6A
:10FCA000EAE7D821012000F041FF606060B119F05F
:10FCB000AEF8E1E70220A97800F038FFA060002844
:10FCC000DBD1204618F0E8FC0148AEE700AFFFFFAB
:10FCD00080AEFFFFF0B10368E3B11B78033B082B54
:10FCE00018D8DFE803F005170817170B0F111500D8
:10FCF000406800F053B9406802F08ABC01214068B6
:10FD000003F0F4BB0021FAE701214068E1F780BC71
:10FD10000021FAE70048704700AFFFFF10B400B3BE
:10FD20000368F3B11B78033B082B1AD8DFE803F014
:10FD300005190A19190F0F14140040685DF8044BD7
:10FD400018F0EFBC40685DF8044B18F0FABE40684C
:10FD50005DF8044B18F0A5BF40685DF8044B19F03E
:10FD600064B802485DF8044B704700BF00AFFFFF66
:10FD7000C0B10368B3B11B78033B082B12D8DFE88E
:10FD800003F005110811110B0B0E0E00406818F05E
:10FD900001BD406818F00EBF406818F0C1BF406850
:10FDA00019F094B80048704700AFFFFF10B4044644
:10FDB000084611461A4604B32378033B082B1CD887
:10FDC000DFE803F0051B091B1B0D121419005DF879
:10FDD000044B00F083BC5DF8044B18F034BF0123E2
:10FDE0005DF8044B18F0ECBF0023F9E701235DF840
:10FDF000044B19F0EAB80023F9E702485DF8044B18
:10FE0000704700BF00AFFFFF2DE9F0410E461746D7
:10FE1000054690B000286DD00368002B6AD0826838
:10FE2000002A67D09B78BB4214D2FFF753FF0446E9
:10FE300000283BD13A4631462846FFF76FFF04467B
:10FE4000A0BB69462846FFF793FF044670BB6E4689
:10FE50002B685F782B68D5F808809A783621404661
:10FE600008EB02041BF063F82B685C219A782046AB
:10FE70001BF05DF80023191D8F4208EB03021DD211
:10FE80009F4223D80023191D8F4204EB030224D282
:10FE90009F4228D82846FFF71DFF044630B92B683B
:10FEA000414628469A78FFF739FF044640216846C4
:10FEB00000F030FE204610B0BDE8F081F25858F84E
:10FEC0000300424048F803200B46D4E7F05C117869
:10FED0000133414002F8011BD2E7F258E05842409A
:10FEE000E2500B46CFE7F05C11780133414002F855
:10FEF000011BCDE7004CDDE700AFFFFF10B438B1C8
:10FF000004682CB183681BB15DF8044BFFF706BF92
:10FF100001485DF8044B704700AFFFFFF0B50D4698
:10FF2000044691B000B30368F3B18668E6B1694650
:10FF30009F78FFF71DFFA8B92046FFF7CBFE88B9D1
:10FF4000236820469A78F119FFF7E8FE50B9236834
:10FF5000694620465A78FFF7E1FE18B9294620463F
:10FF6000FFF706FF11B0F0BD0048FBE700AFFFFF51
:10FF700038B5044670B1036863B1856855B1FFF7C1
:10FF8000A9FE40B92368294620469A78BDE8384042
:10FF9000FFF7C4BE004838BD00AFFFFF0346002096
:10FFA000084AC3E900009A6002F18832DA6002F17F
:10FFB0002942A2F59612A2F68B621A61A2F188324A
:10FFC0005A617047012345672DE9F04F4B68A1B096
:10FFD00001930D938B68D1F8009002930E93CB6838
:10FFE000D1F814C003930F930B69D1F81C800493CC
:10FFF00010938B69CDF844C0059312930B6ACDF82A
:020000023000CC
:100000003090069314934B6ACDF84C800793159368
:100010008B6ADFF800A408931693CB6A09931793B1
:100020004B6B42690A931993CB6B0F6B0B931B932A
:10003000D0E903B383EA020404EA0B045440E64B1C
:100040008268D1F838E013444B441C4403690BEB3D
:1000500074648BEA0302224041695A40DF4B056910
:100060000B440199039E0B44DD491A4404EB3252C0
:100070008BEA04032944029D1340294483EA0B03BD
:100080000B44D84902EBF33384EA02051D4059447E
:1000900031446540049E0D4403EBB52582EA03011B
:1000A0002940B244A24451405144DFF86CA305EB0F
:1000B000716183EA05040C40E24492445C40059E71
:1000C0005444DFF858A301EB345485EA010222407E
:1000D000B2449A446A405244DFF844A304EBF2323B
:1000E00081EA04031340C244AA444B40069E534491
:1000F000DFF830A302EBB32384EA02051D40B244CB
:100100008A446540079E5544DFF81CA303EB7565E0
:1001100082EA03012940B244A244089E514051445E
:1001200005EB315183EA0504A6F5244A0C40AAF1F7
:100130004F0A92445C40099E5444DFF8F0A201EB60
:10014000F43485EA01022240B2449A446A4052449F
:10015000DFF8DCA204EBB22281EA04031340BA44C4
:10016000AA444B400A9E53449F4D02EB736384EABA
:10017000020A0AEA030A35440D448AEA040AAA4438
:100180009A4D03EB3A5A82EA030101EA0A017544E7
:10019000254451400B9E2944954D0AEBF13183EAE9
:1001A0000A040C40354415445C402C4401EBB42453
:1001B000019E904A81EA040505EA0A0532441A4480
:1001C0004D40154404EBF565059E8B4B84EA050212
:1001D0000A403344534462401A4405EBF252099EEC
:1001E000DFF850A285EA02032340B2448A446B4000
:1001F000534402EBB343DFF840A282EA03012940F3
:10020000CA44A2445140514403EB3131DFF82CA2DF
:1002100083EA01041440E244AA445C40544401EBE4
:10022000F4641897CDF868E0DFF814A2089E81EA1C
:1002300004051D40B24492444D40554404EBF5552D
:100240000B9EDFF800A284EA05020A40B2449A44F9
:100250006240524405EBB242049EDFF8ECA185EA0D
:1002600002032340B2448A446B40534402EB3333CD
:10027000079EDFF8D8A182EA03012940B244A244D4
:100280005140514403EBF161DFF8C4A183EA01045A
:100290001440F244AA445C40544401EBF454039EDD
:1002A000DFF8B0A181EA04051D40B24492444D40FC
:1002B000554404EBB545069EDFF89CA184EA05028F
:1002C0000A40B2449A446240524405EB32320A9EDC
:1002D000DFF888A185EA02032340B2448A446B40D8
:1002E000534402EBF363029EDFF874A182EA030138
:1002F0002940B244A2445140514403EBF151DFF88C
:1003000064A183EA01041440C244AA445C405444FA
:1003100001EBB44481EA04052E46DFF84CA11D40F0
:10032000BA449244ACF5B822A2F2BE621A443346F3
:100330004D40554404EB3535069E6B40DFF82CA14B
:100340001A4405EB3273B24484EA05025A408A44E7
:10035000099E02EB0A01294A03EB715185EA030A5F
:10036000324422448AEA010A254C924401EB3A4A7B
:1003700083EA01027444019E2C4482EA0A02214D60
:1003800022440AEB722281EA0A04354454401D4497
:10039000049E63191C4C02EB33738AEA0205344451
:1003A0000C445D401949254403EB755582EA03046A
:1003B0004144089E51446C40DFF8B4A00C4405EB66
:1003C000344483EA0501B24492440A9E6140104AD3
:1003D000514404EB71214DE078A46AD756B7C7E8C1
:1003E000DB702024EECEBDC1937198FD8E4379A6BB
:1003F0002108B44962251EF640B340C022619D6DBC
:100400000C38E5FD44EABEA4A9CFDE4B604BBBF639
:10041000C67E9B28AF0F7CF52AC68747134630A8B7
:10042000019546FDD8988069AFF7448BBED75C89AB
:100430002211906B515A5E26AAC7B6E95D102FD6DD
:100440005314440281E6A1D8C8FBD3E7E6CDE121ED
:10045000D60737C3870DD5F4ED145A4505E9E3A94E
:10046000F8A3EFFCD9026F678A4C2A8D81F6718759
:1004700070BCBFBE85EA040A32441A448AEA010A03
:10048000804B924401EB3A7A84EA01024B44039E8A
:100490002B4482EA0A027C4D1A440AEB725281EA2A
:1004A0000A0335442544059E5340784C2B4402EB07
:1004B00033438AEA020534440C44079E5D40744984
:1004C000254403EB752582EA0304314451446C4012
:1004D000DFF8FCA10C4405EB347483EA0501BA444F
:1004E0000B9E924461406B4A514404EB715185EA82
:1004F000040A32441A44029E8AEA010A664B924474
:1005000001EB3A4A84EA010233442B4482EA0A02AC
:100510001A44624D0AEB722262EA01034D442544FB
:1005200083EA0A032B445E4D02EBB36363EA0A04D9
:1005300045440D4454402C445A4D03EBB45464EAF2
:1005400002017544554459402944DFF888E104EB21
:10055000714161EA0305E644964465407544DFF85D
:1005600078C101EBF52565EA0402BC449C444A408D
:10057000039E62444C4F05EBB26262EA01033744CA
:100580002744089E6B403B4402EBB353A6F580160C
:1005900063EA0504A6F683360E445440019F3444B2
:1005A000424E03EB744464EA02013E442E44594037
:1005B000069F31443E4E04EBF12161EA03053E44BF
:1005C000164465400B9F35443A4E01EBB56565EA2C
:1005D00004023E441E444A40059F3244364E05EB19
:1005E000B25262EA01033E4426446B400A9F334400
:1005F000324E02EB734363EA05043E440E4454401A
:10060000049F34442E4E03EBF42464EA02013E447A
:100610002E445940099F31442A4E04EBB16161EAEE
:1006200003053E4465401644029FAA19264E01EB7D
:10063000B25262EA04053E444D401E44AB1902EB3F
:1006400073431C911F921E93204E079F63EA01057E
:100650003E4455402644AC19856803EBF4242944F4
:10066000816001691D940B44036143695C441A4431
:10067000C460426150210CA800F04CFA002021B067
:10068000BDE8F08FFA27A1EA8530EFD4051D880474
:1006900039D0D4D9F87CA21F6556ACC4442229F4C1
:1006A00097FF2A43A72394AB92CC0C8FD15D84850E
:1006B0004F7EA86FE0E62CFE144301A3A111084E63
:1006C000827E53F735F23ABDBBD2D72A91D386EB5F
:1006D000E599DBE639A093FCC3595B6570B596B02C
:1006E000044668460E46154618F00DF80023CDE97D
:1006F0000033114B2146029303F18833039303F136
:100700002943A3F59613A3F68B6304933246A3F112
:1007100088336846059318F004F8044620B9294642
:10072000684618F037F804466846582100F0F2F998
:10073000204616B070BD00BF0123456701680E4A10
:100740000346914215D1C169A2F11022A2F1EF1224
:1007500091420ED18268012A0BD8C26812B1016998
:100760008A4206D0586928B19B691B1A58425841E1
:1007700070470120704700BF55AA00FF70B50D4BB0
:100780009E68A6B13046FFF7D9FF044678B9F368F2
:100790006BB935690DB9204670BD2846FFF7CEFF0D
:1007A00028B9EB68B34202D12E462D69F2E7012445
:1007B000F1E700BF0CD900202DE9F8433F4F3C681A
:1007C000D4B1BC68C4B100284AD0002948D001FB8C
:1007D00000F5B5FBF0F0884242D1281D40D8A907AA
:1007E0000DD025F003060436FC6803E06368B342CD
:1007F00038D2A469002CF9D12046BDE8F8832E46F2
:10080000F2E7FB6041E006F120016318203A5A60EC
:100810000022C3E902242A4822691A61605029494A
:10082000D96102B1D36062695A61A1699961AAB1C3
:1008300093619A6902B153614FF00109236100236A
:10084000C4E90169C4E905333B69DB072ED5FFF72D
:1008500095FF58B31C4B48461B6826E0FB60E8E751
:100860000024C9E7A3681BB1174B01201B689847F8
:10087000626804F12008921B232AC4D80123A360D4
:10088000D4E90523002ABCD09361A3690BB1626946
:100890005A610023C4E905333B69DA0706D5FFF73F
:1008A0006DFF18B10120084B1B6898472A460021AC
:1008B000404644461AF03BFB9EE700BF0CD900209F
:1008C00055AA00FF669911EE681C002070B5054618
:1008D000002800F08880444E3368002B00F08380AD
:1008E000B268002A7FD0834203D8726813449842CA
:1008F00003D33E4B01201B689847A5F120042046F6
:10090000FFF71CFF18B1394B01201B68984755F8B9
:10091000183C012B03D0354B01201B68984700235E
:1009200045F8183C55F8143C3BB39A682ABB55F877
:100930001C2C02F120015A680A445A6055E905321C
:100940001A6155F8145C2B6903B1DD602022002187
:1009500020461AF0ECFA286910B18368002B2ED0DB
:1009600033699B073FD5FFF709FF00283BD0BDE85F
:1009700070401E4B01201B68184755F8100C0028CA
:100980002AD0836843BB42686368134420336360A2
:1009900003692361D4E905239AB9CBB9436963613B
:1009A0008269A261B3B19C61A36903B15C612369EF
:1009B00003B1DC60202200211AF0B9FAD0E72C46FE
:1009C000E1E79361A369002BE8D062695A61E5E72A
:1009D000F360F7E7F460E7E7F36845F8083C03B134
:1009E0005C61F460BCE770BD0CD90020681C00207D
:1009F00038B50C4614220021054613481AF097FA20
:100A00001249134800F09EF8232C1CD915F003035B
:100A10001FBF043CE418C3F10403ED182246002173
:100A200028461AF084FA084B0A49C3E90054203CCE
:100A30009D606C609A6811609A68A1F11021A1F123
:100A4000EF11D161DA6038BD0CD90020CD08030068
:100A5000B907030055AA00FF38B50546084C2068C1
:100A600010B90446204638BD6B6862689A4204D1CA
:100A7000A9681AF0D3FA0028F4D01434EFE700BFC5
:100A8000082B050070B50E46054610B1094C2068CC
:100A900010B96FF02D0070BD6B6862689A4203D187
:100AA000A9681AF0BBFA08B11434F0E7236933607F
:100AB000F1E700BFBC2B050070B50E46054610B12E
:100AC000094C206810B96FF02D0070BD6B6862682A
:100AD0009A4203D1A9681AF0A1FA08B11434F0E7D8
:100AE000237C3370F1E700BFB82A050030B5084B0E
:100AF0001C6814B96FF02D0006E01D7C854204D1FE
:100B000000200C605B68136030BD1433F0E700BF59
:100B10002C2A050010B50A46044619B1024B0021E3
:100B20001B68984710BD00BF641C0020014B1B6868
:100B3000184700BF701C0020014B1B68184700BFFE
:100B40006C1C0020024B1860024B0020196070479B
:100B5000701C00206C1C00202DE9F04F95B006ACF5
:100B600005468A461746A1461E46744BDDF8788036
:100B700003F1300C224618685968083303C26345F4
:100B80001446F7D118689B88106093802EB96FF0D7
:100B90000304204615B0BDE8F08FB8F1000FF6D081
:100BA0003368002BF3D1D8F800100029EFD1284684
:100BB00017F05AF80028EADD0121384617F054F8FA
:100BC0000028E4DD2946384617F006F80028DEDA6A
:100BD0000121504617F048F80028D8DD2946504634
:100BE00016F0FAFF0028D2DA04A816F083FE02A855
:100BF00016F080FE5246394602A817F04EF9044618
:100C000080B902A90122084617F02FF9044648B915
:100C100002A816F053FF1FFA80FBBBF1000F08D1AA
:100C20006FF0030404A816F06AFE02A816F067FE2F
:100C3000AFE781B202A816F097FF04460028F1D171
:100C40002B681F6807F007077B1E5F425F4119F89A
:100C5000071004A816F006FF04460028E2D12A4631
:100C6000304604A917F0E8FA04460028DAD1012139
:100C7000304616F0F9FF20B10137BBB2362BE6D172
:100C8000CEE704A92B460846CDF8008002AA17F04B
:100C9000C0FA04460028C5D14FF0010A012104A87A
:100CA00016F0E2FF002841D004A90122084617F0FF
:100CB000C4F804460028B5D12A46304604A917F0E6
:100CC000BBFA04460028ADD10121304616F0CCFF16
:100CD00001280DD12946304616F07EFF013007D19C
:100CE000214633462A464046FEF7E6FA044699E78F
:100CF00004A90122084617F0B8F80446002891D14B
:100D000004AA1146104617F0C8F80446002889D1F5
:100D100004A92A46084617F05DF90446002881D147
:100D20000AF1010A1FFA8AFAD345B7D2012104A8B1
:100D300016F09AFF00289FD072E700BF8396050047
:100D40002DE9F043884685B08146684615461E4623
:100D50000C9F16F0CFFD02A816F0CCFDB8F1000FE5
:100D60001FD0F5B1B9F1000F46D02A46414668467A
:100D700017F093F80446002840F09480012148467B
:100D800016F072FF002804DD4946684616F024FF7D
:100D900050B1684616F0B3FD02A816F0B0FD484801
:100DA00027E0B9F1000F1DD0E6B1DFB101213046D7
:100DB00016F05AFF0028ECDD0121384616F054FFEA
:100DC0000028E6DD4946304616F006FF0028E0DA46
:100DD0004946384616F000FF0028DADAB8F1000F6D
:100DE00000D06DB9684616F08AFD02A816F087FD9E
:100DF000002005B0BDE8F083002EF3D0002FF1D025
:100E00000121404616F030FF0028C2DD01212846AE
:100E100016F02AFF0028BCDD3A463146684617F036
:100E20003CF8044600283DD101226946684617F087
:100E30001CF80446B0BB0122414602A817F015F881
:100E4000044678BB6946684602AA17F0C3F8044610
:100E500040BB0146684616F007FF002899D13A4684
:100E60003146684617F019F80446D8B90122694698
:100E7000684616F0FAFF0446A0B90122294602A8E6
:100E800016F0F3FF044668B96946684602AA17F0EF
:100E9000A1F8044630B90146684616F0E5FE002880
:100EA000A0D076E7684616F02AFD02A816F027FDC6
:100EB00014F5844F3FF473AFA4F5844099E700BF65
:100EC00000BEFFFF2DE9F043994685B00446DDE9F9
:100ED0000C8668460D46174616F00CFD02A816F063
:100EE00009FDB9F1000F49D054B93A4C684616F0E3
:100EF00006FD02A816F003FD204605B0BDE8F0830C
:100F000001222146684616F0B0FF002859D13A4622
:100F1000494602A816F08DFF002852D102A96A4660
:100F2000084617F057F800284BD1014602A816F0E2
:100F30009BFE002843D1B8F1000F1CD0002DD4D067
:100F400001222946684616F090FF002839D13A461A
:100F5000414602A816F06DFF98BB02A96A460846F2
:100F600017F038F868BB014602A816F07DFE30BBCA
:100F700016B164B9B9E746B90024B7E7B8F1000F74
:100F8000DCD1002EF8D0002CAFD0002DADD02A46F9
:100F90003146684616F081FF98B9012269466846D5
:100FA00016F063FF68B922466946684617F012F8E2
:100FB00038B90146684616F057FE0028DCD0064CCA
:100FC00094E710F5844FFAD010F5814F8DD0A0F53D
:100FD00084448BE780BFFFFF00BEFFFF044B1B680C
:100FE000584043085B4240421843C017704700BF57
:100FF00008D9002010B50B4C2268236842405940A4
:1010000081EA0200C00FFFF7E9FF2368521A43404C
:1010100022EA030208401043C00FBDE81040FFF76A
:10102000DDBF00BF08D90020034B1A681B6853407E
:101030004B405840FFF7D2BF08D900202DE9F047B8
:1010400094B0054601A80E469046994617F01FFB3E
:101050009DF87000FEF7A8FD0746002850D001A8B3
:1010600017F015FB0022394601A8FEF7D7FD04460C
:1010700050B9384617F03EFB40220746214604A8E7
:1010800019F055FF009456B904A84021FFF742FD1E
:1010900001A817F001FB204614B0BDE8F087BE425E
:1010A00001A8B24628BFBA46FEF714FE30BB4A4636
:1010B000414601A8FEF732FE00BB042269460DEB53
:1010C0000200FEF72BFEC8B904A901A8FEF750FEE6
:1010D000A0B904AA05EB0A018D4207D19DF803309F
:1010E000A6EB0A0601338DF80330CCE715F8010BA7
:1010F00012F8013B434005F8013CEDE70446C3E725
:10110000004CC8E780BFFFFF2DE9F0411546204A9B
:1011100086B007468846106851681E4601AB03C377
:101120009DF83400FEF740FD044678B303A817F09D
:10113000AEFA2146002203A8FEF770FD0446F0B97E
:1011400003A8FEF7C7FD0446C8B9082201A903A8F1
:10115000FEF7E4FD044690B94246394603A8FEF77F
:10116000DDFD044658B93246294603A8FEF7D6FDF0
:10117000044620B90C9903A8FEF7FAFD044603A81B
:1011800017F08AFA204606B0BDE8F081014CF9E775
:101190002015050080BFFFFF2DE9F3471E46002301
:1011A0000D4691460746CDE90033DDF8288000283A
:1011B0003BD017F0EAFB0446002868D06A46384660
:1011C00001A9FFF793FC002861D1AC425FD1009CDC
:1011D0002C4404F108037F2B59D804F10A0305F1CC
:1011E0000A02934253D3B34251D8341B0A3C0A2C0F
:1011F0004DD943464FF0000A012203F802AB033CED
:10120000184688F80120FF21224619F090FE034677
:10121000204403F804A067B92A464946013019F072
:101220005FFE002002B0BDE8F0878E422FD3741A13
:10123000DDE730224270009CC27004F10803E2B284
:1012400053FA85F38370131D037106234371C31D85
:10125000827101992246184619F042FE05210423A5
:1012600002190155EFB29370D318184682F801A005
:10127000D77049462A4619F033FE034608EB0602AA
:101280002B449A42CDD031464046FFF743FC0148FB
:10129000C8E700BF80BFFFFF38B5154615F004FF53
:1012A000044638B90146284616F0DEFC024B0028F9
:1012B00008BF1C46204638BD80BFFFFFF8B500F1CF
:1012C00008064768044630460D4616F00EFC874275
:1012D0004BD16368B3F5806F47D80021304616F0D4
:1012E000C3FC002841DD0021304616F0D7FBE0B3F7
:1012F00045B9294604F1100016F0B6FC002834DD8B
:101300000020F8BD04F120050021284616F0ACFCB1
:1013100000282ADD0021284616F0C0FB28B304F17E
:1013200028050021284616F09FFC00281DDD00211D
:10133000284616F0B3FBC0B1002104F1100016F0EE
:1013400093FC002811DD002104F1300016F08CFC24
:1013500000280ADD002104F1380016F085FC002881
:1013600003DD002104F14000C6E70148C9E700BFE2
:1013700080BFFFFF2DE9F04F00F108098DB0044652
:101380000021484616F070FC04F1200700210646B3
:10139000384616F069FC04F1280800210690404602
:1013A00016F062FC04F1180A00210B90504616F06A
:1013B0005BFC04F1100B00210A90584616F054FC17
:1013C00004F13003002105461846039316F04CFC47
:1013D00004F13803002107901846049316F044FCEA
:1013E00004F14003002108901846059316F03CFCD8
:1013F000DDE90A320699099041B10AB113B9FDB984
:10140000294839E096B9002DFAD02DE0002EF7D00A
:10141000002AF5D1F3B1002DF2D03B465246594691
:101420004846CDF80080FFF797FB10E0002DE7D08D
:10143000079B5BB3089B4BB3099B3BB301230BE0BA
:101440008EB153465A464146384617F0FDF90028FA
:10145000EED00FE0002DD3D0194620460DB0BDE8E8
:10146000F04FFFF72BBF012642463946484616F09B
:1014700014FD20B1A0F581400DB0BDE8F08F4846C5
:1014800016F033FB6060002ED2D0DAE7059B52469F
:101490000193049B414600933846039B17F031FAB1
:1014A0000028CBD0E6E700BF80BFFFFF70B500216A
:1014B0000446FFF703FF054610B10E4D284670BDE8
:1014C00004F10806304616F00CFB7F28F5D91034DD
:1014D0002946204616F0E2FA0028EED0204616F003
:1014E00000FB0128E9D93146204616F075FB00289B
:1014F000E4DBE2E700BEFFFF30B58C188BB0054699
:1015000008913023214609AA08A815F067FD28B9DB
:10151000DDE9083213449C4202D023480BB030BDB1
:101520000223214609AA08A815F058FD0028F5D184
:10153000DDE908120346CDE90500CDE90300CDE958
:1015400001000090284617F06AFA0028E5D1DDE98D
:101550000832134408932146022309AA08A815F06B
:101560003DFD0028DAD1DDE9081299B9DDE908323C
:10157000284613440893FFF7FDFE0028CDD12846E6
:10158000FFF794FF0028C8D1089BA34218BF6FF053
:101590006500C3E705F1100016F0ADFA0028E5D0AC
:1015A000B0F5814FE2D0B8E780BFFFFFF0B585B05E
:1015B0000446FFF77BFF20B901212046FFF77EFE9E
:1015C00010B1134805B0F0BD04F1100304F120057B
:1015D00004F1280604F11807CDE901000093324612
:1015E0003B46294604F10800FFF7AAFB0028E8D192
:1015F00004F14003019304F1380300933A46314665
:10160000284604F13003FFF75DFC0028DAD0D8E764
:1016100000BEFFFF38B505460C46FFF747FF18B977
:101620002046FFF7C3FF08B1094838BD04F108019F
:1016300005F1080016F0D0FA0028F5D104F11001E8
:1016400005F1100016F0C8FA0028EED0ECE700BF54
:1016500000BEFFFFF0B50C4685B0002105461646DA
:10166000FFF72CFE002839D102A816F043F92146D5
:101670006A6802A816F03FFA044618B102A816F0EC
:101680003EF90CE005F10804214602A816F0A4FA80
:10169000002807DB02A816F032F96FF00304A4F566
:1016A000854418E005F1480302A96F6808460093D5
:1016B00005F11002234616F0B5FD04460028DDD1E1
:1016C0003A46314602A816F02CFA044602A816F053
:1016D00016F9002CE3D1204605B0F0BD004CFAE726
:1016E00080BFFFFF2DE9F04F054617461C460E460A
:1016F0009DB039B9024C20461DB0BDE8F08F00BF47
:1017000080BFFFFF0121FFF7D9FD0028F2D104A817
:1017100016F0F0F806A816F0EDF808A816F0EAF8AA
:101720000AA816F0E7F810A816F0E4F812A816F0C8
:10173000E1F80CA816F0DEF80EA816F0DBF814A8F5
:1017400016F0D8F816A816F0D5F821466A6804A84D
:1017500016F0D1F90446002840F04E8105F1080842
:10176000414604A816F038FA002880F2C4811AA86D
:1017700016F0C0F8AB6E002B00F0658105F1600932
:101780004A464946484616F088FB0446002840F081
:101790008D8142464946484616F01CFC0446002806
:1017A00040F0848105F168094A464946484616F0EA
:1017B00074FB0446002840F0798142464946484679
:1017C00016F008FC0446002840F070811AA816F0B4
:1017D00096F804A9084605F1600216F05EFB04467F
:1017E000002840F0098104A94246084616F0F2FBA1
:1017F0000446002840F0008104A914A816F0FDF862
:101800000446002840F0F88005F1200A01225146E4
:1018100006A816F02AFB0446002840F0ED8005F1EA
:1018200028090122494608A816F01FFB0446002893
:1018300040F0E2803B4632461C210AA816F078FDB3
:101840000446002840F0D8800AAA06A910A816F07D
:1018500024FB0446002840F0CF8010A9084605F17B
:10186000300216F0E3FA0446002840F0C5803B46FB
:1018700032461C210AA816F05BFD0446002840F001
:10188000BB800AAA08A912A816F007FB0446002884
:1018900040F0B28012A9084605F1380216F0C6FAE7
:1018A0000446002840F0A88005F15003009310AAD8
:1018B000534604A90CA816F0ACFC0446002840F0DE
:1018C0009B8005F15803009312AA4B4604A90EA869
:1018D00016F09FFC0446002840F08E800EAA0CA94A
:1018E00004A816F0A6FA0446002840F0858005F109
:1018F000400204A90CA816F0D0FA044600287BD1B7
:1019000052460CA904A816F065FB0446002873D1C2
:101910004A4604A90CA816F0C0FA044600286BD168
:101920000CAA0EA904A816F081FA0446002863D177
:1019300005F14803009305F11002434604A916A8D7
:1019400016F067FC0446002856D114A916A816F014
:1019500043F9002840F0D280A86815F0C1FE074680
:1019600018A8EE8915F0C6FF1AA815F0C3FF414666
:1019700018A815F011FF0446002840F0B880710047
:1019800001311AA815F0C9FF0446002840F0AF80C5
:10199000314604A815F0C1FF0446002840F0A78096
:1019A000314605F1680015F0B8FF0446002840F004
:1019B0009E801A9B04990293189B0846CDE90073F8
:1019C0003346AA6815F07AFF1A9B0196CDE9027397
:1019D000AB680499009308463346AA6E15F091FE51
:1019E00018A815F08CFF1AA815F089FF6A682699C7
:1019F00004A816F096F8044606A815F080FF08A87B
:101A000015F07DFF0AA815F07AFF10A815F077FFF2
:101A100012A815F074FF04A815F071FF0CA815F0BA
:101A20006EFF0EA815F06BFF16A815F068FF14A83E
:101A300015F065FF002C3FF45EAE14F17F0FA8BFD8
:101A4000A4F5864457E64FF00C0A05F1680B05F142
:101A50006009BAF1010A48D069683B4632465846E7
:101A6000013916F065FC044600BB69683B46324606
:101A700001391AA816F05CFC0446B8B95946484624
:101A80001AAA16F00AFA044680B942464946484660
:101A900016F0A0FA044648B942464946484616F0B0
:101AA0005FFC044630B110F10E0FD2D01AA815F029
:101AB00026FFA1E7494648461AAA16F0EEF9044661
:101AC0000028F3D142464946484616F083FA0446B8
:101AD0000028EBD105F148030093494643464846A8
:101AE00005F1100216F095FB6CE6054CDEE718A830
:101AF00015F005FFDAE76FF003047DE7014C7BE7A3
:101B000080BBFFFF80BCFFFF2DE9F04F89B006923C
:101B10000746DDE912B2DDE914A588461C460492A9
:101B2000002B46D1BBF1000F3FD1B8F1000F03D11C
:101B3000484809B0BDE8F08F7E6897F87490B9F115
:101B4000000F08BFA146484616F01FFF04460028B4
:101B5000EED0BAF1FF3F3AD102B2B6EB420F4FEAF4
:101B60004203E5D30233B3423AD9B31EA3EB000AD2
:101B700032460021284619F0DAF907F10803184621
:101B8000059315F0AEFF07900120331B9A1EA2EBC0
:101B90000A02A9180131A854524606980391C04779
:101BA0000399F8B1A0F58940C3E7049B002BBCD191
:101BB000BEE7049B002BBBD00029B9D04668204665
:101BC00016F0E3FE0028B3D08345B6D0B0E7BAF1F3
:101BD000000FADDB0AF102020244B242C8D9A7E706
:101BE0008246C5E701EB0A030A46CDE900390393B3
:101BF000594653460498FFF787FA002899D1079B66
:101C0000039A013B13F0070F0CBF01200020331B88
:101C1000591E091A2346CDF800902844FFF70EFA02
:101C2000002886D1059815F05CFFFF23C0EBC600A5
:101C30002A780130034113402B70BC23039A41469C
:101C4000135538462B46069A129509B0BDE8F04F59
:101C5000FFF748BD80BFFFFF2DE9F04F87B0CDE90A
:101C60000223109B064604938A46DDE91183DDF8C2
:101C70004C90059319B9364807B0BDE8F08F90F83D
:101C8000740016F082FE04460028F4D002B208F177
:101C9000020303EB4203434575684FEA420BEAD364
:101CA000AB42E8D82A460021484619F040F94F4691
:101CB000002307F8013B224639460298D04710B16D
:101CC000A0F58940D8E796F8740007EB040AFDF701
:101CD0006BFF0028CFD0DDE903125346FEF766F80C
:101CE0000028C9D10122A5EB0803023B2344A3EB42
:101CF0000B030AEB03000AF80320B8F1000F04D02D
:101D000042460599013019F0EBF896F8743004F169
:101D10000108013DC8442D1B00933A46234629463D
:101D20004046FFF78BF90028A6D196F8743042465A
:101D3000009321462B463846FFF780F900289BD1B7
:101D40004A464946304607B0BDE8F04FFFF782BC2F
:101D500080BFFFFF2DE9F74F1E460C9B16F10C0FBD
:101D60008046894692460D9F4468019303D91C48DA
:101D700003B0BDE8F08F06F10B03A342F7D80023B0
:101D80003B700029F3D00223A41B013CBD1C7B70D7
:101D90003C44A5420FD100232B7026B13246019955
:101DA000681C19F09DF83A463946404603B0BDE834
:101DB000F04FFFF74FBC4FF0640B0122294650460D
:101DC000C8472A7842B9BBF1010B02D1A0F589407E
:101DD000CEE70028F1D0F9E70028F7D10135D8E7A0
:101DE00080BFFFFFF0B5056F85B0DDE90A6725B15B
:101DF000012D07D0074805B0F0BD05B0BDE8F040A3
:101E0000FFF7A8BF01930023CDE902670093FFF716
:101E100023FFF0E700BFFFFF2DE9F04F9B46036F64
:101E20000646012B89461446ADF2544D05D0564C5A
:101E300020460DF2544DBDE8F08F43680393103BEC
:101E4000B3F57C7FF3D890F8740016F09EFD05463C
:101E50000028ECD0039B471CB3EB470F4FEA470821
:101E6000E5D30DF1500A224649463046DDF880346C
:101E7000CDF800A0FFF736FC0446002868D1039B8C
:101E8000574403F1FF3996F87430A9EB0509009324
:101E90003A464B4629460DF15100FFF7CFF804466C
:101EA000002855D196F874304946009338462B46A1
:101EB0000DF15102FFF7C2F80446002848D196F808
:101EC0007400FDF771FE002857D05946DDF87824DC
:101ED00004ABFDF76BFF0446D0BB9DF85000FFF745
:101EE0007DF80DF151035E1907462A463146DFF8A9
:101EF000A49004A816F0A8FBFFF770F83544D9F8B1
:101F00000060AA46F643A346039B0743A3EB0808D9
:101F1000A844C24526D1012115F80B00FFF784F82B
:101F2000D9F800203843824205EB0B0627D1039BEA
:101F3000711814AADDF888048A1A9A1A824220D8E5
:101F4000DDF87C0402601AB1DDF8840418F0C8FFE3
:101F500014A84FF48061FEF7DDFD402104A8FEF7D0
:101F6000D9FD65E700211AF8010BFFF75DF826EAB5
:101F7000000606F001029344CBE7034CE8E7034C6C
:101F8000E6E7034CE4E700BF80BFFFFF00BFFFFFB1
:101F900000BCFFFF08D900202DE9F04FADF2144D31
:101FA0000293036FD0F80480002B40F08380A8F1E7
:101FB0001003B3F57C7F7DD804AFDDF8383400978B
:101FC000FFF790FB044600286AD1DDF84034A8F101
:101FD0000B0B5B4528BF5B4638789946FEF7FEFF42
:101FE000022106467878FFF71FF825460C46DFF8F1
:101FF000CCA00643DAF800300021385D0393FFF7E8
:1020000013F8039B013463EA0003DA43A04502F0AE
:1020100001010D44F0D1082128461643FEF7EAFFDE
:10202000DAF800300643A8EB05057340033D25EAC6
:10203000030509EA06031D4329464846FEF7DAFF71
:102040000346DAF8004006F48242744020EA0404B1
:1020500004F4884414430DF11B015A4630430393A2
:1020600016F0FFFA039BDAF80020A8EB09085A40A3
:1020700025EA020509EA03031D43B84449464046E0
:10208000A9EB0502FDF706FDDDF8403464422BB1F3
:102090004A464146DDF83C0418F022FF029B1D60D1
:1020A0004FF480613846FEF735FD20460DF2144DA1
:1020B000BDE8F08F004CF8E780BFFFFF08D9002093
:1020C000F0B5056F87B0DDF838C0DDE90C6725B1E4
:1020D000012D07D0084807B0F0BD07B0BDE8F040BB
:1020E000FFF75ABFCDE901360023CDE9037C009309
:1020F000FFF792FEEFE700BF00BFFFFF1FB5046FC1
:10210000012C0FD1446F04B963B1089C03944FF0C4
:10211000FF340294079C0194069C0094FFF7F4FCA2
:1021200004B010BD0048FBE780BFFFFF2DE9F34777
:102130000C9F054689469246DDE90A12184603B906
:1021400009B1002A4CD02B6F002B49D100976B6846
:10215000FFF722F8044638B901206968FEF7E6FC6B
:10216000064628B96FF00F04204602B0BDE8F0879C
:1021700001206968FEF7DAFC804618B93046FEF7A0
:10218000DBFCEFE73B465246494628460096FFF700
:10219000A9FA044690B9424631462846FFF75AFA52
:1021A000044658B9394640466A6816F04DFA044666
:1021B000A0B9314638466A6818F092FE3046696820
:1021C00016F038FB4046696816F034FB002CCBD083
:1021D000212138466A6818F0AAFEC5E7014CEDE7F0
:1021E000014CC1E700BDFFFF80BFFFFFF0B4069EBA
:1021F000DDE9044503B904B195B1076F27B1012F9B
:1022000008D00848F0BC7047CDE905560494F0BCEE
:10221000FFF78CBFCDE905560494F0BCFFF76EBF05
:102220000148EFE700BFFFFF80BFFFFF2DE9F04F40
:102230000D460021ADF2544D0746914615A84FF4C6
:102240007F7214AE9DF878B40393316018F06FFE7E
:1022500015B9B9F1000F06D0039B23B93F480DF221
:10226000544DBDE8F08FD7F80480A8F11003B3F502
:102270007C7FF3D832463846DDF88014FFF7EAF960
:102280000028ECD108F1FF34335DBC2B01D0344879
:10229000E5E7002D59D1584616F077FB0546002892
:1022A000DCD007F1080015F01CFC3278471EC8F19D
:1022B000010307EBC3031A41D0D1780708BFA0463A
:1022C00005F1020314BF34460DF151044345C5D84E
:1022D000A8EB0501013904EB010A2B4652462046C2
:1022E000CDF800B0FEF7AAFE0028B8D1FF2332785F
:1022F000C7EBC8073B41134033700AF1FF3214F8B3
:10230000013B611E8A4201D9002BF8D0012BBED1BE
:10231000DDF87C24AAEB0403511C01D09342B6D112
:1023200004AE224649460398CDF804B00096FEF765
:10233000EBFE002893D12A463146504618F06EFE37
:10234000084B002818BF184689E7284616F01DFBE1
:10235000002883D081459ED080E700BF80BFFFFF6B
:1023600000BFFFFF80BCFFFF30B585B001B902B1EF
:1023700073B1446F54B1E4B2089D02954FF0FF353C
:10238000CDE90045FFF752FF05B030BD0C46F3E73D
:102390000048F9E780BFFFFF2DE9F34780469146EB
:1023A0009A460C4601B912B1BAF1000F3FD0D8F8E5
:1023B000045001202946FEF7B9FB064648B12946DC
:1023C0000120FEF7B3FB074648B92946304616F010
:1023D00031FA6FF00F04204602B0BDE8F08700909C
:1023E0002B46204652464946FEF7D6FE044640B1EB
:1023F0002946304616F01EFA2946384616F01AFAD3
:10240000E9E7324640460A99FFF724F904460028D6
:10241000EED139462A46304616F016F904462946CA
:102420003046002CE6D016F005FA024CE4E7024CE8
:10243000D1E700BF80BCFFFF80BFFFFF30B4029C2C
:1024400001B902B173B1056F25B1012D06D006485F
:1024500030BC7047029430BCFFF79EBF029430BC82
:10246000FFF782BF0148F3E700BFFFFF80BFFFFF18
:1024700070B50D46144688B0064606A815F03AFA1F
:10248000059525443023294604AA05A814F0A6FD85
:10249000044628B9DDE9042313449D4203D05B4C74
:1024A000204608B070BD294603AA05A814F0F8FD1F
:1024B00004460028F4D1039B002BF0D1294606AA3C
:1024C00005A8FEF7E9FE044618B106A815F017FAAC
:1024D00095E003460246CDE9000006A9304616F015
:1024E0005BFA04460028F0D1294606AA05A8FEF7A3
:1024F000D3FE04460028E8D106A906F1100015F025
:102500007CFA10B1B0F58144DFD1294606AA05A8AE
:10251000FEF7C2FE04460028D7D106A906F118002E
:1025200015F06BFA10B1B0F58144CED1294606AA58
:1025300005A8FEF7B1FE04460028C6D106A906F19B
:10254000200015F05AFA10B1B0F58144BDD12946EA
:1025500006AA05A8FEF7A0FE04460028B5D106A9E4
:1025600006F1280015F049FA10B1B0F58144ACD15C
:10257000294606AA05A8FEF78FFE04460028A4D126
:1025800006A906F1300015F038FA044600289CD15F
:10259000294606AA05A8FEF77FFE0446002894D126
:1025A00006A906F1380015F028FA044600288CD157
:1025B000294606AA05A8FEF76FFE0446002884D126
:1025C00006A906F1400015F018FA044600287FF429
:1025D0007CAF3046FEF7CEFE044600287FF475AF90
:1025E0003046FEF763FF044600287FF46EAF059B7C
:1025F00006A8AB4207D015F082F96FF065043046AB
:1026000016F058FA4CE715F07AF949E780BFFFFF5A
:1026100003460020094AC3E900009A6002F18832AB
:10262000DA6002F12942A2F59612A2F68B621A61D3
:10263000A2F188325A61024A9A61704701234567C4
:10264000F0E1D2C32DE9F04F4B68CD68AFB01BBAB3
:1026500007932BBA08930B69D1F800E093FA83F83B
:102660004B698E6893FA83FA8B6900901BBA0993C1
:10267000CB699EFA8EFE1BBA11930B6A36BA93FA97
:1026800083FB4B6A1BBA0A938B6A1BBA0B93CB6A08
:102690001BBA0C930B6B1BBA0D934B6B1BBA0293BB
:1026A0008B6B1BBA0393CB6B1BBA049383680E939B
:1026B000C368019303690E9905934369019F0F93C2
:1026C00083690F9A1293059B089D83EA0200019B80
:1026D00018405040DD4B129A03EBB7071A4402EB47
:1026E000F16210440199059A704482EAB1020E9990
:1026F0002F440A4005990A9D4A400F998EEA060E1A
:1027000019440A4407998EEA0B0E0A440E9902EB0B
:10271000F0624FEAB10C01998CEAB104044084EAFA
:10272000B1040599194431440C448CEAB0011140BC
:1027300004EBF26481EA0C014FEAB202394482EA06
:10274000B00727409C4401EBF461C44482EAB40919
:1027500087EAB007674409EA01090AEB030C07EBB3
:10276000F1670CEBB00C4FEAB101099889EA020954
:10277000E14481EAB40C0CEA070C184410448CEADA
:10278000B40C119A09EBF769844481EAB70000EAB6
:1027900009001A4402EBB402484010444FEAB9025F
:1027A0000CEBF96C82EAB7040BEB030904EA0C04A6
:1027B00084EAB704894400EBFC6004EB090182EA77
:1027C000BC0405EB0309044001EBF0610B9D4FEAEB
:1027D000B00009EBB70954404C4480EABC09EF183B
:1027E00009EA0109174489EABC090C9A04EBF1646F
:1027F000B94480EAB10727401A4409EBF4690D9DFA
:102800004FEAB40402EBBC024740174484EAB10229
:1028100005EB030C02EA0902029D07EBF967844409
:1028200082EAB10284EAB9006244384005EB030C45
:1028300002EBF7620CEBB10C4FEAB707039960406B
:10284000604487EAB90C0CEA020C194421448CEA72
:10285000B90C049C00EBF2608C4487EAB2010140A1
:102860001C4404EBB904794021448EEA0504069423
:10287000069D0CEBF06C03EBF57EBE44DDE90757DB
:102880006F400A9D4FEAB00080EAB2046F40039D9A
:1028900004EA0C047D4084EAB204744403EBF57E40
:1028A0000EEBB20E0B9A86EA080601EBFC6180EA99
:1028B000BC075640049A0F4056404740774403EB0C
:1028C000F67E86440898079580EA0A050C9804EB82
:1028D000F164454006984FEAB10185EAF070109026
:1028E000109D4FEAF07007EBF467149081EAB40092
:1028F000384003EBF57303EBBC0348401844099BD5
:102900004FEAF67288EA03080D9B139288EA0308DF
:10291000079B81EABC0288EAF3730893089D4C4B3D
:10292000224082EABC0203EBF57C8C441199029DA3
:10293000724402EBF7628AEA01014FEAB70787EABD
:10294000B409694081EAF67189EA0209E14403EBBE
:10295000F17C0CEBB40C099C00EBF26084EA0B08F0
:10296000039C87EAB20A88EA0408109C8AEA000AF3
:1029700088EAF478E24403EBF87C119DBC440A9F9A
:1029800009EBF06985EA070E049D4FEAB0008EEA74
:10299000050E089D4FEAF8748EEAF57E03EBFE778C
:1029A00015944FEAFE7580EAB20407EBB2070B9A62
:1029B0001195069D84EA09048BEA02020AEBF96A82
:1029C000644482EAF57280EAB90C04EBFA6482EAA4
:1029D000F1728CEA0A0C4FEABA0A03EBF27BBC44B0
:1029E0008AEAB907674083440A9D07EB0B000C9FF6
:1029F00009926F40079D0D9A87EAF57787EAF87587
:102A00000A9503EBF57B0B9D0BEBB90B85EA0209ED
:102A100089EAF67686EAFE760CEBF46C8AEAB4076D
:102A20004FEAF672029D169287EA0C070C9A5F44F1
:102A300003EBF67BD34482EA050A109A00EBFC60B4
:102A40008AEAF2754FEABC0C099A03E09979825A36
:102A5000A1EBD96E8CEAB40985EAF27589EA00091E
:102A600007EBF0678CEAB00AD94403EBF57B8AEAFE
:102A7000070A0BEBB40B09EBF7690AEB0B044FEAFF
:102A8000F572109204EBF9620C92039C0D9A4FEAD6
:102A9000B70782EA040A089A049C8AEAF27A0A9A38
:102AA0008AEAF27203EBF27B87EAB00A0B928AEAB7
:102AB000090A0C9AE3440AEB0B0C0CEBF26C029A39
:102AC00082EA040A8AEAF17A8AEAF67202920C9A97
:102AD00087EAB90A8AEA020A029A03EBF27B0C9AA5
:102AE0000BEBB00BDA4406984FEAB20B039A0AEBF1
:102AF000FC6A82EAF07484EAF87484EAF5748BEA7A
:102B0000B90003EBF4784FEAF47280EA0C00B844A1
:102B10000D9200EB0807049A079807EBFA6782EA20
:102B2000F0700B9A80EAFE7080EAF2720C924FEA23
:102B3000F27217920C9A06988BEABC0E03EBF278AD
:102B4000139A08EBB9088EEA0A0EC64482EAF078B6
:102B5000099A4FEABA0A88EAF278029A079888EA4C
:102B6000F27203928AEABC0803EBF279149AD94410
:102B700088EA0708C84482EAF0790A9A089889EA3C
:102B8000F27989EAF4720EEBF76E04928AEAB709D9
:102B900003EBF27B139A89EA0E090BEBBC0B09EBF2
:102BA0000B0C82EAF0790C9A89EAF67989EAF279D3
:102BB00008EBFE684FEAF9724FEABE0E13928EEAF6
:102BC000B706149A03EBF97B86EA0806D34406EBB2
:102BD0000B0A82EAF176039A86EAF57686EAF276BD
:102BE0004FEAF6721492159A03EBF67B0BEBB70BD8
:102BF00082EAF0770B9A0CEBF86C87EAF277049A8A
:102C00008EEAB80587EAF27285EA0C0506925D4401
:102C100003EBF27B119A0AEBFC6A82EAF1714FEA4C
:102C2000BC0C029A8CEAB807F34481EAF27187EA95
:102C30000A075F4481EAF97B05EBFA658CEABA0E74
:102C400003EBFB7101EBB8018EEA050E159A8E4479
:102C500009990A9882EAF17181EAF47484EAF674B7
:102C60004FEAF4721592119A03EBF478E04482EA89
:102C7000F07C0C9A07EBF5678CEAF270069A4FEA43
:102C8000B50580EAF2720C924FEAF27211920C9A38
:102C90000EEBF76E85EAB70C03EBF27303EBBA03A6
:102CA0008CEA0E0C099A9C44169B85EABA0183EAC9
:102CB000F272039BD948794082EAF37282EAFB738D
:102CC000414401EBFE6100EBF372154441EABE02A0
:102CD0000CEBF16C01EABE0802EAB70205EBFC65F9
:102CE00042EA08022A440793109D0A9B4CEAB10865
:102CF00085EAF375049B08EABE0885EAF37585EA60
:102D0000F4730CEAB10548EA050500EBF37808EB2B
:102D1000B708089305EB0807169B0B9D07EBF267B6
:102D200083EAF5780C9B88EAF97888EAF37800EB77
:102D3000F87505EBBE0E42EABC0502EABC0905EADD
:102D4000B1054FEAF87345EA09050EEBF76EAE449C
:102D50001693029D109B47EAB20983EAF575079B1B
:102D600085EAF67686EAF37609EABC0907EAB2054F
:102D70004FEAF67349EA050500EBF679109309EB83
:102D8000B1090D9B0B994D4483EAF171069B05EB4C
:102D9000FE6581EAF371089B0EEAB70981EAF373D5
:102DA00000EBF37101EBBC0C4EEAB70102980993FA
:102DB00001EAB201179B0CEBF56C41EA0901614491
:102DC00083EAF07C8CEAFB7C944845EABE098CEAF5
:102DD000F87309EAB70905EABE0C49EA0C0C00EBE6
:102DE000F379029309EBB2090D9B039ACC4483EA71
:102DF000F27282EAF47484EAF67400EBF47202EB85
:102E0000B70741EAB5020CEBF16C01EAB50902EA39
:102E1000BE024FEAF47342EA090207EBFC6717446B
:102E20000D93179B049A4CEAB10983EAF2720C9B4A
:102E300009EAB50982EAF370099B0CEAB10280EA5B
:102E4000F3730A934FEAF3730C9374480A9B49EAAD
:102E5000020200EBF379139B039809EBBE0983EAA6
:102E6000F07E079B6D488EEAF37E029B4A448EEA11
:102E7000F37300EBF37909EBB50947EABC0502EB04
:102E8000F7620498039307EABC0E149B05EAB105A8
:102E900045EA0E0509EBF269A94483EAF075089B3F
:102EA0005E4885EAF37585EAF47342EAB70505EAF8
:102EB000BC0502EAB70E45EA0E0E00EBF37504936B
:102EC00005EBB105139B0699AE4483EAF1710A9BA9
:102ED00081EAF87888EAF37800EBF8714FEAF87342
:102EE000139301EBBC0C149B49EAB2010EEBF96E93
:102EF00009EAB20501EAB701294383EAFB7A0CEB40
:102F0000FE6C039B8C448AEAF67A4EEAB9018AEA9F
:102F1000F37A01EAB2010EEAB9050D4300EBFA714A
:102F20004FEAFA7301EBB70114930D44159B069910
:102F300005EBFC6583EAF171099B81EAF371049B5F
:102F400081EAF373069300EBF377119B07EBB2076B
:102F50004CEABE020CEABE0102EAB90283EAFB7B3C
:102F6000029B0A4307EBF56717448BEAF37B45EABC
:102F7000BC028BEAF87B02EABE0205EABC011143FF
:102F800000EBFB7202EBB902159B1144079A01EBAF
:102F9000F76183EAF27686EAF47686EAFA7600EB5F
:102FA000F67447EAB50204EBBE0402EABC0207EA83
:102FB000B50E4FEAF67342EA0E0204EBF1641444D4
:102FC0001593119B089A41EAB70E83EAF2720A9BA5
:102FD0000EEAB50E82EAF370069B01EAB70280EAB8
:102FE000F3704FEAF07311930C4B4EEA020203EBBD
:102FF000F07E0EEBBC0E169B02EB0E0C079A0CEB50
:10300000F46C83EAF272039B04EAB10E82EAF37273
:1030100082EAFB73014A079302E000BFDCBC1B8F0E
:1030200002EBF37202EBB50244EAB10505EAB7051B
:1030300045EA0E0502EBFC622A44109B089D0CEA4F
:10304000B40E83EAF575049B85EAF37585EAF67399
:103050004CEAB40505EAB10545EA0E0ED14D0893D8
:1030600005EBF37505EBB705169BAE44099D0EEB1A
:10307000F26E83EAF57585EAF87585EAF0754FEA30
:10308000F5731693C74B02EABC0803EBF57707EB21
:10309000B10742EABC0101EAB40141EA080107EBC9
:1030A000FE670F44109B02994EEAB20983EAF17160
:1030B000079B81EAFA7181EAF3714FEAF173109389
:1030C000B84B09EABC090EEAB20803EBF17349EA0E
:1030D000080803EBB4030B9108EB030409990D9B5B
:1030E0004FEABE0A83EAF17306998AEAB20E83EACE
:1030F000F17308998EEA070E83EAF1731946099372
:10310000A94B04EBF76403EBF1780C99029B08EBF5
:10311000BC0881EAF37C8CEAFB7CA3498CEAF5735A
:1031200001EBF37C0A930CEBB20C0D9B039AC644A3
:1031300083EAF2790B9B8AEAB70889EAF6790EEB03
:10314000F46E89EAF37988EA04084FEAB40401EBE3
:10315000F972E04484EAB70C4FEAF97352448CEAFE
:103160000E0C0D9394440C9B049A08EBFE6883EAC2
:10317000F276099B86EAF07686EAF3764FEAF673F2
:103180000C9301EBF670139B039900EBB70083EAF5
:10319000F177079B049987EAF3770A9B84EABE02DA
:1031A00087EAF3774FEAF7737F4F02931993DF199A
:1031B000149B82EA08022744024483EAF1744FEA2E
:1031C000B800089B0CEBF86C80EABE0A8AEA0C0A8D
:1031D00084EAF37484EAF974BA44734F4FEAF473DF
:1031E000069903931A93DF19139B02EBFC6280EAA2
:1031F000BC0483EAF17807EBBE07544088EAF5780F
:103200003C4488EAF678684F0AEBF26A4FEAF878AD
:103210004FEAB202149B82EABC054744074485EAA0
:103220000A053D4483EAFB770B9B5F4987EAF37706
:10323000029B04EBFA645F404FEAF77782EABA0038
:10324000791801EBBC016040159B08440699DFF832
:1032500058C183EAF171099B05EBF46581EAF371CA
:10326000039B4FEAB40459404FEAF171119B8C441F
:10327000944483EAFB720A9B84EABA0E82EAF372F0
:1032800082EA0802DFF820B14FEAF2728EEA050EF8
:1032900000EBF560E644934484EAB50C0BEBBA0B03
:1032A0008CEA000C0EEBF06E159BDC444FEAB00B81
:1032B0000798CDF86C8083EAF07A8AEAF97A8AEA8C
:1032C000070ADFF8E4904FEAFA731C971D911E92EB
:1032D0009944049308981F93119BA14483EAF074C6
:1032E00084EAF6744C404FEAF4732F4C07980CEBC9
:1032F000FE6C069320938BEABE061C19169B04EB0A
:10330000B50486EA0C06264483EAF074029B08980A
:103310005C40109B8BEAB50A83EAF070039B544033
:10332000214D4FEAF4745840049B8AEA0E0A65194D
:103330005D44CA445840DFF870B00AEBFC6A4FEABB
:10334000F0734FEABC0C099807938CEABE092293EC
:103350009B44169B89EA0A0906EBFA660BEBBE0B47
:10336000A94483EAF07E8CEABA05069B75408EEA92
:10337000080E5D448EEA030EDFF82CB04FEAFE7EA5
:10338000109B0A98F344E34483EAF07C8CEA070C30
:103390008CEA040C4FEAFC77DFF80CC009EBF66905
:1033A00004E000BFDCBC1B8FD6C162CA4FEAB60680
:1033B0000D9B099805EBF9652194BC4486EAB90494
:1033C0000CEBBA0C6C40644483EAF07C079B8CEAFB
:1033D000010C8CEA030C4FEAFC71DFF80CC10C9B6A
:1033E0008C44B44486EABA080A9E88EA090883EA4B
:1033F000F676564086EA0E064FEAF676269606F1EF
:103400004A46D84406F5C50608EBF56806F5834636
:103410004FEAB50504EBF86485EAB90085EAB8021D
:10342000563606EBB90680EA080062400D9B604400
:103430003244029E00EBF4604FEAB404CDF88CE015
:10344000249725912D945E40049B02EBF0625E4030
:103450007E404FEAF676279606F14A4606F5C506FF
:1034600006F5834656360C9B2E44039D84EAB80726
:103470005D40069B47405D404D4018954FEAF5750D
:10348000289505F14A4505F5C5054FEAB00005F553
:10349000834584EA000156355140374405EBB805B1
:1034A00007EBF2674B190E9903EBF76329930B4473
:1034B00000992A978B60019B4FEAB2021F44059B3B
:1034C0002B921A440F9B2C901844129BCF601C44E3
:1034D0000A6148618C6118A85821FDF71BFB002088
:1034E0002FB0BDE8F08F00BFD6C162CA01290346E4
:1034F0002DE9F04143D8234A002918BF9046224ABB
:10350000224F18BF964602F1794202F5740202F585
:10351000016218BF94461E4A1E4818BF17461E4A2D
:103520001E4E18BF164602F1D14208BF804602F572
:10353000C0121B4802F51E6208BF8646194D1A4884
:1035400018BF1546194A08BF8446194C194818BFB8
:103550001446A2F11162A2F50C22A2F28E2218BF2B
:1035600002460020C3E9128EC3E91000C3E914C764
:10357000C3E91665C3E918429966BDE8F0816FF0AA
:103580007300FAE7D89E05C107D57C363AF54FA5FA
:1035900039590EF767E6096A310BC0FF7F520E51A9
:1035A00085AE67BB8C68059B72F36E3CA78FF96490
:1035B000ABD9831FA44FFABE03462DE9F04FCFB01D
:1035C00000900391483346AD00F168062A4618681A
:1035D0005968083303C2B3421546F7D1DDE9488381
:1035E000DDE94B96DDE946154FF0000C01933D4BAC
:1035F000DDF834B14A9804AA0293BCF10F0F5AD8EF
:10360000039B53F82C301BBA4FEAF02E86EA0907C9
:10361000029C8EEAB01E07408EEA706E77407744B7
:1036200054F804EB936077443B4445EA010E4FEABB
:103630007137029487EAB107019C0EEA080E05EA89
:10364000010A5B444EEA0A0E87EAB1570CF1010CFD
:1036500077441C44BCF1400FA646B3463B4402F1FC
:103660000402CDF804801FD1CDE94631CDE90437FD
:10367000CDE94A40009B009CCDE94C96CDE94858E5
:10368000443345A9643453F8042F51F8040FA3427E
:1036900002441A60F7D104A84FF49471FDF73AFA86
:1036A00000204FB0BDE8F08FA8464E460D4681463B
:1036B00019467046A1E7136852F834AC4FEAF34E4E
:1036C0008EEA734E52F8387C8EEA932E52F8143CF0
:1036D0003B444FEABA4787EAFA17734487EADA07A6
:1036E0003B4491E7702C050002460B462DE9F04F54
:1036F000ADF5437D0D901032B2AD00F150062C4671
:1037000010685168083203C4B2422546F7D1194601
:1037100010AB01F1800448680A6800BA083112BA97
:1037200043F8080F8C425A60F5D1102512A8844640
:10373000D0E91C47D0E90216E30CFA0C4FEAC70E99
:103740004FEAC4084EEA547E43EA473342EA443221
:1037500048EA5778A40982EA0E0244EA876483EAB9
:103760000803634082EA9712DCE91247DCE900ECC7
:1037700014EB0E0447EB0C071B1942EB07024C0835
:103780004FEA112E77084FEA162C47EAC1774CEA28
:10379000016C44EAC6744EEA066EC90984EA0E0456
:1037A00041EA4661614087EA0C075B1887EAD61454
:1037B00005F1010542EB04020830502DC0E91E322C
:1037C000B5D1BA9BBB980693BE9BDDF8E4C20793C4
:1037D000BF9BDFF880E80893BC9BDDE9C0AB099391
:1037E000BD9BDDE9B6890A93B29B0193B39B02931B
:1037F000B49B0393B59B0493B89B05930EAB069AB9
:10380000940B950C44EA804745EA8035840B44EAE2
:1038100082466F40840CD50544EA823445EA50253F
:103820006F406640DEF80050C40544EA522466400A
:10383000D3E90424AD18DEF8042042EB04047D191A
:10384000079A46EB0404099E0A9F5640089A57407F
:10385000069A07401640079A5640089AAD1987EA1B
:103860000207059A44EB070415EB0A054BEB040429
:10387000AA18059244EB0C020B92019A170F029AB8
:1038800047EA0217160F019A46EA0216029A9107B2
:10389000019A41EA92014FEA827C029A4E404CEA38
:1038A000920C87EA0C074FEA426C019A4CEAD21C50
:1038B0005106029A86EA0C0641EAD211794049196A
:1038C00044EB0606019A039C049D1443029A039F4D
:1038D0001543019A04EA080402EA070C029A049FBD
:1038E00044EA0C04174005EA090511EB040A45EA0D
:1038F000070546EB050BDEE90216079AD3E90654E5
:10390000491946EB04048918089A069D42EB040401
:10391000099A85EA02060A9A80EA0205059A164083
:103920000B9A1540099A56400A9A891985EA0205A8
:10393000059A44EB0504950B0B9A45EA8245970BD3
:10394000059A47EA82474FEA924C0B9A4CEA823C2E
:10395000960C059A85EA0C0546EA82360B9A774062
:10396000D605059A46EA52264FEAC25C0B9A7E407B
:103970004CEA522C85EA0C054D1944EB06064FEA39
:103980008B714FEA1B7415EB080241EA9A014FEA6A
:103990001A7744EA0A144FEA8A7C4CEA9B0C079295
:1039A00047EA0B1746EB09024C404FEA4A6187EAA7
:1039B0000C07089241EADB11019A79404FEA4B6CFF
:1039C0004D194CEADA1C4AEA0201029A84EA0C0414
:1039D00046EB04044BEA0206039A1140049A16408F
:1039E000019A0AEA020C029A41EA0C010BEA020768
:1039F00015EB010846EA070644EB0609D3E9085629
:103A0000DEE90414099A491944EB060489180A9A54
:103A100042EB0404DDE9052585EA02060B9A80EAFB
:103A20000205079A1640089A1540069A45405640E6
:103A3000079A891944EB0504950B089A45EA8245D3
:103A4000970B079A47EA82474FEA924C089A4CEA4A
:103A5000823C960C079A85EA0C0546EA8236089A5B
:103A60007740D605079A46EA52264FEAC25C089A82
:103A70007E404CEA522C85EA0C05039A4D1944EB22
:103A800006064FEA897152194FEA197441EA980102
:103A900009924FEA1877049A44EA08144FEA887C9E
:103AA0004CEA990C47EA091784EA01044FEA486195
:103AB00042EB060287EA0C0741EAD91179400A92E3
:103AC0004FEA496C019A4D194CEAD81C4AEA0801A0
:103AD00084EA0C0401EA0201029A46EB04040AEAB1
:103AE000080C4BEA09060BEA090741EA0C011640EB
:103AF0003E436A18039244EB06020492069ADEE9FA
:103B00000616D3E90A54491946EB0404891840EB18
:103B10000404059A079850400B9A089D099F6A4033
:103B2000099D28400A9D2A40059D68400B9D091863
:103B300082EA050244EB0204099A0A98920B42EACF
:103B40008042850B099845EA8045860C0A9846EA2A
:103B50008036800C40EA873045400A987240C005A4
:103B600040EA5720FE050A9F684046EA5726724001
:103B70008A18019944EB0000891806910299039E66
:103B800041EB00010C910399049F0D0F049945EA44
:103B900001150C0F039944EA01140499890741EABD
:103BA0009601B60746EA97064C40039975407E0693
:103BB00046EAD116490641EAD71169408A180399A5
:103BC000039D84EA060448EA010140EB040408EA84
:103BD000050649EA070001EA0A0109EA0705314337
:103BE00000EA0B00521840EA0500019244EB000283
:103BF0000292D3E90C01DEE908241218059844EB7F
:103C0000010112180B98099C40EB010107980A9DCD
:103C100044400898069F6840069D2C400C9D284013
:103C2000079D6C40089D121980EA050041EB0001D8
:103C30000698850B0C9845EA8045840B069844EA63
:103C40008044860C0C9846EA8036800C40EA873027
:103C500044400C987540C60546EA5726F8050C9F67
:103C6000744040EA572068401018019A41EB040460
:103C70000299120F42EA01124FEA117C0199019D4B
:103C80004CEA011C0299029E890741EA9501AD07A1
:103C900045EA96058CEA010C01996A40750645EAE9
:103CA000D115490641EAD6111AEB000A81EA020150
:103CB0004BEB040B039A091801988CEA050C44EBB2
:103CC0000C0C019D42EA00040398049A2840049DCC
:103CD00004EA08043243354002EA09022043091885
:103CE00042EA05024CEB020C0591DEE90A25D3E914
:103CF0000E401219079C45EB00001219089C069D06
:103D000044EB0000099C099E65400A9C05EA0A05EF
:103D100075407C400A9E04EA0B047440521940EB43
:103D200004004FEA9B454FEA9B3445EA8A354FEA47
:103D30009A3644EA8A444FEA9A4747EA8B376C40FE
:103D400046EA8B464FEACA557E4045EA5B254FEA74
:103D5000CB57754047EA5A27521984EA070440EBCB
:103D6000040018EB0204079449EB000408944FEA9E
:103D70001C754FEA8C7444EA91040E0F45EA011554
:103D80008F0747EA9C07654046EA0C164C067E40C2
:103D900044EADC144FEA4C6747EAD1177440A21892
:103DA00085EA070540EB05050198039C40EA0106FA
:103DB00002982640049C40EA0C002040019C029F8F
:103DC0000C40344307EA0C0712EB040840EA0700F2
:103DD00045EB0009D3E91045DEE90C201219099CD6
:103DE00040EB050012190A9C079E44EB0000069C5C
:103DF00084EA0A050C9C3540089E84EA0B04344092
:103E0000069E75400C9E521984EA060440EB04009D
:103E1000079C089DA40B44EA8544AE0B079D46EA27
:103E20008546AF0C089D079947EA8537AD0C45EAF2
:103E3000813508996E40CD0507997C4045EA5125AA
:103E4000CF050899754047EA51277C401419039A19
:103E500040EB050512190992049A4FEA197042EBDA
:103E600005020A924FEA897242EA98024FEA1876EE
:103E700040EA08104FEA887747EA9907504046EA37
:103E800009164FEA48627E4042EAD912724014197C
:103E9000059A019942EA080606EA010602994FEAE4
:103EA00049674CEA090247EAD81702EA0102059974
:103EB00080EA070045EB000001EA080535430CEAFB
:103EC0000907611942EA070240EB0202D3E91245F1
:103ED0000492DEE90E201419069A40EB0505A41899
:103EE0000C9A039142EB0505079A09998AEA0200A8
:103EF000089A08400A998BEA02020A4080EA0A00FE
:103F0000241882EA0B0245EB0205099A4033960B0E
:103F100046EA81468A0B09990EF1400E42EA814237
:103F20008F0C0A9947EA8137880C09997E4040EA4C
:103F300081300A994240CF05099947EA5127C805BF
:103F40000A997A4040EA51207040241845EB020556
:103F5000039A0499120F42EA0112080F039940EAEA
:103F6000011004998E07039946EA91068F07049978
:103F7000704047EA91074E0603997A4046EAD11607
:103F80004F060499704047EAD11703997A4048EAEE
:103F90000107049949EA0106059906EA0C06394029
:103FA0000691039908EA0107049909EA01010B91B6
:103FB00006990F430B99D719019A46EA010640EB7F
:103FC000060612190692029A42EB0500E2190192C6
:103FD00045EB06020292AEAA9A427FF410AC059B12
:103FE000CDE9C0ABCDE9B83C079BCDE9B689BE931E
:103FF000089BCDE91076BF93099BCDE90E45BC9394
:104000000A9BB0ACBD93039BB493049BB593069BF2
:10401000CDE9BA30019BB293029BB3930D9B03F1A0
:104020000802483352F8081F54F8085F5068666861
:10403000491940EB06009A42C2E90010F2D10EA8DD
:104040004FF43471FCF766FD00200DF5437DBDE8AB
:10405000F08F00BF6815050008B54EF660210248D4
:10406000FCF7C6FC002008BDBFE700202DE9F04F9B
:1040700089B00C46DDE9127892469946054600283B
:1040800000F0D580184617F051F88346002800F05C
:1040900031815146484617F049F80646002800F09D
:1040A0002981834580F026812046DCF7E9FF1BF853
:1040B00000300BEB0004202B08BF013423780D2BBC
:1040C00008BF013423780A2B40F014815046DCF7F6
:1040D000D7FF335C3218202B08BF0132137804F16C
:1040E000010B0D2B08BF013213780A2B08BF0132D8
:1040F000149BA2EB09021A60A6EB0B03152B40F3ED
:104100009880162258467F4916F088FF002840F014
:104110009080E37D0D2B14BF1734183423780A2BBD
:1041200004D0794C204609B0BDE8F08F04F10109B4
:10413000A6EB090ABAF10D0F40F3DE800E224846C5
:10414000724916F06BFF002840F0D680BAF1150FC7
:1041500040F3D280162248466D4916F05FFFB0B199
:10416000162248466B4916F059FF98B11622484668
:10417000694916F053FF002840F0BE804FF0070950
:1041800004F11703F31A1F2B07DC644CCAE74FF046
:104190000509F5E74FF00609F2E70DF1100A1022C4
:1041A0000021504616F0C3FE002204F1160010F85C
:1041B000011FA1F130035FFA83FCBCF1090F05D99F
:1041C000A1F14103052B14D8A1F137034FEA520C9A
:1041D000D1071AF80C1058BF1B0101320B43202ADB
:1041E0000AF80C30E3D194F837300D2B08D138346D
:1041F00007E0A1F16103052BC7D8A1F15703E5E75B
:10420000373423780A2B8CD14FF0010A04F1010BCB
:10421000B34586D20021A6EB0B045B46084600940A
:1042200003AAFAF7AFFE2C3068D0039929B93C4CA9
:1042300078E74FF00009CA46EAE70120FCF776FC70
:10424000064600285CD000945B46039903AAFAF75F
:1042500099FE044630B13046039914F0EBFAA4F508
:1042600088545FE7039BBAF1000F34D02FB9194689
:10427000304614F0DFFA2B4C54E7B9F1050F0ED19C
:1042800010213246CDE900780DEB010014F0C4FE98
:1042900003990446A0B1304614F0CCFA42E7B9F1D4
:1042A000060F05D132461821CDE9007804A8EDE7C4
:1042B000B9F1070F04D132462021CDE90078F5E7A6
:1042C0000399731813F8012C91420ED3881A0346F0
:1042D000994205D80390039B00242E606B6021E770
:1042E000F45C944201D10133F2E7304614F0A2FAB3
:1042F0000D4C17E70D4C15E70D4C13E70D4C11E76E
:104300000D4C0FE7BA96050000EFFFFFD1960500B0
:10431000E0960500F79605000E97050000EEFFFFFA
:1043200080EBFFFF00EDFFFF80ECFFFF80EFFFFF62
:1043300080EDFFFFD4EEFFFF80EEFFFF30B51546A6
:10434000002285B0C3E900229A6001AA1C4612F03F
:1043500044FF18B1A0F56A5005B030BD294601A848
:10436000FCF7AAFB60B92B78012BF5D12368052B4C
:1043700000D03BB96268044B002A18BF1846EBE72F
:104380000248E9E70048E7E780C5FFFF80C3FFFF79
:104390000023F0B58D1889B0064604918DF80730DA
:1043A0002946302303AA04A812F018FE20B1A0F574
:1043B0007454204609B0F0BDDDE903371F44394687
:1043C00002AA04A812F06CFE0028F0D1029B002B78
:1043D0003BD1394605AB0DF1070204A8FFF7AEFF4C
:1043E00004460028E5D10423394603AA04A812F0A4
:1043F000F5FD0028DBD1039B4BB39DF8070000F0CF
:1044000027F9014608B9134CD3E7304600F028F9E4
:1044100004460028CDD19DF80730012BF3D196E852
:10442000030014F0AAFEDDE90321FEF721F804469B
:1044300018B1304614F0C3FEBBE7DDE90323134493
:10444000054A9D4218BF1446B3E7044CB1E7044C3B
:10445000AFE700BF80C3FFFF9AC2FFFF80C2FFFF2C
:10446000A0C2FFFF0023F0B587B016468DF80730D5
:1044700002AA3023054612F0B1FD20B1A0F5745414
:10448000204607B0F0BD029B2F6828461F443946DE
:1044900003AB0DF10702FFF751FF04460028EFD1EF
:1044A0003946284602AA12F07CFE10B1A0F56C54E1
:1044B000E6E72B68029A13449F4229D19DF8070032
:1044C00000F0C6F8014628B3304600F0C9F80446AB
:1044D0000028D5D19DF80730012B15D196E80300AF
:1044E00014F04BFE29687A1AFDF706F8044608B95D
:1044F0002F60C5E700F16C030C2B07D8A0F56C54B6
:10450000304614F05CFEBBE7034CF9E7034CF7E7D9
:10451000034CB5E7004CB3E780C3FFFF00C5FFFFC6
:104520009AC4FFFF2DE9F04305460F461C4690460E
:1045300089B0002A57D005A808F1FF3914F006FE0B
:1045400017F80930ABBB109B04AECDE90043394AE4
:104550003B463949029605A8FFF788FD0446E0B9B5
:10456000012000F075F80146284600F079F804466D
:1045700048B995E8030014F000FEDDE90512FDF7E7
:1045800077FF044610B1284614F019FE05A814F070
:10459000E2FD204609B0BDE8F08310F59C5F45D0F0
:1045A00010F5985F44D010F5845FF2D117F8093008
:1045B000DBB1424639462846FFF7EAFEA0B328465B
:1045C00014F0FDFD284614F0F6FD012000F040F83F
:1045D0000146284600F044F8E0B1284614F0EFFD0B
:1045E000284614F0E8FD154CD3E7CDE901360093D9
:1045F000134A3B46134905A8FFF738FD044628B97E
:10460000DDE905122846FFF7C3FEBAE710F5845F1F
:10461000BFD1CEE795E8030014F0AFFD424639461E
:10462000FDF726FF0028D8D10024B2E7064CB0E7FA
:10463000064CAEE7259705004397050000C3FFFF32
:10464000639705007D97050080C4FFFF00C4FFFF4E
:104650000128024818BF0020704700BF702D0500D8
:1046600038B504460D4669B103685BB94B6A13B9A6
:104670000020256038BD984760600028F8D1A0F57B
:104680007E50F7E70048F5E780C1FFFFF0B585B041
:10469000044616460D46039301B91BB116B90D48E1
:1046A00005B0F0BD2368002BF9D0284603A914F00B
:1046B00072FD0028F3D123681F694FB10B9B32466E
:1046C00001930A9B294600932046039BB847E7E7DE
:1046D0000148E5E780C1FFFF00C1FFFFF0B589B0E9
:1046E000044616460D46079301B91BB116B910488A
:1046F00009B0F0BD2368002BF9D0284607A914F0B3
:104700004AFD0028F3D123685F697FB1129B3246CE
:104710000493119B29460393109B204602930F9B01
:1047200001930E9B0093079BB847E1E70148DFE741
:1047300080C1FFFF00C1FFFF10B404682CB1A46961
:104740003CB1A4465DF8044B604703485DF8044B58
:1047500070470248FAE700BF80C1FFFF00C1FFFFBA
:1047600010B404682CB1E4693CB1A4465DF8044B74
:10477000604703485DF8044B70470248FAE700BF02
:1047800080C1FFFF00C1FFFF2DE9F04F87B0074652
:10479000DDE910A9DDE912B80C4615461E4613B92D
:1047A000B9F1000F07D0BAF1000F04D12A4C20460E
:1047B00007B0BDE8F08F2B68002BF7D039462846AC
:1047C00014F00DFD002841D0062F0CD0002CEDD1A7
:1047D0004B46524631462846CDE910B807B0BDE8F1
:1047E000F04F14F005BD284614F014FD01282FD118
:1047F000002CDBD0284614F006FD0730B8EBD00FB4
:1048000028D395E8030004AB83E80300184614F0AE
:1048100001FDCDF808B0636801280193237808BF33
:104820000846009318BF002053464A463146FDF71C
:10483000FDFC04460028BAD1284614F0E4FC074BDE
:104840000730B8EBD00F88BF1C46B0E7044CAEE78A
:10485000044CACE7044CAAE780C1FFFF00C7FFFF90
:1048600000C1FFFF80C6FFFF80BCFFFF012243683D
:1048700005480A700A73054A486003F108001033BE
:1048800088600A614B617047999705009F97050002
:104890002DE9F14F4768DDE90ABA3846DDE90C89B0
:1048A0000D4614461E4614F003F95045CBF800009F
:1048B0000AD823464A4641463846CDE90A5601B051
:1048C000BDE8F04FFDF78EBA014801B0BDE8F08FAA
:1048D00000BCFFFF2DE9F14F47681646DDE90AAB42
:1048E000DDE90C8938460C461D4614F0E1F8B0426B
:1048F0000BD153464A4641463846CDE90B5B0A94F4
:1049000001B0BDE8F04FFDF7DBBB024801B0BDE8E8
:10491000F08F00BF80BFFFFF2DE9F74F4768DDE94B
:104920000CAB3846DDE90E4816461D46DDF84090D2
:10493000019114F0BDF8584520600BD84A46414615
:104940003846019BCDE90D6A0C9503B0BDE8F04FE8
:10495000FDF74CBC014803B0BDE8F08F80C7FFFFF6
:104960002DE9F743D0F80490DDF82C8048460D4639
:1049700017461E4614F09CF8404504460FD80A9B83
:104980003246009329463B464846FDF757FD18B985
:10499000044B444538BF184603B0BDE8F0830248D5
:1049A000FAE700BF00C7FFFF80BCFFFF38B5036810
:1049B0001546CA1A002A044616DD1A7802F07F024C
:1049C000022A13D15A1C02602A461B7842F8043B83
:1049D00012F0D0FA10B1A0F50A5038BD23686A6809
:1049E000AB6013442360F8E70148F6E70148F4E7B9
:1049F00020DDFFFF1EDDFFFF2DE9F74F05468A464C
:104A000090461446DFF808B131236A4651462846DD
:104A100012F0E4FA074668B1A0F50E54D8F8180071
:104A200012F025FC00232746C8F81830384603B09A
:104A3000BDE8F08F26462A68009B02EB030930236D
:104A40004946284601AA12F0C9FA88B1A0F50E54C9
:104A5000002CE3D12B684B4547D001202021307733
:104A6000FCF764F8B06108B9254CD7E70646E6E7DD
:104A7000019A2B68002A03EB020401DC214CCDE7EC
:104A800032461B78214642F8043B2846062312F0A2
:104A9000A5FA0028DAD129687068B1600B18E21A0B
:104AA000002A2B60EADD0A5C1E2A05D01C2A1AD8CF
:104AB0002BFA02F2D20716D501332B600B5C06F1FC
:104AC000100221462846F36012F054FA0028BDD1A6
:104AD0002B683269736113449C422B6001D1B06131
:104AE000B8E7094C9AE7094C98E7D1459ED02021B8
:104AF0000120FCF71BF80446B061002884D1B3E71D
:104B000080D7FFFF20DCFFFF1ADCFFFF1EDCFFFF6A
:104B1000081058102DE9F34703681446CA1A002AF2
:104B2000074640F39F801A78172A12D0182A40F0BF
:104B30009B804FF00408013338463B6001AA12F015
:104B400019FA064640B1A0F51056304602B0BDE84D
:104B5000F0874FF00208EEE7019B08F10A029A4243
:104B600009D008F10B0293421BD13A681A4412F89B
:104B7000012C5A2A15D13D682B4428463B6014F07D
:104B80006FFB002820600CDBB8F1040F0BD164230D
:104B9000023503FB00F1284614F062FB0028206078
:104BA00007DA324ED1E7312840F26C71D8BF4FF4AA
:104BB000FA612368A81C1944216014F051FB804657
:104BC0006060281D14F04CFBA0600746A81D14F07F
:104BD00047FBE060824605F1080014F041FB2061CC
:104BE000814605F10A0014F03BFBB8F10C0F0246B8
:104BF0006061D6D8012341F2AA5003FA08F30342B8
:104C000028D113F4256F27D1B8F1020FC9D18B0732
:104C100024D16420B1FBF0F300FB131303BB4FF46A
:104C2000C870B1FBF0F300FB1313002B0CBF1D2366
:104C30001C23013F9F42B4D242F20F739942B0D875
:104C4000BAF1170FADD8B9F13B0FAAD83B2A7FF6BE
:104C50007CAFA6E71F23ECE71E23EAE71C23E8E767
:104C60001D23E6E7024E70E7024E6EE700DCFFFF11
:104C7000A0DBFFFF9EDBFFFF73B51546026804460D
:104C80008B1A002B10DD167801AA12F08AFA18B1DF
:104C9000A0F5125002B070BD019A2E606A602368C0
:104CA000AB6013442360F5E70048F3E720DBFFFF28
:104CB00010B50C4611461A46029B1B687BB913F0CF
:104CC000A9FD10B1A0F5185010BD2368052B00D028
:104CD0003BB96268044B002A18BF1846F4E7034842
:104CE000F2E70148F0E700BF00DDFFFF00D8FFFF5B
:104CF00073B543F0A006144633460432054612F05D
:104D00006DF918B1A0F5145002B070BD2660296885
:104D10003023A160646828460C44214601AA12F0A1
:104D20005DF90028EED1019A2B681344024A9C4297
:104D300018BF1046E8E700BF9ADAFFFF1FB500234F
:104D4000144601AA01938DF80830039312F0BFF9BD
:104D500018B1A0F5145004B010BD019B2BB1012B6C
:104D600005D1039B1B782370F5E70346FBE7014859
:104D7000F1E700BF9CDAFFFF2DE9F041036806462A
:104D800003F0DF03803B0C468CB0072B00F2D3808E
:104D9000DFE813F00800AB008F00D100B300D100B2
:104DA000800097008568436802951D4429460623C4
:104DB00001AA02A812F012F9C0B1A0F514500028FF
:104DC00036D128222046002116F0B1F8043403AA77
:104DD0000BAD134603CBAB42206061601A4604F171
:104DE0000804F6D118682060002021E0DDE9018781
:104DF000B8F1080F40F09F8042463946504816F0FF
:104E00000DF9002840F0978006260597A023083763
:104E1000294601AA02A8CDE90368029712F0DEF83C
:104E20000028CAD1DDE9012313449D4203D045483F
:104E30000CB0BDE8F0813023294601AA02A812F087
:104E4000CDF80028B9D1DDE9012313449D42EED10C
:104E50003346294601AA02A812F0C0F80028ACD1B6
:104E6000029B019A08931344029304230792294654
:104E70000DEB030202A8069612F0B0F800289CD1B0
:104E80000423019A0993029B0A920B9313449D42B7
:104E900097D0CCE70D1D24220021284616F047F8B4
:104EA00006232360336863607368A360B368E360BC
:104EB0009AE70D1D24220021284616F038F8022317
:104EC000EFE70D1D24220021284616F030F80723B5
:104ED00023607368042B01D0102B2ED133686360DC
:104EE00073686B60B368AB607EE70D1D2422002100
:104EF000284616F01CF80123D3E787680D1D2422ED
:104F000000212846039716F012F8042323607168E5
:104F1000302302AA394403A812F060F8002887D190
:104F2000DDE902312A46194403A8FFF765FD002890
:104F30003FF45AAF7CE704487AE7044878E700BFBB
:104F4000A59705009ADAFFFF80DFFFFF00D8FFFF7B
:104F50002DE9F04705460F46904616468EB02C6860
:104F6000BC4207D30023F3602B68294CBB4208BF27
:104F7000002411E02822002104A815F0D8FF14F81D
:104F8000012B3946019228466A462C6011F0F2FF47
:104F9000824628B1A0F5145420460EB0BDE8F08733
:104FA0002B680393009B0293019B03F0C003802BAB
:104FB00028D10DF10409484604A9FFF7DDFE044697
:104FC00048B110F5025F06D0D8F80C0012F0FDF8D9
:104FD000C8F80CA0E0E704A814F07AF9B36843B16C
:104FE000F3688BB910210120FBF7A0FDF06068B1D8
:104FF000064699E8070086E807002B68029A1344E2
:105000002B60ACE7034CC7E7034CC5E7034CC3E791
:105010009ADAFFFF9EDAFFFF00DBFFFF96DAFFFF61
:1050200073B53023164601AA04460D4611F0D6FF8B
:1050300018B1A0F5145002B070BD2368019A134452
:105040009D4205D1324629462046FFF781FFF2E70F
:105050000048F0E79ADAFFFFD0F85831024613F023
:10506000040011D0D2F8643121F4004222F0010290
:105070009A4308D148F2010223EA0103134203488C
:1050800008BF002070470148704700BF00D8FFFFED
:105090002DE9F041D0F85831044613F400600E4673
:1050A000154618D0DFF8388004F5B4746768AF424D
:1050B00005D12A463146A06815F0B0FF58B1042F3B
:1050C00005D13A464046A16815F0A8FF18B1E4683A
:1050D000002CEBD10148BDE8F08100BF00D8FFFFF4
:1050E000281505002DE9F04F1D460023B1B091466B
:1050F0003A9A1BAF04460591136018463A464FF0A2
:10510000FF3101330A2BC2E9000102F10802F8D194
:10511000B9F1000F00F0BB81002D4FD14FF0000A14
:1051200004F1CC05284614F075F830B10123D9F804
:10513000042001388340134201D14AF4004A294631
:10514000484614F023F908B14AF4803A00230126B6
:105150001B941C93069394F888313BB10122013BC8
:1051600002FA03F3D9F80020134202D14FF480432E
:105170007B6094F889313BB10122013B02FA03F3D1
:10518000D9F80420134203D17B6843F400437B60C9
:10519000012E40F0A78004F1700104F1500014F0DA
:1051A000B6F8059D002800F09B804FF0010804F13F
:1051B00050030893069BF31A09939EE02846DBF7F9
:1051C0005FFFD4F8583180469B0662D54FF0000B44
:1051D00004F1F806B2465B46DAF8002002F01F023E
:1051E000062A38D0072A39D0022A08D14246294651
:1051F0005046049314F0E1F8049B00288ED0DAF8AE
:105200000CA0BAF1000FE7D1FBB128460BA914F0AE
:1052100006F90246C8B1B246DAF8003003F01F03BF
:10522000072B0DD1DAF804309A4209D1DAF80800D8
:105230000BA9049215F0F2FE049A00283FF46EAF19
:10524000DAF80CA0BAF1000FE6D1BBF1000F07D1DC
:105250004FF0040A64E74FF0010BD0E70123CEE7DB
:10526000336803F01F03062B08D17368984505D1F6
:1052700042462946B06815F0D1FE20B1F668002EEE
:10528000EED14FF0FF30003818BF01204FEA800AFE
:1052900046E7804E04F1700ADAF80420032A0ED1A2
:1052A0003046DAF8081015F0B9FE40B942462946F2
:1052B0000AF10C0014F081F800283FF42FAFDAF85F
:1052C00018A0BAF1000FE7D1C2E7A268AB689A4212
:1052D00004D1E968E06815F0A1FEF0B1D5F890516D
:1052E000002DF2D1059D60E7089805F1700114F0DA
:1052F0000EF8049010B3D5F89051002DF4D1B8F108
:10530000000F40F0828030AA731E02EBC30353F8F3
:10531000502C42F0080243F8502C1C9B43EA0A032D
:105320001C931BAB03EBC604002E40F08F803A9B0E
:1053300059481B68002B08BF0020A5E0B8F1000FFA
:1053400002D0EB69022B09DDD5F85C31002BD2D0FD
:1053500004212846FFF780FE0028CCD1D5F8603123
:10536000002B02DD099A9342C5D394F88801FAF71D
:105370001BFC834613F0BEF9D4E9052107900BAB63
:105380005846FAF713FD38B1B8F1000FB3D1012E2A
:1053900043D04FF0000B28E005F1CC0B584694F8B1
:1053A000891113F01CFF0028EED0D4F8802194F866
:1053B000883194F889010392D4F884210292079AE3
:1053C00001920BAA0092D4F88C115A46FFF7DCF92F
:1053D000B8F1000F01D000288DD1B0FA80FB012E6A
:1053E0004FEA5B1BCDF8108014D004F1700104F17A
:1053F000500013F08CFF10B9069B01330693049BF9
:1054000043B9082E06D925483AE04FF00008D4F8F1
:105410009051CFE6BBF1000F03D17B6843F0080346
:105420007B60484605F1CC0113F0B0FF18B17B68F2
:1054300043F480337B600023FB60049BBD60013636
:105440000837002B7FF469AF2C4684E654F8043CFF
:10545000013E0B933B9B3BB93A9B0B9A1B68083C64
:1054600013433A9A13605FE73246DDE93B5054F844
:10547000081C0BABA8470028EED010F51C5FC2D06B
:105480004FF0FF333A9A136031B0BDE8F08F044813
:10549000F6E700BFB293050000D9FFFF00D0FFFF81
:1054A00000D8FFFF2DE9F04F9BB00C4617461E4673
:1054B0000390002800F0EC83002900F0E983054602
:1054C0004FF00009EB69A3B1D5F890314BB94FF417
:1054D000CA710120FBF72AFBC5F8900120B9AA4C3C
:1054E00063E0A9461D46EDE713F0BEFFA946D5F8D7
:1054F00090510023CDE90E33CDE91033CDE91233BD
:10550000CDE9143316934DB9B9F1000F01D0C9F8A4
:1055100090519E4C2846FBF70FFB46E0302308AA2B
:10552000E11909A8CDE9087411F058FD68B12846C1
:1055300013F09FFF964CB9F1000F02D00023C9F879
:105540009031039BAB42E5D12FE0DDE9083202EB5D
:10555000030BABEB0401A9605EB30120FBF7E6FA95
:105560000990E860002800F091832146AA6815F0B0
:10557000B7FC01232B60AA68089B0999D31A0B4436
:10558000099301EB020B099B5946AB6108AA302332
:1055900009A811F023FD044670B12846A4F506546D
:1055A00013F067FF002CC6D1002420461BB0BDE8D5
:1055B000F08FEC602E60E6E7DDE908371F44AB6949
:1055C0003946FB1A6B6117AAA02309A811F006FD42
:1055D00008B310F1620F1AD1EC61394605F12002CF
:1055E00009A8FFF7E3F9044630BB05F12C06324663
:1055F00039460EAB09A813F043FE0446E0B9EB6947
:10560000022B1DD9284613F034FF624C93E7A0F516
:1056100006548CB9E1E7099E179B05F11C021E4454
:10562000314609A811F03CFD10B1A0F50854F0E78F
:10563000099B9E42D1D0584C284613F01AFF7AE7B6
:105640000133EB6105F5C6730093304605F289130B
:1056500005F5C4720EA9FFF72BFB04460028EBD119
:10566000099B39462B6408AA302309A811F0B6FC1F
:105670000446002891D1DDE9083105F150021944B2
:1056800009A8FFF7B9F904460028D5D12A6C099B6F
:1056900039469B1AEB6317AA302309A811F09EFC28
:1056A000002855D0B0F51054C6D1099B3946EB649B
:1056B00008AA302309A811F091FC044600287FF4C1
:1056C0006CAFDDE9083143B105F17002194409A856
:1056D000FFF792F904460028AED1099AEB6CC5F8A1
:1056E000C820D31A3946AB6405F1CC0209A8FEF7ED
:1056F000B9FE044600289FD1099BD5F8C8209A1A04
:10570000C5F8C420EA69023A012A04D89F4247D169
:10571000099B9F4263D1EB69099A032B40F08C806F
:10572000974200F07E82394605F1EC0209A8FFF7A6
:10573000DFFA044600287FF47FAFD5E93C32824689
:10574000D3180493099B049A9A4263D874D066E1F3
:10575000099E179B05F190021E44314609A8FFF7E8
:10576000D9F9044600287FF467AF314605F1A80255
:1057700009A8FFF7CFF9044600287FF45DAF099B25
:105780009E4292D0054C57E780D7FFFF00D8FFFF1D
:1057900080DEFFFF80DAFFFF9ADDFFFF9ADBFFFF6D
:1057A0001B783946C5F8D43005F1D802A12309A8E1
:1057B00011F014FC58B110F1620F03D0B0F506548B
:1057C0007FF43AAFEB69023B012BA1D9A3E7099B18
:1057D000D5F8D820C5F8DC3013440993F2E71B78DC
:1057E0003946C5F8E03005F1E402A22309A811F01A
:1057F000F5FB38B110F1620F8DD0B0F506547FF48F
:105800001BAF88E7099BD5F8E420C5F8E8301344BE
:10581000099380E7302304990AAA09A8CDE917AAB9
:10582000CDE90BAACDF864A011F0D8FB68B1A0F5C2
:105830001454002C7FF400AF099B9F4200F0F181CB
:10584000284613F016FEA84C75E6DDE90923D418A6
:105850002146062318AA09A811F0C0FB0028E6D1AA
:105860000623189A1793099B2146199309A81344F4
:105870000BAA099311F0FBFB10B110F1620FD6D106
:10588000042321460AAA09A811F0A8FB0028CED1BA
:10589000099B0A9E05931E44B44240F0C0800CA9A7
:1058A00017A8FBF7EFF8C0B1249A0B9B7AB1DDE99A
:1058B0002440099A29460092019617AAA047044657
:1058C00018B10B9B002B7FF4B7AE09963AE7099409
:1058D000002B3FF437AF854CAEE6D5F858210C9B32
:1058E00012EA030140F0D6811A43202BC5F8582153
:1058F00000F0EC8010DC013B072B00F28D81072BC0
:1059000000F28A81DFE813F08D00730088015700F0
:10591000880188018801F800B3F5006F53D0B3F512
:10592000803F00F0DA80B3F5807F40F07581C5E9F3
:105930005711302331460DAA09A811F04FFB28B1A9
:10594000A0F51454002C3FF4FDAE75E6099B9E4271
:105950003FF4F8AE05F5AE784246314609A811F09D
:1059600086FB78B110F1620FEAD14246314609A8B0
:1059700011F096FB0028E3D1D5F85C3113B1012377
:10598000C5F85C31099B9E423FF4DCAE314605F51B
:10599000B07209A811F084FB0028D1D1099B9E4266
:1059A0003DD16FF00042D5F8603193421DD00133F4
:1059B000C5F86031C6E6314605F5B27209A813F0A4
:1059C00066FC0446BEE70623214605F5B47209A825
:1059D000F9F7A8FA20B1B0F514543FF4B3AE2BE6B2
:1059E000D5F87031002B7FF4ADAE414C24E6002396
:1059F00021460D930DAA042309A811F0EFFA0028FF
:105A0000E9D104230D9AC5F80831099BC5F80C218A
:105A1000C5F81031134409939C423FF493AE354CC2
:105A20000AE6002331460D930DAA302309A811F090
:105A3000D5FA002884D1099B0D9A13449E42EED1D9
:105A4000802331460DAA09A811F0C8FA002839D1DF
:105A500004210D9A099BC5F81821C5F81C3113447F
:105A6000C5F814110993099B9E4228D9A1233146F8
:105A70000DAA09A811F0B2FA00287FF461AF0999C4
:105A80000D9B05F59072194409A8FFF761FA0446C9
:105A900000287FF4D1AD822331460DAA09A811F068
:105AA0009DFA00287FF44CAF02210D9A099BC5F89E
:105AB0003421C5F838311344C5F830110993099BD6
:105AC0009E42AAE710F1620FCDD039E7214605F1D9
:105AD000F80209A8FFF7A4FA73E7214605F5BC729E
:105AE00009A8FFF72BF96CE71ADEFFFF9EDAFFFF2C
:105AF0009CDAFFFF9ADAFFFF302331460DAA09A88E
:105B000011F06CFA0446E0B1A0F51454002C3FF4F7
:105B100019AE14F5025F7FF48FAD249A0B9B5AB136
:105B2000DDE92440059A29460092019617AAA0476C
:105B300000283FF407AE0B9B002B3FF403AE574CFD
:105B40007AE50D9A099B13449E427FF468AF002AC0
:105B50003FF465AF05F5A478099B9E4205D84FF048
:105B60000003C8F80C30D1D059E7302331460DAAD4
:105B700009A811F033FA10B1A0F51454C6E7099A38
:105B80000D9B09A8D3180293029906230DAA11F0C0
:105B900025FA0028F0D10D9A099B042A069339D1E1
:105BA00019463F48079215F039FA3C4B079A0028EE
:105BB00018BF1C46D8F8083073B1D8F80C300792DB
:105BC000002B67D110210120FAF7B0FFC8F80C00B4
:105BD000002861D08046079A0623C8F80030069B4B
:105BE000C8E90123099B0D9A1344029A09939A422A
:105BF0000BD9302302990DAA09A811F0EFF900285A
:105C0000BAD1099B0D9A13440993099B029A9A42AF
:105C1000A2D004E7214CCDE70B9B002B3FF455AEFF
:105C20008DE7594611AB14AA09A813F029FB0446C5
:105C300000287FF401AD2A6B159B9A4212D1169968
:105C4000686B15F0EBF968B90E9A119B9A4209D16D
:105C50000F9A129B9A4205D14AB11399109815F0E8
:105C6000DDF920B1284613F004FC0E4C63E45946DC
:105C700005F5BE7209A8FEF7FFFF044600287FF471
:105C8000DBAC099B9B453FF48FACD9E5064C52E455
:105C9000064C8AE4064CCFE4064CCDE480DFFFFFDF
:105CA0002D15050080D9FFFF80D7FFFF00D8FFFF2B
:105CB00000DBFFFF96DAFFFF2DE9F04F0D46174698
:105CC000804689B000285DD000295BD04AB18B188E
:105CD00013F8016C2EB928462C4915F027FA002834
:105CE0004BD13A462946404609B0BDE8F04F13F083
:105CF000FEBB05A813F02AFA04AB02930023594611
:105D0000CDE90033224A2B4605A8FEF7AFF98246BB
:105D1000D0B9DDE90512049B4046FF1A1D4413F07B
:105D2000E6FB824605A813F016FABAF1000F1CD163
:105D30004FF00109012FDCD8B9F1000F24D1154B28
:105D4000002C08BF1C4614E010F5A45F10D010F51D
:105D5000845FF1D005A813F0FEF9049ABF1A154428
:105D6000002C08BF54460136E4E71AF5225FF7D14C
:105D70005446204609B0BDE8F08F3446B146DFF8FE
:105D80000CB0D7E7044CF4E73446F2E73E7E05005A
:105D9000AE97050080D8FFFF00D8FFFF38B5054655
:105DA00068B1084C236813B91C46204638BD294603
:105DB0006068DBF753F90028F7D01034F2E70446A7
:105DC000F3E700BFC02D05000246044803680BB985
:105DD000184670479342FCD01030F7E7C02D0500FD
:105DE000F8B50D4D2B6853B90C490D4E01F1100754
:105DF00056F8044B2CB900230B6001232B60074895
:105E0000F8BDB942F7D22046FFF7DEFF0028EFD0F9
:105E100041F8044BECE700BF20D9002024D9002032
:105E2000102E050008B5FFF7CFFF08B1406808BD88
:105E30000048FCE7C89705002DE9F04F466B054682
:105E400089B0002E00F01081826B1378002B3AD0BD
:105E5000B388038193802B68A96B9C692022D86941
:105E6000D431A047044650BB40F203332A899A42FA
:105E700008D1F368A3F11002102A27D8AB6B1B7866
:105E800003B9F3600121284606AB05AA13F071FBA4
:105E90000446A0B9DDE90587D5F8389008EB070678
:105EA000B9F80430B3F5417F06D240F202332C89B1
:105EB0009C4294BF00240124B0450BD96B4C204672
:105EC00009B0BDE8F08F03685B88C3E7002BD9D029
:105ED000F060D7E7012FF1DD2B6840F203325979EA
:105EE000404613F0C6FB08F102039E42E6D3212F81
:105EF000E4DD09F1D40209F1F40952F8041B4A4522
:105F000043F8041BF9D16B6BDA6808F122039E4257
:105F1000D4D3531C223FBB42D0D888F82220696BCF
:105F200008F1230BCA685846103114F0D9FF6B6B87
:105F3000DB680BEB03090393002307932B684E45A3
:105F4000DB68BBD3A6EB0902012AB7DD043B09F1EC
:105F500002070293029B53F804AF0293BAF1000FB9
:105F60006AD1BE42AAD3F31B012BA7DD3B464FF4F7
:105F70007F42039923F8022BA7EB090252BA2BF8B0
:105F800001209E42A3EB0902079297D3F31A012B3B
:105F900094DD012307F104094E45BB7087F803A087
:105FA0008CD3A6EB0903012B88DD07F1060ADCB1CF
:105FB0000DF11C0B5B4632465146284602F0DEFDD1
:105FC000044600287FF47BAF079B32469A44514633
:105FD0000346CDF800B0284600F042FE04460028F3
:105FE0007FF46DAF079B9A44AAEB0903023B02D0F2
:105FF000D1465BBABB80A9EB08094A460121284675
:1060000013F0ECFB044600287FF459AFAB6B4A4613
:106010002846DB6805999847044600287FF44FAF6F
:106020004A462846069913F0D6FA044600287FF41B
:1060300046AF02236B6042E75046FFF7C5FEAA6BEE
:1060400001462B892846928813F003FE002881D14F
:10605000BE42FFF433AFF31B012B7FF72FAF9AFA49
:106060009AFA27F802AB75E7014C28E70096FFFF84
:106070000094FFFF044B1B68584043085B424042BA
:106080001843C017704700BF08D9002010B50B4C4B
:10609000226823684240594081EA0200C00FFFF79E
:1060A000E9FF2368521A434022EA030208401043E2
:1060B000C00FBDE81040FFF7DDBF00BF08D90020CA
:1060C00008B5054A1368126853404B405840FFF723
:1060D000D1FFC04308BD00BF08D900202DE9F04F13
:1060E000154699460E4695B009B9634C3EE0002A24
:1060F000FBD0D368002BF8D0D2E904329342F4D31A
:106100009B1AAA699342F0D3084613F018FC6A69F7
:10611000AB69EF6829691744B3F5E05F1A44834619
:10612000A1EB020800F2A680012800F29E80F2682E
:10613000424500F29D802868696804AA03C22A7A51
:1061400006F1340A8DF81820B5F809205BBAADF8CD
:10615000192050460D2204A9ADF81B30F9F7CEFEE8
:10616000044638B1F16808A8FAF7D4FC204615B007
:10617000BDE8F08F39465046AA69F9F7BFFE0446DC
:106180000028EFD1504608A9F9F7C8FE04460028B8
:10619000E8D15046F9F7ECFE04460028E2D1A869A0
:1061A000F26808A9384414F09BFEAB69F26808A8AD
:1061B0001344AB61F1684FF0010AA8EB0108FAF74C
:1061C000A9FC0BF1FF3B5FFA8BFBBBF1010F8CD8F5
:1061D000AA6973680132B2FBF3F103FB11229A1A28
:1061E000934208BF0022531C434541D80023F818AE
:1061F000A96901339A424254F9D2AB69013313447D
:10620000AB61B9F1000F3FF470AF72686B699342F4
:106210002ED306F1140841461E98C84704460028AC
:10622000A4D172684146B81A14F05AFE08ABCDE901
:106230000173AB694146009372683B4606F150001A
:10624000F9F7F6FB0446002890D1AA69089B9A4208
:106250007FF44BAF71686B695B1A6B6173681344B1
:10626000AB61BAF1000F81D13FE74FF0000AA8E718
:10627000024C7BE7024C79E70094FFFF0096FFFF9A
:10628000008FFFFF2DE9F04FB14B0C461546D3F8B8
:106290000080BBB04AB1D16839B1D2E9043293422F
:1062A00003D3A8699B1A834204D2AA4E30463BB05E
:1062B000BDE8F08F204601EB020B13F040FB0138E4
:1062C000C0B20128F1D86668AF69B7EB460F01D2BA
:1062D000A14EEBE7E368334401339F42F8D3B7FBA9
:1062E000F6F306FB1377002FF2D104F1240A3246AD
:1062F0005946504614F0F4FD6B69B34433446B6166
:106300006268AB6951469B1A0AAAAB61CDE901B23A
:10631000009362685B4604F19400F9F789FB064636
:106320000028C3D1AE690A9B9E42BED10BEB060387
:10633000E16813F801AC013151443046FFF7A6FE85
:1063400048EA00086FEA08082AEA000A0AF101028E
:10635000B6F5807FA6EB0203049394BFA6EB060973
:10636000A6F580794E455FD811463846FFF7A8FE5E
:1063700000EA080301EA0309A6EB090700262C221C
:106380003146AF6113A80593129614F0D0FD2C226C
:1063900031461FA81E9614F0CAFDE3686968286894
:1063A000A7EB03080EAB03C32B7AC5F818808DF852
:1063B0004030B5F80930206CADF8413098FA98F3C8
:1063C000ADF8433012F099F90A2814BF4023802316
:1063D0000993A36C206C089312F08CF907900BA81A
:1063E00012F055F93246216C0BA8F9F717FC074655
:1063F00078B30BA812F050F93B4637461E46E168C9
:106400001EA8FAF787FBE16812A8FAF783FB002EB3
:106410007FF44CAF4E4B059A1B689A423FF458AF3D
:10642000012F3FF443AF40E7484604990692FFF737
:106430002DFE514605901BF80900FFF741FE059B14
:10644000069A20EA030000F00100074409F101095F
:1064500088E704F1400A0D2250460EA9F9F75EFCC8
:10646000064618B10BA812F017F9C8E708EB0903A4
:10647000B3F5807F049338BF4FF48073A3F5807326
:106480001A46594650460693F9F748FC0746002835
:10649000AFD12121079A12A814F049FDDDF8189018
:1064A000049B4B4512D250462AA9F9F761FC0646D7
:1064B0000028D7D15046F9F70DFC804600284DD072
:1064C0000BA8374612F0E8F8464698E751460BA865
:1064D000F9F776FB0646F8B92AA90BA8F9F748FCA4
:1064E0000646C8B941464846FFF7EAFD079B2AAA77
:1064F000009312A93346F9F70DFB049B4B4502D8D4
:1065000009F10109CCE7012250460BEB0901F9F72B
:1065100005FC06460028F3D00BA812F0BDF8002EAB
:106520007FF46DAFE36859460193049B1EA8009366
:10653000AA69069BF9F714FBE26812A91EA812F0DB
:1065400083F810B1024B1B680593012757E700BF82
:1065500008D900200094FFFF808EFFFFDDE90812BC
:1065600050461144F9F7DAFB064620B10BA812F0A9
:1065700093F8474643E75046079A12A9F9F7CEFB2E
:10658000804600289CD1504612A9F9F7F1FB064637
:106590000028EBD15046F9F7EBFC0646BCE700BFFC
:1065A000F8B5C36904460D460BB9036A3BB1236EC7
:1065B000A26D9B1AC3F5EA530D33AB4218D21448AF
:1065C0001AE0204612F0C8FFD8B9D4E90870216E4D
:1065D000E36FAE1B194487B1236832461B6DB84781
:1065E000002810D008DB86420FD3E36F0344E36733
:1065F000E66FB542E5D80020F8BD3246E36998471A
:10660000EEE70448F8E70448F6E70448F4E700BF7B
:10661000008FFFFF0098FFFF808DFFFF0094FFFFBA
:1066200010B5816F03290FD9C26E937854781B027D
:10663000D27843EA044313430433C0F8803003485C
:10664000994228BF002010BD0148FCE7808FFFFF62
:10665000008EFFFF426F162A01D1FFF7E1BF142A17
:1066600009D1826F012A18D1C36E10481B78012B03
:1066700008BF00207047152A0DD1826F022A0CD165
:10668000C36E1A78022A0AD0012A0AD15B7853B164
:106690000748642BECE70020704704487047054822
:1066A0007047034870470448704700BF008EFFFFE3
:1066B0008099FFFF8088FFFF8087FFFF10B5836907
:1066C00004460BB3D0F8B43083B9002010BDD4F821
:1066D0009C10A369606A891A98470028F6DDD4F8EF
:1066E000B430834212D31B1AC4F8B430D4F8B420A7
:1066F000002AECD1D4F8943020460833216CC4F839
:106700009C3012F058FFE0E70148DFE70148DDE781
:10671000008FFFFF0094FFFFF0B50689D0F89C3092
:1067200076BAD0F8B020A3F80160D0F8B8300D46A2
:10673000D0F8981004460B60D0F8BC308BB04B609A
:10674000D0F8A03051BA1980076C002F33D0D0F8A0
:10675000A420D0F894300692D31AC3F5EA530D332F
:106760000793D0F8B0300993D0F8A8309B1AD0F82E
:10677000982008931068516803AB03C3D4F8AC2089
:1067800023688DF81420DA693946009220469B6907
:1067900003AAADF81560FFF7A1FC90BB089B7BBB7B
:1067A0009DF81430099AC4F8AC30D4F8A03051BA2E
:1067B000C4F8B0201980D4F89C10D4F8A430204636
:1067C0005B1A1344D4F8AC200A70D4F8B420216CBE
:1067D0001A44C4F8B420D4F89C201A44C4F89C206D
:1067E00012F0E9FE082204F1C00111F8013D013A5E
:1067F0000133DBB20B7063B9002AF6D1074800E021
:1068000007480BB0F0BD20460BB0BDE8F040FFF7E5
:1068100055BF012DF7D00020F3E700BF8094FFFFA4
:106820000094FFFF70B50446D4F8AC60D0F8B030E7
:10683000D0F8A800162E1546027803D0142E1FD0CB
:10684000154818E0C2B9B3F5E05FF9D8043B1E0C57
:106850004670D4F8A8001E0A8670D4F8A800C37049
:10686000A2B199B1A36B2046DB68D4F8B020D4F86C
:10687000A810984750B170BDA66B002EE3D1DFE79A
:10688000A26B002ADCD0B3F5E05FD9D829462046B8
:10689000BDE87040FFF740BF0094FFFF10B4C0B1E7
:1068A0000468B4B1D0F8B4401CB15DF8044BFFF7F4
:1068B00005BF02244FF0150CC0E92BC4D0F8A84046
:1068C0002170D0F8A83001215A705DF8044BFFF711
:1068D00023BF02485DF8044B704700BF008FFFFFE5
:1068E000F0B5D0F8886004460D4689B0002E40F01F
:1068F000B1800527D4F88010236F51B3002B40F0EE
:10690000AE80A26F914222D2E06E521AA267014479
:1069100014F0F3FAC4F88060A36FEBB12046FFF7E0
:1069200099FE10F5CD4FE5D010F5CB4FE2D0002801
:1069300040F08A80636F162B40F08F80012D40F06D
:106940008C80204609B0BDE8F04012F022BEA3675B
:10695000E0E7002BE0D1A36705212046FFF720FEEA
:10696000002873D1E36F226E042B6CD913788DF855
:106970000C30143B032B66D8537821688DF80D300A
:1069800093788DF80E30B2F8013009885BBA9BB26B
:10699000994258D3E16D01AB08684968069703C373
:1069A000B2F8033004925BBA9BB2591D079305916C
:1069B000002B48D02046FFF7F3FD002846D1E16BBD
:1069C000E06719B3204601AAFFF75CFC00283DD11F
:1069D000079A9DF80C307AB940F20332218991422E
:1069E00001D1172B2FD1D4F884300133032BC4F8F5
:1069F000843003DD1B4827E0C4F884000822E16DE1
:106A0000013A8B5C0133DBB28B54C3B1079BB3F506
:106A1000E05F18D8204612F0F2FD636E226E02335A
:106A2000A3669DF80C3063671370069A049B1344A9
:106A3000E366079B626EA3675BBA13806EE7002A6A
:106A4000DDD1094800E0094809B0F0BD10F5CB4F91
:106A5000FAD14FE70023C0F888300020F4E704485B
:106A6000F2E700BF808EFFFF8094FFFF008EFFFFE4
:106A70000094FFFF012110B50446FFF731FF0146E6
:106A800040B9636F142B07D002210A222046FFF77A
:106A900005FF0849084610BDA36CE363636BA3625E
:106AA000E36D18605860204612F0A9FD6368013359
:106AB0006360EFE70089FFFFF8B50E46154607460D
:106AC000002874D00368002B71D043681B2B05D0BD
:106AD00001F0F6FA10F5D64F00D068BB396FB9B1A6
:106AE000BC6FAC4228BF2C4635B12246304614F06C
:106AF000F7F9BB6F1B1BBB672146386FFAF70AF823
:106B0000BB6F002B4FD13B67C7F88830204613E09E
:106B10007B6D43B1F86C9847013004D13B6838462F
:106B2000196D12F012FD01213846FFF7D9FE20B190
:106B300010F5E54F00D10020F8BDD7E91D323AB974
:106B4000172B05D101213846FFF7CAFE0028EFD1E7
:106B50007B6F162B19D13B89B3F5417F29D23B6856
:106B60001B7963B9FB6E1B783BBBD7F88030042BD5
:106B700023D1642201213846FFF790FEADE7012BB7
:106B8000F7D1FB6E1B78012BF2E7152B13D0172BD7
:106B900013D1FB6E3B677B681A2B9FDD00213846C3
:106BA00012F0D3FC9AE73B6F23443B67AEE70448FF
:106BB000C2E70448C0E70448BEE70448BCE700BF9A
:106BC000008FFFFF0094FFFF0097FFFF0089FFFF8A
:106BD00070B50E461546044668B303685BB3436858
:106BE0001B2B05D1204612F0DEFE002805DA70BD11
:106BF00001F066FA0028F5D0F9E7D4F8B430854200
:106C000028BF054633B12046FFF758FD0028EED1D6
:106C10002846ECE71723C4F8B050C4F8AC302DB1C7
:106C20002A463146D4F8A80014F05AF9012120462A
:106C3000FFF772FDEAE70148D9E700BF008FFFFFC9
:106C400040B1026832B143681A2B05DD00220121F0
:106C5000FFF724BE0148704700207047008FFFFFF8
:106C600030B50025039C256003681B7A73B19142FF
:106C70000FD8521A042A0CDD4FF480730B800123C5
:106C80008D70CB7003681B7A0B7105230020236085
:106C900030BD0148FCE700BF0096FFFF2DE9F0473B
:106CA0004368044694B00F2B00F29F80DFE813F096
:106CB0001000130018002F0134016601B301C80150
:106CC000CD012C02A902AE02B302B802BD02BF027E
:106CD0000123636019E114B0BDE8F047FFF7ACB8D9
:106CE0000121FFF7FDFD054600287FD1636FE76EA8
:106CF000162B06D00A2202212046FFF7CFFD984D21
:106D000074E0D4F88030292B02D93B78022B06D0CE
:106D1000322202212046FFF7C1FD924D66E0236832
:106D200007F104095979484612F0A6FC636B2081EB
:106D300098802268636B12799A702268238951883F
:106D4000994202D812889A4206D24622022120464F
:106D5000FFF7A4FD844D49E0A36BBA1DF43307F19E
:106D6000260152F8040B8A4243F8040BF9D197F834
:106D70002650202DCCD8D4F8803005F12B02934238
:106D80001ED909EB0502D68C76BAB6B2721E022A5B
:106D9000BED905F12C0232449342B9D109EB050367
:106DA000B3F8238093F8253098FA98F81FFA88F8FA
:106DB00063B12F2202212046FFF770FD6B4D15E0D5
:106DC00005F12A029342A3D10026E7E74046D4F812
:106DD00038A0FEF7F9FFCAF80800A36B996849B913
:106DE000502202212046FFF759FD614D284614B07C
:106DF000BDE8F087204601F01BF8D4F838A027370B
:106E00009AF800306BB165B1606B8368984508D122
:106E1000C3689D4205D12A463946103014F0FEF869
:106E2000E8B163682A460133636000238AF80030C2
:106E3000636B3946C3F80880636BDD60606B1030AC
:106E400014F04EF82368DB68043B53F8040F48B98C
:106E50002F2202212046FFF721FD464DC6E70C23D5
:106E60006360EFE7626B92689042EED1FEF7ACFF91
:106E7000238901461A46204612F0EBFE30B1282243
:106E800002212046FFF70AFD3B4DAFE740F2FF101D
:106E900028354D446EB9A36B1B787BB3204601F0B7
:106EA000ADFB054650B3502202212046FFF7F6FC09
:106EB0009CE76B8829885BBA9BB21A1DB2423FF6E9
:106EC00027AFB1F5807F0FD0814206D1012BD6D1FB
:106ED00029790029D3D1C4F8C430F31A1E1F053B09
:106EE000022B1544D6D818E72168097A0029AFD0BB
:106EF000012BADD12F798F42EFD0A9E7D4F8C43060
:106F00001BB92368DB79022BB9D000256EE714B0DA
:106F1000BDE8F04701F03CBF836B9E68B37A012B5C
:106F200001D10523D5E60121FFF7DAFC054600284B
:106F30007FF45CAF636F162B7FF4DCAEE36E1B78DF
:106F40000C2B00F07781B37A03F0FD03052B7FF45F
:106F5000D1AE0123C4F8883063680133B9E600BFBD
:106F60000089FFFF008DFFFF8091FFFF808FFFFFF3
:106F7000008FFFFF009AFFFF0092FFFF836B9B686B
:106F80009B7A042B20D813B301212046FFF7A8FCDD
:106F9000054600287FF42AAF636F162B7FF4AAAE54
:106FA0006368A26B01336360E36E1B78A3F10D018C
:106FB0004B424B4182F8B430A36B93F8B43043B9E1
:106FC0000123C4F88830A0E7093B012BDCD9062354
:106FD0007FE6D4F88000E16E04287FF699AE0B7945
:106FE0009A1D90427FF694AECA18B2F80520DE1DB5
:106FF00052BA95B216FA82F290427FF689AE2B44CD
:107000001944B1F80720093352BA13FA82F39842AF
:107010003FF47BAF7CE60121FFF762FC05460028C8
:107020007FF4E4AE636F162B7FF469AED4F8803042
:10703000042B7FF46DAEE36E1B780E2B8CD067E6CD
:1070400014B0BDE8F04701F0C9BC856BAB689F7A0E
:10705000012F40F0EF80036805F58A78597940F2F6
:107060000332404612F005FB236805F58B712E2292
:107070009E69D869B047054600287FF4B7AE302234
:10708000A36B3946C3F84421A66B5036304612F044
:10709000A6F8002836D02268A16BD069D4F8A830B1
:1070A000039092693046029241F6FA32019208AAA0
:1070B0000092D1F8442106334146FDF751FB0546C5
:1070C00000287FF493AE089BD4F8A82059BA918089
:1070D00002333046089312F072F8089B10220433F2
:1070E000C4F8B0301623C4F8AC30D4F8A8301A7005
:1070F000012263681146013320466360FFF792FB6B
:10710000054673E64C4D71E6836BD0F8A860D3F862
:1071100008800023D0F89470069301F06FFA0546BA
:1071200000287FF463AE98F80A30042B60D8002B57
:1071300061D0A16B91F8B430002B5CD0CB6C1BB943
:1071400023689B6B002B56D01B68002B53D0204626
:1071500012F0B4FA002852D00B69204607AA08A9F9
:107160009847054600287FF441AEA36BD4F8A820C9
:107170009B6820465D7A0A2D14BF042305231371F2
:1071800018BF092512F09AFAD4F8A88012F0AFFCC3
:10719000002188F805002046079112F08FFA236835
:1071A0000591DA6904929B69F21BC2F5EA520393D6
:1071B000053206AB01920293D4F8A83008AA08332E
:1071C00000930B462946FDF789FA054600287FF40F
:1071D0000DAE069BD4F8A82059BA0833D180C4F864
:1071E000B03016230F22C4F8AC30D4F8A8307EE7B4
:1071F000093B012B9DD9636801336360F6E50F4DB0
:10720000F4E514B0BDE8F04712F0ECB914B0BDE8F5
:10721000F04712F0D3BC14B0BDE8F047FFF72ABC2A
:1072200014B0BDE8F04701F053BC0F2351E512F054
:10723000A6FC6AE6024DD9E50093FFFF008AFFFF36
:107240000094FFFF10B5074A146813681268634082
:107250005340594041404808404249420843C01702
:1072600010BD00BF08D900202DE9FF47064608469B
:107270009046FEF7A9FD044600283DD03389828957
:107280009A4218D8C2899A4215D312F040F933684D
:1072900007469D6B00B375B14FF000090DF10C0A64
:1072A000CDF80C9028683946CC3011F098FF30B9F1
:1072B000AD68002DF4D1002004B0BDE8F087CDF812
:1072C00000A040F2033300222146286801F0A8FC08
:1072D0000028EDD1B36BDD64204612F029F910B916
:1072E000C8F80040E7E712F00AFC0146304612F009
:1072F0009BFC0028F4D1DEE70048DDE70094FFFFA7
:107300002DE9F04F4368B1B01A46044604930F2AA2
:1073100000F27884DFE812F010001300A701740275
:107320007902940216031E032303E0035C04610444
:1073300066046B047004730401236360A1E2D0F857
:1073400088302BB1236E1B78162B0BD0AE4D05E089
:107350000521FFF725F905460028F3D0284631B06E
:10736000BDE8F08F636E1E88D4F8883076BAB6B266
:10737000002B43D00023C4F88830D4F86C90A36B62
:10738000324649462046DB68984705460028E5D145
:10739000032E5AD999F80030012BD7D199F8013032
:1073A00099F802204FEA034848EA022899F8032096
:1073B00048EA0208002B48D108F104039E4244D158
:1073C000B8F1250F09F1040B3FD9236858465979C4
:1073D00012F052F9636B208198802268636B1279F6
:1073E0009A7040F2033322899A4215D04622022134
:1073F0002046FFF753FAA5F5DD45AFE7B6F5E05FA8
:1074000001D9824DAAE72046711DFFF7C9F805464C
:107410000028A3D1E067B0E7A36B09F10602D433DB
:1074200009F1260152F8040B8A4243F8040BF9D102
:1074300099F82670202F03D807F12403984506D227
:10744000322202212046FFF729FA714D86E7636B4D
:107450002022DF60606B0021103013F068FD606B4C
:1074600009F12701C26807F12306103013F038FD37
:107470003BF8063093FA93FA1FFA8AFABAF1010F31
:10748000DED95644F21C9045DAD3C3F30029DB055C
:10749000D6D402361BF806305A1E0F2AD0D81E4406
:1074A000731C9845CCD306F103060AD9B045C7D35F
:1074B0003BF803305BBA1FFA83F916FA83F3984559
:1074C000BED100215E44B9F1000F3DD119B940F29F
:1074D0000122A36BDA61002325375F447A1CF95C33
:1074E00000297BD1D15CFF2978D10123C4F8C430B5
:1074F0002368DB6D002B7FD100262368D3F80C9026
:1075000014969B7A012B00F09E80B046A9F1040BE3
:107510005BF8043F002B42D00026B95BDBF800305B
:1075200049BA89B2994209D1204614AAFFF79CFEB4
:10753000002866D1149B002B40F08A800236B245A9
:10754000EBD808F10108E3E7B9F1030F7FF678AF54
:10755000B6F80280328898FA98F81FFA88F808F18D
:1075600004039945FFF46CAFB2F5506F29D040F297
:10757000FF1082420ED0B2F5807F19D1B8F1010F11
:1075800002D13279042A26D92F2202212046FFF780
:1075900085F936E7B8F1010F01D1327932B12822ED
:1075A00002212046FFF77AF91A4DD7E6C4F8C480C5
:1075B000C8F1FF2808F57F0808F1FC08C1441E4403
:1075C00081E72046F218311D059300F0ABFFC0B9EA
:1075D000DDE90413ECE7606B0270E9E702339A45DA
:1075E0003FF67DAFD4F8C4202368012A80D0DB7930
:1075F000022B7FF47DAFD2E72046984700283FF466
:107600007BAF0546AAE600BF0089FFFF009AFFFF97
:10761000008DFFFF0092FFFFBBF8001049BA89B24E
:10762000994207D1204614AAFFF71EFE0028E8D190
:10763000149B6BB908F1010859F82830002BEBD1E5
:107640000236B245ABD94FF0000807EB060BF3E763
:10765000636B59F828209A60A36B149A9A60636848
:10766000013363607AE60368D0F8A860028959792B
:10767000301D11F0FEFF2368B71D9D6904223946B5
:10768000D869A847054600287FF468AE236814220D
:107690009D69D86906F10A01A847054600287FF4CC
:1076A0005DAE236808229D69D86906F11E01A847CE
:1076B000054600287FF452AE3946A36B06F1260238
:1076C000F43351F8040B914243F8040BF9D1A36B46
:1076D0001B78012B29D0676BFB6833B323681B6AC7
:1076E0001BB314A812F0DCF82068FA68056A14AB22
:1076F000806A07F11001A847054698B9BA68169B39
:107700009A420FD1384612F081F9702214A93846F6
:1077100013F0E6FB7022294614A813F008FC01229E
:10772000A36B1A7014A812F071F9A36B1B78002BCD
:1077300058D12022636801336360636BDA60236889
:10774000616B9D69D8691031A847054600287FF410
:1077500005AE626B06F12703D268184686F826202C
:10776000616BCA68103113F0BBFB0346616BC868DC
:1077700089681A1849BA195200239370D4F8C410B2
:10778000D01C012934D140F2FF15D371A2F8055065
:1077900011725372636B1B7883B3052302F10A01E4
:1077A0004FF480750D8000258D700125CD70656BBF
:1077B00005332D780D7159BA0233A2F8031018441D
:1077C00016230222C4F8AC30D4F8A830801BC4F8C9
:1077D000B0001A7001222046114631B0BDE8F04FCA
:1077E000FFF720B80C232046636000F007FFACE7EA
:1077F000616B09780029E3D0511DD1E70523DAE751
:1078000031B0BDE8F04F01F0E9B8836B9B689B7A1B
:10781000013BDBB2092B05D840F2513222FA03F3C7
:10782000D8070BD4162304210C22C4E92B31D4F839
:10783000A8301A70636801336360CBE705237CE5E9
:107840000622836BD0F8A8709B6842609B7A042B59
:1078500014D8B3B123689B799BB101237B713B7131
:10786000A36B07F1060923B1DA79012A01D19D6CD6
:107870008DBB23689D6C75BB924D6FE5093B012B59
:10788000E8D900256AE520464FEA182101F092F870
:1078900070B9238953450BD12B881A0A013A052A5E
:1078A00006D8DAB2012A03D102365BBA29F80630CB
:1078B00035F8028FB8F1000FE5D173BAFB80236869
:1078C000301D5A7A4844012A2BD11D6E05B9DD6B53
:1078D00007F5E05921E0002640F2033A023DE7E7D0
:1078E000AB6C81451FFA83FA1BD3A9EB00030AF1A5
:1078F0000202934215D303469AFA9AF223F8022B16
:10790000E96C5246184613F0EBFA0AF102014144C1
:10791000D5F8905150441FFA81F815B1EB69002B4E
:10792000DED116230D22C4F8AC30D4F8A830C01B29
:10793000C4F8B0001A70D4F8A83098FA98F133441B
:10794000198147E716230422C0E92B320E22D0F812
:10795000A8306EE731B0BDE8F04F01F019BA836B83
:1079600001219F68FEF7BCFF054600287FF4F6ACB6
:10797000D4F88030E66E06EB0308636F162B7FF4B5
:10798000E5AC3378102B7FF4E1ACBB7A012B40F0EF
:107990003C814FF6FF73A76BADF85030079047B1AD
:1079A000FD6C35B12868002800F08580CC306D680A
:1079B0000BE023689B6B002B7DD0186800287AD0E1
:1079C0002368CC309D6B002DF1D111F01CFC06F129
:1079D00006090730C8454FEAD00A6ED33379C0F3A1
:1079E000C720834269D172795FFA8AF39A4264D1DF
:1079F00009EB0A03984560D10121284611F0EFFBFD
:107A000000285CD023684946DA69284603929B69BE
:107A1000524602933023019307AB009314ABFCF75B
:107A20008BFE06462368626B5979928806A811F08E
:107A300020FE254B30210798D3F800B0FFF702FC59
:107A40009DF8181080469DF85000FFF7FBFB9DF84D
:107A5000191082469DF85100FFF7F4FB2368814618
:107A60009D693022D86908A9A847054600287FF4F7
:107A700075AC3022A36B86EA0B06C3F84421A36BD6
:107A80007508D3F844316D42764248EA0A08354316
:107A900048EA090040EAE570009308AA14AB07F52C
:107AA0008A71F8F737F8204600F0A8FD054600284F
:107AB0003FF4D5AD52E4054EB4E7054EB2E7054EAE
:107AC000B0E700BF80A1FFFF08D90020808BFFFF37
:107AD000008DFFFF008AFFFF836B9B689B7A042B5E
:107AE00070D8002B71D0636B1B6E002B6DD0002102
:107AF0002046FEF7F5FE054600287FF42FAC6368AC
:107B000001336360636F162B7FF420ACE36E1A7849
:107B10000F2A7FF41BACD4F88020A76B052A07F14D
:107B200050077FF692AC187900F000FC064600285A
:107B30003FF467ACE36E2046197900F03BFF002864
:107B40007FF45FACE36E052E58790CBF0DF1600831
:107B50000DF1500811F0DDFF014600283FF451AC53
:107B6000384611F03CFB00283FF44BACD4F88020A1
:107B7000072A7FF66AACE36EDB885BBA1FFA83F9EB
:107B800009F108039A427FF460ACA36B20461B699D
:107B900008AA14A99847054600287FF4DFABCDF862
:107BA0000490E36E4246083300933146034638465C
:107BB00011F01EFB054600287FF4D0AB204611F0E3
:107BC000E8FC1EE5093B012B8DD90A23FFF7B5BB65
:107BD00031B0BDE8F04FFEF74DBF31B0BDE8F04F1A
:107BE00000F076BF31B0BDE8F04F11F0FBBC31B012
:107BF000BDE8F04F11F0E2BF0F23FFF79EBB11F07D
:107C0000BEFF3EE6024DFFF7A9BB024DFFF7A6BB44
:107C1000008FFFFF0094FFFF013803289ABF034B3A
:107C200033F810004FF4E050704700BFD233050026
:107C30002DE9F04F044697B003A88A469946009272
:107C4000DDF88CB010F023FD2046F7F7ADFF0746B6
:107C5000002800F09C8010F04DFD05464846D9F7FD
:107C60000FFA219B00EB0308A84441460120F8F7D6
:107C70005DFF044670B903A810F00EFD454F06A83D
:107C80004021F8F747FF2046F8F756FF384617B06F
:107C9000BDE8F08F4846D9F7F3F906466319024666
:107CA00049461846019313F01BF9DDE92012A81983
:107CB000204413F015F93946012203A8F7F7AEFF67
:107CC000074638B103A810F0E7FC41462046F8F714
:107CD00021FFD4E75146009A03A8F8F795F8074624
:107CE0000028EFD1219B611903EB060A524603A835
:107CF000F8F704F907460028E4D1214603A8F8F76D
:107D00000DF907460028DDD18146AA443BE003A8CF
:107D1000F8F72EF907460028D4D15246214603A889
:107D2000F8F7ECF807460028CCD106A903A8F8F725
:107D3000F5F807460028C5D103A8F8F719F9074652
:107D40000028BFD12A46214603A8F8F7D7F80746EE
:107D50000028B7D1214603A8F8F7E0F80746002825
:107D6000B0D109EB05065E4588BFBBFBF5F2229B4F
:107D700098BF2A4603EB090088BF05FB12B206A98B
:107D800013F0AEF8B146D945C1D300279AE7024FA8
:107D90007CE700BF0081FFFF0094FFFF2DE9F04763
:107DA000064688B005A8884615461F4610F06FFCA9
:107DB000D6F83490B9F1000F01D1D6F8309011996E
:107DC000194A1A4B4046002914BF92469A4610F0B1
:107DD00097FC0022014605A8F7F720FF0446E0B90A
:107DE000414605A8F7F7ECFE0446B0B9294605A8B8
:107DF000F7F7BEFF044680B90C223021B36B029224
:107E0000109A09EB0100CDE9007252469E692B469B
:107E1000B04739462846F8F77DFE05A810F03CFC2F
:107E2000204608B0BDE8F0875A9805004A9805003A
:107E3000826B044B487A04490A2818BF0B46D3606A
:107E4000704700BF199704001197040070B50446ED
:107E500016460D4649B9806B10B9A063002070BD6D
:107E60008568F8F769FE2846F6E70C210120F8F747
:107E70005DFE60B10023C0E900568360A36B002B58
:107E8000EBD01A469B68002BFBD19060E6E70148D7
:107E9000E5E700BF0081FFFFF8B505460E4639B99A
:107EA000D0F8C070EFB90023C5F8C0300020F8BD8D
:107EB0000846D9F7E5F8FF2804461DD8D5F8C07064
:107EC00087B90120611CF8F731FEC5F8C000A8B1E0
:107ED0002246314613F004F80022D5F8C0301A5576
:107EE000E4E70C463846D9F7CBF80146384610F09F
:107EF000A1FC002ED7D0E4E70148D8E70148D6E737
:107F0000008FFFFF0081FFFF0429024608B508D853
:107F10000846FFF781FEB0F5E05F02D8002011723D
:107F200008BD0148FCE700BF008FFFFF2DE9F041CD
:107F3000164698460446002873D0042A07D93A4BBF
:107F4000082E1A681B790A600B7107D8053140F2B8
:107F50000333A2889A4210D1002714E08388A6F147
:107F600009074B7183788B7183685BBAA1F807307E
:107F700040F2033382889A4202D02C48BDE8F08157
:107F8000542F0AD80931236E2BBB57250A35AE4230
:107F9000C8F800503CD30020F0E7C36804F1300279
:107FA0004B72103001F10A0350F8045B904243F821
:107FB000045BF9D101F12A0304F1600250F8045B7B
:107FC000904243F8045BF9D1E36E1BBAC1F85A3012
:107FD000236EC3B15E31656E5735BD420DD80B4679
:107FE00094F8682003F8022B626E18464A70D4E9B0
:107FF000181212F075FF616E01446B1CBB429CBFEE
:1080000023780B70C2E7562F04D86123C8F80030DC
:108010000748B3E781F85E3081F85F30572560315B
:10802000EBE70448AAE700BF32150500808FFFFF89
:108030000096FFFF0094FFFF38B5044600283BD0B0
:108040000368002B38D0836BB3B343681B2B33D04A
:10805000FEF734FB054618BB204611F011FB054620
:10806000F0B923681A7972B1012A23D12046FFF7AB
:1080700047F9A8B1054694F88C308BB12046BDE88D
:10808000384011F0FDBA62682AB1012A0AD02046B0
:10809000FEF704FE09E0012262601B799342E5D0FD
:1080A000284638BD2046FDF7C7FE23681B79012B03
:1080B000DFD1DBE7014DDEE7004DF1E7008FFFFF89
:1080C00010B5044608B103682BB9054807E02046FF
:1080D000FFF7B2FF18B963681B2BF8D1002010BD61
:1080E000008FFFFF38B50C46054611F08FFC70225B
:1080F0002146284612F0F4FE236E0BB9002038BD4D
:108100000120616EF8F712FD286650B1D4E918120B
:1081100012F0E6FE94F8683085F86830636E6B669E
:10812000ECE70148EBE700BF0081FFFF10B5044614
:1081300080B179B1406B68B123681B7953B9A36BE7
:108140001B78012B08D0FFF7CDFF10B90122A36BDC
:108150001A7010BD0148FCE70148FAE7008FFFFFE5
:10816000808FFFFF10B5044608467CB171B1216BCA
:1081700061B123681B794BB94B78012B08D0FFF70D
:10818000B1FF10B90122236B5A7010BD0148FCE702
:108190000148FAE7008FFFFF808FFFFF2DE9F843CA
:1081A0000D461646044601EB0209002873D0042A46
:1081B00005D8DFF8F880204611F028FC68E0052299
:1081C0002846394912F02AFF8046002866D1731FDD
:1081D000032BEED940F203316A7942F44072A28057
:1081E000AB798A42A370B5F807305BBA9BB2A36043
:1081F000A6F10903DDD1542BDBD96B7A04F110020F
:10820000E36005F12A0105F10A0353F8040B8B42E0
:1082100042F8040BF9D104F1300205F15A0153F888
:10822000040B8B4242F8040BF9D1D5F85A301BBA33
:10823000E36600232366A6F15E03012BB9D995F806
:108240005E0005F1600784F8680095F85F306366AA
:10825000BBB1F7F7A9FC0028ABD0656E10F04AFA65
:108260008542A6D1616E603EB142A2D80120F8F7E6
:108270005DFC2066A8B13946626E12F031FE636E75
:108280001F44B94595D017F8013BB945237090D1EB
:108290004046BDE8F883DFF818808CE7DFF81480EB
:1082A00089E7DFF8148086E795980500008FFFFFC7
:1082B0000094FFFF00A1FFFF0081FFFF10B50446FF
:1082C0000171427109B90222827101226272002297
:1082D000A2724FF00332022B226009D10B4B0C4AE1
:1082E000E3600C4B63630C4BC4E91232002010BDF9
:1082F000FDF776FD094B0A4A21686363094BE0608C
:10830000B1F1033F08BF1346074AEDE7F830050017
:10831000DA330500A02D050080D90020B02D05001E
:10832000941C0020DC330500E43305000138C0B2A2
:1083300005289ABF014B185C002070478F980500F4
:10834000033808289ABF024B185C0020704700BF12
:1083500086980500F8B50446806C08B111F070F9F4
:10836000606B08B111F052FBA36B13B1204611F002
:108370002FFBA36C23B9D8210120F8F7D7FBA06409
:10838000636B23B970210120F8F7D0FB6063A36B06
:108390002BB94FF4A4710120F8F7C8FBA063A06BC0
:1083A00018B1A36C0BB1636B6BB90025F8F7C4FB74
:1083B000A06CA563F8F7C0FB606BA564F8F7BCFB85
:1083C00065632E4D41E0184611F06AFAA56B4FF433
:1083D000A4720021284612F0AAFD05F19C0010F0BD
:1083E00056F905F1A80010F052F9254B05F150009F
:1083F000EB6010F0E0FEA06C11F03AFA204611F0AC
:10840000FFF9054608BB23681A68B2F1033F31D172
:108410005E6C7EB3043E324601464FF6FE7752F85C
:10842000040FA0B9012919D901200231A76BF8F76F
:108430007DFBB864A36B9A6C002AC2D056F8040F77
:1084400070B910800122A36BDA712846F8BDFFF7DE
:1084500077FF0028E3D00231B942E0D9094DF4E7B3
:10846000FFF76EFF0028E9D0000240F0010022F87B
:10847000020BE3E70022A36BE6E700BF0081FFFFEA
:10848000B997040080A1FFFF38B501600B6804466E
:10849000B3F1033F3BD18B69002B3AD00B8841F6F7
:1084A0004D5103810023C0F894300120F8F73EFBC2
:1084B000A065C0B9184DA06DF8F73EFBD4F8940044
:1084C000F8F73AFB0023C4E91733C4E91933C4E9C8
:1084D0002633C4E928332360A365C4F89430E366E7
:1084E000C4F8A83011E041F64D510120F8F71EFB09
:1084F000C4F894000028DDD0204611F08AF8204608
:10850000FFF728FF05460028D5D1284638BD034D82
:10851000FBE7034DF9E700BF0081FFFF80A1FFFFEC
:10852000008CFFFF9142F8B505460C4616460CD864
:10853000531A012B09DD806B34F8027B28220021BD
:108540001C3012F0F4FCA64206D228463221294AF9
:1085500011F0ACF82748F8BD7BBA9BB2321B9A42A7
:10856000F3D3002123449C420AD3B442EDD1002925
:1085700038D128462821204A11F098F81E48EAE709
:108580001A1B012AE1D040F2033734F8022BB5F868
:1085900008E050BABE451FFA80FC15D1D2B2013AAC
:1085A000052AE0D85FFA8CF2012ADCD1AA6BA2B1CD
:1085B000D779012F11D1926C7AB1023A32F8027F49
:1085C000002FD0D0BC45F9D14F1C132F9FBFAA6BF1
:1085D00002EB410290833946C5E72A68926C002A73
:1085E000EBD1C0E70020AB6B0C3103EB410398806B
:1085F000B1E700BF008DFFFF0092FFFF2DE9F04FB4
:10860000836B05469A687248527A724C0A2A724AFB
:10861000724918BF1046724A986118BF1146714AD4
:1086200018BF2246C3E90412D5E90D310A78CFB04C
:10863000B2B930263344019340230296009301F5EA
:108640008A748F6901F1D4032046674AD1F8441136
:10865000B847834600284AD131462046F8F75AFAEF
:10866000AC6B0EAE04F1D402B446134604F58A7422
:10867000674610685168083203C7A242BC46F7D16A
:1086800016AC27460DF1780C224603CA62451860E5
:108690005960144603F10803F6D13446AB6BF4334A
:1086A000224603CABA4218605960144603F108030F
:1086B000F6D140213046F8F72DFA6B6BAC6C986818
:1086C00030330793AB6B05939B690693059BD433BB
:1086D00008932B8909932B681B790A93099BA4F8AB
:1086E0004C30FDF771FB074628B9DFF804B1584656
:1086F0004FB0BDE8F08F11F02AF90328824606D169
:10870000FB7A13F0020F0CBF102308232361387A81
:10871000F6F774FF80460028E7D0787AF7F744FA36
:1087200081460028E1D0DDE906704FF48073CDE981
:1087300001634023302100932C4A089BB8478346AD
:108740000028D4D198F80530BAF1020F03F00F03D6
:108750000D9302D9DFF89CB0C9E704F1340301227C
:108760004946184698F804700B93F7F757FA07F044
:108770001F07834618B14FF480713046CBE004F1F7
:1087800040030122494618460C93F7F747FA8346FF
:108790000028F0D148460FF0ADFFE06098F80430B3
:1087A00006465B099B006360BAF1000F00F0B680DB
:1087B000B0FBF7F207FB027740F20332099927601A
:1087C000914219D04FF480710EA8F8F7A3F9C1E7D0
:1087D000F196040021970400D1960400A9970400A3
:1087E000B19704003B9704006A980500789805004B
:1087F000008FFFFF0094FFFF1F440D9A27604FEA90
:10880000C20A0A9A002A40F08B80D4F808B00EAA57
:10881000BBF1000F08BF9B4637B202EB47090AEBDA
:108820004707174432440A9207EB0A015A4604F1FB
:10883000140012F055FB0AEB0B015A46394404F1BF
:10884000240012F04DFB0EAB0993D5F8C8A0BAF185
:10885000000F16D0554B0699059A9942D5F8CC00D1
:1088600002F1F40200F08180514BC91A4B424B4196
:108870005B000293089B0021CDE900233023079A77
:10888000D04704F1500A41465046F6F7DFFE8346D2
:10889000002840F08780943441462046F6F7D6FE03
:1088A000834600287ED198F80520012302F00F02AC
:1088B000494650469201F6F7E9FE8346002871D1F9
:1088C00098F80520034602F00F023946204692012F
:1088D000F6F7DCFE8346002864D198F805201209DB
:1088E000022A44D07EB1324609990B98F7F78CFAE8
:1088F0000446002848D132460A990C98F7F784FAC2
:108900000446002840D14FF480710EA8F8F702F910
:108910004021A86BD430F8F7FDF8E8E607466CE78D
:108920000A9A012A7FF44EAFD4F808B037B2BBF1EF
:10893000000F08BF9B460EAA0AEB4709914402EBC1
:1089400047073244099209EB0A015A4604F1240010
:1089500012F0C6FA0AEB0B015A46494404F114001E
:1089600012F0BEFA0EAB0A936FE7012381E70421F0
:108970005046F7F743F8074668B920460421F7F751
:108980003DF804460028ADD04FF480710EA8F8F7EA
:10899000C1F8A346ABE64FF480710EA8F8F7BAF819
:1089A000BB46A4E64FF480710EA8B4E7F19604002C
:1089B000D1960400042906D0052907D1836B054A06
:1089C00000201A617047836B034AF9E74FF0FF30CC
:1089D000704700BFA9970400B19704002DE9F0414A
:1089E000826B044693689B7A013BDBB2092B40D82B
:1089F00040F24F3121FA03F3DB073AD501680B79D6
:108A0000002B32D0012B07D1D36C13B98B6B002B09
:108A100056D01B68002B53D0D36C13B98B6B002B33
:108A20004CD01E6841F6FD37072346BBD4F8A8108A
:108A3000DA1F100C0871D4F8A810100A4871D4F885
:108A4000A81020468A71C4F8B03016230B22C4F84F
:108A5000AC30D4F8A8301A70012263681146013393
:108A60006360BDE8F041FDF7DDBE92F8B430002B45
:108A7000D2D10020636801336360BDE8F081B5683E
:108A8000FA1AAA421ED3D4F8A820290CD154D4F83B
:108A9000A820290A1A445170D4F8A82003F1030829
:108AA0001A449570D4F8A800F1682A46404412F0A0
:108AB00017FAD6F8906105EB0803B6E70723B5E788
:108AC0000148DAE70148D8E70094FFFF0096FFFF6E
:108AD00030B50446036885B01A79836B82F00102D1
:108AE0005B6901A9984701212046FDF7F9FE05467B
:108AF00040B9636F162B0CD00A2202212046FDF7E5
:108B0000CDFE1B4D01A80C21F8F704F8284605B04E
:108B100030BDE06E0378142BEED1D4F88030102BEA
:108B200006D0322202212046FDF7B8FE114DE9E7BA
:108B30000C2201A904300FF087FD054630B1332225
:108B400002212046FDF7AAFE0B4DDBE7A36B1B7845
:108B500053B123681A790AB90A2262601B79012B82
:108B6000D0D10F236360CDE763680133FAE700BF1C
:108B70000089FFFF008DFFFF0092FFFFF0B5074661
:108B800000209142186001D92248F0BD501A0528F2
:108B9000FADDB86B8C1DC8B1C579012D16D1866C74
:108BA000A6B1254640F2033E023E36F8020F98B9C0
:108BB0002C1B2CD04FF45062A4B20A80A21C52BAD3
:108BC00064BA6D1A4A808C801D60DEE73868866C56
:108BD000002EE6D11048D8E7B7F808C0F445E4D134
:108BE0004FEA102C0CF1FF3CBCF1050FDDD85FFA09
:108BF00080FCBCF1010FD8D19542C5D8A2EB050C81
:108C0000BCF1010FC0DD40BA25F8020BCDE70348E7
:108C1000BBE700BF0096FFFF80A1FFFF0094FFFFAE
:108C2000F8B5174640F2033293420646069D2BD113
:108C300057BB8B7A013B092B06D8DFE803F02725C9
:108C4000252505052705232300213046FCF704FAD6
:108C5000044628B14FF0FF342B6843F400632B60C7
:108C60000B490C4B0822002F08BF19463046FCF771
:108C70000FFA28B14FF0FF342B6843F480532B6078
:108C80002046F8BD0821E0E78021DEE72021DCE76F
:108C900016910500DE9005002DE9F043054690464B
:108CA00099460E4687B021B90024204607B0BDE89A
:108CB000F08303690468002B3DD042690E99E76B8D
:108CC000CDE9032102936B6B39466C330193D5F8E0
:108CD000C03040460093636B226C10F0B9FB2B68E8
:108CE00004461A796B6B49466C33009340462B89D6
:108CF000FFF796FF60B30CB3012E22D114F51C5F71
:108D0000D2D014F5F44FCFD06B6BDB6EDF0530D4CF
:108D10005E0730D413F4CC3F2FD1D8072FD4990756
:108D20002FD413F0080F0CBF2E2230220221284628
:108D3000FDF7B4FDB9E7D4E90B32BFE7012EB3D09C
:108D4000114C002FE0D1114B022E08BF1C46DBE76F
:108D5000012E08D114F51C5FA6D014F5F44FA3D052
:108D6000002CA1D0D0E7002FFAD1022EF8D1074C69
:108D7000CAE73122DAE72A22D8E72B22D6E72D22CA
:108D8000D4E72C22D2E700BF0086FFFF8089FFFFD7
:108D90002DE9FF470446A36B00689B6890F80680A6
:108DA000997A4B1EDBB2092B10D840F24F3222FACF
:108DB00003F3DB070AD50379012B0CD1072905D072
:108DC000B8F1000F07D18022636BDA666368002573
:108DD0000133636037E001212046FDF781FD054640
:108DE00088BB2368656B1B79BBB1D4F88030072B37
:108DF00013D1636F162B10D1E06E03780B2B0CD1BF
:108E000003226949043012F009F930B94023B8F15E
:108E1000010FEB66DAD0654D15E0286E30B1F7F73B
:108E20008BFE00232B6685F868306B664FF4CA71A1
:108E30000120F7F77BFE064648B950220221204662
:108E4000FDF72CFD5A4D284604B0BDE8F08710F020
:108E50000BFB636F162B0CD00A2202212046FDF774
:108E60001DFD544D304610F004FB3046F7F764FE0C
:108E7000E9E7E26E13780B2BEED1D4F880100929C4
:108E800006D8322202212046FDF708FD4A4DE9E7C7
:108E9000B2F8053012795BBA9BB2002AF1D10733E0
:108EA0009942EED10727DFF81891DFF818A1D4F81E
:108EB00080309F4244D30022A36B00924146324649
:108EC00020469B68FFF7E8FE05460028CAD1D6E990
:108ED0000295D6E93187304610F0CBFA3046F7F7E5
:108EE0002BFE20210120666BF7F720FE3066636BB6
:108EF0001B6E002BA1D00920F6F756FE636B4A4685
:108F000029461B6EF6F752FF0922636B054683F86C
:108F100068202022636B5A66002894D1A06B0397C7
:108F2000503010F048F9A26B47443946503203A83C
:108F3000FBF798FA00283FF449AFA5F5D84582E73A
:108F4000F91C99429DD8E06EC25D32B12B220221FC
:108F50002046FDF7A3FC194D84E70744B7F801202C
:108F600052BA92B27F2A8CD98F18BB4289D301445E
:108F7000304610F0B3FA10F5165F05460FD048459D
:108F80000ADA10F5225F0CD0504590D02A22022137
:108F90002046FDF783FC65E7002888D0F6E72B2202
:108FA000F5E75022F3E700BF37150500808BFFFF80
:108FB0000081FFFF0089FFFF008DFFFF0086FFFF9C
:108FC00081DAFFFFD2D9FFFF014804F005BB00BFE3
:108FD0009A980500034A044B026024209B1AB3FBB5
:108FE000F0F07047A8B7040090BD040070B50446C7
:108FF00088B10378C3B10D4D0D4EB54201D30024A5
:1090000009E02968A14208D1284610F03FFE002857
:1090100014BF2C460024204670BD2046D8F71EF809
:109020000028F1D02435E8E71C46F4E7A8B704008F
:1090300090BD04002DE9F843054610B304782CB127
:10904000114CDFF84880444503D300242046BDE896
:10905000F883226A52B1204610F018FE30B116682B
:1090600026B10027D6F80090B94501D12434EAE7AB
:10907000284656F8041FD7F7F1FF0028E6D001373D
:10908000F2E70446E2E700BFA8B7040090BD040081
:109090001FB50446DAF756FF07490B685B0708D08F
:1090A000064B0122029300231846CDE9003310F04D
:1090B00010FE204610F01DFE9C200020D4980500D4
:1090C0002DE9F04104460D4686B0EFF311881023D8
:1090D00083F31288BFF36F8F2B4F2C4A3B6896683F
:1090E00059074ED0042898BF294B127C94BF53F8DF
:1090F0002030284B0390CDE90432274B0122029304
:10910000002321491846CDE9003310F0E2FD85B176
:10911000EB693A68C3F308035BB152071AD01F4BDF
:1091200001220293002318491846CDE9003310F0BC
:10913000D0FD3B685B070DD0D6B91948194BCDE976
:1091400003600293002301221846CDE900330E4943
:1091500010F0BFFD29462046FFF79AFF88F31188DB
:10916000BFF36F8F304606B0BDE8F041DEF7F8BBC5
:10917000304611F002FA0028DFD00378002BDCD053
:10918000DCE7002DC4D1E5E79C20002038D9002081
:1091900004310500E3980500F198050019990500D0
:1091A000C89705003A99050038B50A4B53F8204096
:1091B000013053F82050A54200D838BD606830B166
:1091C000037FDB0701D410F09FFD0834F3E7236829
:1091D0009847FAE718310500012270B52A4B0320A1
:1091E00086B01A70FFF7E0FFFFF7EEFE10F0B0FD5B
:1091F0000420FFF7D9FF254C254D2646AE4204F149
:10920000300410D301F05EF9204C224EAC4226D33C
:1092100001F06CF903F01BFE1F4A137B23F00103DE
:10922000137306B070BD54F80C3C059354F8103C11
:10923000049354F8143C039354F8183C029354F8E4
:109240001C3C019354F8203C009354E90A2354E950
:109250000C0100F08BFE54F8303C5E65CDE7D4E99C
:109260000A23B3F1FF3F08BFB2F1FF3F05D052EA36
:109270000301206803D101F039FA3034C6E73146E2
:10928000183001F009FDF8E71FD2012090BD04005D
:1092900090BD0400B5A60400888E002008B50348E0
:1092A000034A0021121A10F046FD08BDC025002017
:1092B00028D20120F82370B5144E86B003FB006657
:1092C000134B012205930F23CDE903320023CDE98F
:1092D000013318234FF4A0720E4D0F4903FB0055C4
:1092E000044602FB00110D4B3046009500F03EFE97
:1092F000737B2C7423F004037373094B013403EB69
:10930000C423EE606B6006B070BD00BF908D00207E
:109310009C99050038D90020F8C80420F39E040069
:10932000F8C00420BFB50020FFF73EFF264B83F3B3
:1093300008880024F023254D254F85F82230EC774E
:109340002C766C76AC7685F820406B6A43F4E0238B
:109350006B62DEF7CDFADEF747FC4FF0FF33AB620E
:10936000EB62DAF7C7FD1B4800F096FE10F08DFCAB
:10937000DAF7A4FC0120FFF717FF0220164DFFF7D4
:1093800013FF01F0E7F8154B15499D61154B4FF49C
:109390000042059301232846CDE90343CDE901446A
:1093A0003B46009400F0E2FD06466A7B284622F028
:1093B00004026A7311F041F92046FFF77BFF3A4639
:1093C00031462846DEF7E6FBF8C8042000ED00E051
:1093D000D991030098900020888E002038D9002071
:1093E00038CA0420A939050038B5054C256804EBB6
:1093F000850405B938BD54F80439013D9847F8E7AC
:1094000058BF040038B5044C044DAC4200D338BDFD
:1094100054F8043B9847F8E764BF040064BF0400B5
:1094200038B5064C064DAC4201D3002038BD20466D
:10943000D4E9011210F093FC1834F4E798210020CD
:10944000E0210020002038B5054C064DAC4200D389
:1094500038BD204610F0F5FC0028F9DB2034F5E794
:10946000182100209821002073B50C46EFF31181DC
:10947000102585F31288BFF36F8F05695DB12560F4
:109480002B680361C3690133C361002081F3118834
:10949000BFF36F8F11E052EA030603D16FF00B00A8
:1094A0002560F3E7CDE900230246083000F04AFFCB
:1094B00018B9034B9B681B69236002B070BD00BFE5
:1094C00038D9002070B50025094C0A4E002301222E
:1094D0001946204611F05CF821463046013510F05F
:1094E0001EFF0A2D04F15004F0D1002070BD00BF12
:1094F000384A0520BC2200202DE9F34104460E46DF
:1095000000F10808EFF31187102181F31288BFF3EF
:109510006F8F406A2169884239D22568AC4218D0E1
:10952000BDB1284610F0F0FC05F1180011F0BDFAAD
:109530003146E268286911F0D3FC00232846C5F8BB
:10954000B03011F07AF84046394600F077FF00203D
:109550002AE03146E268206A11F0C2FC236AE26820
:1095600010211344A2692362934208BF636904F186
:10957000280008BF2362636A0133636211F053FC61
:109580000028E0D187F31188BFF36F8F0CE052EA17
:1095900003010CD00749404689680E61CDE90023DC
:1095A0003946224600F0CEFE02B0BDE8F0816FF0F1
:1095B0002200E7E738D90020F7B50446084604F151
:1095C0000807EFF31186102181F31288BFF36F8F24
:1095D000616A00293AD0E268E16911F081FCE3692F
:1095E000E26825681344A269E361934204BF63699A
:1095F000E361636AAC4203F1FF33636234D028460F
:10960000002D32D010F080FC05F1180011F04DFA59
:10961000E2682969206A11F063FC236AE26828463F
:109620001344A2692362934204BF63692362636A9D
:10963000013363620024C5F8B04010F0FEFF3846E5
:10964000314600F0FBFE204603B0F0BD52EA0301B4
:1096500010D00A4989680861CDE9002331462246C5
:10966000384600F06FFEEFE7002086F31188BFF365
:109670006F8FE9E76FF02200F7E700BF38D90020CD
:109680002DE9F341044617461E46EFF311881023D7
:1096900083F31288BFF36F8FC368334A7BB180684E
:1096A0009168884219D057EA060318D188F31188C7
:1096B000BFF36F8F6FF00F0002B0BDE8F0819168CB
:1096C00091F90E100133E36093682161A36088F380
:1096D0001188BFF36F8F0020EEE72169F2E791F95F
:1096E0000E1090F90E306FF07E029942A8BF194615
:1096F0009142B8BF11468B422DDD10F0C8FC0546E3
:1097000022464146CDE90076184800F01BFE0028AD
:10971000E1D0EFF31186102383F31288BFF36F8F2C
:10972000A068D0B1236821699C420AD04BB193F95B
:109730000E309942A8BF19466FF07E039942B8BF18
:10974000194610F0A4FC40B13146084800F076FEFE
:109750006FF00A00B0E70025D2E7002DF4D186F3C0
:109760001188BFF36F8FF3E738D9002020D2012092
:10977000F8B583680546002B40D0234A926893428F
:109780003FD1C368012B03D9013BC3600020F8BD62
:10979000EFF31187102383F31288BFF36F8F0169F2
:1097A000806810F074FC2C68A54207D10023C5E93D
:1097B000023387F31188BFF36F8FE7E7002CF5D0F2
:1097C000D4E90032002613605A60637BC4E9006666
:1097D00023F002036373A66004F1180011F065F929
:1097E000AC6094F90E3020462B61C4F8B06010F0E4
:1097F00024FF3946054800F021FEC7E76FF0150049
:10980000C5E74FF0FF30C2E738D9002020D2012051
:1098100037B5EFF31185102181F31288BFF36F8FF5
:1098200004689CB12368426823F0030394420360F8
:1098300008BF43600121204610F0B5FC044685F3C3
:109840001188BFF36F8F204603B030BD52EA030189
:10985000F5D0CDE90023294600F10C02083000F0D4
:1098600071FD0028EFD1024B9B681C69EBE700BF3C
:1098700038D9002070B5EFF31186102383F31288D6
:10988000BFF36F8F0468A0421BD0D4B1D4E900327B
:10989000002513605A60637BC4E9005523F002037E
:1098A0006373A56004F1180011F0FFF82046C4F8B6
:1098B000B05010F0C2FE3146BDE87040094800F0DB
:1098C000BDBDD0E902329A4218BF01330221836044
:1098D000103011F0A8FA0028EDD186F31188BFF3FB
:1098E0006F8F70BD21D2012013B5EFF311811024C9
:1098F00084F31288BFF36F8F846844B1013C8460A5
:1099000081F31188BFF36F8F002002B010BD52EABF
:10991000030406D181F31188BFF36F8F6FF00F003E
:10992000F3E7CDE900230246014800F00BFDECE728
:1099300021D201202DE9F8430546EFF311881023C9
:1099400083F31288BFF36F8F00266FF00A09374642
:109950002C68A54216D0ACB1D4E9003213605A602D
:10996000637BC4E9007723F002036373A76004F10B
:10997000180011F09AF82046C4F8B09010F05DFE7F
:109980000126E5E700230221AB6005F1100011F08C
:109990004AFA30B92EB988F31188BFF36F8FBDE84A
:1099A000F8834146BDE8F843014800F047BD00BFD9
:1099B00021D2012073B50C46EFF31181102585F3F8
:1099C0001288BFF36F8FD0E90365B5420AD92B1F08
:1099D000036155F8043C236081F31188BFF36F8F56
:1099E000002008E052EA030507D181F31188BFF394
:1099F0006F8F6FF00F0002B070BDCDE900230246FB
:109A0000083000F09FFC10F10B0FF4D0024B9B6864
:109A10001B692360E4E700BF38D900201FB5094A5D
:109A200002AB92E803004FF4806283E803000093E6
:109A300005494FF0FF33054800F010F9002005B04C
:109A40005DF804FB98CF0400584D0520808F00205E
:109A50002DE9FF41044610274E4EEFF3118887F39E
:109A60001288BFF36F8FD4F8F850F5B9022104F5CE
:109A7000887010F092FC002868D004F584750022EC
:109A80000121284610F084FE0028F8D100234FF071
:109A9000FF3202934FF0FF334146CDE900233E48A9
:109AA00004F5807200F02EFFD7E7D4F8FC202B6875
:109AB0009542C4F8F83008BFC4F8FC30D4F810312F
:109AC00043F00203C4F81031EB6823F0040343F0C1
:109AD0000103EB606B6888F31188BFF36F8F284632
:109AE0009847EFF3118887F31288BFF36F8FEB6805
:109AF000D80623F0010236D4EA60EB689A0716D53F
:109B0000306823F00203EB6088B10021036870B174
:109B10004268954235D1036869BB726833608242FE
:109B200000D17360002340F8083BFFF7A3FED4F890
:109B3000103123F00203C4F8103188F31188BFF309
:109B40006F8FDB0589D400F04DFD86E7D4F8103126
:109B5000D9069BD5C4F8100188F31188BFF36F8F25
:109B600004B0BDE8F08123F01103EB6005F11000B3
:109B7000FFF780FEC1E70B607368834208BF716026
:109B8000D0E723B11A68014618461346BFE71A46C4
:109B9000F9E700BF60D9002022D20120F8B5C368E0
:109BA00004469A070F46C3F340062CD45B071AD429
:109BB0000B680BB983680B60E368DD0742BFA368DD
:109BC00002263B603D6858BF0126002D3AD01F4B4E
:109BD0009B68AB420AD0D5F81031D807C3F3800296
:109BE00014D46FF0120600233B6025E010F0BCFC9B
:109BF000D5F810310028F0D1D907C3F3C002F0D551
:109C000052B15B0708D46FF00F06ECE7002AFAD1D7
:109C1000C3F3C003002BF6D100232360D5F8FC303A
:109C200063B9C5E93E44284610F0D1FBE36843F030
:109C30000403E3603B68A3603046F8BD1C60C5F8D0
:109C4000FC40F0E76FF01506CDE700BF38D90020E3
:109C50000146014810F03FBC808F0020F0B504465B
:109C6000002089B0C4E93E000E9D04F58070C4E96F
:109C7000400004F58470C4E942004DB328790028FF
:109C800040F2011008BF0120C4F8100100204FF07D
:109C9000FF364FF0FF37CDE90330CDE90100CDE9C4
:109CA000066720460B4B009400F0CAF955B12968AD
:109CB00011B1204600F008F96B791BB1237B43F00A
:109CC00001032373204609B0BDE8F04000F00EBD4B
:109CD0000120D9E7519A030037B501900846EFF308
:109CE0001184102181F31288BFF36F8FC16811F0C6
:109CF0001E0F16D153EA020508D101A9FFF74EFF46
:109D000084F31188BFF36F8F03B030BD41F00801B9
:109D1000C160019910308161034900F0BDFF01204D
:109D2000EEE70020ECE700BF45A40400014601482F
:109D3000FFF7D2BF808F0020F7B50C4616461D46B0
:109D40000190EFF31187102383F31288BFF36F8F15
:109D5000084610F02DFB55EA060309D1204601A95B
:109D6000FFF71CFF87F31188BFF36F8F03B0F0BDBF
:109D7000E36804F1100043F00803E360019B3246FE
:109D8000A36203492B4600F087FF0120EAE700BFEA
:109D900045A4040001460148FFF7CEBF808F002094
:109DA00038B5EFF31185102383F31288BFF36F8F5B
:109DB0000468A04213D094B1204610F0C4FB04F113
:109DC000180010F072FE00232046C4F8B03010F0E6
:109DD00034FC2946044800F031FB002038BD85F3EF
:109DE0001188BFF36F8FF8E723D201202DE9F041EE
:109DF0000546EFF31187102383F31288BFF36F8FAB
:109E00000468A04222D00CB30026204610F09BFB31
:109E100004F1180010F049FEB0462046C4F8B080A6
:109E200010F00BFC2C680136A54208D03CB120464E
:109E300010F089FB04F1180010F037FEEDE7394609
:109E4000054800F0FBFA3046BDE8F08187F3118841
:109E5000BFF36F8F0026F6E723D201202DE9F341EF
:109E600005460C4617461E46EFF31188102383F370
:109E70001288BFF36F8F0846FFF77AFC2A464146E7
:109E8000CDE90076074800F05DFA05464FF0FF3255
:109E90004FF0FF332046FFF7F3FB284602B0BDE842
:109EA000F08100BF23D20120EFF305833BB9054BBE
:109EB0009B68D8897F288CBF002001207047002034
:109EC000704700BF38D9002010B5044608B9054BCB
:109ED0009C681F2204F1780011F0F6F8002084F845
:109EE000970010BD38D900202DE9F84F0C46A1B3DA
:109EF0009AB390F80D90DFF86C800846571EB9F1C0
:109F0000000F25D00025DFF860A0B8F804B019EAEA
:109F10000B0F19D0B8F806307E1B9E4228BF1E4694
:109F2000D8F80010324610F0DBFF2E4439EA0B0956
:109F300004EB06000CD0BD1B012D28BF01255146A6
:109F40002A4610F0CDFF354408F108086019DCE717
:109F5000002303702046BDE8F88F0148FBE700BFEF
:109F6000308F050030310500569505002DE9F04F82
:109F7000984685B000F15803C0E91633129B0F468E
:109F8000037304230026044643730732119B22F017
:109F9000070A5246837301EB0A05C0E9066686602C
:109FA000C673AA213846DDF838B0DDF84C9010F0C1
:109FB000BEFF29462046DCF751FF109B073020F0FA
:109FC0000700C4F8A000C4E9267A02930F9B2D1A5B
:109FD000CDE900B32A46434639462046DDF796FDD3
:109FE0000F9BC4E9198BE366109B66652367EFF34B
:109FF0001183102282F31288BFF36F8F0F4F7A6A9A
:10A000007C62626783F31188BFF36F8FB9F1000F31
:10A0100011D01F22494604F1780011F055F884F858
:10A020009760BB680BB1D3F8A4302846C4F8A430BD
:10A0300005B0BDE8F08F84F87890F2E738D90020B9
:10A04000F0B5002587B00595109DDDE912760495E1
:10A050000F9D044603950E9D02950D9D01950C9D47
:10A060000095FFF783FFB6F1FF3F08BFB7F1FF3F51
:10A0700005D056EA070305D1204600F037FB2046FD
:10A0800007B0F0BD3A463346024904F1180000F02B
:10A0900003FEF4E7B5A6040040F201138381002318
:10A0A00010B50446C0E9263301F068F8014B9C6006
:10A0B00010BD00BF38D900206FF00A01094A93682B
:10A0C000C3F8B0100849C3F8AC004B6843F08053A4
:10A0D0004B60002383F31188BFF36F8F9368D3F82D
:10A0E000B000704738D9002000ED00E070B590F95D
:10A0F0000D20437B002A36DBD90634D11B4C63F09C
:10A100007F032246437352F81C3F216A934207D1D2
:10A11000C0E900210860206211E09942F8D01B6874
:10A12000002BF5D090F90E5093F90E60B542F4D0A3
:10A13000AE42F2DD5968C0E9003108605860E56957
:10A14000954200D005B9E568A3685A7BD20604D1D0
:10A15000DA897F2A01D9AA6932B1AB4202D02846F6
:10A1600000F084FCA56170BDA361FCE738D9002034
:10A1700038B590F90D200146002A437B04DA03F03C
:10A180007F03437310F01FFA0D4D2A4652F81C4FFF
:10A19000AB68944200D004B9EC688B4207D05A7B7C
:10A1A000D20604D1DA897F2A01D9A2692AB1A34251
:10A1B00002D0204600F05AFC2346AB6138BD00BFF8
:10A1C00038D9002070B590F90D200146002A437B54
:10A1D00004DA03F07F03437310F0F5F91C4C4B7B5A
:10A1E000224663F07F034B7352F81C3F206A934270
:10A1F00007D1C1E900200160216211E09842F8D046
:10A200001B68002BF5D091F90E5093F90E60B54202
:10A21000F4D0AE42F2DD5868C1E900300160596007
:10A22000E569A368954200D005B9E5688B4207D07F
:10A230005A7BD20604D1DA897F2A01D9AA692AB1C8
:10A24000AB4202D0284600F011FC2B46A36170BD42
:10A2500038D90020F8B5394C0746A268824224D18B
:10A26000EFF305830BBBEFF31186102383F3128802
:10A27000BFF36F8F537B03F07F0343F010035373DF
:10A2800010F0A1F9234653F81C5F9D4200D005B998
:10A29000E568A3689D4202D0284600F0E7FB3046FF
:10A2A000A561BDE8F840FFF707BFEFF31185102364
:10A2B00083F31288BFF36F8F7B7BD90604D585F3B8
:10A2C0001188BFF36F8FF8BDD90943F0100219D17F
:10A2D0007A73E6691A4B9E4200D006B9E668A36815
:10A2E000B34202D0304600F0C1FBA368A6619F4292
:10A2F000E5D1EFF30583002BE1D13A7BD2070AD4F5
:10A300002846CEE703F07F0343F0100338467B7303
:10A3100010F059F9DDE785F31188BFF36F8F83F3F0
:10A320001188BFF36F8F0423184602DFEFF311800B
:10A33000102383F31288BFF36F8FB2E738D9002060
:10A3400054D90020F8B5124B0C46DDE906761146CB
:10A350009868104A1060EFF31182102282F312887D
:10A36000BFF36F8F9D68284610F03FF9B6F1FF3FAD
:10A3700008BFB7F1FF3F06D03A463346064905F11C
:10A38000180000F089FC2046BDE8F840FFF794BEB5
:10A3900038D9002068D90020B5A60400F8B50446D5
:10A3A000EFF31187102383F31288BFF36F8F437B82
:10A3B00049B203F01F02002A0CBF0126002639D142
:10A3C00003F07F031C4D437310F0FDF82A46437BD6
:10A3D000817363F07F03437352F81C3F934227D18C
:10A3E000286AC4E9002004602C620FE08342F8D0A0
:10A3F0001B68002BF5D093F90EC06145F6D08C4553
:10A40000F4DD5968C4E900310C605C60EC69944289
:10A4100000D004B9EC68AB689C4202D0204600F042
:10A4200025FBAC6187F31188BFF36F8F3046F8BD11
:10A43000286ADEE78173F5E738D9002049B9EFF3E0
:10A44000058030B9054B9A699B689A4201D0FFF7A5
:10A4500033BE81F31188BFF36F8F704738D9002066
:10A4600010B5EFF31184102282F31288BFF36F8FBF
:10A47000427BD10604D484F31188BFF36F8F10BDE3
:10A4800022F010024273FFF731FE2146BDE8104072
:10A490000148FFF7D3BF00BF24D20120034648B9CB
:10A4A000EFF3058232B9064A91699268914201D070
:10A4B000FFF702BE83F31188BFF36F8F704700BFB1
:10A4C00038D90020EFF31181102383F31288BFF3F2
:10A4D0006F8F054B9A68D37B013BD37381F311884F
:10A4E000BFF36F8F704700BF38D9002070B5EFF30E
:10A4F0001186102383F31288BFF36F8F144DAB685E
:10A50000DA7B0132DA732A4652F81C4F944200D0AB
:10A5100004B9EC685A7BD20604D1DA897F2A01D9C2
:10A52000A2692AB1A34202D0204600F09FFA234636
:10A53000AB6186F31188BFF36F8FEFF311801023A7
:10A5400083F31288BFF36F8FBDE87040FFF7A6BF9B
:10A5500038D90020024B03F11C02C3E907227047DF
:10A5600038D9002008B5FFF719FF70B1074B9B6879
:10A57000DB7B53B9EFF31180102383F31288BFF311
:10A580006F8FBDE80840FFF789BF08BD38D90020AC
:10A5900070B5EFF31186102383F31288BFF36F8F2A
:10A5A0000E4D2B4653F81C4F9C4200D004B9EC686A
:10A5B000AB685A7BD20604D1DA897F2A01D9A26915
:10A5C0002AB1A34202D0204600F050FA2346AB61E4
:10A5D0003146BDE870400248FFF730BF38D900204F
:10A5E00024D2012070B5EFF31186102383F3128873
:10A5F000BFF36F8F1B4CA168206A0B68814214BFA8
:10A600001A46002249680B605960A368216A2AB97A
:10A61000154AC3E900210B6023620CE093F90E0098
:10A6200092F90E50A84218D0854216DD5168C3E950
:10A6300000210B605360E5690B4B9D4200D005B9CA
:10A64000E568A3689D4202D0284600F00FFAA56194
:10A650003046BDE87040FFF72FBD8A42D8D012685F
:10A66000D5E700BF38D9002054D9002051EA0003B3
:10A670002DE9F04105460E4604D1FFF7B3FF002057
:10A68000BDE8F081431C71F1FF3324DB10F04AFA7E
:10A690004419EFF31188102383F31288BFF36F8FEF
:10A6A0000F4F104BB8681860FFF762FDB8680E498D
:10A6B0002A463346183000F0EFFABA684046537B1A
:10A6C00043F004035373FFF7F7FC10F02BFA201A42
:10A6D00020EAE070D4E76FF00104241AD9E700BF44
:10A6E00038D9002068D90020B5A6040038B5044642
:10A6F000EFF31185102383F31288BFF36F8F437B31
:10A700005B070FD5183010F0D0F9637B204623F09B
:10A7100004036373FFF7EAFC2946BDE838400448A8
:10A72000FFF78CBE85F31188BFF36F8F38BD00BF74
:10A7300024D20120014B9868704700BF38D900200F
:10A740002DE9F8430446077BEFF31185102383F3CB
:10A750001288BFF36F8F437B190705D585F31188E6
:10A76000BFF36F8FBDE8F883D90943F0080260D1C9
:10A770004273A36813B120460FF02DFF04F11800B7
:10A7800010F093F9A66D04F15808B04511D04FF0C0
:10A79000000976B130460FF01EFF06F1180010F0E8
:10A7A00084F93046C6F8B090FFF7A0FCA66DB0451E
:10A7B000EFD1DFF8CC80D8F808309C4241D1EFF3DC
:10A7C0000589B9F1000918BF4FF00109D8F81C60DC
:10A7D000294A964200D00EB9D8F80C60B34202D094
:10A7E000304600F043F92046C8F81860DDF7AEF9AE
:10A7F000204600F093F9B9F1000F02D01F48FFF78F
:10A800004BFCD8F808309C4231D1EFF3058373BB81
:10A81000227BD20718D42846FFF74EFCFB07A1D5B0
:10A82000002383F31188BFF36F8F0423184602DFE0
:10A8300098E703F07F0343F0080343730FF0C3FE70
:10A8400097E74FF00009C1E785F31188BFF36F8FD9
:10A8500083F31188BFF36F8F0423184602DFEFF3F1
:10A860001180102383F31288BFF36F8FD4E785F331
:10A870001188BFF36F8FD1E754D900209890002042
:10A8800038D90020F8B5014615461C46EFF311866D
:10A89000102383F31288BFF36F8F437B1B0720D4F1
:10A8A00054EA020323D0154FB868884222D08A6840
:10A8B00000F158039A421DD058310FF096FEB4F1C2
:10A8C000FF3F08BFB5F1FF3F06D0B8682A462346D0
:10A8D0000B49183000F0E0F93046BDE8F840FFF7CA
:10A8E000EBBB002086F31188BFF36F8FF8BD6FF0CC
:10A8F0000F00F7E76FF02C00F4E700BF38D9002015
:10A90000B5A60400D3B5DDE90667089CCDE900676C
:10A91000FFF718FD1CB1034B9B681B69236002B055
:10A92000D0BD00BF38D900202DE9F04D00248CB0F7
:10A93000CDE9091205461646DDE9142304A80F46A1
:10A940000B9410F0F5F8DDE904ABEFF3118310225E
:10A9500082F31288BFF36F8F089395F82C308DF82F
:10A960001F409A0749D405F104082A8A2B899B1AAB
:10A970006A699BB29A4205D105F124000FF064FF89
:10A980008DF81F000B994046721A394403F073F892
:10A990000B9BC418B4420B940CD134469DF81F3065
:10A9A00073B3089905F11800FFF748FD20460CB075
:10A9B000BDE8F08D95F82C30DB0704D4002C08BFDF
:10A9C0006FF01F04EAE7114B09AA9B6829461A6138
:10A9D0000DF11F03CDE900AB029308AA05F11C009D
:10A9E0000FF0F9FE04460028BFD010F10B0FD5D1AF
:10A9F0000B9B002B18BF1C46D0E76FF08B04CDE7F4
:10AA0000089B83F31188BFF36F8FCFE738D90020FD
:10AA10000122044BC01A044BC0105843034B1A5474
:10AA2000704700BF90910020ABAAAAAA25D20120AE
:10AA3000C3897F2B12D80A4B1B6863B1094B90F96D
:10AA40000E201B689A4209DB437BDB0606D1064BCE
:10AA5000C31A18BF012303F0010070470023FAE76F
:10AA600070D900206CD90020908D002070B50E4B5D
:10AA70000E4C1E7C054606EB460304EBC304204641
:10AA800010F013F800220A4B28469A55FFF7D0FF22
:10AA900048B1084B2046BDE870401A680649013AA3
:10AAA000D31700F0F9B870BD38D90020909100207C
:10AAB00025D2012070D9002011AA030038B5EFF388
:10AAC0001185102383F31288BFF36F8F104B114A47
:10AAD0009C681068A04206D1FFF7C8FF85F3118873
:10AAE000BFF36F8F38BD00211B7C11600A4AD35C15
:10AAF000002BF3D02046FFF79BFF0028EED0637BAE
:10AB0000DB0602D12046FFF75DFB2046E4E700BFED
:10AB100038D9002068D9002025D20120EFF3118117
:10AB2000102383F31288BFF36F8F0A4A536A83425C
:10AB300007D15B6F536281F31188BFF36F8F70474A
:10AB40001346002BF7D05A6F8242F9D1426F5A67F1
:10AB5000F1E700BF38D90020F8B505460E46EFF3FF
:10AB60001187102383F31288BFF36F8F064B5C6A43
:10AB700024B987F31188BFF36F8FF8BD20463146A3
:10AB8000A847646FF4E700BF38D90020F8B506463F
:10AB90000F46EFF31183102282F31288BFF36F8FF9
:10ABA00015460B494C6A24B983F31188BFF36F8FA4
:10ABB000F8BD83F31188BFF36F8F39462046B04745
:10ABC000EFF3118385F31288BFF36F8F646FEAE7A9
:10ABD00038D90020074808B5074A0849121A0FF06B
:10ABE000ACF8BDE808400648064A0749121A0FF0BB
:10ABF000A4B800BF50050020C02500205C9F0500C0
:10AC000000000020500500200C9A0500024B186837
:10AC1000984208BF00207047741C0020034B1B683B
:10AC20000BB9EEF76FBF0020704700BF74D900204A
:10AC300030B570B10B4B5B6898420AD0036843B1E2
:10AC4000D3E90421D0E90445121941EB0501C3E918
:10AC50000421D0E9003213605A600023C0E90033B8
:10AC600030BD00BF741C002070B50246FFF7CEFF58
:10AC70000346002007494D68014603B970BDD3E97A
:10AC80000446001941EB06019342F7D09D42F5D0EE
:10AC90001B68F2E7741C0020B3F1FF3F08BFB2F15C
:10ACA000FF3FF8B504461D4617465AD08160EFF3C2
:10ACB0001186102383F31288BFF36F8F013275F171
:10ACC000FF3316DBFFF7AAFF7B1C45F100051B18BD
:10ACD00045EBE070C4E90430FFF798FF264F844647
:10ACE0007868BCF1000F18D1C4E9007004607C6082
:10ACF00027E06FF001032149D1E900209B1A4FF0B2
:10AD0000FF3262EB0000DB1B60EB0500012B70F1F2
:10AD10000002BCBF01230020DCE7DCE90425D4E904
:10AD20000431934271EB050E1CDAD21ADCF80430C0
:10AD300065EB0105CCE90425C4E900C31C60CCF82F
:10AD40000440FFF763FF844207D10D4B1C6824B910
:10AD50000FF092FE2146EEF757FE86F31188BFF3FF
:10AD60006F8FF8BD9B1A61EB05018445C4E904317E
:10AD7000BAD0DCF800C0B4E7741C0020A891002011
:10AD800074D900202DE9F047EFF31185102383F3E8
:10AD90001288BFF36F8F254F4FF0000838604FF0D7
:10ADA0000009FFF733FF224E3B68D6E9001E4FEA49
:10ADB000E37C50B1D0E90442A3427CEB020A18DAEA
:10ADC000E41A62EB0C02C0E9044200245B184EEB6B
:10ADD0000C02C6E900323C600FF04EFE2146EEF751
:10ADE00013FE85F31188BFF36F8FBDE8F047FFF7BF
:10ADF00065BE61184EEBE473C0E90489C6E900132F
:10AE0000FFF716FF85F31188BFF36F8F83689847AC
:10AE1000EFF31185102383F31288BFF36F8F3B6824
:10AE20001B1B3B60FFF7F2FEBEE700BF74D900209A
:10AE3000A891002010B5EFF31184102383F312883A
:10AE4000BFF36F8FFFF7EAFE0346054AD2E9000120
:10AE5000181841EBE37184F31188BFF36F8F10BDB5
:10AE6000A8910020F8B50446EFF31187102383F36F
:10AE70001288BFF36F8F026822B187F31188BFF386
:10AE80006F8FF8BDD0E90A36581C46F10001022840
:10AE900071F1000127D3012B76F10001BCBF012322
:10AEA00016465D1E46F1FF360FF040FE013041F1BF
:10AEB0000001401946EB0101012871F100013ADB64
:10AEC0000FF034FE013041F100016FF00102401932
:10AED00046EB01034FF0FF31121A61EB03032046EA
:10AEE0001749FFF7D9FE236B01332363236A6BB144
:10AEF00087F31188BFF36F8F2046236A9847EFF3DB
:10AF00001187102383F31288BFF36F8F54F8185FF3
:10AF1000A542B2D0002DB0D028460FF09DFB0023F3
:10AF2000C5F8B03087F31188BFF36F8F2846BDE8AE
:10AF3000F8400FF082BB6FF001024FF0FF33CEE715
:10AF400065AE03002DE9F04105461C4690461F46BC
:10AF5000EFF31186102383F31288BFF36F8FB4F1E0
:10AF6000FF3F08BFB2F1FF3F05D186F31188BFF361
:10AF70006F8FBDE8F081531C74F1FF3309DB012AA8
:10AF800074F10003BCBF0122002412F1FF3844F128
:10AF9000FF3728460FF089FDDDE90623C5E90A23BE
:10AFA000002342462B6328463B460249FFF774FEC6
:10AFB000DBE700BF65AE030037B50446EFF3118150
:10AFC000102585F31288BFF36F8F006B98B9236843
:10AFD0008BB14FF0FF334FF0FF320B48CDE9002328
:10AFE00004F11802FFF7AEF9EFF3118185F312882F
:10AFF000BFF36F8F206B0023236381F31188BFF3AE
:10B000006F8F03B030BD00BF26D201201423F0B5EE
:10B010000024102703FB0100134E01B9F0BD10F806
:10B02000073CA0F1140C03F03F03102B40F80C4C2C
:10B030000CD826FA03F3DB0708D550F8143C2BB1E3
:10B0400050F8105C2B605D6040E9054482F3118884
:10B05000BFF36F8FEFF3118287F31288BFF36F8F07
:10B0600060460139D9E700BF160101002DE9F74F0D
:10B070001D46274B16469F68012387F8603087F8E6
:10B08000613052EA05030CBF0123002307F160027F
:10B0900080460FF0F4FD8146EFF3118B4FF0100A5C
:10B0A0008AF31288BFF36F8F97F860404CB901465E
:10B0B0005A464046FFF7AAFF8BF31188BFF36F8F04
:10B0C0000BE0002387F8603056EA050309D18BF3C3
:10B0D0001188BFF36F8F6FF00A04204603B0BDE8FC
:10B0E000F08F5946CDE900650A4A0B48FFF72AF967
:10B0F0000446EFF311858AF31288BFF36F8F2A4657
:10B1000049464046FFF782FF85F31188D6E700BF26
:10B1100038D900207C1C002027D2012038B50346F6
:10B12000EFF31185102282F31288BFF36F8FC16095
:10B13000012181600068834206D185F31188BFF345
:10B140006F8F0024204638BDD0E9003213605A606A
:10B150000023C0E900330FF014FE294604460248DC
:10B16000FFF76CF9EEE700BF27D201200A4601463F
:10B1700001480FF084BE00BF98210020014BC0F8A9
:10B18000A43070479821002038B504460D460FF0D2
:10B19000EBF928B9064B9B68D3F8A4300BB938BD3E
:10B1A000044B2A4621461846BDE838400FF067BEDA
:10B1B00038D900209821002070B50A4C10F0D0F941
:10B1C000094A2358051909496E685A4301FB0622AA
:10B1D000A3FB0131013342EB010223506A6022F0EC
:10B1E000004070BD080000002DF451582D7F954C93
:10B1F000054B014600B510F0B3F9C21819500023F1
:10B2000053605DF804FB00BF0800000008B5054B63
:10B21000044613B10021AFF3008001F04FFD20463A
:10B22000DCF722FD00000000F8B54D4A0C46002373
:10B230004C4DD0E90001D5F78BFE002A4FF4616137
:10B2400000F52F20B7BF02F5A83200F66C2000F6FB
:10B250006B2002F5C072B2FBF1F301FB13223C211B
:10B26000A360B2FBF1F301FB13226360C31C2260F5
:10B27000072293FBF2F2C2EBC2029B1A52D50733AC
:10B28000A361A0F50E33A3F52C7393FBF5F5364BB4
:10B2900048F6AC6140F2B45740F26D1603FB05006E
:10B2A0004FF0050CB0FBF1F1B0FBF7F30144C91A04
:10B2B0002E4BB0FBF3F3C91A48F69463B1FBF3F3DA
:10B2C000B1FBF6F2B1FBF7F103445B1A992106FBDF
:10B2D000123303EB83005E1C0230B0FBF1F77943BD
:10B2E0000231B1FBFCF1761A40F2F95188424FF479
:10B2F000C8708CBF6FF00901022100FB052539449D
:10B30000012998BF0135B3F5997F11D3A3F599733E
:10B31000A5F26C75E36100232046E6602362C4E970
:10B320000415F8BD0028A361ABDB90FBF5F5AEE793
:10B33000970710D14FF0640C92FBFCF70CFB17271A
:10B340005FB992FBF0F700FB1722B2FA82F25209C2
:10B350003B331344DCE70022FAE70122F8E700BFA1
:10B3600080510100B13A02004FC5FDFFB03A020022
:10B370000FB407B504AA064B52F8041B18680192D3
:10B3800000F0B2FB03B05DF804EB04B0704700BFFF
:10B39000E81F0500014B196810F0CDB8E81F050043
:10B3A000F8B50E4B06461D68AB789B0712D56F6843
:10B3B00016F8014B29462CB90A20B847002805DBAE
:10B3C000204609E02046B8470028F1DAAB7843F080
:10B3D0000403AB704FF0FF30F8BD00BFE81F05005D
:10B3E0000CB430B589B005460C461C22002101A8DA
:10B3F0000FF09DFD022305958DF806300D4B02934D
:10B4000023462CB1B4F1004F28BF4FF00043013B5D
:10B410001D440DAA0C9901A80695009200F064FB4A
:10B4200014B1059B00221A7009B0BDE8304002B08B
:10B43000704700BF27B504000EB470B589B004464C
:10B440001C2200210DAD01A855F8046B0FF06FFD13
:10B45000022301A82A4631468DF80630094B05948F
:10B46000029304F100430095013B069300F03CFB7E
:10B470000028A4BF0023235409B0BDE8704003B0E6
:10B48000704700BF27B504002DE9F84F0022804621
:10B49000894618F80230511C202B00F09E81A3F140
:10B4A0000900042840F299812B2B0D4633D02D2B17
:10B4B00036D01846042440F02003692B32D06E2B7E
:10B4C00060D000224FF00A0A964694461346114671
:10B4D00014F400666BD040F02007A7F1610BBBF1BC
:10B4E000050F64D8573FFFB2BA4540F3F28044F0ED
:10B4F0008006E005B6B268D5F40506F4007079D58B
:10B50000002F18BF4CF0010C00B9013218F80500EB
:10B5100034460135DCE7042418F80100951CCAE71D
:10B520004424F9E7AE4B0026AE4F13F8011B49B196
:10B5300018F80520681C42F020028A4226D0AA4A48
:10B54000934230D132463B4630463946D5F786FAEB
:10B5500048B918F80530282B05D1013518F8053001
:10B560000135292B14D1630602D507F100431F468C
:10B57000B9F1000F02D04544C9F8005047EC106BF8
:10B58000BDE8F88F994B0026994FCEE70546CCE7EA
:10B5900023F02002413A192AE0D9A3F13002092A06
:10B5A000DCD95F2BDAD0002600270025E0E7A0F1E8
:10B5B0003007FFB257452DDA44F0800614F480704E
:10B5C000B6B299D1BAF10A0F06D0BEF10F0F93DDD2
:10B5D00044F4C076B6B28FE7BEF1100F8CDD44F4B0
:10B5E000C076042FB6B287D9052F4FF0020C08BFE2
:10B5F000074681E700B1013AAAFB0334FB180AFBB6
:10B60000014444F1000153EA01003FF47FAF0EF121
:10B61000010E7BE7FE2F5CD1A70556D52006C2D5CB
:10B62000002E40F0968053EA010005F1FF3500F04E
:10B63000D180200540F1B2803632B1F5800FC0F0E4
:10B6400091806C4FB1F5000F80F09180BA42C0F24A
:10B650008E804CEA0303084603F00306032E04D051
:10B6600003F00606062E40F08B80043341F1000003
:10B67000B0F5000FC0F084800132B2F5806F80F227
:10B68000A68000234FF4801102F2FF3221F48011D2
:10B690001E4641EA025747EC106B01F0E9FA013807
:10B6A000022804D8544B22220FF05AFF1A5047ECBC
:10B6B000106B01F0DDFA013802283FF654AF4E4B13
:10B6C00022220FF04DFF1A504DE744F40076B6B237
:10B6D0001CE740F0200004F08007782809D147B12A
:10B6E00053EA010A05D144F400664FF0100AB6B2DD
:10B6F0000CE7002F3FF457AF6EB3920070268642DE
:10B7000091D118F805006E1C2B2804D02D2824D1C7
:10B7100044F48064A4B218F80600A0F13006092EA3
:10B7200081D8AE1C354640F2D34A00264FF00A0BB2
:10B730005645DCBF30380BFB060618F8050001350E
:10B74000A0F13007092FF3D9670548BF764232448C
:10B7500069E72E20D1E76526D1E7A0F13007092F50
:10B76000E0D960E7DB1802F1FF32494165E75E0886
:10B7700003F00103013246EAC1764908334361E729
:10B78000B2F5806F23DA9B08B0F5800F4FEA900185
:10B7900043EA8073BFF478AF002279E70EEB020032
:10B7A00010F5A27F10DDB0F59B7F10DA03F00100E9
:10B7B00040EA0C0001308008181841F10001D5F76B
:10B7C000BFFF57EC106B72E7002600276FE70026DB
:10B7D000044F6CE700260027C5E60A4659E600BF7D
:10B7E000F89905000000F07FFB990500F599050028
:10B7F0000000F87F02FCFFFF14000000242A2DE95E
:10B80000F041044601D8012A4CD1364B16220FF0E4
:10B81000A7FE1A5001B10C6000273846BDE8F08140
:10B8200035462E4616F8010B2028F9D0A0F109075D
:10B830000346042FF4D92B2836D02D2837D14FF0CA
:10B84000010CAE1C6B78302B38D1307840F02000E2
:10B8500078282FD132F010002CD173783446102282
:10B8600002360CF1004000270138B0FBF2FE02FB6B
:10B870001E08392B82BF03F1FF3343F02003263B20
:10B88000303B9A421ED9774502DC03D1984501D25C
:10B890004CF0020C354607FB0237344615F8013BE5
:10B8A0002E46E6E70546BCE74FF0000CC9E74FF02F
:10B8B000000CC8E7002A08BF0822D2E7002A08BF08
:10B8C0000A22CEE701B10C601CF0010F18BF7F42C5
:10B8D0001CF0020FA1D0034B222207460FF040FEBE
:10B8E0001A509AE714000000242AF0B5044601D843
:10B8F000012A40D12E4B16220FF032FE1A5001B110
:10B900000C600020F0BD2F463D4615F8010B2028A5
:10B91000F9D0A0F109060346042EF4D92B282CD027
:10B920002D282CD10126BD1C7B78302B2DD12878D9
:10B9300040F02000782824D132F0100021D16B781B
:10B940002C46102202350020392B82BF03F1FF3331
:10B9500043F02003263B303B9A421AD9A0FB020455
:10B960000CB9C01801D346F002062F462C4617F832
:10B97000013B3D46E8E70746C6E70026D3E7002639
:10B98000D3E7002A08BF0822DDE7002A08BF0A2201
:10B99000D9E701B10C60F20748BF4042B307B1D507
:10B9A000034B22220FF0DCFD1A504FF0FF30A9E7C5
:10B9B000140000002DE9F04101260746B24201DCE7
:10B9C000BDE8F0813B461F4613F8014B002CF7D031
:10B9D000252CF8D11C780237252CF3D00023DFF872
:10B9E00004819C461D461F2D18D8A4F1200EBEF1DF
:10B9F000100F09D9A4F1300EBEF1090F1ED80A2488
:10BA0000202504FB03E304E028FA0EFE1EF0010FDC
:10BA100006D017F8014B002CE5D128E07F2D1CD86B
:10BA2000A4F1300EBEF1090FE9D9242C10D1BCF1DC
:10BA3000000F46D0B34246D00023EAE724F0040EBC
:10BA4000BEF12A0FF8D06C2C09D145F08005E0E753
:10BA500024F0040EBEF12A0FEED06C2C22D06C2CF8
:10BA60001BD8682C23D06A2C28D04C2C26D0BCF1B3
:10BA7000000FA5D0B445A1D144F020070B68A7F171
:10BA8000650CBCF1020F01D9612F1ED1073323F0E1
:10BA90000703083301360B608FE7742CB9D07A2C7A
:10BAA000B7D0E4E72C0648BF45F40075CDE7EC05B8
:10BAB00048BF45F4007545F48075AAE745F4207544
:10BAC000A7E79C46B8E76324D6E7692C02D007D8DD
:10BAD000632C03D02F0601D5AC05D7D40433D9E7A6
:10BAE000732CF6E7892801002DE9F04F436893B0E5
:10BAF0008046019383789807CDE9061216D50B4648
:10BB000000250B921F789FB1252F15D00133059387
:10BB100041463846019B01359847002880F22A8427
:10BB200098F8023043F0040388F802304FF0FF35F4
:10BB3000284613B0BDE8F08F5F789A1C252F059238
:10BB4000E6D000242646A246A346BBF11F0F32D8FA
:10BB5000A7F12003102B0AD8DFE803F02409092AF3
:10BB60000909091B09090922092709091900A7F16F
:10BB70003003092B2DD92A2F39D154B90B9B1BF037
:10BB8000400F53F8042B0B9329D0164601E04BF0DD
:10BB9000010B059B13F8017B0593002FD5D15BE0CA
:10BBA0004BF0020B4BF0040BF3E74BF0080BF0E704
:10BBB0004BF0100BEDE7BBF17F0F3FD8A7F130033F
:10BBC000092BD8D81BF0400F03D00A2202FB0636FF
:10BBD000DFE70A2202FB0A3A4BF0200BD9E7B2F169
:10BBE000000AF9DACAF1000A4BF0280BD1E72E2F30
:10BBF00005D11BF0400F9BD14BF0400BC9E7242F20
:10BC00001CD1002C00F03E81079B1BF0400F0B93D2
:10BC10000AD152460BA90698FFF7CCFE0B9B1A1DC2
:10BC2000D3F800A00B92B4E732460BA90698FFF7B1
:10BC3000C1FE0B9B1A1D1E680B92AAE76C2F00F029
:10BC40000E8100F20581682F00F011816A2F00F04B
:10BC500016814C2F00F0138134B1079B22460BA9AB
:10BC600006980B93FFF7A6FE002E47F02009B8BFF9
:10BC70002BF0400BA9F16503BCBF00261FFA8BFB1C
:10BC8000022B40F20481B9F1610F40F05882FF436A
:10BC90001BF0400F0CA84BF4C05407F0200308BF62
:10BCA0004FF0FF36049331460B9B073323F0070315
:10BCB00003F1080293ED000B0B92049A0FF09AFB2C
:10BCC0000130C3B2B342029301DB029B5E1E01232B
:10BCD0000C9FA3464FF07009039307F10903122B41
:10BCE0000DD907F16303C62B40F20A8107F2E7334F
:10BCF00040F2CE72934294BF0323042303939DF832
:10BD0000342002F00C0312F0010240F014811BF009
:10BD1000020F40F00D811BF0040400F0F380002BB3
:10BD200040F00C8120231BF4405F20D1029A002EAA
:10BD300002F1480208BF01266A44133A029921B170
:10BD400012F8011D302900F02E811BF0100F029A0D
:10BD500018BF3246391DC0F22B81B74280F22881CC
:10BD6000BA424BF4005B40F325817E1C961B1BF40A
:10BD70000052089200F0208127EAE774013403B1F1
:10BD80000134002E00F02081721C1444A245CCBF67
:10BD9000AAEB040400241BF0090F04D12C44A54293
:10BDA00040F0178100243BB118464146019B013504
:10BDB00098470028FFF6B4AE1BF4006F12D041463E
:10BDC0003020019B98470028FFF6AAAE049B41460D
:10BDD0000235C3F17800019B00F0F8009847002875
:10BDE000FFF69EAE1BF0080F05D12C44AC4240F08C
:10BDF000FC8025460024089B002B00F0158127EAD3
:10BE0000E77A7642A7EB0A07029B0AF1FF3A05F1AF
:10BE100001094146BB4289BF0CAB3020FB18587961
:10BE20005645019B00F3EA809847002807F1010777
:10BE3000FFF676AEBAF1FF3F08D141462E20019BB6
:10BE400098470028FFF66CAE05F102094D46DBE786
:10BE5000742F3FF49EAE7A2F3FF49BAEFCE61BF0AE
:10BE6000800F18BF4BF4007B4BF0800B91E61BF466
:10BE7000807F18BF4BF4007B4BF4807B89E64BF44A
:10BE8000207B86E626465446B346B24681E6FF430B
:10BE90001BF0400F07F0200308BF0626B9F1650F1D
:10BEA00004930B9B03F1070323F0070303F108023C
:10BEB00093ED000B0B9211D1711C00224BF4805BAF
:10BEC000C9B2134611290CA828BF112100F0F2FABB
:10BED0000C9FC3B2029302230393FEE6B9F1660FEF
:10BEE00005D14BF4005B334601221121EAE7F1B2A0
:10BEF00000224FF065090129134638BF0121E1E70F
:10BF00000223FBE6002B3FF40EAFBAF1030F39DC3E
:10BF10009DF83430A14E13F0080FA14B08BF1E4608
:10BF20003746B94617F8010BA0BBAE1BB14478E009
:10BF300023BB2B23F7E61BBB2D23F4E62022BAF10B
:10BF4000040F12DD1BF0080FAAF104040ED12C44DB
:10BF500041462020019B0135029298470028FFF6B8
:10BF6000DFADA542029AF3D192B1002441461046BA
:10BF7000019B013598470028CADAD1E52B22DEE77C
:10BF80002D22DCE71BF0080FAAF10304C0D1DEE785
:10BF90001446BDE7049B4146C01A019BC0B29847B6
:10BFA0000028BEDABCE502990139C9B20291C5E6A2
:10BFB000561EDCE60026DAE61BF4006F039A0CBF7F
:10BFC000032405241444DAE61BF0100F18BF0134D3
:10BFD000DCE609934146019B20209847002805F1A3
:10BFE0000105099BBFF6DBAE9AE541463020019B77
:10BFF000013598470028BFF6F9AE91E5984700282B
:10C00000FFF68EAD1BF0100F0BD0BAF1FF3F08D139
:10C0100005F1020941462E20019B98470028FFF6B2
:10C020007FAD4D464C442CE241469DF83500019BC6
:10C0300098470028FFF674AD002E65DD41462E209E
:10C04000019B98470028FFF66BAD4FF0010A029B59
:10C050004146D3469A45B7BF0CAB3020534458797C
:10C06000019B98470028FFF65BAD0AF1010A56458F
:10C07000EDDA02355D44049B4146A9EB0300019BC8
:10C08000C0B298470028FFF64BAD002F4146019BF8
:10C09000B6BF2D202B207F4298470028FFF640ADE9
:10C0A000039B042B3DD14FF47A794146019B033524
:10C0B000B7FBF9F606F13000C0B298470028FFF64A
:10C0C0002FAD09FB16774FF064094146019B0135FE
:10C0D000B7FBF9F606F13000C0B298470028FFF62A
:10C0E0001FAD09FB16774FF00A094146019B013548
:10C0F000B7FBF9F606F13000C0B298470028FFF60A
:10C100000FAD09FB167713E01BF0100F01D10135BD
:10C11000B1E741462E20019B023598470028AADA54
:10C12000FEE4039B0235032BCDD0039B012BDAD118
:10C1300007F1300005F101094146C0B26CE7A7F1F3
:10C140006303122B00F2FF80DFE813F013005700A7
:10C15000FD00FD00FD00FD005700FD00FD00FD009D
:10C16000FD00FD001701F800FD00FD002C00FD00A2
:10C17000B9000B9B01240CAF1A1D1B680B928DF8A4
:10C1800030301BF0080F2ED03E19B946B1452CD1E6
:10C19000EF1BB944AAEB040443E700BF009A050073
:10C1A000703C05000B9B1A1D0B921F68AB4B002FB8
:10C1B00008BF1F461BF0400F384614BF31464FF0F2
:10C1C000FF310EF091FF0446DBE741462020019B42
:10C1D00098470028FFF6A4AC013EB442F5D355447D
:10C1E000B246AD1BD0E75646F7E7414619F8010BBA
:10C1F000019B98470028C9DA92E41BF0800F0B9B43
:10C2000035D01BF4007F2DD0073323F0070303F153
:10C210000802D3E900010B922BF0100900291FFA44
:10C2200089F936DA404249F4806961EB41010DF148
:10C23000300B0A235A460EF08FFF19F0400FA0EB87
:10C240000B0B65D029F001025E4592B240F3B2803B
:10C25000002F00F0A98019F010033446914626D033
:10C2600002345CE01A1D18680B92C117D4E71A1D3E
:10C270001BF4807F19680B9201D10846F5E71BF487
:10C28000007F19BF48B241F3C01108B241F3C03179
:10C29000C2E750EA0103CAD11BF0400FC7D0002EFD
:10C2A000C5D12BF0110B34461FFA8BF9B34640F27F
:10C2B000064319EA03031CBF013400232FE02BF0CF
:10C2C000100B0A231FFA8BFB1BF080040B9A57D02C
:10C2D0001BF4007115BF0732101D22F007020B90EE
:10C2E0000FBF106802F108010B91D2E9000150EA7A
:10C2F000010252D12BF016091BF0400F1FFA89F9E9
:10C300004FD0002E4DD12BF0170B1FFA8BF9B346EF
:10C3100019F0100352D0002F4ED10BF1010419F087
:10C32000080F5ED119F0010F06D0A2456EDDAAEB11
:10C33000040404EB0B06544622464DE04BF0100B70
:10C3400010237827C0E7B9F1780F04D1C7F178033B
:10C3500043F01003B8E741462520019B9847002889
:10C36000FFF6DEAB41463846019B98470028FFF6B2
:10C37000D7AB0235059BFFF7C5BB08230027A3E712
:10C38000111D10680B911BF48071B0D01BF400716B
:10C390001ABFC0B2214680B2A9E72BF0060B1FFAE4
:10C3A0008BF90DF1300B45E729F0110934461FFADE
:10C3B00089F97CE79146ABE75C4651E75C4676E756
:10C3C000CDE9022341462020019B98470028FFF633
:10C3D000A7AB029A039B01329245F1DC2C1BA518F6
:10C3E0001446F3B141463020019B98470028FFF6E0
:10C3F00097AB6FB90135A9462E44A6EB09035B45FF
:10C4000021DC5D460CAE5DBBD944C3E65E4693E7D6
:10C41000023541463846019B98470028EBDAFFF782
:10C420007FBB40F2064319EA030FE4D019F0020F74
:10C4300005F10105414614BF2B20202019F4806F1F
:10C4400018BF2D20E7E741463020019B09F1010983
:10C4500098470028D1DAFFF763BB00BF049A0500B4
:10C46000013D4146019B705D98470028CBDAFFF7FC
:10C4700057BB41462020019B013598470028FFF615
:10C480004FAB631B002BF4DC74E700BF1FB502AB9E
:10C49000074A00934FF0CC330EF072FFDDE9020142
:10C4A000C00840EA4170C90805B05DF804FB00BF50
:10C4B000CDCCCCCC2DE9F04F9DB055EC104BCDE957
:10C4C0000C322A46C5F313030B91290DD20FC5F385
:10C4D0000A5507908DED050A0A9275B922461A434E
:10C4E0001BD130230126056043710A9B43F00203F0
:10C4F000037130461DB0BDE8F08F40F2FF729542E7
:10C500004DD1059A002613430A9B079A14BF43F0A6
:10C51000080343F004031371EBE7059A4FEA83081D
:10C520009A46B14D02F001020992059A48EA9278C2
:10C53000970001221646C5F1000B0892584600F0FC
:10C5400019FAB5F1FF3FACBF8146A0F10109ABEB91
:10C55000090B09EB05035846069300F01FFA18A9CA
:10C56000A0F17D05584600F039FA14AB089AA9EB02
:10C570000505019312AB02925146009318AA2B466F
:10C5800005980EF040FEB9F1010F04460D4600F289
:10C59000D880099B002B40F0CB8001276FE0059AE3
:10C5A00043F4801AA5F2354502F001024FEA8A08E9
:10C5B0000992059A134348EA92784FEA82074BD1D1
:10C5C00040F2FE7319420CBF01260026002D3246B0
:10C5D000B1DB284600F0C8F90346032DC8BF013B74
:10C5E0001846069300F0DAF9069B7C3018A95D1B0B
:10C5F0000544184600F064FA14AB18AA0598019394
:10C6000012AB5146029600932B460EF0FCFD069BA2
:10C6100004460D46152B00F2888016AB734A384647
:10C62000414600934FF0CC330EF0AAFE169B179AAA
:10C630009B0843EA827303EB8303BB42DDE9129A52
:10C640000CD13846414600F0B1F9069B83428CBFBD
:10C6500000270127002612E00126B7E7099B002BDF
:10C6600053D1013F48F1FF31B81B61F1000100F0E7
:10C670009DF9069B099F83428CBF002601260D9BD6
:10C68000002B40F09380DDF82CB04FF000084FF005
:10C690000A0ACDF82080CDF81480DDE91201FFF7F9
:10C6A000F5FE149BCDE90E01184615991093FFF77E
:10C6B000EDFE0E9B81460F9A98420B4611919341D5
:10C6C00080F08E8020462946FFF7E0FE0AFB09F342
:10C6D000109AB8F1000F14BF002707F001070AFBFA
:10C6E00010480D46934214BF002606F001060E9B2B
:10C6F0005FFA88F8044612930F9BCDE91339119B1A
:10C700001593089B01330893C7E7B81C48F1000153
:10C7100000F04CF9069B83428CBF00200120B9EB4E
:10C7200000006AF10002CDE9120200273E46A6E7AA
:10C73000129B0127139A013B42F1FF32CDE91232DD
:10C7400088E7B9F13E0FF0D84FF0FF33A9F1200090
:10C75000C9F1200103FA09F203FA00F023FA01F10A
:10C7600003FA09F3024327EA03070A4328EA020807
:10C7700057EA08070CBF012700276BE700FB02FC04
:10C780000133A1FB001262448C4275EB020CF5D21E
:10C79000069A13440C9A1344D20F9342B8BF13461F
:10C7A0000B9A9A42A8BF1A4693466EE70A210022C6
:10C7B00001230846E8E70AFB03F00131A2FB0A2344
:10C7C0000344944275EB0300F5D2594510DDBBF1EB
:10C7D000000F02D154EA05030AD00123059371E743
:10C7E0000A2200230121ECE7CCFBFFFFCDCCCCCC0F
:10C7F0007EB34FF00A0A149B159918460F93FFF762
:10C8000045FE0F9B0AFB00F281460E919A4220D111
:10C81000B8F1000F14BF002707F00107DDE912018E
:10C82000FFF734FE10900F9120462946FFF72EFEA9
:10C830000F9B0AFB1048109A04460D465FFA88F8D1
:10C840001292CDE913390E9B1593089B013308937F
:10C85000D1E7069B089A13449946002F5DD0B8F1A2
:10C86000050F5AD114F001034DD1059A32B9DDE913
:10C8700014239D4208BF944262D0059B18194FF0C3
:10C880000A044FF000024FF0010645F10001254671
:10C89000A04271EB020756D2FBB1B3451DDA0D9BE6
:10C8A00073B106EB09030C9A1A44012A13460B9A3A
:10C8B000B8BF01239A42A8BF1A46964293460CDDA0
:10C8C000053009F1010906F1FF364FF00A024FF079
:10C8D000000341F10001D4F78BFB5E450FFA89F9A3
:10C8E000079BA8BF5E4636B2B14406F1050809F1C0
:10C8F000FF3798444FF00009B1452BDB079B0A9A9C
:10C900001F601A71F5E5059B2BB9DDE914239D42E3
:10C9100008BF944209D00123B0E7059B53B9DDE974
:10C9200014239D4208BF944204D1099B002BF2D1ED
:10C93000002EF0D0B8F1040F94BF002301239DE72F
:10C940004FF00408F1E705FB02F70136A4FB0542AE
:10C950003A449DE70A220023D4F74AFB303209F11A
:10C96000010908F8012DC7E7014B5843800C7047B7
:10C9700041340100014B5843000D7047FB2E0B0062
:10C98000014B5843C00C70474F931200024B584361
:10C99000C00C0130704700BF4F931200024B584348
:10C9A000C00C0130704700BF4F93120070B50346B2
:10C9B000094A00204FF0CC364FF0333506FB03F424
:10C9C00002FB0144A3FB023121449D4275EB0104AB
:10C9D00001D30130F2E770BDCDCCCCCC1A232DE9C8
:10C9E000F04FB0FBF3FA334E03FB1A0389B0044651
:10C9F0000D4606EB0A1653B9D6E90023C1E9002318
:10CA0000D6E90201C5E9020109B0BDE8F08F2A4A62
:10CA100002EBC303D3E9008904AB404649460093C7
:10CA2000D6E902230EF0ACFC06AB83460F46404627
:10CA300049460093D6E900230EF0A2FC002381466C
:10CA4000DDE9066216EB0B0652EB070828BF01234F
:10CA500033B1049B059A013342F10002CDE904325F
:10CA600020460391FFF79AFF07461A2000FB0AF0C1
:10CA7000FFF794FF3F1A3246434648460399009712
:10CA80000EF099FC0D4A4FEA141C640004F01E03DA
:10CA900052F82C40DC4004F003042418304641F1E5
:10CAA0000001DDE90423C5E90041414600970EF08D
:10CAB00082FCA7E7B8180500E817050070310500EB
:10CAC0002DE9F04F1A2700F11905DFF8E8A089B029
:10CAD00004460E46B5FBF7F56F434FEA051B0AEB1C
:10CAE00005153A1A0AD1D5E90023C1E90023D5E991
:10CAF0000201C6E9020109B0BDE8F08F2B4B03EB40
:10CB0000C203D3E9008904AB404649460093D5E906
:10CB100002230EF035FC5AF80B206B68013ACDE980
:10CB2000020106A963F100034046009149460EF058
:10CB300027FC8A46029900238146DDE906526D18DA
:10CB4000039952EB010828BF012333B1049B059AD6
:10CB5000013342F10002CDE904323846FFF71EFFEF
:10CB600007462046FFF71AFF3F1A2A464346484623
:10CB7000514600970EF01FFC0D4A4FEA141C64004A
:10CB800004F01E0352F82C40DC4004F0030401348E
:10CB90002418284641F10001DDE90423C6E90041DB
:10CBA000414600970EF007FCA3E700BFE817050019
:10CBB000C43105008819050070B555EC104BC5F35C
:10CBC0000A502B462146A0F2FF32132A1CDC002A11
:10CBD00007DA002D40DB294342D10B461D460C46A7
:10CBE0001EE02148104105EA0006264318D0002D1A
:10CBF000C4BF4FF4801141FA02F24FF00001C8BFE8
:10CC00009B1823EA0003E9E7332A0CDDB2F5806FB5
:10CC100006D1224620462946D3F702FB04460D469C
:10CC200045EC104B70BDA0F213404FF0FF36C640EC
:10CC30002642F5D0002D02DD142A03D1013321EA6A
:10CC40000601CBE70120C2F1340200FA02F2121908
:10CC5000114628BF1B18F2E700214FF00043BDE743
:10CC60000021024BBAE700BFFFFF0F000000F03FBA
:10CC700051EC100B0B4631F0004107D190B10D4A39
:10CC80001A40002A14BF042003207047094A1342A7
:10CC90000AD0094B994209D9914209D1B0FA80F0E2
:10CCA00040097047022070470320704704207047F6
:10CCB000002070470000F07FFFFFEF7F38B5074D81
:10CCC000074C641BA41024B9064B0BB1AFF30080D2
:10CCD00038BD013C55F824309847F4E700000000C7
:10CCE000000000000000000070B555EC104BC5F3CB
:10CCF0000A5206462B46BAB925F00041214335D0E9
:10CD00000022254B20462946D3F740FCC1F30A52A6
:10CD10000D460B4621490446363A8E4210DAE80F9A
:10CD2000BDE87040D6F748B940F2FF718A4207D19A
:10CD3000224620462946D3F773FA04460D4615E0ED
:10CD40004CF250318E4204DDD80FBDE87040D6F76A
:10CD500043B9324440F2FE718A42F5DC002A08DD14
:10CD600023F0FF4323F4E00343EA025545EC104B64
:10CD700070BD12F1350F01DAD80FD1E723F0FF4370
:10CD80003632204623F4E00343EA02550022044BE6
:10CD90002946D3F7FBFBD0E700005043B03CFFFF30
:10CDA0000000903C51EC100BC1F30A520B4670B5D9
:10CDB000A2F2FF340546132C1EDC002C0CDA0029ED
:10CDC0003CDA21F00043002203431E4B08BF4FF022
:10CDD00000431946104617E01B4A224101EA0206A9
:10CDE000064311D00029BEBF4FF4801121415B18CA
:10CDF00023EA02030022ECE7332C08DDB4F5806F50
:10CE000002D10246D3F70CFA41EC100B70BDA2F22E
:10CE100013464FF0FF32F2400242F5D000290ADA01
:10CE2000142C01D1013306E0C4F134040121A140E6
:10CE300049190D46F6D225EA0202CAE70022134636
:10CE4000C7E700BF0000F0BFFFFF0F00704708B545
:10CE50000020D6F717F9002008BD30B50446084673
:10CE600013449A4200D130BD082512F8011B4840F6
:10CE700000F00101400811B184EA000188B2013DCF
:10CE8000F6D1EEE7FEE7836800EBC101B3F5004F92
:10CE90002CBF51F8220031F81200704700EBC1019D
:10CEA0008068B0F5004F2CBF41F8223021F81230D5
:10CEB0007047012208B5FFF7E6FFD04008BD836840
:10CEC00000EBC101B3F5004F08D34B681AB143F032
:10CED00001034B60704723F00103FAE74B881AB156
:10CEE00043F001034B80704723F00103FAE753003E
:10CEF0000122FFF7D3BF8368B3F5004F34BF04238B
:10CF00000823C91A081AC0087047B0F5004F34BF8B
:10CF100004230823481C0833A0EBD300B0FA80F0A8
:10CF2000C0F11F0070472DE9F041174603220E465D
:10CF30000446FFF7A8FF8642054607F104080AD118
:10CF40000122E368BA4023EA0203E360002344F8C5
:10CF50002830BDE8F081314602222046FFF793FFDA
:10CF600006462B4601460322204644F82850FFF788
:10CF700095FF334629462046BDE8F0410222FFF7DF
:10CF80008DBF70B50D4686680446FFF792FFB6F573
:10CF9000004F014601D3012809D03046FFF7B5FF05
:10CFA000294602462046BDE87040FFF7BCBF70BD71
:10CFB0002DE9F04705468068FFF7A7FF05EB800ADB
:10CFC000DAF8109088460646B9F1000F1BD0032707
:10CFD000DAF8104028462146FFF76BFF404507D39B
:10CFE000324621462846FFF79EFF2046BDE8F087DF
:10CFF000032221462846FFF746FF013FCAF81000EA
:10D0000001D08145E4D14FF0FF34EB680136B440E4
:10D010001C40EAD094FAA4F2B2FA82F2131D55F839
:10D020002340DEE72DE9F04114460E460546FFF7A2
:10D0300040FFA4EB0608371B07444246314628460A
:10D04000FFF755FF3A4621462846FFF750FF434673
:10D05000002221462846FFF721FF21462846FFF7F8
:10D0600028FF3B46211800222846BDE8F041FFF783
:10D0700015BF2DE9F041164604460F46FFF719FF8C
:10D08000314605462046FFF714FF05442A46394637
:10D090002046FFF72CFF31462046FFF70AFF2B46BC
:10D0A000311800222046BDE8F041FFF7F7BE2DE918
:10D0B000F0410D4686680446FFF7FBFEB6F5004FCB
:10D0C000014601D3012832D03046FFF71EFF04EBA2
:10D0D00080010E6996B90122E36882401343E36040
:10D0E00002220D612B4629462046FFF7D7FE032278
:10D0F00029462046BDE8F041FFF7D0BE0222314666
:10D100002046FFF7C0FE0746034629462046FFF7A4
:10D11000C5FE0322334629462046FFF7BFFE3946A7
:10D120002B462046FFF7BAFE02223146E1E7BDE872
:10D13000F081F8B50C460546FFF7BBFE2618012224
:10D1400031462846FFF79FFEC3070CD431462846D8
:10D15000FFF717FF21462846FFF7ABFE21462218AE
:10D160002846FFF786FF002221462846FFF78BFE60
:10D17000271A012239462846FFF785FE10EA0206E3
:10D1800013D139462846FFF7FCFE21463246284691
:10D19000FFF779FE2246211A2846FFF76AFF21464B
:10D1A00032462846FFF76FFE241A21462846BDE87E
:10D1B000F840FFF77CBF38B571B1056800222846FA
:10D1C000FFF799FE044601462846FFF778FE214600
:10D1D000BDE83840FFF7ADBF38BD70B5066809B986
:10D1E000002070BDB368B3EBD10FF9D9B3F5004F90
:10D1F00034BF04230823CC1D1C44E40821463046D8
:10D20000FFF7D6FE05460028EAD001463046FFF774
:10D2100050FEA04209D92C44294630462246FFF749
:10D2200001FF21463046FFF742FF304601222946E2
:10D23000FFF745FEB368B3F5004F34BF042308235E
:10D2400003EBC5031844CCE72DE9F8430668144600
:10D25000B26801F1FF39B2F5004F34BF042308234F
:10D2600019EA01090F460BD0494239408B424F461B
:10D2700028BF0B46894654B900252846BDE8F883E7
:10D280009942F8D82146BDE8F843FFF7A6BFB2EBB4
:10D29000D40FF1D9B2F5004F34BF04220822E11DAA
:10D2A0003944C91A11443046C908FFF781FE804647
:10D2B0000028E1D0B36809EBC005B3F5004F34BFD7
:10D2C000042308231D4435447B1E1D44B5FBF7F59C
:10D2D0007D43A5EB090529463046FFF70CFE2C449B
:10D2E000073424F00704A41B804507464FEAE404F2
:10D2F00008D2024641463046FFF794FE414630468A
:10D30000FFF7D5FE39463046FFF7D3FD3844844257
:10D3100008D2394630462246FFF784FE2146304681
:10D32000FFF7C5FE012239463046FFF7C8FDA4E7E6
:10D330002DE9F74F914698460F460568009031B9A0
:10D340004246494603B0BDE8F04FFFF77DBFB8F154
:10D35000000F06D1FFF72FFF0024204603B0BDE8E1
:10D36000F08FAC68B4EBD80FF6D92846FFF7C3FDB1
:10D37000014606462846FFF79CFDB4F5004F34BF32
:10D380000421082101EBC6022A4408F10704BB1A54
:10D390000C441C4483460193E408B9F1000F03D008
:10D3A00009F1FF32174243D15C450ED00FD234440D
:10D3B000224631462846FFF735FE314601222846EF
:10D3C000FFF77DFD2146FFF7B4FE3C46C5E706EBBF
:10D3D0000B0A012251462846FFF755FDC30727D403
:10D3E00051462846FFF765FD5844A04220D35146D8
:10D3F0002846FFF7C6FD51462846FFF75AFDA4EB25
:10D400000B08404509D93444514628462246FFF7C7
:10D4100009FE21462846FFF74AFE52463146284675
:10D42000FFF727FE012231462846FFF748FDCCE7EB
:10D43000424649460098FFF707FF044600288BD074
:10D4400031462846FFF735FDAB68019AB3F5004F2A
:10D4500034BF04230823C2EBC002D21A4245394626
:10D4600028BF424620460DF03BFD39460098FFF7A5
:10D47000A2FE72E7B2F5802F2CBF082304232DE90A
:10D48000F0410026D21A8C18CD1D25F0070524F096
:10D490000704641BE408056021462046AC60EE608A
:10D4A000FFF733FD421D9200013002F107074FEAFA
:10D4B000D7073146A2F1100205F11000B8BF32467D
:10D4C0000DF035FD3A4631462846FFF710FD33464C
:10D4D000324631462846FFF7E1FCA4EB0708284610
:10D4E00031460122FFF7EBFC42463946FFF7FFFCCD
:10D4F0003B46324639462846FFF7D0FC21462846AF
:10D50000FFF7F5FC4346324621462846FFF7C6FCA6
:10D51000214628460122FFF7D2FC3946BDE8F041FA
:10D52000FFF7C5BD2DE9F04706460D46174698465C
:10D530002BB34FF0000A98F8004093F80190DB7885
:10D54000A40004EB430498F802301C444444CA4548
:10D5500009D339463046AC46D8F8042008F1080310
:10D56000BDE8F047604714F8013B0AF1010A204684
:10D5700048F82340D3F784FD01300444E7E76FF017
:10D580001500BDE8F08770B5002502462846144610
:10D5900014F8013B0BB9184609E098B18D4207D148
:10D5A000702B04D0A3F140023A2A0BD8002070BDA2
:10D5B000A3F140063A2E05D853780135941C002B70
:10D5C000E9D00020252B224608BF80F00100DEE7CD
:10D5D0000020704700F0BCBA0FB407B504A951F899
:10D5E000040B019100F0B4FA03B05DF804EB04B051
:10D5F0007047002070470CB4034607B504AA0846DC
:10D6000052F8041BDB680192984703B05DF804EB05
:10D6100002B0704700207047FCF732B8FCF7A8B89A
:10D62000D6F7A0B9002383F31188BFF36F8F0423CB
:10D63000184602DF70470FB407B504A951F8040B70
:10D640000191FFF7C7FF03B05DF804EB04B070472A
:10D6500038B50D460446202200210DF068FC00225A
:10D66000EB68E361AB68A3612B6823626B68A2621D
:10D6700063622A6923B1591E194208BF42F00102B0
:10D680002261012204F12C000021BDE838400CF099
:10D6900018BEA0F13003DBB2092B02D800200B70BA
:10D6A0007047A0F16103052B02D85738C3B2F5E7E4
:10D6B000A0F14103052B01D83738F7E76FF01500CB
:10D6C0007047F7B5054601F0010000EB51069E4298
:10D6D0004FEA510703D90026304603B0F0BD58B1D8
:10D6E00028780DF10701FFF7D4FF0028F3DB9DF840
:10D6F0000730013502F8013B01351744BA42EBD03F
:10D7000015F8010C0DF10701FFF7C3FF0028E2DB5C
:10D710009DF807402401E4B2147015F8020BFFF7DE
:10D72000B8FF0028D7DB9DF807301C4402F8014BF6
:10D73000E4E7013A01F01F030A4430B54C09012126
:10D74000550902F01F02C26001FA02F2836001FA79
:10D7500003F3511E5B420A43AC42036108BF13400E
:10D7600004604560426108BF036130BDF0B587B019
:10D7700004460C981D4610B96846FFF7DAFF0168A9
:10D780004768A368B94253F82120066908D125B13A
:10D79000324343F8212007B0F0BD22EA0602F8E741
:10D7A000B5B1324343F821204168A268456952F877
:10D7B00021302B4342F821304FF0FF310368013311
:10D7C00042689A42E7D9A26842F823100133F7E78A
:10D7D00022EA060243F82120A2684168466952F80D
:10D7E000213023EA060342F82130026843680132FF
:10D7F0009342D0D9A36843F82250F7E7F8B506461C
:10D80000DDE906051C46FFF794FFD0E900139942B5
:10D81000B66802690BD156F8213004B9DB4332EA0D
:10D82000030023D022EA030215BB0020F8BD56F8FE
:10D83000217004B9FF4332EA070C02D022EA070242
:10D84000F2E756F8237004B9FF43426932EA070051
:10D8500009D0194622EA0702E6E756F8212004B16A
:10D86000D243002AE0D101318B42F6D80120DDE716
:10D8700092FAA2F3002AB3FA83F308BF4FF0FF3302
:10D8800003EB41132B60D0E72DE9F04F05460E4620
:10D8900090468BB0EFF31189102383F31288BFF306
:10D8A0006F8F002A3FD000293DD00168B1423AD3A2
:10D8B0000022406890424FEA42140DD0AB6853F802
:10D8C00022305F1C01D10132F4E72BB1DB4393FA24
:10D8D000A3F3B3FA83F31C44A1EB060A0DF10C0B7E
:10D8E00004AF544502D96FF01B0012E0002332460A
:10D8F00021462846CDE9007BFFF780FF80B128460E
:10D900000123324621460097FFF730FF0020C8F878
:10D91000004089F31188BFF36F8F0BB0BDE8F08F23
:10D92000039C0134DDE76FF01500F2E72DE9F043C9
:10D930004B1E80460D46164689B01344EFF31189FD
:10D94000102282F31288BFF36F8FF9B102688A4206
:10D950001CD3B2421AD99A4218D9002402AF0A46FF
:10D960000123314601940097FFF748FF88B14046F4
:10D9700023462A4631460097FFF7F8FE204689F3F2
:10D980001188BFF36F8F09B0BDE8F0836FF0150009
:10D99000F5E76FF00D00F2E770B506460C88888851
:10D9A000241A3069A4B2844285B224BF641BA4B295
:10D9B0002D1BA8B2984228BF184633682344136031
:10D9C0000B8803440B8070BD70B483898588066919
:10D9D000ED1AADB2731B934228BF134670BC0A46C2
:10D9E000011DFFF7D9BF70B40E460146C58831F856
:10D9F0000A3FEC1AA3B2934228BF1346324670BCCA
:10DA0000FFF7CABF10B54B880C88E41AA4B2944241
:10DA10000ED31A4492B28B884A800A800069D21AC7
:10DA200092B2824201D2002010BD03448B80FAE7FB
:10DA30006FF01500F8E72DE9F34106460F4615464D
:10DA40004FF000082A46304601A9FFF7BDFF044603
:10DA500040B10246394601980DF042FA2D1BA04410
:10DA60002744EFD142463046311DFFF7CBFF4046F9
:10DA700002B0BDE8F0812DE9F34107460E46154698
:10DA80004FF000082A46384601A9FFF7ACFF0446CC
:10DA900048B12EB10246019930460DF021FA2644D4
:10DAA0002D1BA044EED14246384607F10A01FFF78C
:10DAB000A9FF404602B0BDE8F0812DE9F3410646DA
:10DAC0000F4615464FF000082A46304601A9FFF7D9
:10DAD0008AFF044640B10246019938460DF000FA2B
:10DAE0002D1B2744A044EFD10022304606F10A0145
:10DAF000FFF788FF404602B0BDE8F08170477FB570
:10DB00000BAB059303930A9B029300231846CDE9C0
:10DB10000033D6F769FB07B05DF804FB00207047BF
:10DB200008B50DF003F80A220023D3F761FA08BD07
:10DB30000346D3E8EF0F421CC3E8E12F0029F8D1D8
:10DB40007047002108B50846D6F75AF9002008BDED
:10DB50001FB50023CDE902011A4619461846CDE942
:10DB60000033D6F741FB05B05DF804FB7047002099
:10DB70007047002070470020704718B14068007956
:10DB8000D6F796BA4FF0FF30FAE702460B46092067
:10DB90000021D6F78DBA38B504460D4643681146C4
:10DBA000DA71D6F7E3FA012263681D6063685A717F
:10DBB000BDE83840FFF7DABF10B5436804465B792B
:10DBC00013B10021D6F7D2FA002263685A7110BD52
:10DBD00070B5D2E901369B1B8B420C4615460AD321
:10DBE00013680A46014698190DF07AF92046AB6889
:10DBF0002344AB6070BD6FF01B00FBE770B50E46B1
:10DC000015461946044618B9BDE87040D6F7BEB9A6
:10DC100033B1C2F34A231030120D18440DF060F9ED
:10DC2000C4E900562046BDE87040D6F7C3B92DE9D7
:10DC3000F3415F1C4FEA8708064608F1170020F001
:10DC4000070080080C461546FFF793FF00238DF868
:10DC50000470ADF805308DF8073068B10346019ABD
:10DC6000A8F1040143F8102F2A46294452F8045B16
:10DC70008A4243F8045FF9D100233146A20102F43D
:10DC8000E07242EA482222F07F4222F4700222F03F
:10DC90003F0202B0BDE8F041FFF7B0BF7FB50BAB6C
:10DCA000059303930A9B0222029300231846CDE9B1
:10DCB0000033D6F799FA07B05DF804FB07B50123E6
:10DCC000019201AAFFF7B3FF03B05DF804FB07B5AB
:10DCD000CDE9002302236A46FFF7A9FF03B05DF8F0
:10DCE00004FB1FB5CDE90123069B01AA039303237F
:10DCF000FFF79DFF05B05DF804FBF8B506460D463D
:10DD000014461F4604B9F8BD214628463A46B04796
:10DD1000241A0544F6E707B5D1E900328DF807006B
:10DD2000012152680DF107009847002003B05DF80B
:10DD300004FB0A2838B504460D4602D10D20FFF732
:10DD4000EAFF29462046FFF7E6FF002038BD2DE90F
:10DD5000F043054687B008460E8891F800900C46BF
:10DD6000D1F808801746D6F70FFB011EC6F38216BE
:10DD7000C9F3C2091EDB4846D6F752F903462146CD
:10DD800051F8102B6088C2F34A22002A01EB0204EA
:10DD900008BF00210022C0F30B10CDE90407CDE934
:10DDA00002142846414601960092D6F719FB07B0A7
:10DDB000BDE8F0830023E2E7002930B404461846AA
:10DDC0000BDBA5680844A84207D8E06864682144D2
:10DDD00084682468A44630BC60476FF0150030BCEE
:10DDE0007047002930B4044618460BDBA568084488
:10DDF000A84207D8E0686468214484686468A4463F
:10DE000030BC60476FF0150030BC704700290346F6
:10DE100010B410460CDB9C680844A04208D8D868AF
:10DE20005B68194483689B683BB15DF8044B1847F5
:10DE30006FF015005DF8044B70476FF05700F9E77D
:10DE40000B68834204BF01230B71704710B5044671
:10DE50008EB069460120DAF785F905A96846FDF715
:10DE6000E3F9204605A9D6F7D7FE00200EB010BD75
:10DE700003785B075FBF03684288C3F34A2303EB61
:10DE800012105DBF173020F0070080080020704797
:10DE900083681B6A03B11847704708B54368197354
:10DEA00011B11868FFF7F4FF002008BD10B54068F5
:10DEB0001C462430FFF7DFFD2060002010BD10B5A8
:10DEC000406850F8804B0CF084FE2046FFF7E0FFDE
:10DED000A368DB6A0BB120469847002010BD2DE9EE
:10DEE000F04145681E462B7B0C46174693B101EB6B
:10DEF0000208A04507D137600120D5E901319847D4
:10DF00000020BDE8F081286814F8011B83685B6875
:10DF10009847EEE705F11000FFF78DFD0121306015
:10DF200005F1B803D3E8EF2FC3E8E01F0028F9D1CB
:10DF3000002AE5D128688368DB69002BE0D0984788
:10DF4000DEE70023826882F856308268A2F85230F9
:10DF50008268A2F850307047034610B5D3E8EF0F3F
:10DF600040EA0102C3E8E42F002CF7D110BD0346BC
:10DF700010B5D3E8EF0F00EA0102C3E8E42F002C4C
:10DF8000F7D110BDFBF77CBB0EB403B503AA52F862
:10DF9000041B0192D8F756F902B05DF804EB03B008
:10DFA000704708B510B1D3F76BF880B208BD37B52C
:10DFB0000023054684680093D8F788FBAB6804F516
:10DFC0008354B3F850301C341BB1962000210CF060
:10DFD000A6FB6946204601AA0CF04CFF03B030BDF9
:10DFE0008B6828B903F583501C300021FDF796B8E3
:10DFF00003F585500C30F8E700F58350183019B15F
:10E000004FF40061FFF7A8BF6FF40061FFF7AFBFE7
:10E0100000F58350183011B10421FFF79DBF6FF058
:10E020000401FFF7A4BF00F5835008B5143029B1EF
:10E030000121FFF791FF00F0010008BD6FF0010121
:10E04000FFF795FFF7E7FBF793BB41F27C0373B54E
:10E05000856803EB0113044616461D4469462846AD
:10E0600001AA0CF007FF009B23B128460CF0FFFE2D
:10E070002046B04702B070BD70B5836804461A7D73
:10E08000012A2DD103F58052916F490407D5526FB3
:10E09000520704D40146DA6CC06900F0B5FD41F2C4
:10E0A0000C16A0684FF4FA7200233044FFF76AFFA1
:10E0B000054618B16FF00F05284670BD08212046AF
:10E0C000D8F7B2F96069D7F7FDF92046D7F7BCFB5E
:10E0D000204600F0FFFCA0683044FFF7B4FFEBE7F8
:10E0E0006FF08505E8E7F8B5044680681F46037DB4
:10E0F0000D46022B164608D0BDE8F84000F58350C7
:10E100004FF480511830FFF727BF00F588504FF4C7
:10E11000FA7200230C30FFF735FF60BBA26802F5EE
:10E120008053996F090507D4926C2AB95B6F9806E2
:10E1300002D5204600F0CDFB3B463246294620461C
:10E1400000F025FCA26802F58053996F090507D4F9
:10E15000926C2AB95B6F9B0602D52046D8F7B6FAB7
:10E16000606900F097F8A068BDE8F84000F58850B5
:10E170000C30FFF768BFF8BD0CB407B504AB53F81B
:10E18000042B0193FFF7AFFF03B05DF804EB02B07F
:10E1900070470EB403B503AB53F8042B0821019369
:10E1A000FFF7A1FF02B05DF804EB03B070470EB4B7
:10E1B00003B503AB53F8042B03210193FFF793FF3F
:10E1C00002B05DF804EB03B070470EB403B503ABC7
:10E1D00053F8042B01210193FFF785FF02B05DF88E
:10E1E00004EB03B070472DE9F04105460F46E9B155
:10E1F0000846FFF7D6FE41F20C180646A8684FF411
:10E20000FA7200234044FFF7BDFE044620B16FF0D0
:10E210000F042046BDE8F081731C142BA86800D8B9
:10E220003EB900F588500C30FFF70DFF6FF0150474
:10E23000EFE73946D2F71CFFAB6883F83C60A8686B
:10E240004044FFF700FFE4E738B541F20C150446FF
:10E2500080684FF4FA7200232844FFF793FE40B918
:10E260002046D7F7F1F8A0682844BDE83840FFF70A
:10E27000EABE38BD28B1836803F58053D3F8240182
:10E2800070476FF0150070478368996409B9FFF70C
:10E2900058BE704710B50269044683681268016869
:10E2A000C0689847002223691A6010BD38B5CB6852
:10E2B00005461B7C0C46022B04D10A2802D10D20F6
:10E2C000FFF7F4FF236922681B68D554226913689D
:10E2D0000133136023691A6863689A4202D12046A9
:10E2E000FFF7D8FF002038BD08B510B1D2F7C8FE3F
:10E2F00080B208BD10B5047B43892244B2FBF3F021
:10E30000214403FB1022B1FBF3F003FB1010101AA1
:10E3100010BD10B5047B438921441019B0FBF3F004
:10E32000B1FBF3F1401A10BD30B5057B4389294498
:10E33000B1FBF3F403FB14112A4401310180B2FB59
:10E34000F3F103FB11220134848001324C1CC480A0
:10E35000428030BD2DE9F74F002607468846144617
:10E360009946B24606602378002B00F0BF80202B30
:10E370003AD0093B042B37D93B685A1C3A6048F81D
:10E3800023403B684B4500F0B18000262278002AEC
:10E39000E9D0A6B9164623461C46272E04D05C2E8B
:10E3A00025D0222E40F096802046FFF79DFF611C6D
:10E3B000024620460CF0A1FD2278002AD3D0B242BA
:10E3C000A34604F1010420D15846FFF78DFF2146F2
:10E3D000024658460CF091FD9BF800605C46002E0A
:10E3E000D9D1C0E70026BEE704F801ABBBE7204661
:10E3F000FFF77AFF651C0246294620460CF07DFD9A
:10E4000066782C46002EC8D1ADE75C2A9BF8012027
:10E41000D3D1B242104608D15846FFF765FF2146D6
:10E42000024658460CF069FDB0E7302A25D1022398
:10E4300000251BF80300A0F13001C9B2072919D843
:10E44000ED000133EDB2052B45EA0105F1D1591E6E
:10E450005944584601930091FFF746FF019B0099EC
:10E46000023BC21A58460CF048FD9BF801208BF87D
:10E470000050A2E7DBB2022BE9D1782825D1022196
:10E4800000251BF80130A3F13000C0B2092808D8DC
:10E490002D01EDB20543022901D00423D7E7032162
:10E4A000EFE7A3F16100052805D82D01EDB2573B38
:10E4B0001D43EDB2EFE7A3F14100052803D82D017C
:10E4C000EDB2373BF4E7022902D10BF1010474E706
:10E4D0000323BCE7202E85D0093E042E82D966781E
:10E4E000631C002E7FF458AF1C463CE7304603B057
:10E4F000BDE8F08FF8B50E461146074615460CF0FC
:10E5000015FE0446E0B12846FFF7EEFEA742054699
:10E5100007D214F8013C202B02BF0135ADB204F143
:10E52000FF342046FFF7E0FE3388421C5B1B521B82
:10E5300033802046611992B2BDE8F8400CF0DDBC92
:10E54000F8BD2DE9F0410F461646044686B070B17D
:10E55000034601AC00F110052246186859680833DB
:10E5600003C2AB421446F7D1186801AC10604FF0FB
:10E570000008414632462046D7F778FE08F10108E8
:10E58000054628B138462968D2F768FD0028F0D141
:10E59000284606B0BDE8F0812DE9F0471C4600236F
:10E5A0000F461646DDF820809DF8249023602368EE
:10E5B0000546BB421BD256F8230000F028FD236815
:10E5C000824618B1013328462360F0E742462846C8
:10E5D00056F82310FFF7B5FF48B123685A1C226094
:10E5E000B9F1000FE3D08045E1D1554623602846BC
:10E5F000BDE8F087F8B50746FFF776FE054630BB65
:10E60000F8BD54B18AB2AA1A01302C1B0132394428
:10E610003844A5B20CF071FC0024334698B26A1E4F
:10E620009042EDDA3A5C5E1C202A02D0093A042AB4
:10E63000F3D8B1B28BB29D42EFD97B5C202B02D0D4
:10E64000093B042BDDD80134A4B20131F2E70023E9
:10E650001C46E3E7F8B58468064694F856302BB9B3
:10E66000B368B3F85020A3F85220F8BD04F1560067
:10E67000B4F85030C21812F8012C202A1CD0093AE4
:10E68000042A19D90022C25413461D46425D0133A3
:10E69000202A9BB200EB0501F7D0093A042AF4D9ED
:10E6A000002DDDD0B4F850707A1C521B7F1B0CF08B
:10E6B00024FCA4F85070D3E7013B9BB2A4F850307F
:10E6C000002BD5D184F85630CAE70EB403B503AA9F
:10E6D00052F8041B0192D7F7B5FD02B05DF804EBC8
:10E6E00003B0704710B50446D2F7CAFCB4F85030F6
:10E6F00013FA80F038B1638FB0FBF3F203FB120022
:10E70000B0FA80F0400910BD38B5846804F5805334
:10E7100020465D6FD2F7B4FCB4F85230C5F3400523
:10E7200080B205FB0300638FB0FBF3F203FB120022
:10E73000B0FA80F0400938BD10B50446FFF7E4FF99
:10E7400018B9A068FFF7CEFF20B16069BDE810409E
:10E75000D7F7FCBD10BDF8B50546846804F130005C
:10E76000B4F85020B4F85210FFF7DEFDA868A78E69
:10E77000E68EFFF7B7FF10B16869D7F7E7FDB7423C
:10E7800007D1218E638E2846C91ABDE8F840D7F715
:10E79000F9BDE18EA38E2846C91AD7F7DDFDF0E753
:10E7A000F8B504460D468068B0F85210B0F8502015
:10E7B00030300D44FFF7B8FDA068ADB2B0F852108C
:10E7C0002A463030FFF7A5FD0746A0682A46B0F874
:10E7D00052103030FFF78EFD064679422046D7F7BB
:10E7E000BBFD31462046D7F7CDFDA368A3F85250B4
:10E7F000F8BD2DE9F0410C1E064636DA4FF0FF3524
:10E80000644224B2A4B2AFB216E0B3680022B3F8F7
:10E8100052C0B3F85080614603F1560E81B96B1CAB
:10E8200002D0B8F1000F0FD1A1EB0C01304609B2B4
:10E83000FFF7B6FF013CA4B2002CE6D1BDE8F081A1
:10E84000884501D1012DEFD01EF8013023F02000C2
:10E850004138192807D9303B092B04D9002AE3D1C4
:10E86000394489B2DAE70122FAE70125CAE7836869
:10E87000B3F85210494209B2FFF792BF8368B3F868
:10E880005010B3F85230C91A09B2FFF789BF836834
:10E89000B3F852301BB14FF0FF31FFF781BF704723
:10E8A0008368B3F85220B3F850309A4202D2012163
:10E8B000FFF776BF70478268B2F85210A2F8501086
:10E8C0008368B3F852201344002283F85620D7F708
:10E8D0002FBD10B504468068B0F85020B0F8521033
:10E8E0003030FFF721FDA3682046198EC1F10101E8
:10E8F000D7F748FDA3682046998E0139D7F72CFD3C
:10E900002046BDE81040D7F713BD2DE9F04105467C
:10E910000F461446002686B0ACB906B0BDE8F081BB
:10E9200041F2AC080121434401A80CF06DFA4FF00C
:10E93000FF324FF0FF33012101A8FCF797FBA868D5
:10E9400040440CF094FA686822460368B919D3F879
:10E950000C806B46C047009A1644A41A002ADBD1EB
:10E96000AB68197D0329EED00229D9D903F580536C
:10E970009A6F9207FCD57833D3E8EF1F21F002019C
:10E98000C3E8E21F002ADED0F6E7FFF7BEBFF7B507
:10E990001E468368154603F58052526F0446D20620
:10E9A00013D593F83E208A420FD0DB8FADF80430A8
:10E9B000D7F73AFD324629466069D7F743FC20462F
:10E9C00001A9D7F753FD03B0F0BD3246294660696F
:10E9D00003B0BDE8F040D7F735BC0CB407B504ABC5
:10E9E00053F8042B0193FFF7D2FF03B05DF804EB5B
:10E9F00002B070472DE9F04187680546B7F85060CE
:10EA00008846B318B3F5006F144627DAB7F85230CA
:10EA1000F61A56331F44B6B23246394638190CF04E
:10EA20006CFA2246414638460CF05AFAAA68B2F807
:10EA300050302344A2F85030AB68B3F85020134450
:10EA4000002283F85620AB6803F58051496F89078F
:10EA500006D4B3F852201444A3F85240BDE8F08124
:10EA600031462846BDE8F041D7F786BDFFF7C2BF63
:10EA700038B505468068B0F85220B0F85040A41A66
:10EA8000A4B29CB156321044411C22460CF035FA17
:10EA9000AA68611EB2F850302846013BA2F85030F7
:10EAA00089B20122BDE83840D7F766BD38BD10B540
:10EAB00083680446B3F850205AB1B3F8523043B1DA
:10EAC0004FF0FF31FFF76CFE2046BDE81040FFF726
:10EAD000CFBF10BD002370B505464FF47A7492B0D5
:10EAE000019368684022036802A91E6901ABB04720
:10EAF000019B13B108B9013CF3D112B070BD70474E
:10EB00002DE9F84304468846914603F18E070BF041
:10EB10002BFD054618B3EFF31185102383F31288FC
:10EB2000BFF36F8FA36803F580539B6F1A0521D540
:10EB30003A4649464046FFF70AF9A36803F5805371
:10EB40009B6F1B0502D42046D7F7C0FD0BF00CFDD0
:10EB5000A0B185F31188BFF36F8FBDE8F883A66875
:10EB600006F588500C304FF0FF324FF0FF33FAF7C4
:10EB700087FDD7E72046FFF7ACFED9E7A06800F590
:10EB800088500C30BDE8F843FAF7F2BD2DE9F041AA
:10EB900043680D461C68A368E26903F580535E6F05
:10EBA000936857681B79C6F30016012B06D0032B18
:10EBB00001D0BDE8F0812046FFF78BFE33462A46A0
:10EBC00039462046BDE8F041FFF79ABF43681B680D
:10EBD000D3E90632D3E8EFCF8C44C3E8E0CF002876
:10EBE000F8D19368D3E8EF0F0844C3E8E20F002A96
:10EBF000F8D17047134610B50C460A460146184630
:10EC0000FFF7C3FE204610BDF8B504460D46174673
:10EC10008B6803F583531833D3E8EF1F41F4005199
:10EC2000C3E8E21F002AF7D16868012103689B68E6
:10EC30009847064680B9D4E90410FEF709FD3A4624
:10EC400029462068FEF7A7FF012263685B685D60C4
:10EC5000A3681E60A3681A71F8BD10B50446006869
:10EC6000FEF7AAFF0222A3681A7110BD0EB403B505
:10EC700003AA52F8041B0192D7F7E4FA02B05DF838
:10EC800004EB03B070472DE9F843054690460E4665
:10EC9000002967D00024335D202B23D0093B042BAF
:10ECA00020D93046D2F7ECF9AB6880B2598F001BFF
:10ECB000A1EB0803984206EB040915D94846002742
:10ECC00010F8012B202A06D0A2F1090CBCF1040F88
:10ECD00002D80A2A2DD03B4608EB0702914227D9D9
:10ECE0000137EDE70134D6E74B460027B84214D090
:10ECF00013F8012B0A2A19D16869FFF7CBFA4946A4
:10ED00003A462846FFF701FE6869D7F7F7FC013459
:10ED1000414628463C44D7F735FB68693119FFF76F
:10ED2000A5FF6869BDE8F843D7F7E8BC0137DDE720
:10ED30001F466869FFF7AEFA3A4649462846FFF78C
:10ED4000E4FD3C44335D202B02D0093B042B01D869
:10ED50000134F7E76869D7F7D1FC41462846D7F771
:10ED600011FB9EE7BDE8F88300207047836900200F
:10ED7000186070470EB403B503AA52F8041B019241
:10ED8000D7F760FA02B05DF804EB03B0704708B53E
:10ED90000168FFF728FA002008BD836803F5835354
:10EDA0001433D3E8EF1F21F02001C3E8E21F002A4B
:10EDB000F7D100207047836803F583531433D3E8F9
:10EDC000EF1F41F00801C3E8E21F002AF7D100203D
:10EDD0007047836803F583531433D3E8EF1F21F0A2
:10EDE0001001C3E8E21F002AF7D1002070478368B2
:10EDF00003F583531433D3E8EF1F21F00801C3E870
:10EE0000E21F002AF7D100207047836803F583537F
:10EE10001433D3E8EF1F21F00201C3E8E21F002AF8
:10EE2000F7D100207047836803F583531433D3E888
:10EE3000EF1F41F01001C3E8E21F002AF7D10020C4
:10EE40007047836803F583531433D3E8EF1F41F011
:10EE50002001C3E8E21F002AF7D100207047836831
:10EE600003F583531433D3E8EF1F41F00201C3E8E5
:10EE7000E21F002AF7D10020704708B58368D3E964
:10EE800000210A60516000211A89C3E900115B89E1
:10EE900000681A440C32FEF7EEFD012008BD002385
:10EEA000C3607047F8B51F46034653F8044F164633
:10EEB0009C4202D100203880F8BDC568B1B9002D50
:10EEC000F8D0AC4202D10023C360F3E76C68C460A1
:10EED000002CEFD02289304604F10C010CF000F830
:10EEE0000022238901203B80F254E5E7002DEED07B
:10EEF0008368AB42E7D02C68E9E738B50446051DC6
:10EF00006368AB4204D02046FFF7B7FF0028F7D173
:10EF100038BD2DE9F04F02F10C050368C5F1000979
:10EF20001B6909F003094D4485B09D42044617460C
:10EF3000019110D80023C3606AB1466800F1040A49
:10EF4000B2450BD05EB13389934208D106F10C0073
:10EF50000CF064F818B905B0BDE8F08F1E464FF00C
:10EF6000000B23685989DA88914204BFC3E901BBC9
:10EF7000C3F80CB0206883898288011DD21A036906
:10EF800092B29B1AAB4228BF2B4603AAFEF704FDA0
:10EF90008542804628D9206883898288011DD21A3B
:10EFA000036992B29B1AAB4228BF2B4603AAFEF715
:10EFB000F3FC854219D1738943447381A844039DAE
:10EFC0003A4601992F81A5F80A9005F10C000BF043
:10EFD00087FF63684246C5E9003A5D602068656066
:10EFE000011DFEF70FFDB6E7E9D020680022011DE4
:10EFF000FEF708FD63689A45B3D02046FFF73DFF52
:10F00000AFE7031DC0E901330023C360704710B5AB
:10F01000044628B1D2F734F8002380B2984201D8D0
:10F02000002010BDE25C3F2A03D02A2A01D0013320
:10F03000F4E70120F5E710B5044680684FF400625C
:10F04000002100F656000BF072FFA068B0F85020C7
:10F0500000F1560100F656000BF042FFA06800F6E2
:10F060005600FFF7C7FAA46804F65600D2F708F86E
:10F070000130A4F8540010BD10B504468068B0F803
:10F08000542000F6560156300BF02AFFA368B3F85F
:10F090005420A3F8502010BD7FB50BAB059303930C
:10F0A0000A9B0122029300231846CDE90033D5F7CD
:10F0B0009BF807B05DF804FB2DE9F0418768044632
:10F0C000FB680D4616469847BB682BB13246294669
:10F0D0002046BDE8F04118476FF05700BDE8F081C9
:10F0E0002DE9F74FDDF830B01F4643EA0B030B4321
:10F0F00081460E46144604D56FF0150003B0BDE8F6
:10F10000F08F0D9B002BF7D00E9B002BF4D011EB52
:10F110000B03F1D41BEB0702EED4A04207D1B94296
:10F1200001D10020EAE7914201DA9F42E4DB484640
:10F130000AF0ACFD10B96FF01200DFE720460AF0CC
:10F14000A5FD0028F7D0A3682046DB6898470E9BF2
:10F15000D0F800804345CFD3B3FBF8F508FB153357
:10F160000093002BC8D1DA46009B9B45D9D9C245F4
:10F1700008D2A3682046DB689847424641790D983B
:10F180000BF0D5FEC245534638BF43460E9A934214
:10F1900028BF1346D9F8082000991268484615463A
:10F1A00071180D9A0193A8470028A7DBA26800995F
:10F1B000536820461D460D9A019B3944A8470028F4
:10F1C0009CDBDDE900231A440092AAEB030ACBE79B
:10F1D0007FB50BAB059303930A9B01220293002397
:10F1E0001846CDE90033D4F7FFFF07B05DF804FB04
:10F1F00001460068D7F77EBD08B5D7F72BFEBDE8FE
:10F200000840D8F737B87FB50BAB059303930A9B3B
:10F210000122029300231846CDE90033D4F7E4FF1E
:10F2200007B05DF804FB7FB50BAB059303930A9B16
:10F230000122029300231846CDE90033D4F7D4FF0E
:10F2400007B05DF804FB013140B2D8F7FBBB0021E9
:10F250000120D7F74FBD6FF08500704761B662B6E9
:10F2600080F31188BFF36F8F704772B6002383F36A
:10F270001188BFF36F8FBFF34F8F30BF62B6BFF3FC
:10F280006F8F704708B5D1E904319847002008BD59
:10F2900008B5D8F7F1FC002008BD0B0704D5A0F194
:10F2A0004103192B98BF203070472DE9F04F85B0EE
:10F2B0008A4615460446029300283ED000293CD0D9
:10F2C000002B00F00C810A46A046294618F8010BD5
:10F2D000FFF7E3FF0346C0B23F280646177827D062
:10F2E00013F0C00F0BD1C8B12A2837D029463846B1
:10F2F000FFF7D3FF864202F101022DD01DE05B280B
:10F300007AD05C28F2D1EB07F0D46078FFF7C5FF24
:10F3100010F0FF0618BF04F10208E7E7EC0601D57C
:10F320002F2F02D0381E18BF012005B0BDE8F08F86
:10F330001FB12F2F03D1A8070DD50120F5E72E2FE0
:10F3400009D1690707D55245F7D0AB0703D512F8A5
:10F35000013C2F2BF1D001324446B5E76078FFF72E
:10F360009CFFC1B22A2918D02E2F09D16F0707D5CB
:10F370005245E2D0AE0703D512F8013C2F2BDCD06A
:10F3800079B915F00200D0D0ED0600F1AA802F2146
:10F3900010460BF07AFE0038C5E7294618F8010F31
:10F3A000DDE72F2908D1AC0706D510460BF06DFE1E
:10F3B00002460028D0D1C0E71646029B25F0040A79
:10F3C00003F1FF3905F00207B34629469BF8000018
:10F3D000FFF763FF10F0FF0406F10106ADD04B46C6
:10F3E000524659464046FFF760FF01289DD12F2C19
:10F3F000EAD1002FE8D098E7002F9ED02F2F01D11F
:10F40000A8079AD43846FFF748FF63788146212B36
:10F4100001D05E2B1DD101230234294614F8010BC3
:10F420000193FFF73AFFC6B25D2E15D04FF0000BE7
:10F430002F2E48D05C2E07D1EB0708D4294614F8AC
:10F44000010BFFF72AFFC6B2002E3FF476AF23462A
:10F4500005E044460023E0E723464FF0000B217807
:10F460002D2937D1294660780393FFF716FF10F056
:10F47000FF00039B18D05D2816D05C2804F102031E
:10F480000CD115F0010F09D1E31CA0780393FFF70D
:10F4900004FF10F0FF003FF450AF039B4E4503DC28
:10F4A0004845A8BF4FF0010B1C46294614F8010B34
:10F4B000FFF7F3FEC6B25D2EBAD1019B5B453FF468
:10F4C0003CAF611C03D15B2F7FF437AF4446A046AD
:10F4D000013241E74E4508BF4FF0010BE4E703203E
:10F4E00023E7084621E74023FFF7DFBED4F732BB0E
:10F4F0000EB403B5039911F040021EBF04AB049A89
:10F500000193D8F7A1FD02B05DF804EB03B070479A
:10F5100010B50446D9F77AFC237B6FF341032373BC
:10F5200010BD01F0B5B801F01EB8DDF7ADBDDDF7D7
:10F5300029BDDDF753BDDDF77DBD13B50024CDE951
:10F540000044DDF72FFE02B010BD30B4DDE9024506
:10F55000CDE9024530BCDDF725BE13B50024CDE969
:10F560000044DDF7BDFD02B010BD30B4DDE9024559
:10F57000CDE9024530BCDDF7B3BD10B4019C019468
:10F580005DF8044BDDF7F4BEDDF7A0BC7047816A7F
:10F590008968D8F7B1BE034618465B68002BFBD1DB
:10F5A0007047426810B52AB10B461C465B68002BB9
:10F5B000FBD16260416010BD10B5044620B9084619
:10F5C0000B7A01330B7210BD034618465B68002BA3
:10F5D000FBD1FFF7E6FF2046F5E710B508B14B6811
:10F5E000436000234C6808464B60D8F705FF20466F
:10F5F00010BD2DE9F04107460D46144634B9A0462A
:10F600004046BDE8F08164689B1AF7E7228A9A4277
:10F61000F9D9069A4FF00008954228BF1546002CEC
:10F62000EED0002DECD0268AE168F61AAE4228BF53
:10F630002E46194407EB080032460BF051FCB0444B
:10F6400000236468AD1BEAE783680B4403607047DE
:10F650008388026819448180D018704730B4848848
:10F660000568A3188380281930BC0BF039BC10B58D
:10F67000838802685C1C8480D154D01810BD8388B4
:10F6800030B502689D1C8580D418D154090A617078
:10F6900030BD30B5838802689D1C8580D418080A67
:10F6A000D054617030BD83885B1A9BB28380006840
:10F6B0001844704703468288521A828000680844C2
:10F6C000186070478388C2888168D21A03685B1A01
:10F6D000D01A704703688268C0889B1AC01A80B22B
:10F6E000704738B5036B0446DB0728D5D1E90032F3
:10F6F000B2F1FF3F08BFB3F1FF3F23D0D0E90A507A
:10F700005B1942414FF0000128BF0121E9B9B2F174
:10F71000FF3F08BFB3F1FF3F17D0B2F1FF3F08BF73
:10F7200013F1020FC4E90A3203D104F110000BF007
:10F730009EFB00212046FBF7F1FC002038BD6FF056
:10F740000800FBE76FF01500F8E76FF00A00F5E737
:10F7500038B50446006BC50724D5D4E90A2352EA1C
:10F76000030522D0800716D501220023C1E900231A
:10F77000D4E90A32013B42F1FF32C4E90A321343B1
:10F7800002D120460BF073FB002104F11000FBF7BF
:10F79000C5FC002038BDC1E9002300220023C4E9D4
:10F7A0000A23EEE76FF00800F4E76FF00A00F1E7D4
:10F7B0000CB4034607B504AA084652F8041BDB68DC
:10F7C0000192984703B05DF804EB02B07047002A3D
:10F7D000ABBF0A234FF0FF3282FB03231346D9F756
:10F7E00025B80023036070471F2804D801220B6846
:10F7F000824013430B6070477FB50BAB05930393B7
:10F800000A9B029300231846CDE90033D4F7ECFCA1
:10F8100007B05DF804FB7FB50BAB059303930A9B20
:10F820000122029300231846CDE90033D4F7DCFC13
:10F8300007B05DF804FB4FF0FF324FF0FF330430A8
:10F84000F9F71EBFF9F794BF90F86800C0F34110B4
:10F85000704783691B69D3F8800000F0010070478E
:10F8600070B5044616460D46FFF7E5FF94F868208C
:10F87000C2F3400392070ED41DB1012D09D05B8065
:10F88000FFDEE36E00255E80201DFFF7DBFF2846CC
:10F8900070BD236FF6E76FF07705F5E7F8B504461E
:10F8A0000D461E461746FFF7C6FF94F86830C3F3AF
:10F8B00040019B0712D41DB1012D0DD00971FFDE4F
:10F8C000E16E00259DF818300F714E718B71201D6F
:10F8D000FFF7B8FF2846F8BD216FF2E76FF0770514
:10F8E000F5E790F86800C0F38000704783691B69F2
:10F8F00093F88000C0F3001070470246034652F8A8
:10F90000600F904201D1002070470028FCD0027A9D
:10F910008A42F9D05A6E8242F5D000680028F6D1AA
:10F92000704738B504460D46FFF785FF94F86830F8
:10F93000DB0718D42B690BB9EB68BBB1236E1BB97D
:10F9400004F16003C4E918332B6893B9626E04F1C3
:10F950006001C5E90012156065661D46201DFFF7B0
:10F9600071FF284638BD4FF0FF35F7E76FF01505FA
:10F97000F4E76FF07705F1E710B50446034654F855
:10F98000480FA0420DD100200DE0447D8C4204D1EF
:10F99000032909D1047A944205D0DC6CA042F2D04C
:10F9A00000680028F1D110BD0F29F5E72DE9F843D3
:10F9B00005460C46071D4FF0FF324FF0FF33384627
:10F9C000F9F75EFED5E91B89B8F1000F73D0B9F1E4
:10F9D000000F70D095F86830DB076CD4AB6C1BB9A6
:10F9E00005F14803C5E912332368002B66D1637D16
:10F9F0000F2B09D1237A012B10D0EB6C05F14802B3
:10FA0000C4E900231C60EC64637D032B29D1AA6C3C
:10FA100005F1480090422BD1002336E02846E168EA
:10FA2000FFF77FFF06460028E7D03846F9F7A0FE2B
:10FA30003046BDE8F8834E7D032E14D00133237287
:10FA40004B68C4E900131C604C60637A022B26D01B
:10FA5000032B2AD0012B02BF237A89F80E3088F8B5
:10FA60000E300026E1E70E7A013EB342E6D112687D
:10FA7000002AD1D0537DE96C032B0DD18A42137A31
:10FA800002D011680029D6D101332372EB6CC4E98E
:10FA900000031C60EC64D8E78A42E8D1BCE7237A13
:10FAA00089F80F3088F80F30DBE7237A89F81030B7
:10FAB00088F81030D5E74FF0FF36B6E76FF07706DD
:10FAC000B3E70346006800B1187A704770B50C467A
:10FAD0001546DAF7CFFE40B1406883681B6823B152
:10FAE0002A462146BDE87040184770BD7FB50BAB74
:10FAF000059303930A9B0122029300231846CDE944
:10FB00000033D4F771FB07B05DF804FB03460846E9
:10FB100001B1D80980F001007047F8B504460D46E0
:10FB2000174686680369A033D3E8AF3F9B070ED51D
:10FB3000B36A7BB1F36B98472946B36A3A462046CD
:10FB40009847336C0546204698472846F8BD4FF045
:10FB5000FF35FAE76FF08505F7E770B504460D4607
:10FB600086680369A033D3E8AF3F9B070BD5F36BDF
:10FB700098472946736A20469847336C05462046C5
:10FB80009847284670BD4FF0FF35FAE7034600203E
:10FB900083F82C00986270477FB50BAB05930393F5
:10FBA0000A9B0122029300231846CDE90033D4F7C3
:10FBB0001BFB07B05DF804FB7FB50BAB059303930C
:10FBC0000A9B0122029300231846CDE90033D4F7A3
:10FBD0000BFB07B05DF804FB0B0644BF21F080016E
:10FBE0001031C84000F0010070477FB50BAB0593A2
:10FBF00003930A9B0122029300231846CDE90033A8
:10FC0000D4F7F2FA07B05DF804FB4FF0FF324FF083
:10FC1000FF330430F9F734BDF9F7AABD21B101294A
:10FC20000DD000231B68FFDE5030006848B14368E8
:10FC30005B79934205D000680028F8D170475830AE
:10FC4000F3E7704710B590F82C300446022B09D129
:10FC5000FFF7FAFD94F8342001462046BDE8104035
:10FC6000FFF7DCBF002010BD08B5FFF7D7FF003855
:10FC700018BF012008BD38B505460C1F54F8041FF5
:10FC800009B9084638BD6B681868D1F7E7F900284C
:10FC9000F4D10120F6E77FB50BAB059303930A9BE4
:10FCA0000122029300231846CDE90033D4F79CFAD1
:10FCB00007B05DF804FB4FF0FF324FF0FF33043024
:10FCC000F9F7DEBC08B583681B6B0BB19847034698
:10FCD000002023B153F8042B0AB1127802B908BDF1
:10FCE0001044F6E710B51C46FFF798FF48B1012213
:10FCF000C06802FA04F320B10269134201D100681E
:10FD0000F9E710BD10B50C46FFF79CFF48B1012381
:10FD1000C06803FA04F120B10369194201D10068F7
:10FD2000F9E710BDD1F81A0083681B6903B11847C1
:10FD30006FF08500704738B50C46FFF783FF80B140
:10FD4000C06870B14368DA681AB10023117999422A
:10FD500001DC0068F5E71568ED5CA54201D00133D0
:10FD6000F5E738BDF8B50646CC680CB9204622E068
:10FD7000012504F10C07E268AAB165F07F03D9B24E
:10FD800003F07F031033DA40D2070ED4E368EB4070
:10FD9000DB0705D53A46B069E9B200F09DF850B9E5
:10FDA0000135102DE7D12468DFE73A46B06900F04D
:10FDB00093F80028EAD0F8BD2DE9F3470024054662
:10FDC0000E46A146576897F805803B79A34203DCAD
:10FDD000002002B0BDE8F0875FFA84FA314653464E
:10FDE00042462846FFF77EFF014650B153460122A6
:10FDF0002846CDF80090DAF757FE0028E9D1013403
:10FE0000E3E76FF03C00E4E72DE9F74307460C46D3
:10FE10001546FFF777FF064620B96FF0010003B0E3
:10FE2000BDE8F0830F2CF8D807EB040898F836905B
:10FE30004D4501D10020F2E7014623460022384615
:10FE40000095DAF731FE0028E7D123460222314639
:10FE50003846CDF80090DAF727FE0028DFD1234698
:10FE60000122314638460095DAF71EFE0028D6D129
:10FE7000706883685B6813B12A462146984788F802
:10FE80003650D7E7012311F0800F18BF21F0800111
:10FE9000026818BF10318B4022EA030303607047E9
:10FEA00037B58B790C46009315468B88CA788978CC
:10FEB00005F09BF870B994F90230A178002B4FF04F
:10FEC0000103B8BF21F080012A68B8BF10318B4010
:10FED00013432B6003B030BDF8B506460D461746F8
:10FEE00005F0ACF8044658B929463846FFF7CAFF72
:10FEF0002946304605F047F9044608B9FAF772FB7F
:10FF00002046F8BD43689869E7F73CB970B591F9A8
:10FF100018300546002B0C46466807DBC4F81A501B
:10FF20002146B069BDE8704005F004B93046FFF7DE
:10FF3000D8FC0028F2D04FF0FF3070BD806905F08A
:10FF400045B9806905F01FB938B5054680690C468A
:10FF500005F090F858B9012314F0800F18BF24F071
:10FF600080042A6B18BF1034A34013432B6338BDA1
:10FF700070B5054680690E4605F0A8F8044620B91C
:10FF8000314605F13000FFF77DFF204670BD0B06BE
:10FF900048BF21F08001006B48BF1031C84000F01D
:10FFA00001007047F8B505460E46071D4FF0FF32B9
:10FFB0004FF0FF333846F9F763FBEC692CB9EE617B
:10FFC0003846F9F7D5FB2046F8BD6FF07704F7E720
:10FFD000C36982B08DF8001001922BB102AB13E916
:10FFE000060002B0DAF778BE02B07047C36982B08B
:10FFF0008DF8001001922BB102AB13E9060002B09C
:020000024000BC
:10000000DAF76ABE02B07047704703695B68D3E9EC
:100010000303012908BF184670470369C3E90712A3
:1000200070470229036907D0042907D0012907D1A5
:100030001B690020136070471B7EFAE75B7EF8E7C0
:100040006FF085007047CB7902690BB1012B02D1AB
:100050000020937670476FF085007047D0E8AF0FAF
:10006000084100F00100704710B5036940685B6803
:100070009C68FFF7E9FB01280CBF94F82D0094F869
:10008000260010BD10B5036940685B689C68FFF7E7
:10009000DBFB01280CBF94F8520094F8440010BD1B
:1000A00010B5036940685B689C68FFF7CDFB0128C9
:1000B0000CBF94F84B0094F83D0010BD026900207D
:1000C00013690B6053694B6070477FB50BAB0593A9
:1000D00003930A9B0122029300231846CDE90033C3
:1000E000D4F782F807B05DF804FB08B5FFF7ACFB66
:1000F00001280CBF4FF40070402008BD01238B4045
:10010000DB43D0E8EF2F1A40C0E8E12F0029F8D1F7
:100110007047006902218830FFF7F0BF00690321B2
:100120008830FFF7EBBF08B50369002118698830F4
:10013000FFF7E4FFBDE808400121FFF7DFBF0369D7
:10014000012118698830FFF7D9BF40297FB534D025
:100150000DD8102933D006D801296AD0082930D00B
:100160006FF0150426E02029FAD1042308E0B1F548
:10017000807F28D0B1F5007F27D08029F0D11023CF
:1001800004699BB2E18912B30B4342F2A1014FF41F
:100190000032E381CDE901120669ADF80C30436805
:1001A00000211C6806F188031846FFF757FF88B93D
:1001B0006FF00C04204604B070BD0823E0E7022372
:1001C000DEE70123DCE72023DAE74023D8E721EA52
:1001D0000303DAE701211846FFF740FF0028E7D1C3
:1001E0002046FFF741FF0A2201462046FFF78AFE1C
:1001F0000546D8B10A2201A90C30FFF72FFA204694
:100200002946FFF783FE044618B12846D8F7F4F8CC
:10021000D0E74FF0FF324FF0FF3306F18C00F9F7D3
:1002200063FB0B3008BF6FF08B04C3E76FF00B0468
:10023000C0E70024BEE703691B698833D3E8EF1FDA
:1002400041F00201C3E8E21F002AF7D170477FB5F1
:100250000BAB059303930A9B0122029300231846DC
:10026000CDE90033D3F7C0FF07B05DF804FB08B554
:100270008430DBF735FA10B18047002008BD6FF0FD
:100280000100FBE70121DBF7A1B90021DBF79EB9F3
:1002900070B513461446072205460E46DBF748FBA9
:1002A00038B9234631462846BDE870400622DBF7C0
:1002B0003FBB70BD2DE9F04106460D4617460024B0
:1002C00001F1100858F8043F33B10134E4B20B2CAB
:1002D000F8D10020BDE8F0813B4622462946304651
:1002E000DBF726FB0028F0DAF4E77047436818478D
:1002F00083681847C36803B11847184670477FB52D
:1003000000200BAA059203920A9A01900292089A81
:1003100000920122D3F768FF07B05DF804FB10B527
:10032000D0F8003203EBC20413F832300B2B1DBFA0
:1003300001EB830148696368002018BFC01810BD35
:1003400038B505460C4684304968DBF7C9F910B169
:10035000A0600120256038BD7FB50BAB05930393EA
:100360000A9B0122029300231846CDE90033D3F7FC
:100370003BFF07B05DF804FB0246002330B5546D27
:100380008C420AD8D56D25448D4206D9282202FB1D
:100390000300836D1944081B30BD01330B2B02F1A0
:1003A0002802ECD16FF00700F6E700F18C02AC30C8
:1003B00052F8043F3BB1D3F88C10824201F1FF3177
:1003C000C3F88C10F4D1704770B51D465368D0F84F
:1003D00020111B0A826801EB03110446904730B9D3
:1003E0002946204663681022BDE87040184770BD5A
:1003F00038B50446D4F80C3208469D18D4F80822C3
:10040000D4F80412954228BF15461944EA1A0AF096
:1004100067FDC4F80C52002038BDD0F808328B427A
:1004200094BFC0F80C32C0F80C1200207047D0F80E
:10043000040208447047002310B501220446C0E9B5
:100440008333D0F8081280F8143200F50370D8F71F
:1004500027FC10B9012384F8043210BD10B590F8C0
:10046000043214464BB100F50370D8F7F5FCA042F6
:1004700014BF6FF01500002010BD6FF01500F6E7F7
:1004800090F8043223B1002200F50370D8F72CBD98
:100490006FF01500704710B590F80432044633B180
:1004A00000F50370D8F7B2FC002384F8043210BDC5
:1004B000D1E900239A4215BF013388604B600120C7
:1004C00018BF0020704710B50C46DCF739FA2368D6
:1004D0000BB10123237410BDF8B515460E4649B97A
:1004E00010F1670F08BF0020D061101DBDE8F84073
:1004F000F9F7C0B9138C012B31D8946A442202FB5E
:1005000003440BB144F8444C04F12403314618462B
:10051000B2680AF0E5FC6A8C04F12C01E2840A4618
:10052000E061B36806F12100A36106F10D0353F801
:10053000047B834242F8047BF9D11B78137021625B
:10054000337BA3602B685BB1DB684BB1022B14BF1C
:1005500006221122C4E903322B8C01332B84F8BD0F
:1005600001230622F6E72DE9F74F074688460220C9
:1005700044211E461546D7F707FC04463060002884
:1005800066D04FB3B5B3D5E9023ABAF1020F37D00E
:100590004FF0060B4FF0010A38460193D0F770FD7B
:1005A00004F1240301461A463846009301F0D1FCB9
:1005B00090B1019BB4F824900BB199450CD1B8F1DE
:1005C000000F20D00A2200214046FBF717F94FF612
:1005D000FE73421E9A4217D933682A46414638466E
:1005E000DCF742FB044670B33068D7F7BFFB00234B
:1005F000336029E04FF0060B4FF0010A2B46CBE7A2
:100600004FF0110BC8E74046B9F1010FC4E9029A57
:10061000C4F810B006D0B9F1020FDDD1009BE36140
:10062000182302E0009BE3610823A36104F12C037B
:100630002362002384F82C302360030243EA202342
:10064000E384A4F824900024204603B0BDE8F08F92
:100650006FF00904F8E70CB4034607B504AA08468E
:1006600052F8041BDB680192984703B05DF804EB75
:1006700002B07047F9F704B8F9F77AB807B5002265
:1006800001A9D3F7E5F903B05DF804FBD3F762BA2B
:1006900008B5E1F731FDB0FA80F0400908BD38B582
:1006A0000D460446DCF7D0FA2A46014620460AF0F9
:1006B0000BFD002038BD013801288CBF002001202F
:1006C0007047E0F72DBF002905DAC36D494243F0BA
:1006D00004034160C365704770B50446D0F88400D8
:1006E0000D46049E28B14FF0FF324FF0FF33F8F76C
:1006F000C7FF002E05DAE36D764243F0040366601F
:10070000E36504F16006E5B9304609F0D6FD88B925
:10071000E36D43F00103E365304609F05DFD04F14C
:100720007C00F9F73DFBD4F88400A8B1BDE8704027
:10073000F9F71EB890F8373043F0020380F83730ED
:10074000EDE795F8373029466FF34103304685F8D9
:10075000373009F076FDE2E770BDF8B50446B0F831
:100760008E6000F16007C6F3410600220023384680
:10077000F9F74EF8054640B9384609F02DFD04F169
:100780007C00BDE8F840F9F70BBB032E05D1FFF75D
:10079000E4FF2846E2F7B0F8E7E702F09CFAE4E766
:1007A0002DE9F04F154681461A460E4689B021B113
:1007B000DDB92F464FF0FF3B04E0002DF9D00F4686
:1007C000D5F800B04FF0000802F002030193CDF815
:1007D000088009F1600ABBF1000F08D10FB1C5F81C
:1007E00000B0029809B0BDE8F08F0127E8E7504655
:1007F00009F05FFD04460028F0D08045EED0B8F146
:10080000000F08BF804602F0C1FB83455A4628BF4F
:1008100002460299034611440291ABEB0201049196
:10082000BFB102B3019919B1E16803912169059142
:1008300031682046CDE9062302F042FB3168069A72
:10084000079B1144019A316082B1039BE360059BD1
:100850002361002200235046F8F7DAFF0146504694
:1008600009F0EFFC15E0019A002AF2D19B4510D364
:10087000002300225046F8F7CBFF90F837309B0753
:1008800042BFD9F85C3043F00103C9F85C3002F094
:1008900022FADDF810B09EE7DCF7FCBFDDF728B8E0
:1008A000DDF75AB8DDF77EB8DDF7E2B8DDF700B95D
:1008B000002307B5CDE90033DDF7FAF803B05DF8A2
:1008C00004FBDDF777B910B5D0F8842004460B4659
:1008D00092B1026E0AB1002010BDD0F88410D3E9A5
:1008E00000237C30F9F7BAFA0028F5DBE36D5B07EB
:1008F000F1D560684042EFE76FF01500ECE7DDF7F7
:10090000B3B9DDF755BC002307B5CDE90033DDF7FA
:100910004FFC03B05DF804FBDDF776BCDDF7AABC45
:10092000DDF754BDDDF734BEDDF766BE08B5D0E9AE
:10093000000150EA01030FD0B1F1FF3F08BFB0F151
:10094000FF3F0BD019B90A23B0FBF3F008BD0A2210
:100950000023D0F74DFBF9E70020F7E74FF0FF3019
:10096000F4E70CB4034607B504AA084652F8041B82
:10097000DB680192984703B05DF804EB02B0704762
:100980000EB403B503AB53F8041B049A0193DCF7D0
:100990006BFC02B05DF804EB03B0704710B50022A9
:1009A0000C460321FFF7ECFF431C08D000F4804005
:1009B00004F0400404430CBF0120002010BD0020BF
:1009C000FCE708461146D8F799BB38B505467030A4
:1009D00009F0BDF8044618B905F11000F8F7AAFFB0
:1009E000204638BD0068DCF723BD0068DCF7F4BCA6
:1009F000037943F0040303710068DCF71BBB006854
:100A0000DCF7C0BA0068DCF793BA70B50379054625
:100A10005E070C4608D4703008F00DFE20B1E38864
:100A200043F00103E38005E06B79012B09D1E388F2
:100A3000D80701D4002070BD2B795907FAD49A0742
:100A40002CD54023002205F1700611463046AB60DC
:100A5000F6F732F8002840DA10F5F14F22D16B7921
:100A6000022B17D12846FFF7B0FF40B96A79B4F9D5
:100A70000630022A12D123F00103E3800EE0E3885E
:100A8000DB06F3D46FF00B025242EA60E38843F0D6
:100A90000803C7E72B7943F010032B71E38843F079
:100AA0001003BFE710F5D24F09D1B4F90630DE06C6
:100AB000DCD423F001036FF00A00E380BBE710F5FC
:100AC000D14FF2D02846FFF780FFE3880028D7D126
:100AD000D806CBD46FF07002D6E7304608F0ABFDF5
:100AE00010F1800F0246C1D0B4F90630D906BDD44A
:100AF0000028C9DB9ED1DCE710B5002486B0ADF834
:100B000016400490ADF814200A4604A80121FEF70F
:100B10005EFE011E13DB012917D1BDF916309A06BE
:100B200015D413F0080315D004220498039203ABE4
:100B3000009302ABDCF7E8FB20B902994942084672
:100B400006B010BD6FF00401F9E72146F7E76FF03A
:100B50000801F4E71946F2E7F8F792BDF8F708BE86
:100B600012F5D24F08B504D10122BDE80840FFF7C5
:100B7000C3BF12F5D14F01D10422F6E700214FF493
:100B80007A7009F0CCFD002008BD2DE9FF41054633
:100B9000017905F1700841F0080101716846CDE95D
:100BA000022309F0C5FFDDE900674046F7F788FA40
:100BB000044620B905F11000F8F75CFE15E024F0BA
:100BC000800313F5D24F05D014F5CA4F02D014F5A7
:100BD000E04F1ED132463B4602A809F0CDFFDDE9C9
:100BE0000232134309D16FF00A0420462B796FF3C8
:100BF000C3032B7104B0BDE8F08102A8FFF796FE95
:100C0000224601462868FFF7ABFF04460028ECD1D6
:100C1000CBE714F5D54F284607D1FFF7D6FE88B9A4
:100C2000DDE902321343C0D1DDE714F5D04F07D11F
:100C3000FFF7CBFE30B974236FF07304EB60D4E799
:100C4000FFF7C3FE71236FF07004EB60CDE701384E
:100C5000012807D8A2F58072032A03D84B1E5842F8
:100C60005841704700207047DEF7EEB8DEF708B94C
:100C7000DEF7E4B9DEF750BA002307B5CDE900335B
:100C8000DEF74AFA03B05DF804FBDEF7B1BADEF72F
:100C9000E9BA002307B5CDE90033DEF7E3FA03B084
:100CA0005DF804FBDEF772BBDEF7E8BB30B5044647
:100CB00087B001AD0FCC0FC5236801A82B60019B45
:100CC000984707B030BD00207047002070470020D3
:100CD00070470239012903D8531E584258417047C2
:100CE00000207047002307B50093DEF7C5FE03B070
:100CF0005DF804FBDEF7C0BEF8F7F6BDF8F7BABD45
:100D0000FAF70CBA10B504464FF0FF324FF0FF333C
:100D10000830FFF7F1FF2046DEF77CFF002010BD12
:100D200010B4029B0BB100241C605DF8044BDEF78D
:100D3000C3BFDFF765B8006800F0F000A0F1E00382
:100D400058425841704710B1006800B18068704740
:100D500010B1006800B10068704710B5FFF7F8FFE8
:100D6000836823B1DB6813B1BDE810401847002049
:100D700010BD08B5FFF7E7FF007E08BD70B504465B
:100D8000FFF7E6FF85688DB161B92046E0F7F6F917
:100D9000AB680BB9002070BD2046FFF7D9FFBDE856
:100DA000704018476B68002BF9D1F3E76FF0010032
:100DB000F1E70378FF2B11D14378FF2B0ED1837815
:100DC000FF2B0BD1C378FF2B08D10379FF2B05D163
:100DD0004079A0F1FF035842584170470020704706
:100DE000B1F5006FF8B5144624D19368DD68284644
:100DF000FFF7DFFF40B90122012094F8373062F39A
:100E0000061384F83730F8BD05F110063046FFF7B9
:100E100092FF0028EFD19769E1F74AFA2A6903683F
:100E20009A42E8D031463846E0F708FC0028E2D183
:100E30000220E8E748F2DD639942F9D10222DBE7BC
:100E400010B503690446E3B1031FD3E8AF3F427D09
:100E500003F0010302F00101994212D063F3000292
:100E60004275006933B1DFF747FF2069BDE81040E4
:100E700000F08CBEDFF748FF2069BDE8104000F0AD
:100E800099BE10BD01230B7000234B705E238B7045
:100E90004378CB70827803F07F030A71C278CB70FD
:100EA0004A71704708B5FFF74EFFD0E8EF3F43F0B7
:100EB0000102C0E8E12F0029F7D1DB0704D4BDE827
:100EC00008400430F8F7C4BE08BD08B5FFF73BFF83
:100ED000D0E8EF3F23F00102C0E8E12F0029F7D16D
:100EE000DB0704D5BDE808400430F8F7B1BE08BD03
:100EF0000020704710B583680C463BB1DB682BB10E
:100F00009847204214BF0120002010BD1846FCE77E
:100F100038B1006828B10C30D0E8AF0F084100F0BC
:100F20000100704708B5034648B10021FFF7F0FF04
:100F300018B108211846FFF7EBFF00F0010008BDCB
:100F400003680B604368016003B941607047136830
:100F500039B9416803608A4200D1436000231360BD
:100F600070470B6043689A4208BF4160F6E710B1D2
:100F7000006800B1103070470278034662B94078CB
:100F800050B99A785AB9D87840B91A793AB9587993
:100F9000B0FA80F040097047002070471046704753
:100FA00008B509F0C3FD0A220023D0F721F808BDD7
:100FB0000378FF2B11D14378FF2B0ED18378FF2BC1
:100FC0000BD1C378FF2B08D10379FF2B05D14079D2
:100FD000A0F1FF035842584170470020704730B1DC
:100FE000006820B10C30D0E8AF0FC0F3403070473C
:100FF000F8F746BB31B1062343700B68C0F80230E6
:101000008B88C380704788B1837E9B070DD503888A
:10101000012B0AD190F91930012B06D119B10A68B8
:1010200043689A4201D1043070470020704730B5C0
:1010300000B930BD84688C4203D1C5681468A542EC
:10104000F7D003B118600068F2E7F8F791BB08B574
:101050000346FFF7C4FF28B903F17400BDE8084058
:10106000FFF7F3BF08BD38B5044619B100F1180504
:10107000A3692BB90023A360E3602361A38238BD79
:101080004FF0FF324FF0FF332846F8F7C1FB01F075
:1010900022FEEDE72DE9F743904682680E460546AD
:1010A0001146002329B91B2B07D8022003B0BDE845
:1010B000F083088A49680344F4E7D4682388B3F5C9
:1010C000807FF2D16388082BEFD12279062AECD1F8
:1010D0006379042BE9D1A37B7F2BE6D0E388B3F5BA
:1010E000807F08D0B3F5007F00F0B080284601F083
:1010F000F2FD0020DAE7D5F8189004F10807484619
:10110000FFF735FF811C384609F088FF0028CCD056
:101110004046FFF74DFFC0B104F112021046FFF741
:1011200047FF18B91046FFF727FF70B1D4F80E201B
:10113000A3699A4209D100233A4600934846012305
:1011400004F10E01DFF766FFD0E7DFF751FA062260
:101150000146404609F062FF28B9D4F80E3003F08A
:10116000F003E02BA1D0D5F8188004F11801D8F8CD
:101170000800FFF748FF002897D004F11200FFF79E
:10118000FBFE48B101233A4600934046002304F198
:101190000E01DFF73FFF3E464FF47A720023AF693E
:1011A000CDE9002300231C211A463846E1F7DCFE76
:1011B000044600289AD080681C210C30FEF748FABB
:1011C0000820A368AA68DB68D1689870002206200E
:1011D0001A70DA7018719A714FF001080420022217
:1011E00083F80180DA715871306803F11202C3F894
:1011F0001200B088D8823846FFF7B9FED0F80260F6
:101200009E60C0889881D1F80E0098618969C3F802
:101210000E103846FFF7ABFE811C04F12400FFF7E7
:10122000E9FE114604F12C00FFF7E4FE40F6060348
:10123000A38694F83730002268F3061384F8373019
:1012400021460023A06900F01BFC4FE704F11806BB
:101250003046E0F76DFA38B100230093A86904F135
:10126000080204F10E016DE7E1F722F8A2690368B4
:101270009A42F1D031460020E0F7E0F900283FF42F
:1012800035AFE9E7104692F83730012262F30613D2
:1012900080F8373000F12E0200F12601FFF7FABE88
:1012A00038B590F8383004466FF3820380F8383050
:1012B00083680D467BB199B194F83830204643F0ED
:1012C000040384F8383001F096FD94F83730C3F306
:1012D0000213032B0DD92046BDE8384001F0FBBCBA
:1012E0000146806900F0C3FB0128E5D00028F2D157
:1012F00038BDA368DB681B7803F0F003402BEAD10C
:101300002946204602F014FAF0E710B5DBF7A0FCFE
:1013100001F06FFFE1F7E8FCE2F7C8F902F0DAFA52
:10132000E2F7A4F9E4F772F9E1F740F9E0F754FDC8
:10133000E1F752FEE0F7E2FDDEF7B8FAE4F730FF3E
:10134000044618B9E5F7C0F8E5F75CFE204610BD85
:101350002DE9F04115461E460446002800F08F8016
:101360008368002B00F08B808369002B00F08A805B
:1013700001F00CFD204601F03EFD94F83730C3F338
:101380000213012B0AD02A4633462146A06900F0F9
:1013900087FB022836D16FF004000BE0A368DF68FA
:1013A0003B7A7BB3E0F780FF3A6903689A4203D146
:1013B0006FF07C00BDE8F081A368DF683B7C7F2B89
:1013C00022D1A368DB68DA68A368DB681969D96091
:1013D000A368DB681A614FF40063A569A38604F172
:1013E000240004F12C06002D3AD10822294609F0E8
:1013F00077FD00231A680121E2625A682046726074
:10140000FFF74EFF0020D5E7D4F81880E0F750FF33
:101410003A6903689A421DD007F110014046E0F78F
:101420000DF90146B0B9A368D3F80C8008F1100794
:101430003846E0F77DF90028C3D1E0F739FFD8F846
:10144000102003689A42BCD039460020E0F7F6F835
:101450000028B6D1A368DB681B7B7F2B93D1A7E75D
:10146000296841B10B6963624B6943602B68002BAB
:10147000BFD01033BEE7082209F032FDF6E76FF067
:101480003C0097E76FF0150094E7816809B9FFF712
:1014900007BF4968FAE738B505460C46A1B398B3CB
:1014A0008B68A3B3DA6892B31B8A83B3036813B95A
:1014B0006FF0720038BD0C33D3E8AF3FDB07F7D5D0
:1014C00091F83730084643F0010381F8373001F0D6
:1014D00092FCA5612B68EBB11B7C84F8243084F866
:1014E0002C30A36853B994F83C00E1F76DFD214618
:1014F000C0B2E1F75DFD18B90020DBE75B68F1E7FA
:10150000204601F0E8FBF7E76FF01500D2E76FF037
:101510003C00CFE71B78FFDE002203680BB91846BA
:1015200070478B4210D10B6842B942680360914208
:1015300000D14360002301200B60704713604368B3
:10154000994208BF4260F5E71A461B68E6E710B10A
:10155000006800B14068704710B1006800B10068D1
:10156000704710B430B1846B24B1234642685DF8F3
:10157000044B18475DF8044B704710B50346FFF75E
:10158000E6FF28B1C2681AB1BDE8104018461047FE
:10159000002010BD38B1006828B10C30D0E8AF0F82
:1015A000084100F00100704708B509F0BFFA0A22AF
:1015B0000023CFF71DFD08BD60B1036853B10122C0
:1015C0000C3302FA01F1D3E8EF0F0843C3E8E20F4E
:1015D000002AF8D1704768B103685BB1012202FAB2
:1015E00001F1C9430C33D3E8EF0F0840C3E8E20F21
:1015F000002AF8D17047F8F743B84FF0FF324FF0A8
:10160000FF336030FFF7F7BFF8F7B2B870B50C469C
:1016100005461646FFF7F1FF012C0DD1AC686CB9F9
:1016200005F16000FFF7F0FF204670BD6268336887
:101630009A4218BF0024F3E70024F1E7A37EC3F326
:1016400040029B07F2D41446EAE7F8B50E46174667
:10165000054628B3FFF7D1FFAB682BB900241AE089
:10166000002F18BF002416E09A7EC2F340049207B0
:1016700011D5711C03D093F91920B242EED11A880A
:10168000012AEBD11C1D2046DFF72EFE0028E7D0F3
:10169000002F08BF002405F16000FFF7B5FF2546C5
:1016A0002846F8BD70B504460D46FFF7A6FFA368AF
:1016B00033B9002604F16000FFF7A6FF304670BD85
:1016C0009A7EC2F340069207F3D51A88012AF0D118
:1016D000DA695B6863EA02032A689342E9D1E9E7C1
:1016E00010B588B1006878B101230C3003FA01F11C
:1016F000D0E8EF3F43EA0102C0E8E42F002CF7D125
:10170000194214BF0120002010BD30B590B100680F
:1017100080B1012303FA01F1CA430C30D0E8EF3F56
:1017200003EA0204C0E8E54F002DF7D1194214BFC7
:101730000120002030BD2DE9F04104460D4617463A
:101740009846FFF75AFF08212046FFF723FFD0B93C
:10175000062F1BD8D4B12668C6B106F112006DB9A8
:10176000C6F812508580002586F81080777404F141
:101770006000FFF749FF2846BDE8F0813A46294658
:1017800009F0AEFBEFE74FF0FF35F0E76FF015051E
:10179000EDE738B504460D46FFF72FFF0021204640
:1017A000DFF718FF002801DBA3682BB904F1600004
:1017B000BDE83840FFF728BF9A7E9207F6D51A8811
:1017C000012AF3D12A68DA61F0E770B505460E46C2
:1017D000FFF713FFAB6883B19A7E0021C2F3400488
:1017E00092070BD51A88012A05D158683268DB693F
:1017F00042401A4202D00C4600E01C4605F160004F
:10180000FFF702FF204670BD0122FFF71EBF002236
:10181000FFF71BBF38B5DFF783FE044640B1FFF783
:10182000ECFEA5685DB904F16000FFF7EDFE2C4603
:10183000204638BD2B88012B18BF0025F3E7AB7E6F
:10184000C3F340029B07F5D41546ECE713B50146F8
:1018500000200190DFF70AFF0446E0F725FD8442EF
:1018600005D1DFF783FE0190019802B010BD20463C
:1018700001A9DFF75DFF019B002BF5D1F1E7F8B57A
:1018800005460F461646FFF7B8FE00212846DFF74B
:10189000A1FE002818DBAB68B3B19A7E0021C2F329
:1018A000400492070AD51A88012A0FD158683A686D
:1018B0004240D869024209D13268DA6105F160001C
:1018C000FFF7A2FE2046F8BD0024F7E70C46F5E737
:1018D00008B5DFF725FE10B1FFF75BFF012008BD5B
:1018E00010B51446DFF71CFE18B12246FFF7C7FFFC
:1018F000012010BD38B504460D46FFF77EFE0021DD
:101900002046DFF767FE002803DBA3680BB12A68D7
:10191000DA6304F16000BDE83840FFF775BE08B532
:10192000DFF7FEFD10B1FFF7E5FF012008BD70B540
:1019300015461E46DFF7F4FD30B133462A46DFF781
:1019400021FF003818BF012070BD38B50C46054690
:1019500060B159B1FFF751FE237E05F160006FF3CE
:1019600041032376BDE83840FFF74EBE38BD38B599
:101970000C46054660B159B1FFF73FFE237E05F1E5
:10198000600043F002032376BDE83840FFF73CBE19
:1019900038BD38B50546FFF730FE00212846DFF791
:1019A00019FE002809DBAC680CB194F8404005F141
:1019B0006000FFF729FE204638BD0024F7E738B560
:1019C0000546FFF71AFE00212846DFF703FE002830
:1019D00009DBAC680CB194F8414005F16000FFF7F9
:1019E00013FE204638BD0024F7E710B5FFF70EFEC2
:1019F00080B100F11403D3E8AF2F5AB1511CD3E8E2
:101A0000EF4F944204D1C3E8EC1FBCF1000FF6D1B4
:101A1000F1D110BD0020FCE737B50C460546D8B122
:101A2000A9B1FFF7EAFDAB6863B122460121284660
:101A300001ABE0F71BF800280CDD019B9A7E6FF3E9
:101A400004129A76002405F16000FFF7DDFD2046C0
:101A500003B030BD0124F6E70446F8E708B5DFF728
:101A60005FFD18B1BDE80840FFF7D6BF08BD10B54F
:101A70000346FFF76CFDBDE81040026818461047AA
:101A800010B50C468B684BB994F83C0001F0C0FBD4
:101A90002146A069BDE81040E0F750B85B68F2E766
:101AA0002DE9F0410C46D1F814800921054616466F
:101AB0001F46FFF76FFD70B96FF07206B8F1000FA7
:101AC00003D031464046FFF74CFD94F82D30002BF3
:101AD0003AD1022025E004212846FFF75BFD0028CB
:101AE000EAD101212846FFF755FD68B994F8253061
:101AF00053B9A3690BB95B78FFDE186898B1427CD3
:101B000000F11201062A10D994F83730C3F30213FA
:101B1000012B11D0284632463B462146FFF7B0FF45
:101B20000020BDE8F0814378E6E784F8252004F141
:101B3000260009F0D5F9E7E7204601F0C9FE0228A2
:101B400009D16FF00406B9E73246284604F12C01AA
:101B5000DFF7CEFFBDE70028E3D1DBE70A4601212E
:101B6000DFF7CEBB0A460221DFF7CABB002307B569
:101B700001A90193DFF7DCFD28B1019803B05DF8FE
:101B800004EBE0F72FB803B05DF804FB10B5044692
:101B900078B1FFF732FD09212046FFF7A1FD10B90A
:101BA0002046DFF7B5FE04F16000BDE81040FFF706
:101BB0002BBD10BD10B5044678B1FFF71EFD0921FD
:101BC0002046FFF7A2FD10B12046DFF7A1FE04F189
:101BD0006000BDE81040FFF717BD10BDF8B50E4618
:101BE000174688B181B1002A0EDD00F15005284664
:101BF000CFF746FA8742044609DD421C29463046A3
:101C000009F06EF92046F8BD6FF01504FAE76FF0A1
:101C10002104F7E710B50C0901F00F0103B944B135
:101C2000092C85BFA2F10A03E4183034E4B200F8AD
:101C3000014B0023092985BF0A3A89183031C9B2FE
:101C4000017000F8013F10BD10292DE9F0479A46B8
:101C500080460B460C46164628BF1023002586B04A
:101C6000AB4243DC1D46BAF1000F45D02A463A216B
:101C7000404609F027F98146A0B3A0EB08039D4236
:101C8000A8BF1D4641464FF0000801AF2A4638461E
:101C900009F026F905F118036B4403F8148C0120B0
:101CA0003946321DE0F728FA40451BDB012333801B
:101CB000BAF1000F2FD0013C641B224609EB03014F
:101CC000384609F00DF904F118030DEB03040A225C
:101CD0006946384604F8148CF9F706FE009BBB42AF
:101CE0000CD158B9002006B0BDE8F08718F80520DF
:101CF000002AB8D00135B3E7D146C3E79DF80420E8
:101D0000002AEFD01B78002BECD1B0F5803F83B2D6
:101D1000E8D25BBA73800120E5E72DE9F04111F0CC
:101D200001064BD1334640BA80B28C0708D5012A50
:101D300006D931F8024B023A2418204643F1000339
:101D40000D4694464FF0000EBCF10F0F05F1100543
:101D500040D86FF00F05140905FB042217464FEA1F
:101D6000041C01EB0414032F4AD86FF003059408F8
:101D700005FB04242A406244012C01EB020506D92C
:101D80008A5A023C1218104643F100030235012C16
:101D900007D12A78E90748BF12021218104643F10A
:101DA0000003020C42EA0342190C52EA134380B2C8
:101DB0002ED10EB940BA80B2BDE8F0810023002ACE
:101DC000BED011F8014B013A24022418204643F1F9
:101DD0000003AAE755E90447E41955F8087C4EEBDF
:101DE0000E08E41955F8047C48F10008E41948F19C
:101DF000000724182046ACF1100C43EB0703A3E7BF
:101E000054F8045B043F2D18284643F10003AAE769
:101E1000801841F10003C4E72DE9F04790F837300E
:101E20000546C3F30213012B7DD14B1E012B50D964
:101E300000228368002B48D14FF0080995F836300E
:101E400095F83A000344CC1A1444A4B22846D5E9C4
:101E5000038700F0D0FF95F8373095F8361003F07F
:101E6000010643F0010385F83730A1EB090128464C
:101E700001F010F84A4629692046FFF74EFF95F811
:101E80003A1004464944284601F004F8EA6862B171
:101E90002B6953B1B2F81090D2689B1AA9EB0309D1
:101EA000D5F80CA0BAF1000F16D1002C38D064BAC6
:101EB000A4B2E04395F83730C5E9038766F3000321
:101EC00085F8373080B2BDE8F087188A5B68024435
:101ED000B0E70024A146B9E720464A462969FFF742
:101EE0001CFFDAF804300446EB60002BDDD01A8AC0
:101EF000002ADAD0DA6819F0010F2A610DD01178C2
:101F000001320C44A4B22A61A142B3F8109084BFFC
:101F10000134A4B209F1FF39C2E7B3F81090BFE76A
:101F20004FF6FF74C5E70020CDE708B590F83610EE
:101F300090F83A2083680A440020D968FFF7EDFE44
:101F400020B140BA80B2C04380B208BD4FF6FF70E6
:101F5000F9E770B4A8B1A1B1037893B15B2B10D0AD
:101F6000044600230E1814F8015B25B13A2D08BF72
:101F70000133B442F7D1012B18BF002370BCFFF727
:101F800063BE002070BC7047F7F7F2BB2DE9F04745
:101F90008CB00C46DDE9148700218146164607A85F
:101FA00014221D4608F0C3FF01230DF1140A089303
:101FB000102209AB0021684644F00064CDE905AA6F
:101FC000CDE9093308F0B3FFCDF804A00494B9F1CA
:101FD000000F01D0CDF82C906846E0F759FA01982F
:101FE000DDE91623F7F780FC041E0BDA14F10B0F62
:101FF000684608BF6FF07304E0F76EFA20460CB035
:10200000BDE8F0870EB1049B33600DB10B9B2B60D4
:10201000B8F1000FF2D0029BC8F80030002FEDD0CD
:10202000039B3B60EAE710B4019CCDE90134134601
:102030005DF8044B0A4601460020FFF7A7BF10B425
:10204000019CCDE9013400235DF8044BFFF79EBFEE
:10205000006800F0F000A0F1E003584258417047DA
:1020600038B1006828B10C30D0E8AF0F084100F05B
:1020700001007047F7F704BBF7F77ABBDFF750BAF8
:10208000F0B506460F46052587B002210DF1160072
:10209000D7F714F8BDF81640013D4FF0000144F4A5
:1020A00000440ED0CDE9011164BA0097A4B22346D2
:1020B000304696F88C20E0F7EFFA1130E5D0204654
:1020C00000E0284607B0F0BD90F88A007047012074
:1020D000704700F10803D3E8EF0F0130C3E8E20FC7
:1020E000002AF8D1704738B5044600F10803D3E858
:1020F000EF0F421EC3E8E12F0029F8D1012801D0DB
:10210000013838BD04F10C0528464FF0FF324FF07E
:10211000FF33FFF7AFFF206B18B1E1F72DF9002374
:102120002363B4F88E30284623F00703A4F88E30DA
:10213000FFF7A2FF0020E4E7F0B5056B04460E466A
:1021400087B0002D73D10B88012B73D1072A059519
:1021500070D9B0F88E301B0504D590F99000FFF7C8
:102160008DFF0590371D3846FFF772FFB0B1B4F808
:102170008E30C3F38113022B05D194F88B0010B17C
:10218000DFF7CEF90590384605A9DFF78FFB002869
:1021900042D16FF00104204607B0F0BD7268059B84
:1021A0009ABB23B904F12C00FFF750FB0590E0F730
:1021B0007BF80546059B002B36D004F10C074FF049
:1021C000FF334FF0FF323846FFF754FF0598DFF733
:1021D00009FD012384F89000238465627388EBB1C4
:1021E00094F88A202046029294F889200599CDE936
:1021F000006294F88C20E0F74FFA90B973886384FA
:1022000000243846FFF738FFC5E703B905AD294676
:102210003846DFF78DFABAE7051DCBE7638C73808C
:10222000EEE76FF06F04ECE76FF07C04B3E76FF05C
:102230007E04B0E76FF01504ADE713B5B0F88E304B
:102240000446C3F3C203012B12D1426A72B9694634
:102250000192ADF80030FFF713FF0822ADF802003D
:1022600069462046FFF768FF02B010BD0020FBE77B
:102270006FF01500F8E738B5B0F88E300446DB078C
:1022800017D500F10C054FF0FF324FF0FF33284611
:10229000FFF7F0FE204601F019FE0028284603DB78
:1022A000FFF7EAFE002038BDFFF7E6FE6FF05E00A4
:1022B000F9E76FF00800F6E770B50C4605461E46D4
:1022C000114602B9416A0B681BB10846FFF7C0FE10
:1022D00030B13146A069DFF7C9F903680146CBB1D7
:1022E00095F8883094F83B009B0863F3050084F868
:1022F0003B0095F88830324663F3871084F83B0042
:1023000095F8883020465B0984F83C30BDE8704081
:1023100001F0B6B96FF0150070BD2DE9F74F1C46FE
:10232000B0F88E300546D80788461746DDE90C2AF6
:10233000DDF840B09DF8441040F1258139B132B943
:102340005CB9B8F1000F0BD16FF0780495E0002C68
:10235000FAD0C3F3C201012964D06FF015048CE0F8
:10236000C3F3C202012AF8D1D8F800402CB1C1460B
:10237000D8F80420072A03D8EFE7C14605F128045E
:102380006268002AE0D0C3F38113022B4DD0EB6AC0
:10239000002B58D0B9F1000F05D027B93B46D9F82A
:1023A0000C1099425BD195F99000FFF767FE034648
:1023B00000285CD1B5F88C3095F99000062BC5F853
:1023C00038A0C5F804B063D1FFF758FEB5F88C30DB
:1023D000112B40F09D800026231D00223146284607
:1023E000B4F802A0FFF768FF041E19DB2846FFF7C8
:1023F00024FF044688B952463046698C02F030F812
:10240000044650B9BA46B9F1000F40F09C803A46F4
:102410004146304600F0B0FE0446002C80F2978022
:102420005EB371E04FF00009A4E7201DFFF710FE36
:102430000028ACD095F88B000028A8D0DFF770F802
:102440000028A7D1A3E7B5F88E301B05A2D4201D24
:10245000FFF7FCF9DFF7C6FB85F890009AE7D9F89B
:10246000082002EBC30252680133174499E70021A8
:10247000FFF7F6FD28B96FF07204204603B0BDE8FF
:10248000F08F08211846FFF7EBFD002892D1F2E704
:10249000FFF7F4FD42F210720023CDE90023394624
:1024A000012295F88C30E0F75FFD0646D8B1456112
:1024B00095F88C1000F04BFCB84217D3B5F88C306F
:1024C000112B89D0062B1DD14B463A464146284652
:1024D00001F0A3FE041EA3DB5A46514628462746B8
:1024E00001F0FCFC40E06FF06804C6E7B5F88E3000
:1024F000C3F38113022B43D0B5F88C30112B0CD0D1
:10250000062B37D06FF07A04304600F0E4FBB4E7D6
:10251000062B31D06FF07A04AFE707465CE7D9F8B5
:102520000830304603EBC402526853F83410524569
:1025300028BF5246904600F01FFE00281EDBBAEB73
:10254000080A04D00134D9F80C309C42E7D3304655
:1025500000F051FC304695F88C1001F0A2F8DDE94E
:102560000E233046FEF7F4FE00280446FFF658AF6F
:102570003C4682E70746A7E70026A5E704464FE763
:102580006FF00B04C0E76FF0080476E72DE9F04721
:10259000044600F10C0888B015461F464FF0FF3284
:1025A0004FF0FF3340460E46DDF84890FFF762FDDE
:1025B000B4F88E30C3F34101012973D0DA0774D522
:1025C0003288C3F3C2039A4275D1032970D0012A1D
:1025D00071D1072D6FD9B4F88C30062B0ED00122A3
:1025E0007368E362B6F802A02285A4F82AA0B4F8C2
:1025F0008E2023BB22F4807292B222E004F12C0AD6
:102600005046FFF725FD40B16FF07C054046FFF7CF
:1026100033FD284608B0BDE8F08794F99000FFF735
:102620002DFD0546DFF744FEE26A03689A42EBD0CF
:1026300051462846DFF702F80028D0D0E4E742F4FC
:1026400080722046A4F88E20FFF7F7FD054600288B
:10265000DCD10123618C626A2384ADF81830ADF8B7
:102660001A1012B11368079306AAB4F88E30C3F398
:102670008113022B06D1002FC8D04A4600212046E4
:10268000B847C3E7012B19D19DED107B00918DED6B
:10269000027B534631462046CDE90479E2F708FE35
:1026A0000546B3E76FF07705B0E76FF00805ADE7D3
:1026B0006FF05E05AAE76FF01505A7E76FF08505D7
:1026C000A4E770B5B0F88E300446DB070D4626D57A
:1026D00000F10C064FF0FF324FF0FF333046FFF7AA
:1026E000C9FCB4F88E30C3F34102032A03D0C3F30C
:1026F0008113012B0ED1B4F88C30062B0DD120465E
:102700002946049AE1F77EFA04463046FFF7B4FC06
:10271000204670BD6FF01504F7E70024F5E76FF071
:102720000804F5E72DE9F043054600F10C06904654
:1027300099464FF0FF324FF0FF33304687B00F46D7
:10274000FFF798FCB5F88E40E20521D56B8DFBB103
:1027500000230593109BC4F3C2040493DDE90E2308
:10276000CDE90223631E5C425C41E40000944246D2
:1027700039462846CDF8049005F12803FFF7CDFD32
:1027800004463046FFF778FC204607B0BDE8F083EA
:102790006FF07804F5E7F0B500F10C0787B0044658
:1027A0001E4638464FF0FF324FF0FF330D46FFF71D
:1027B00061FC012305930E9B29460493DDE90C235C
:1027C000CDE90223002320461A4600930196FFF725
:1027D000A4FD04463846FFF74FFC204607B0F0BD85
:1027E0002DE9F04100F10C0886B0044616461F465C
:1027F00040464FF0FF324FF0FF330D46FFF73AFCF3
:1028000001230593109B29460493DDE90E23CDE9AE
:1028100002230D9B324601930C9B204600933B46BE
:10282000FFF77BFD04464046FFF726FC204606B036
:10283000BDE8F08170B504460D4600F10C064FF07E
:10284000FF324FF0FF333046FFF714FC2946204695
:1028500001F0C9FC04463046FFF70EFC204670BD6F
:1028600030B413460D46F0B1E9B1E2B1B0F88E20B4
:10287000C2F38112012A03D130BC002201F07DBADB
:10288000022A13D1018C012913D11A682980418CA5
:10289000082A698028BF0822416A00200968696007
:1028A0001A6030BC70476FF01500FAE76FF06C00EB
:1028B000F7E76FF06900F4E7816149B10B682BB16C
:1028C0001B7C80F8243080F82C3070471B78FFDEAA
:1028D000704790F8373091F83720C3F3021363F351
:1028E000061281F8372043694B6190F8363081F841
:1028F000363090F83B2091F83B3062F3050381F8C5
:102900003B3090F83B3091F83B209B0963F38712F2
:1029100081F83B2090F83C3081F83C3090F838202A
:1029200091F8383062F3000381F8383090F837308E
:1029300091F83720C3F3400363F3410281F8372055
:1029400090F83730D2B2C3F3800363F3820281F888
:10295000372090F83730D2B2C3F3C00363F3C30219
:1029600081F8372090F8383091F83820C3F3C0034D
:1029700063F3C30281F8382090F83830D2B2C3F341
:10298000800363F3820281F83820838E8B8683680C
:102990004BB18B683BB1436A4B62836A8B62C36AFB
:1029A000CB62036B0B6390F83730C3F30213012B38
:1029B00001BF90F8393081F8393090F83A3081F819
:1029C0003A30704738B504460D46C3685868E06031
:1029D00030B14DB10C30FCF77DFEE3680028F5D036
:1029E000E3681BB9236138BD008AF6E7DB68F9E7C5
:1029F00038B50446C0680D4688B171B10C30FCF79B
:102A000069FED4E90323D2689B1A834207D1294681
:102A10002046BDE83840FFF7D5BF008AF1E738BD52
:102A2000F8B5044694F837301646DA070F46C06802
:102A300015D4A6B10C30FCF74DFE0546D4E90303CE
:102A4000C2689B1A3B44AB4211D194F83730DB0784
:102A500008D431462046BDE8F840FFF7B3BF002652
:102A6000058AEBE70C30FCF735FEA842F1D9236963
:102A70003B442361F8BD01280CBF14200020062927
:102A800001D11C307047112901D10830704701294C
:102A900001D03A2900D1043070472DE9F74F0024C6
:102AA000A24606461746DDE90C2368460D4608F0A7
:102AB0003FF8DDE90089DDE90C233046FCF767FDCE
:102AC000A346044628B9BAF1000F32D14FF0000AEC
:102AD00029E0BAF1000F16D1BBF1000F27D0CBF8D7
:102AE0000400638A9D4238BF6582638A4246684615
:102AF000ED1A4B4608F040F8DDE90023CDE90C2340
:102B0000002DD8D10FE05045CBF80400E9D1638AFD
:102B1000002FE6D03D44AB42E8D942464B466846DA
:102B2000658208F029F8504603B0BDE8F08F824670
:102B3000EDE75046D5F760FCC8E70346002003B92F
:102B400070471A8A5B681044F9E72DE9F843044698
:102B50000F46164699469DF82080E368002B00F04A
:102B600083800EB9304684E094F83730204613F065
:102B7000010F0CBF41460021FFF73AFFE068002833
:102B800075D0B8F1000F1ED094F83730DD071AD495
:102B90000C30FCF79FFDD4E90323D2689B1AC51AB9
:102BA000002D64D0B54228BF3546B9F1000F2ED0B4
:102BB0007FB9B8F1000F43D1424629462046FFF7BE
:102BC0002FFF002731E02369C268058A9B1AED1A9E
:102BD000E6E72A462069B8F1000F0DD0394608F023
:102BE0007FF994F83730D90730D50122294620469D
:102BF000FFF716FF4FB9E4E70146384608F070F9D1
:102C0000424629462046FFF70BFF2F440DE077B1DF
:102C10002A463968206908F08AF9B8F1000F09D10D
:102C2000424629462046FFF7FBFE761B95E7B8F1A2
:102C3000000FC1D094F83730DB0707D50122F0E749
:102C400094F83730DA0701D50122B6E7E068294663
:102C50000C30FCF7FDFC424629462046FFF7E0FE1B
:102C6000B9F1000FC6D1E0E7002E3FF47BAF6FF063
:102C70006800BDE8F8832DE9F04106460F46154689
:102C80001C4607F071FC08B100252C46802F06D8A1
:102C90002A4623463046BDE8F041FCF778BC0020C8
:102CA000BDE8F08110B580B100F12003D3E8AF2F6B
:102CB0005AB1511CD3E8EF4F944204D1C3E8EC1F42
:102CC000BCF1000FF6D1F1D110BD0020FCE708B136
:102CD000D5F792BB704710B50446D8B100F1200279
:102CE000D2E8AF3FB3B1591ED2E8EF0F984204D1FA
:102CF000C2E8EC1FBCF1000FF6D1F1D1012B09DCC9
:102D0000A06808B1FFF7E3FF21466068BDE8104006
:102D100007F0B1B810BD38B5044608460D46FCF7BB
:102D20003AFCA3684360A56038BD70B5044630B175
:102D30000026856825B9A068FFF7FFFE301A70BD30
:102D400005F10C00FCF7C6FC6D680644F2E738B5E7
:102D5000044670B190F83720836812F0700FC2F308
:102D6000021507D11846FFF7E8FE2046FFF7DDFF02
:102D7000401B38BD2846FFF77EFE05461846FFF784
:102D8000DCFEA8422CBF00252D1AEEE7F8B504465C
:102D900080680027054600B9F8BD038A46683BB93C
:102DA000A368834207D1A6604760D5F725FB284674
:102DB00005463046EFE76B68834208BF6E60F3E775
:102DC00010B584682046FFF7B8FE884210D3411A38
:102DD0004CB1238A60688B4207D3218218B1FFF778
:102DE00076FF00236360002010BD0446C91AEFE798
:102DF0006FF01500F8E78368C36003B1DB68036117
:102E0000704710B582680C4622B98160BDE8104059
:102E1000FFF7F1BF1046FCF7BEFB2146BDE81040AE
:102E2000FCF7BFBB2DE9F04F044685B0DDE9106724
:102E300002A815469A4632463B468B4607F078FE76
:102E4000DDE90289204632463B46DFF773FF044640
:102E5000D8B15946FFF730FD90F8373042466AF353
:102E6000061380F8373002A84B4607F085FEDDE9EF
:102E7000026729462046CDE900679DF83820E0F733
:102E800035F818B12046FFF726FF0024204605B08C
:102E9000BDE8F08F012307B5009300230A461946C9
:102EA000FFF753FE03B05DF804FB1FB50123039148
:102EB000009303A90023FFF748FE05B05DF804FB6B
:102EC000002307B500930123FFF73FFE03B05DF831
:102ED00004FB042213B50C460DEB0201FFF7F0FFD3
:102EE000019B1BBA236002B010BDF8B506460F4621
:102EF0001446F368002B46D0FB68002B43D00CB976
:102F0000204625E001213046FFF772FD38460021BA
:102F1000FFF76EFDF068C8B1FA68BAB1158A3B696F
:102F2000D2680C309B1AED1AFCF7D4FB0346D6E9A5
:102F30000320D268AC42A0EB0202A3EB020301D251
:102F40009C4206D39D4228BF1D461DB96FF0680004
:102F5000F8BD25462A46396907F0C2FF96F8373092
:102F6000DB0704D4F06829460C30FCF771FB012222
:102F700029463046FFF754FD002229463846FFF720
:102F80004FFD641BB5E7002CBAD0DFE770B1C36812
:102F90005BB1006950B1D9681A8A401A101A5B688F
:102FA00003B970471A8A1044F9E7184670478368D6
:102FB0002BB9002914BF6FF01500002070471A8A42
:102FC0008A422ABF1982891A00215B68F0E770B52E
:102FD00004460D4645B92046FFF70DFF002D14BFEE
:102FE0006FF06800002070BD00212046FFF700FD53
:102FF000E1680029EFD02269C8680B8A121A9A1A70
:10300000E9D095422E4628BF16469B1B921B0B8289
:1030100005D02069811907F070FFAD1BDAE7A068C1
:1030200020B14368A3604260D5F7E6F92046FFF778
:10303000E2FEF2E710B5C26803467AB1006938B122
:10304000996800238A4204D1D268801A034498B256
:1030500010BD0C8A496823449BB2F3E71046F7E79A
:103060002DE9F04385B004460D4691469846FFF79A
:10307000E1FF0746A068FFF760FD002394F8376082
:10308000A1690246CDE9029828460093FFF7CAFEDF
:1030900006F001060546F0B1D4E9039894F83730FC
:1030A000204643F0010384F83730FFF7A4FEA06800
:1030B000FFF743FD214602462846FFF716FF78B189
:1030C0002846FFF708FE94F83730C4E9039866F302
:1030D000000384F837300025284605B0BDE8F083AA
:1030E00095F83730204643F00103294685F83730FC
:1030F000FFF7EFFB2846FFF77EFE17B13946FFF7D3
:10310000C9FE95F8373066F3000385F8373094F838
:103110003730C4E9039866F3000384F83730DBE7FF
:103120004168FFF79DBF10B5044690F8371001F0D5
:10313000010181F00101FFF75BFCE3688BB12069BD
:1031400048B194F83720D20706D5188AD4E903236A
:10315000D2689B1AC01A10BD03F10C00FCF7BAFA32
:10316000F4E71846F7E710B50C46FFF7DCFFA0427E
:1031700034BF0020012010BD73B503690446994295
:103180000E4615460AD1FFF7CEFF854206D82946DE
:10319000204602B0BDE87040FFF77CBE01232A46FE
:1031A000314620460093FFF7D0FC02B070BDF8B561
:1031B00004464E680D46FFF7B6FF864203D82369E2
:1031C0002B60286810E094F837302968DB07F8D5C1
:1031D00049B1D4E9037620466A68FFF771FEC4E975
:1031E00003760028EDD00020F8BDD1E90012FFF7EA
:1031F000C3BF704710B504464FF0FF324FF0FF33A6
:103200002046F6F705FB0028F6D0FEF73EF9F3E777
:10321000002070477047012307B500916946ADF85B
:103220000430DFF711FF03B05DF804FBD9B10B8860
:10323000012B22D10B6843604B6883604B682BB134
:1032400090F8233043F0200380F8233090F82330A7
:1032500043F0020362B143F0080352BA80F823300E
:10326000C2800020704790F8233003F0DD03F1E7BF
:1032700023F0080380F82330F3E76FF01500704760
:1032800038B50C460546DFF713F8226803689A4202
:1032900005D021462846BDE83840DEF7CFB90120E9
:1032A00038BDF7B5042300250F4669460446164687
:1032B000CDE90053FFF77BFF48B10770467085707A
:1032C000C57069462046FFF790FF03B0F0BD6FF070
:1032D0006800FAE72DE9F34116680D46F3682BB94B
:1032E0006FF00405284602B0BDE8F08100228B682B
:1032F0006BBB95F83A1095F836300B44C3F57F4315
:10330000FC3313449FB21BB2032BE9DD42F210726F
:103310000023CDE900230123A8691A463944DFF7C9
:1033200023FE04460028DBD03369A86903F0F003CC
:10333000E02B06F10C080ED14146A869DEF796F99C
:10334000036806466BB92046FFF7C5FCC8E7198A33
:103350005B680A44CCE710363146FFF791FF00283E
:10336000EAD195F83B2094F83B30314662F30503EF
:1033700084F83B3095F83B3094F83B209B0963F38D
:10338000871284F83B202046424600F079F9024635
:103390000028D8D101462046FFF783FF0028D2D16C
:1033A00029463A462046FFF7A0FD05460028CAD127
:1033B0002046FFF720FD0121204600F072F900228F
:1033C00000232046FDF7C4FF00288BDABBE7F7B5E2
:1033D000042300270E4669460446CDE90073FFF733
:1033E000E6FE0546C0B18770C7700221A069FEF7EE
:1033F000B5FB00B956B101212046FEF70DFD6880EE
:1034000094F8383043F0080384F838306946204691
:10341000FFF7EBFE03B0F0BD6FF06800FAE72DE9AF
:10342000F04714230546002486B088469146CDE92E
:103430000243FFF7E0FC284602A9FFF7B8FE064664
:10344000002865D0437A012B10D10423284604A913
:1034500004940593FFF7ABFE10B14378072B05D812
:103460006FF01506304606B0BDE8F08706F1100A89
:103470005146A869FFF704FF002849D1737A112B40
:1034800049D0062B14BF0027282742F210720023D0
:10349000CDE900230123A8691A46391DDFF764FD31
:1034A0000446D0B3514606F10C0200F0E9F860BBC7
:1034B00041464A462046FFF7F4FE014628BB042257
:1034C0002046FFF7F2FC00BB3A4629462046FFF7AC
:1034D0000CFD0646C8B92046FFF78DFC01212046A9
:1034E00000F0DFF895F8252005F12601062A05D819
:1034F00084F82D2004F12E0007F0F2FC00220023B6
:103500002046FDF725FF0028ACDA2046FFF7E3FB55
:103510006FF00406A6E71C27B7E76FF00B06A1E7DC
:10352000F7B5042300220E4669460446CDE9002380
:10353000FFF73DFE074610B9022003B0F0BD02219F
:10354000A069FEF70FFBA8B9A06906F11001FFF70B
:1035500097FE05460028EFD101992046FFF79AFC17
:103560003A4631462046FFF756FE2046FFF7B3FBAA
:103570002846E2E701212046FEF74EFC0028E3D072
:10358000DAE7006800F0F000A0F1E003584258418B
:10359000704738B50C460546DEF78AFE2268036898
:1035A0009A4205D021462846BDE83840DEF746B8A5
:1035B000012038BD10B500210446DEF7B9F820B966
:1035C0002146BDE81040FFF7E4BF012010BD2DE902
:1035D000F74F99464FF0000814230F4669460546F9
:1035E0001646CDE90083BDF830B0BDF838A0FFF72E
:1035F000DEFD0446002840D0452303704FEA1B231C
:1036000003719DF8343080F801905B0143EA1A237E
:1036100080F8028080F8038080F805B0837180F81C
:1036200007A095F83930037243B93046FFF7A9FF78
:103630006B69D0B1A3B193F8923023720023637207
:10364000A372E372336823613B68E3601423694625
:10365000284685F83630FFF7C8FD03B0BDE8F08F87
:10366000A869FEF7ACF92072E8E713B193F891303E
:10367000E3E7A869FEF78DF9F5E76FF06800ECE77E
:1036800030B5002490F83B5085B005F03F039B0017
:10369000CDE90144009443EA9513FFF798FF05B084
:1036A00030BDF7B514230025CDE9005390F837302D
:1036B0000E4643F00103694680F837300446FFF7B1
:1036C00076FD074678B32B46A268D2B95BBA7B80F9
:1036D0007E720121A069FEF741FA18B12046FEF77B
:1036E00024FC788169462046FFF77FFD4FF4006394
:1036F000112EA38609D100212046E1F7AFFF03B0C8
:10370000F0BD118A52680B44DFE7062E04D1002178
:103710002046E0F7BBFAF2E7012E07D10021204650
:10372000FFF755FEEBE76FF06800E8E70020E6E7FB
:10373000142300222DE9F04190B00F460DEB030158
:10374000079108210446904608910BA9CDE903236F
:10375000CDE9091383689BBB204603A9FFF727FD2A
:10376000054658B3067806F00F06B600132E25D985
:10377000142384F83630427894F83B30920862F390
:10378000050384F83B304278143E62F3871384F8D3
:103790003B30037AF6B28BB184F83A60418849BA7B
:1037A00089B241450ADC02DA2046FFF700FC5FB12E
:1037B00005F10C010846FFF7E4FE90B1022060E03D
:1037C0001A8A5B689044C6E72B7C7F2BF6D02B7B54
:1037D0007F2BF3D005F10C00FFF7ECFE0028E7D0BB
:1037E000ECE7A069FFF7D5FE0028E7D1EB68A069F8
:1037F000002B49D00121A069FEF7B4F900284DD172
:1038000001222B7A05F1100784F8393094F837300B
:10381000384662F3061384F83730FFF7CBFE88B9D9
:103820003846FFF7AEFE6B7A60B9112BC6D1DEF7D2
:103830003FFD2A6903689A4204D0204600F064FFE5
:103840000028BBD06B7A062B05D13946A069FFF75B
:10385000A0FE0028B2D120460499FFF71BFB2EB131
:1038600031462046FFF716FB0028A7D16B7A062BBE
:103870001AD0112B27D0012BA0D129462046FFF7C3
:103880004FFE10B0BDE8F08105F11001FFF781FE99
:103890000028AFD16B7A022BACD08FE72046FEF721
:1038A00044FB0028ACD089E7204609A9E0F726FAB6
:1038B0000190002882D020466A7A01AB02A90295C5
:1038C000DFF7B4FDDDE7204607A9E1F70FFFEFE7DB
:1038D0000020704770470346006828B159680268A5
:1038E00088421A6008BF5A607047D0F82832B0F892
:1038F0004C22934206D2B0F85022934234BF0020AB
:10390000012070470120704710B5D0F83022D0F860
:1039100028128A4211D8B0F84C329A4210DAB0F824
:103920005042A2420CDA981AA41AA042A8BF20461C
:10393000891A8842A8BF084610BD6FF02100FBE736
:103940000020F9E74B68D0F840121BBA5A1A002A37
:10395000A1BFB0F848225218981AC00FB8BF002073
:10396000704713B5044601210DF10700D5F7A6FBFA
:10397000C8229DF8073003F5007353435B0AA4F88F
:103980004E3202B010BDF5F7AFBF70B590F83730CA
:10399000C3F30213012B1BD18368DD682B7C7F2BC3
:1039A00001D1012070BD05F1100600213046DDF780
:1039B000BFFE04460028F4D1DEF77AFC2A690368CA
:1039C0009A42EED031462046BDE87040DDF736BE63
:1039D0000020E7E7F5F754BE10B5044610463AB1AB
:1039E0004968D4F8402209BA521A801A03B101304A
:1039F00010BD0346002003B970471A8A5B68104463
:103A0000F9E738B504468068FFF7F3FF88420D46B2
:103A100011D32046FFF7EFF994F83730294643F0E9
:103A2000010384F837302046FFF7D1FA2046FFF72C
:103A3000ADF9002038BD6FF01500FBE72DE9F74F19
:103A4000044690F8367090F83A301F4407F1140A93
:103A50002046FFF7D0F994F83730394643F0010398
:103A6000204684F83730FFF715FA08BB14212046AA
:103A7000FFF779FB002856D1A068FFF7BAFFD4F80A
:103A80000C805045D8F8046012D34FF47A720023AA
:103A900014212046DFF73CF9054648B100F10C0936
:103AA0004846FBF717FE132806D82846D4F7A4FC8F
:103AB000002003B0BDE8F08F4846D5F80CB0FBF706
:103AC00009FE1423009301463B46A2685846FBF7C3
:103AD00090FD14214846FBF7BBFDD4E90313C968E8
:103AE000B8F810205B1AD31AD21AC3F11409A8F837
:103AF0001020B9F1000F03D16E60C8F80450A7E799
:103B0000318A06F10C00494528BF4946A9EB010955
:103B1000FBF7D0FD338AD6F804B013B93046D4F79A
:103B20006BFC5E46E5E72069C3E710B50446FFF786
:103B300085FF0146A068FFF75CFF94F83A2094F8EF
:103B4000363013440A7BC31A1209A3EB820020EA21
:103B5000E07010BDF8B591F837300446C3F3021396
:103B6000012B0846174617D18B68DD68FFF766FF03
:103B70000646A0B118220021204607F0D8F9012FEF
:103B80000BBF338873880C35103563802B686360F6
:103B9000012300202380F8BD6FF01500FBE76FF0D4
:103BA0006800F8E710B586B004466846FFF7D2FF14
:103BB00000280DDB23886946012B14BF1822082238
:103BC000204607F02BFAB0FA80F0400906B010BD8D
:103BD0000020FBE72DE9F843856807468846144630
:103BE00025B95ABB1646BD689DB932E02846FBF799
:103BF000D2FC00F10C0605463046FBF763FD84421B
:103C000004D93046FBF75EFD211A18D10026002D9D
:103C1000E9D0F4B105F10C094846FBF753FD8442A5
:103C20001AD34846FBF74EFD074641463A464846FA
:103C3000FBF714FDB8446D68E41BD5E711464FF45B
:103C40007A7200233846DFF7ADF8061EDFDA6FF030
:103C500068063046BDE8F8832746E6E7F5F788BDF5
:103C600038B50446A0F1A0054FF0FF3228464FF0CA
:103C7000FF33FFF7AFFE54F8BC3C9868D4F7BCFBA9
:103C8000002254F8BC3C28469A60BDE83840FFF753
:103C9000E5BFD0E8EF3F0133C0E8E23F002AF8D1AA
:103CA000704773B500F1280604464FF0FF324FF01D
:103CB000FF3330460D46FFF78DFE0B23304684F868
:103CC0003832FFF7CBFF94F8593213F002031BD0C0
:103CD000636A2BB160682946426898470023636293
:103CE00094F859326FF3410384F8593204F13C00DF
:103CF000F5F720FE04F15400F5F7BCFD204602B0B4
:103D0000BDE87040DFF7A0BE6068466B002EF1D0C2
:103D100062691946CDE900521A46B047EAE770B524
:103D2000A0F170044FF0FF324FF0FF33A0F198067E
:103D30002046FFF74FFE3046DFF74EFD0546204692
:103D4000FFF78CFF35B13046BDE870406FF073016E
:103D5000FFF7A7BF70BD6FF07301A0F5E470FFF728
:103D6000A0BF6FF07301A0F59470FFF79ABF6FF0DA
:103D70007301A0F5E470FFF794BF034670B51546D4
:103D80001A8C0846012A1E6C0BD1B9B196F838126C
:103D900003290DD90824224606F5FC7107F0A0F886
:103DA0000DE079B196F83832032B14D91824F2E7D4
:103DB000596A096841605B8C0280438008241DB900
:103DC000002070BD1824FAE72246284606F5047143
:103DD00007F086F8F4E76FF01500F2E72DE9F043FD
:103DE0004FF014088BB005AB07460393CDF8108055
:103DF000FFF724FE0646002856D090F80D9019F0E3
:103E0000040951D14FF47A70002197F83720CDE999
:103E1000000106234146B869C2F30212DFF7A4F895
:103E20000546002840D097F83730C3F30213012B22
:103E300048D1BB68D96801F10C021031FFF720FCB2
:103E400000283FDB284603A9FFF7B1F90446C8B3B1
:103E50004246494607F06BF87388238033886380B5
:103E60000522237B62F307132373737BDB061ED5C6
:103E700004236373B3686360284603A9FFF7B5F9A9
:103E800000281FDB2846FEF7B6FF95F83730C3F34E
:103E90000213012B16D106212846FFF702FC002849
:103EA00010DB2846DFF70CFC0BB0BDE8F08376682A
:103EB0003846FFF73AFE36BA84F80D80064436BA23
:103EC000A660D9E72846FEF706FFEDE7B0F88E308A
:103ED00043F00603A0F88E300020704708B50B466B
:103EE00009B100219847002008BD036C416303B16C
:103EF0005A610020704708B54268B2F88E30C3F3AB
:103F0000C203012B0DD192F99000DDF709FB28B116
:103F1000006800B1008B283880B208BD4FF41070E3
:103F2000F9E70020F9E70022D0F83C32DFF712BFB2
:103F300038B5A0F5B0744FF0FF33A0F5C4754FF05D
:103F4000FF322046FFF746FD28461021FFF7EBFF22
:103F50002046BDE83840FFF781BE2DE9F341044615
:103F6000FFF7D2FC94F88C300546D807204654BFA2
:103F70004FF40676B4F88860FFF7BDFFB04218DD55
:103F800094F88C30D90770D5B4F888309D426FDB37
:103F9000B4F888502046FFF7AEFFA84215DD94F82C
:103FA0008C30DB0716D5B4F88850ADB96FF03C05FE
:103FB00063E02046FFF79FFF854259DB94F88C3081
:103FC000DA07E5D44FF40675E4E72046FFF793FFE0
:103FD0000546EAE74FF406754FF47A7000216368EE
:103FE000B3F88E20CDE90001062329462069C2F3EB
:103FF000C202DEF7B9FF0646F0B1A768D4F83082F6
:10400000FEF7F9FE3846FEF7F6FEB8F1000F09D0CC
:1040100097F83730414643F00103384687F8373088
:10402000FEF738FF2A4639463046FEF75EFF002885
:1040300005DA3046FEF74FFE6FF068051DE0D4F854
:104040003C22D4F830321821134420463246DFF7A0
:1040500081FE074620B9D4F830322B44C4F8303200
:104060003046FEF738FE3D4607E0B5F5067FA9DA93
:104070002046FFF749FC051E97DA284602B0BDE846
:10408000F08138B5044690F88C30D807204654BFEC
:104090004FF40675B4F88850FFF72DFFA84226DDCF
:1040A00094F88C30D90727D5B4F88830B4F8462274
:1040B000B3EB520F4FEA520012DA94F88C302046DC
:1040C000DA0754BF4FF40675B4F88850FFF713FFB2
:1040D000A84214DD94F88C30DB0714D5B4F88800BE
:1040E000B4F848328342CCBF0020012038BD2046BE
:1040F000FFF701FF0346D9E74FF40673D6E72046E2
:10410000FFF7F9FEECE74FF40670E9E770B5B0F899
:10411000483204465B181CD4B0F846529D42A8BFF2
:104120001D462046FFF7ADFF0646A4F8485220463C
:10413000FFF7A7FF7EB170B994F83832042B41D154
:1041400004F5C47006F0ECF910212046FFF7EBFEF1
:1041500038E00025E5E794F88C30D807204654BFB6
:104160004FF40675B4F88850FFF7C5FEA8422BDD62
:1041700094F88C30D9072BD5B4F88800B4F84622CF
:10418000B0EB520F4FEA520312DD94F88C30204608
:10419000DA0754BF4FF40675B4F88850FFF7ABFE4A
:1041A000A84218DD94F88C30DB0719D5B4F88830B4
:1041B000B4F84812B4F84622914203D1B4F844222C
:1041C0009A42B9DD002070BD2046FFF794FED5E786
:1041D0004FF40670D2E72046FFF78DFE0346E7E76F
:1041E0004FF40673E4E770B5046C05460E468CB1D7
:1041F00028344FF0FF324FF0FF332046FFF7EAFB41
:10420000286C3146FFF782FF05462046FFF726FD62
:10421000284670BD6FF06A05FAE72DE9F84F056C86
:104220000C4616469846002D7DD095F83832042B62
:1042300079D105F1280738464FF0FF324FF0FF33B0
:10424000FFF7C8FB2846FFF750FB002868D1B5F8F8
:104250004C32D5F828229B1AB8F1000F35D0814690
:10426000D8F80C10814240D14FF0000A994528BF80
:1042700099465646D8F80C30534510D9D8F808302E
:10428000A86803EBCA02526853F83A104A4528BF9F
:104290004A469346FFF79EFC041E2EDAFEB1D5F87F
:1042A00028323344C5F8283295F83932012B2BD007
:1042B0002846E0F757F8041E26DA14F1690F23D0D8
:1042C00021462846FFF7EDFC09E09E4228BF1E4626
:1042D00021463246A868FFF77DFC041EDFDA384627
:1042E000FFF7BCFC2046BDE8F88FD8F8082002EBA9
:1042F000C002526801309144B4E7B9EB0B095E4447
:10430000CDD00AF1010AB5E72846FFF7EEFA28B149
:104310000022002305F15400FFF735FB3446DEE7A9
:104320006FF00A04DBE76FF07F04DBE738B5044683
:1043300090F88C30D807204654BF4FF40675B4F877
:104340008850FFF7D8FDA84223DD94F88C30D907B8
:1043500023D5B4F8880094F88C30A4F85002DA071A
:10436000204654BF4FF40675B4F88850FFF7C3FDDC
:10437000A84215DD94F88C30DB0715D5B4F8880019
:1043800000EB400080B20023A4F85202A4F854329B
:1043900038BD2046FFF7AFFDDDE74FF40670DAE7E2
:1043A0002046FFF7A8FDEBE74FF4C960EBE72DE9E6
:1043B000F0410C46056C164605F128081F464FF0E3
:1043C000FF324FF0FF334046FFF704FB012C0AD0C9
:1043D000023C032C12D86FF06C044046FFF73EFC01
:1043E0002046BDE8F081042F0AD13268012A07D89F
:1043F00095F8593262F3C30385F859320024ECE78B
:104400006FF01504E9E72DE9F0410C46D0F8408043
:10441000164608F128071D464FF0FF324FF0FF33D4
:104420003846FFF7D7FA012C0AD0023C032C0FD8EC
:104430006FF06C043846FFF711FC2046BDE8F081B0
:1044400098F85932C3F3C00333600DB104232B60D5
:104450000024EFE7006C54307047006C3C3070472C
:104460007FB508230E460DEB030104461546CDF833
:1044700008D00393FEF79BFE60B1002306804580C1
:10448000037143718371C37102A92046FEF7ADFE2B
:1044900004B070BD6FF06800FAE710B586B00C9CF0
:1044A00005940B9C04940A9C0394099C0294BDF807
:1044B0002040CDE9003413460A4601461120DEF7BC
:1044C00049FE06B010BD08B506F030FB0A220023F5
:1044D000CCF78EFD08BD73B5042690F83130054643
:1044E0009E40331F3D2B28BF402601210DF10700C0
:1044F000D4F7E4FD03239DF807402846B4FBF3F30B
:1045000003EB4303E41AE4B295F83130013C344440
:104510000133214685F83130E1F75AF9204602B0DF
:1045200070BD006828B10C30D0E8AF0F084100F032
:104530000100704710B5044606F016F8421E63EB02
:1045400003032046BDE81040FCF702BF73B51546D3
:104550008DF8071001220DF1070104461E46FEF7F3
:104560000BFE10B1002002B070BD012220460DF1FB
:1045700007018DF80750FEF7FFFD0028F2D12A460B
:1045800031462046FEF7F8FDB0FA80F04009EAE730
:1045900030B5436A85B0013343620446DDF788FED7
:1045A000002300901A4601212046CDE90133E1F7AE
:1045B000E9F9054630B1FFF7BDFF00280CDA2846BF
:1045C000FEF789FB0923606AB0FBF3F303EBC30337
:1045D000C01A013005B030BD04F1100005B0BDE8CF
:1045E0003040FFF778BF2DE9F04F054685B0DDF785
:1045F0005FFE6B6A814601336B6295F84030072B92
:1046000077D8DFE803F07B7B7B0425687B7B6B6BD3
:1046100005F110006B64FFF75EFF4FF000080446E1
:1046200001232846CDE90133424643460321CDF814
:104630000090E1F7A7F9054630B1FFF77BFF0028AE
:1046400002DA2846FEF747FB204605B0BDE8F08FAA
:10465000FFF739FFD5E906AB0F460646286B05F193
:10466000380805F134094FF47A73584310EB0A0007
:104670004BF10001864277EB010336DA40F2E73373
:10468000801B61EB0701C01841F100014FF47A7201
:104690000023CCF75DFC3B28044602D9772826D9B5
:1046A000440895F84130B6EB0A0603F1010385F89A
:1046B00041304FF47A7304FB03F367EB0B01F018FE
:1046C0004FF47A724FF0000341F10001CCF740FC47
:1046D00000232862A5E7FFF7F6FED5E906AB0646FC
:1046E0000F46A86A05F13808BDE70024D9E73C2445
:1046F000D7E700234FF0FF34984692E74FF0FF349E
:10470000A2E70121E1F7FAB87FB508230393836993
:104710000446CDF808D0C3B193F84030023B032BD8
:1047200013D8D0E9036590F83610FEF7B3FB2046A6
:1047300002A9FEF73CFD20B14088A0F5884358420D
:104740005841C4E9036504B070BD0020FBE72DE9C2
:10475000F04107460E4690461C4663B31846CCF718
:104760008FFC80B238B3B8F1010F03D86FF00B00A3
:10477000BDE8F081631E00240125A44613F8012F33
:10478000A9B2A2B12E2A03BF06F80C408C46002421
:1047900001341CBF7255A4B2884203D201310020FB
:1047A0003980E5E70135AAB24245E7D3DEE706F8EE
:1047B0000C407255F0E76FF01500D9E7F0B5C489E9
:1047C0000668018A2644091B0024A14223DD355DC9
:1047D000E5B90134A5B2491B89B209291BD93119A0
:1047E0004F88B7F5807F16D14F683FBA1760325BAC
:1047F000098952BAD2B2052AC7891A7014D01C2A64
:1048000001D0012A07D16FF014030FE0BF2D05D9A5
:104810000234A142DEDA6FF01500F0BD3E2DFAD869
:10482000013554FA85F4D0E76FF01203436007F1C5
:104830000A031D444BBA058143810020EDE7038A3A
:1048400002680B2B1FD913885BBA9BB299421DD10A
:104850009378D8091AD05B1013F0380F16D1D3789B
:1048600013F0700FC3F3021010D113F00F0301D037
:1048700018467047D388928802B939B9002B08BF0F
:104880006FF0150070476FF00B0070476FF0150068
:1048900070472DE9F843BDF820600F4606F1100976
:1048A00091450446194628DCBDF824305BBA0380E4
:1048B0004FF00108002580F80280C570057180F86E
:1048C00005808571C571057245728572C572324663
:1048D0000C3006F005FB9DF8282006F10C039BB276
:1048E0001202E2520E36B6B2A555344484F8018065
:1048F0002846A7F80090BDE8F8836FF00B00FAE7B0
:104900000C23F0B583810023048A0268A4F10C0112
:1049100089B202F10B05994202DC6FF00B001BE03B
:1049200015F8017F5E1C27B13346F4E76FF01500E0
:1049300012E003F111018C42EFDD0D33D418D35A8C
:104940005BBA9BB2012B01D01C2BEFD16388B3F56E
:10495000807FEBD1C1810020F0BD2DE9F047B3F895
:104960001080D3F800A0002307460E469146BDF8FC
:1049700020400B80444529D21AF804500AEB040168
:104980003F2D08D90134444520DA4C7805F03F0525
:1049900004EB0524EEE73088A8EB0403A9EB000242
:1049A0009342A8BF13469D4210DA6A1C384406F0B1
:1049B00097FA3388013401332B4415FA84F4338099
:1049C000A4B2002DD6D12846BDE8F0876FF00B00C9
:1049D000FAE7006800F0F000A0F1E0035842584107
:1049E00070477047936C23B1536B13B1926B40B215
:1049F00018477047034610B5D3F8C440002044B1AF
:104A0000B3F8DE408C4204D12AB1B3F8E0309342CF
:104A100001D06FF0010010BDF4F732BE10B50446AE
:104A200005F07EFD08B9606310BD0023A364FBE7B9
:104A3000F4F79EBEF8B5044600F170074FF0FF335F
:104A4000164638464FF0FF320D46FFF7E5FF94F863
:104A5000E830012B13D0324629462046FFF7CAFF23
:104A6000002812DB582303FB004490346FF06400ED
:104A700022460021FFF7B6FF2046FFF7CFFF0024B4
:104A80003846FFF7D5FF2046F8BD6FF00104F7E781
:104A900010B50446006B002200237030FFF7BCFF06
:104AA00030B12046BDE8104064220023F5F772B90A
:104AB000B4F85020B4F84E10206BFFF7BBFF206B0A
:104AC000BDE810407030FFF7B3BF70472DE9F043E9
:104AD0001646582202FB01020D46B2F8DE1092F88B
:104AE000DC2087B08768B0F80090CDE90112DDF8CE
:104AF0003C80ADF81630B8F81030044600933046CC
:104B0000D8F80C30BDF838200DF11601FFF7C1FEC2
:104B100000284CDB6FF00A0C06F10C0206F10B01C9
:104B2000ACEB060CB8F810300CEB0100834235DC1E
:104B300002334FF6FF714AF20100F8F78EF958235D
:104B400003FB0543A3F8E000A36E9F4205D0002BB2
:104B500030DA0123A766A4F86C3058235D4363194B
:104B60009035B9F1010F04EB0500D3E9342314BFEC
:104B70004FF018084FF00808F5F70CF900280ADB89
:104B8000BDF81620002331463846CDE90048D8F755
:104B9000A7FA00EAE07007B0BDE8F0834B78A3F114
:104BA0004100192898BF203301F8013FBAE76FF0A0
:104BB0001500F0E76FF00100EDE72DE9F047DDF8B3
:104BC00024900D4616461F460446BDF82080A0B12D
:104BD000F022002106F0ABF904F1700005F05FFA55
:104BE000022384F8E83032463B4629462046CDE988
:104BF0000889BDE8F047E1F757BD6FF00100BDE857
:104C0000F0870022FFF716BF1FB501240394089C0C
:104C10000294079C0194069C0094E2F767F804B0A4
:104C200010BD10B5036944681A691868597990472E
:104C300094F90C00BDE81040E5F7C8B808B5426823
:104C40000069917A137A51B143F0800312681370AE
:104C500001221430114605F034FB002008BD03F09A
:104C60007F03F3E7F8B50E46476805693B68F868C7
:104C70001C78D2F709FFF36804F0FC04B3F5800F49
:104C800016D1B368B3F1007F1FD144F00304AA88A2
:104C9000B3889A4222D13B681C702C4635460FCD12
:104CA0000FC42B682360F868D2F7E0FE0020F8BD3F
:104CB000B3F1A07F09D1B368B3F1806F08D0B3F12D
:104CC000C06F08D0B3F1007FE1D06FF08500EEE750
:104CD00044F00104DBE744F00204D8E7002200239B
:104CE00005F11400F4F700FE0028D4D06FF00F0097
:104CF000DDE710B5046923798B4202D063799342D2
:104D000009D14368D868D2F7BFFE04F11400BDE8AA
:104D10001040F4F7AFBD10BD10B5807A0C46D3F744
:104D2000BFFA836A2146BDE81040586805F06DB8A7
:104D3000F7B50D46807A17461E46D3F7B1FA2C68B0
:104D4000836A033424F00302586804212A60CDE901
:104D5000007605F00FF800B9286003B0F0BD38B553
:104D60000446807AD3F79CFA6169054649B1637AB3
:104D7000DB0704D4836A20461B689B68984700239E
:104D8000636121462846BDE8384005F065BA7FB525
:104D90000BAB059303930A9B012202930023184651
:104DA000CDE90033CFF720FA07B05DF804FB30B54A
:104DB00009060546847F18D414F040001AD0A98B48
:104DC000C3F30A00C1F30A01884222D802F00300AB
:104DD00002280DD003280ED0012815D114F00802A6
:104DE00017D013F4C05F05D00BE014F02000E5E706
:104DF000C4F3800030BD14F00200FBD013F4C05F98
:104E000005D0C4F30010F5E704F00100F2E701203B
:104E1000F0E70020EEE7A030D0E8AF0F00F001008F
:104E20007047A030D0E8AF0FC0F34000704701F0EA
:104E30000F030269090648BF103352F82300704778
:104E400008B5FFF7F4FF90F82000C0F3001008BD8C
:104E500010B51446FFF7EBFF90F8203064F304130D
:104E600080F8203010BD08B502691046FFF7D3FF67
:104E700068B991F8240000F00F03000648BF103312
:104E800042F82310084605F09AF9002008BD6FF09B
:104E90000C00FBE710B5FFF7CAFF28B1BDE81040D2
:104EA00000220023F4F7B4BC10BD70B5FFF7BFFFBC
:104EB000054610B90024204670BD00220023F4F7F7
:104EC000A7FC04460028F5D006462B68002BF2D03C
:104ED000002200232846F4F79BFC70600028EAD0EB
:104EE0000646F2E708B5FFF7A2FF18B1BDE8084093
:104EF00005F0DFB908BD05F0A4B9437E23F0070330
:104F000043F0010343767047407EC0F3C000704712
:104F1000437E6FF3C303437670471FB504698DF872
:104F20000410CDE90220D4F8983001A9984704B0C4
:104F300010BD1FB50346046906208DF80400204605
:104F4000CDE90213FFF767FF40B1C1F81E201846F4
:104F5000D4F8982001A9904704B010BD4FF0FF305D
:104F6000FAE72DE9F8430446894615461F46866848
:104F7000FFF75DFF8046002834D02046F36B98474A
:104F80002A46494640463B88FFF711FF20B383B9C4
:104F9000236905F00305D3F88030DB0753BF4023B6
:104FA0004FF480634FF400711946022D07D0032D92
:104FB0000CD02046336C98470020BDE8F883B8F841
:104FC0001C208A4228BF0A463A80F2E7B8F81C2023
:104FD0009A4228BF1A46F7E72046336C98476FF08D
:104FE0008500EAE76FF01200E7E72DE9F3411F467D
:104FF0004B0604460D461646D0F808801BD0D8F85C
:105000003C3098472069FFF70CFF88B19DF82030AD
:105010002946009332463B462046E2F71DF80546F6
:105020002046D8F840309847284602B0BDE8F081C5
:105030004FF0FF35F4E76FF01505F5E770B54B0657
:1050400004460D46866812D0F36B98472069FFF737
:10505000E2FE48B129462046E2F75CF805462046C4
:10506000336C9847284670BD4FF0FF35F7E76FF077
:105070001505F7E770B5054686680C46F36B98474B
:105080002869FFF7CEFEC0B121462846FFF7CFFEC4
:105090000146A8B190F82030DB0711D590F82530F3
:1050A00003F00303012B0ED02846F368984704460B
:1050B0002846336C9847204670BD4FF0FF34F7E721
:1050C0006FF01204F4E76FF08504F1E7F8B50646D7
:1050D00087680C46FB6B98473069FFF7A2FE00B368
:1050E00021463046FFF7A3FE0546E8B190F8203090
:1050F000DB0719D590F8253003F00303012B16D0F8
:1051000001463B6930469847044628B995F8203057
:1051100060F3410385F8203030463B6C98472046C9
:10512000F8BD4FF0FF34F7E76FF01204F4E76FF0CB
:105130008504F1E770B5054686680C46F36B984721
:105140002869FFF76EFEC0B1217EB1B12846FFF796
:105150006EFE0146A0B190F82030DB0710D5637ECB
:1051600022466FF300036376284673689847044627
:105170002846336C9847204670BD4FF0FF34F7E760
:105180006FF01204F4E770B5054686680C46F36BC1
:1051900098472869FFF73FFE80B121462846FFF770
:1051A00046FE014668B104681CB12846B3689847BA
:1051B00004462846336C9847204670BD4FF0FF34B4
:1051C000F7E76FF01204F4E7E1F7DCBF70B50D46C6
:1051D00004468668F36B98472846D3F70DF92046B6
:1051E000336C9847002070BD70B505468668F36B38
:1051F00098472869FFF715FE044620B133683BB194
:105200002846984704462846336C9847204670BD88
:105210000124F8E7F8B5044687680669FB6B9847F0
:105220002069FFF7F8FDC0B12069FFF7FAFDB8B9B2
:10523000C6F8A400FB6A20469847054640B9A03648
:10524000D6E8EF3F43F00203C6E8E23F002AF7D179
:1052500020463B6C98472846F8BD4FF0FF35F7E7EE
:105260006FF07705F4E7F8B5044687680669FB6BCD
:1052700098472069FFF7D5FD90B13B6B20469847D2
:10528000054606F1A003D3E8EF1F21F00201C3E8B1
:10529000E21F002AF7D120463B6C98472846F8BD0C
:1052A0006FF07705F7E72DE9F041054614460F4604
:1052B000D0F80880066911B30AB3D8F83C30984793
:1052C0002869FFF7A8FDB8B9C6E926742846D8F8BA
:1052D00034309847044640B9A036D6E8EF3F43F053
:1052E0000103C6E8E23F002AF7D12846D8F840304B
:1052F00098472046BDE8F0816FF07704F5E76FF03E
:105300001504F6E7F8B5044687680669FB6B98470D
:105310002069FFF786FDB0B92069FFF77CFDA8B1D1
:10532000BB6B20469847054606F1A003D3E8EF1F64
:1053300021F00101C3E8E21F002AF7D120463B6CAF
:1053400098472846F8BD6FF00F05F7E76FF077052F
:10535000F4E7F8B505464B7E076943F002034B7648
:10536000D7F8A8000E46FAF727F900228021284630
:10537000E1F708FF044678B101463046FAF71CF918
:105380000022637E43F0040363762846D7F8A81012
:10539000BDE8F840FFF7CDBD6FF00B02F5E7F8B5BB
:1053A00006690546D6F8A430022B1BD1D6F8A870A2
:1053B0008021FB68DA88E1F7E5FE044678B1014612
:1053C0003846FAF7F9F80022637E43F00203637669
:1053D0002846D6F8A810BDE8F840FFF7AABD6FF040
:1053E0000B02F5E76FF08500F8BDF8B506690022FD
:1053F00080210546D6F8A870E1F7C4FE044680B1C6
:105400001FB101463846FAF7D7F80022637E43F011
:10541000040363762846D6F8A810BDE8F840FFF7E5
:1054200088BD6FF00B02F5E74A7E42F004024A762F
:105430000022FFF77EBD0369D3F8A400431E584243
:10544000584170470369D3F8A400831E584258415D
:1054500070470369D3F8A400031F584258417047AE
:105460000369D3F8A400431F5842584170470369A9
:10547000D3F8A400C31E584258417047002070471B
:10548000036993F8800000F0010001307047E6F7EF
:1054900079BB08B50369D3F8AC00F830E6F7D0F86B
:1054A000002814BF6FF00400002008BD08B5036990
:1054B000D3F8AC00F830E6F7A9F8002814BF6FF075
:1054C0000400002008BD08B50369D3F8AC00F8302B
:1054D000E6F7A4F9002814BF6FF00400002008BD0F
:1054E00008B5036991F82410D3F8AC004B0601D13C
:1054F000002008BDF830E6F74DF90028F8D06FF02D
:105500000400F6E707B50369D3F8AC0091F824303E
:105510005A0603D1002003B05DF804FB40F20752A5
:105520008DF8023091F82530F8308DF80330CB8CAF
:10553000ADF80020ADF8043091F8283069468DF8B8
:105540000630E6F78DF80028E4D06FF00400E2E7BB
:1055500010B503690C46D3F8AC0091F82410F8306C
:10556000E6F7CEFA30B994F8203060F3410384F8BE
:10557000203010BD6FF00400FBE710B503690C4646
:10558000D3F8AC0091F82410F830E6F795FA30B96A
:1055900094F8203043F0020384F8203010BD6FF0FF
:1055A0000400FBE7F8B5036905460E46D3F8AC40A6
:1055B000EFF31187102383F31288BFF36F8F91F8F5
:1055C0002410FFF772FC014620B16FF070022846EC
:1055D000FFF7AFFC04F1F80096F82410E6F706FA9E
:1055E000044658B9024696F824102846FFF730FCC6
:1055F00087F31188BFF36F8F2046F8BD6FF004006A
:10560000FBE7F8B504460E460021FFF710FC2369BE
:105610000546324620460021D3F8AC70FFF7D4FD92
:10562000044688B10146284604F00BFE638AE2680E
:1056300095F8241007F1F800E6F700F9002814BFE8
:105640006FF004000020F8BD6FF00B00FBE738B5E9
:1056500004460D46FFF704FFA0B129462046FFF798
:10566000E3FE20462946E1F7BDFD2046FFF7F1FEA7
:1056700070B120460021FFF7C4FF2846BDE838403E
:10568000D2F7BABE2046FFF7F2FE0028E5D1E8E7E0
:1056900038BD7FB50BAB059303930A9B01220293A0
:1056A00000231846CDE90033CEF79EFD07B05DF824
:1056B00004FB006984304FF0FF324FF0FF33F3F703
:1056C000DFBF00698430F4F753B80020704738B565
:1056D0001446456849B142B12878E4F7F7FA6B6897
:1056E000B0FBF3F02060002038BD6FF01500FBE741
:1056F00008B5E4F765FA002008BD08B543681868E6
:1057000004F0C4FA00280CBF6FF01200002008BD9E
:1057100010B40029036909DC1C68944201D11C798A
:105720004CB91A605DF8044BCBF7D6BE6FF015008C
:105730005DF8044B70476FF07700F9E708B5E6F7BE
:1057400027FD002008BD7FB514460D46B9B10CB940
:10575000204609E0102C6846264628BF1026E6F7AA
:1057600037FD18B16FF03C0004B070BD28463246DA
:105770006946A41B05F0B4FB3544A4B2E7E76FF01B
:105780001500F1E730207047E8F7C6BD7FB50BABD9
:10579000059303930A9B0122029300231846CDE947
:1057A0000033CEF721FD07B05DF804FBF8B54B7868
:1057B0000D461469002B43D040F20123A4F818379A
:1057C00016690021D6F804375F6B5A7D38681201DC
:1057D00005F0ADFBD6F8043700211A7D7868120178
:1057E00005F0A5FB06F5E06001F09FFAD4F8043758
:1057F00004F5E066196900223046E8F7CDFC2B7805
:10580000013B032B16D8DFE803F00217151901231B
:105810003046C4F81C37002101F09FFA40F2012302
:10582000A4F81837012384F81B372068BDE8F84036
:10583000FBF738BB0423EBE70223E9E70323E7E7A1
:105840004FF4807284F81B37A4F818272068BDE84D
:10585000F840FBF73ABB7FB50BAB059303930A9B6C
:10586000029300231846CDE90033CEF7BDFC07B004
:105870005DF804FB30B4054680680C46134638B129
:105880002978E2B28468E46834B1A44630BC604749
:105890006FF0850030BC70476FF05700FAE7406842
:1058A00092B2FFF7E7BF30B4054680680C46134656
:1058B00038B12978E2B28468A46834B1A44630BC17
:1058C00060476FF0850030BC70476FF05700FAE713
:1058D00073B5044605690E46406804210DF10202C5
:1058E000FFF7E1FF002803DA6FF0040002B070BD9B
:1058F0000021606801AAFFF7D6FF0028F4DB95F8C5
:105900005C3060683BB9B007BDF802300BD423F0BF
:1059100040039BB209E009210DF10602FFF7C3FF26
:105920000028F0DAE0E743F04003F1075ABF23F024
:1059300020039BB243F0200332075ABF23F4807345
:105940009BB243F48073700756BF23F0800343F08B
:1059500080039BB2ADF8023095F85C30BBB9BDF85E
:105960000430042143F48053BDF802206068ADF890
:105970000430FFF77FFF0028B6DB0021BDF80420CC
:105980006068FFF777FF0028AEDB0020AEE7BDF8C8
:105990000620B1065ABF22F4007292B242F400729D
:1059A000F30656BF22F4807242F4807292B209214B
:1059B0006068ADF80620FFF75DFF0028CFDA93E7B7
:1059C0004068FFF770BF70B506690C4606F14405E4
:1059D0004FF0FF324FF0FF332846F3F785FFB6F85C
:1059E000403023802846F3F745FF002070BD13B5F3
:1059F000046963683BB101A9FFF7E5FFD4E901320F
:105A0000206801A9984702B010BD08B50369C3E931
:105A10000112FFF7ECFF002008BD2DE9F3411C4601
:105A20000023904682682360A3600D46536969464F
:105A300001AA9847019B5A1E019223B96FF01500E5
:105A400002B0BDE8F0810098A268476821686760ED
:105A500085B9A8EB02030668B34228BF334603FBAF
:105A600007111A442160A26002689A4206D80830E1
:105A70000090DFE76B1AB3FBF7F3ECE70020DFE7FA
:105A800013460022FFF7C9BF13460A460021FFF75D
:105A9000C4BF07B5836869465B6901AA98470020BF
:105AA000019B5A1E019213B903B05DF804FB009BE1
:105AB00053F8082B10440093F2E700290ADBC3686F
:105AC0008B4207D95B1A934204D3891834BF012053
:105AD000002070470020704703690020DB68C1E99F
:105AE0000030704740687047F8B50769154638467A
:105AF0001A460E461C46FFF7E0FF38B124B1B968DC
:105B00002846314405F0ECF90020F8BD6FF015008F
:105B1000FBE738B5436805691B689847284605F1D7
:105B20005C01E4F717FC044638B9012205F1440092
:105B3000114604F0C6FB204638BD6FF00400FBE7B9
:105B4000436800209B68DB889BB20B60704743680A
:105B5000986803889BB25A400A4053409BB2038026
:105B600000207047436800209B681A88114389B25F
:105B700019807047436800209A6813889BB223EA13
:105B8000010313807047436800209B681A885140C6
:105B900089B21980704710B503695868F8B1884216
:105BA00019D19C680868A142586000D19860002013
:105BB00008602AB15A680A609A68596002B9996007
:105BC000002010E0814206D1086820609868814278
:105BD000EDD19C60EBE7044600680028F2D1002A72
:105BE000E8D16FF0150010BDF0B5002204460C2678
:105BF0000569AA4201D10020F0BDE36806FB02302E
:105C00000023D0F808C0634501D10132F1E74768AD
:105C1000FF5C8F42F0D00133F5E770B502690B46A7
:105C20005168064619B101250C689D4001B970BD47
:105C30008A682A4002D030464B6898471CB12368D6
:105C400021461C46F2E72346FAE76FF057007047FB
:105C50006FF0570070476FF0570070476FF05700B4
:105C6000704703690020D3F89C300B6070470368CD
:105C700002791B6983F8942003F17C00F3F7FABDE5
:105C80007FB50BAB059303930A9B0122029300237C
:105C90001846CDE90033CEF7A7FA07B05DF804FB4C
:105CA00073B5056914461E4685F830104FF0FF3372
:105CB0004FF0FF322846F3F7E3FC214601AA05F135
:105CC0002C0000F057FE04462846F3F751FD24B996
:105CD0002046019B338002B070BD6FF00400FAE7EC
:105CE00070B5046915461E4684F830104FF0FF3336
:105CF0004FF0FF322046F3F7C3FC2946324604F149
:105D00002C0000F003FE05462046F3F731FD002D80
:105D100014BF6FF00400002070BD30B5036813603D
:105D20000579046804EBC504A34202D36FF00100B7
:105D300030BD5C798C4201D00833F0E70020F7E7F2
:105D40007FB50BAB059303930A9B012202930023BB
:105D50001846CDE90033CEF747FA07B05DF804FBEB
:105D6000E2F7DEBFE2F7DCBF08B558B163302CBF05
:105D70000121002164220023CBF73AF9BDE8084055
:105D800004F0CDBC08BD10B50469204604F087F9C5
:105D90000023636110BDF8B5876806467C689CB136
:105DA000436893F82630DB071DD405694FF0FF33B5
:105DB0004FF0FF322846F3F763FC6B69002B05DCDC
:105DC00000242846F3F7D4FC2046F8BD013B6B6164
:105DD000002BF5D17B6830469847041EBEBF6B6927
:105DE00001336B61EDE70024EEE7F0B4D0E9016325
:105DF0001B693BB177688F4208DB3568954205DC4B
:105E0000F0BC18476FF05700F0BC70476FF01500FA
:105E1000FAE7F0B4D0E901631B6A3BB137698F42FE
:105E200008DBF568954205DCF0BC18476FF05700B9
:105E3000F0BC70476FF01500FAE770B4D0E901626A
:105E4000956A03460C46A5B196F8242012B92B4654
:105E500070BC1847306A024410F8011BA14202D1FD
:105E600021461846F3E79042F6D16FF0850070BCEA
:105E700070476FF05700FAE72DE9F3410E46D0E97D
:105E8000014794F825108046FF2905690FD194F841
:105E90002610C1F38101022914D0D8F80830003946
:105EA0001B6B18BF01214BB96FF0570003E0FFF7E0
:105EB000C4FF0028EBDA02B0BDE8F0814046984705
:105EC0000028F8DBA268B2F1004F05D01146404629
:105ED000FFF78BFF0028EEDB6269B2F1004F05D0BF
:105EE00011464046FFF795FF0028E4DB2368B3F135
:105EF000004F14D0D8F808305B69002BD4D040464E
:105F000001A998470028D6DB2268019B9A421CDD34
:105F100011464046FFF769FF002805DACBE76FF02E
:105F2000004362689A42E5D19EB994F826309B07F7
:105F300016D040463B6898470028BCDBA069FFF7B5
:105F400013FF6B6901336B610AE062689342EBDD1A
:105F5000DEE76B6901336B6194F82630DA0601D411
:105F60000020A8E74046FFF716FFA4E7012303FA45
:105F700001F103691B68194218BF82F0010212B1D6
:105F80008368DB68184783681B69FBE708B54368CB
:105F9000986A38B1012293F82C10FFF7E7FF00EA66
:105FA000E07008BD6FF08500FBE743681868B0F14A
:105FB000004018BF012070470346084631B95B68AE
:105FC0001B68B3F1004F01D0136070476FF01500EC
:105FD00070474368986A20B1002293F82C10FFF7AD
:105FE000C5BF6FF0850070470269436812795B682E
:105FF0002AB1DA8AD00607D14FF0FF3070471A79FC
:106000005206F9D55B7900E05B7CDBB200200B70B7
:1060100070470269436812795B6832B1DA8AC2F369
:106020000422082AFAD8D97370471A79D209FCD009
:10603000D970704743685A681379D9B213F02003B6
:106040001ABF20230120184611F0080F1CBF43F08F
:10605000080340F00200C906117948BF43F010035D
:1060600021EA030348BF40F0040013717047F0B504
:10607000066945683079D8B9002A18DD6B68187947
:10608000C0091EBF0A780120DA7010E00C5C0130F4
:10609000DC73141A002C6B6805DDDC8A3779C4F3D5
:1060A0000424BC42F2DB1A7902F07B021A71F0BDC3
:1060B0000020EEE730B54468006963680079F0B904
:1060C000002A07DD1A79C2F38010520642BF012070
:1060D0005B790B706268137903F0BF0313710DE0F5
:1060E0005B7C0B540130151A002D636802DDDD8ADC
:1060F000ED06F5D11A7902F0BE021A7130BD00200A
:10610000F1E70269416812794B684AB11A7902F0E5
:106110007B021A714A68937843F084039370704746
:106120007B22F6E743685A68937803F07B03937009
:1061300070474268036952681879927828B1D20989
:1061400006D0D86FC0F3C0107047D209F9D170479C
:106150000020FCE743685B689B785B0743BF0369EB
:10616000D86FC0F3800000207047416802694B6817
:1061700010791A7940B102F0BE021A714A68937818
:1061800043F040039370704760F38612F5E743686D
:106190005A6893786FF38613937070474268036967
:1061A00052681879927840B151060CD5DB6F13F024
:1061B000410F14BF012000207047520604D5D86F4C
:1061C000C0F380107047002070470269436812795D
:1061D0005B688AB19A781B791106D0B2DBB202D51E
:1061E00013F0840F17D110F0400015D013F0790F81
:1061F00014BF0120002070479A781B79D0B2120694
:10620000DBB202D513F0840F05D110F0400003D0AB
:1062100013F0780FECE7012070474268016953687A
:1062200001201B79DBB2CB67516883F038030A7910
:1062300013400B7170470369C3E91D12704702696F
:106240000020536B0B60936B4B6070472DE9F3415B
:10625000436805690021186801AAFFF75EFD041E66
:1062600022DB019B002219791868E2F7F7FC041E73
:106270001ADB05F13C0605F15C0705F170084346A1
:106280003A46314605F13400E2F7EEFE044658B9CD
:106290003146C5F86080AF65281DE3F711FE38B9B7
:1062A00095F94700D1F7F0FB204602B0BDE8F08138
:1062B0006FF00404F8E730B50446086808B91060C8
:1062C00008E0206845689D4205D3B5FBF3F51560ED
:1062D0002368186830BD08302060086801380860FD
:1062E000EBE77FB50BAB059303930A9B0293002367
:1062F0001846CDE90033CDF777FF07B05DF804FB12
:1063000003460A4619790123006803FA01F103697B
:106310001B68194218BF82F0010212B18368DB6862
:10632000184783681B69FBE710B504460068D0B1C5
:106330008368C3B149B101210830FFF7E1FF236849
:106340001869BDE8104003F092BC12B98388DB04E1
:1063500009D4006903F08BFC20680021BDE81040DF
:106360000830FFF7CDBF10BD10B501220021044653
:10637000FFF7DAFFA36933B9636004F11000BDE8E9
:106380001040F3F777BA10BD08B50069FFF7ECFFCE
:10639000002008BD10B583681C690379012B10D05B
:1063A000033B052B14D8002220461146FFF7BCFF03
:1063B0006FF00403236404F12800BDE81040F3F7F4
:1063C00059BA002220461146FFF7AEFF0023F1E73D
:1063D00010BD7047A0F101000028FBD1704710B537
:1063E0000446E3F701FD2046BDE81040E3F71CBD7D
:1063F00008B5E3F70BFDBDE80840FFF7F0BF70B547
:1064000014460D4606461046E3F71AFD2046E3F70C
:10641000DDFC324629462046BDE87040E3F7F6BC75
:1064200037B5C36B04460A466D468BB193E803004B
:1064300085E803001A70226C18465A60A26B9047D8
:10644000E36B1BB195E8030083E8030003B030BDA4
:106450002B46EFE75B0870B503630023B2F1006FD2
:106460000446C0E90A1280F8343003D2BDE8704017
:1064700005F082B8E3F7D6FE034620BB62681278C7
:10648000D2B10122064684F8342032460421204647
:1064900005F07AF8626803461278A2B918224FF420
:1064A000805105F075F8236B05463BB10028ECD010
:1064B00005F05EF82B4606E0E668E6E705F058F8DA
:1064C0000346002DF6D1184670BDEFF30380103857
:1064D00040B27047416002720020704737B5836B4D
:1064E00004460A466D46A3B193E8030085E803001D
:1064F000E16B1A7119601846626B9047A36B1BB170
:1065000095E8030083E80300002384F82B3003B0F0
:1065100030BD2B46ECE7C0E90512017A80F82A303D
:1065200043680129DAB20FBF0023DB0903F00E0331
:1065300043F0F00318BF022180F825304FF000032C
:1065400004BF5200D2B280F8242080F8261080F8D0
:106550002930E4F76DB910B5044629B1002203696A
:10656000DA710168E4F7DCF994F82620002384F856
:106570002820A26984F82C302262B322E36184F8D7
:106580002A302369DA7110BDC0E90512017A80F85A
:106590002A3043680129DAB20FBF0023DB0903F078
:1065A0000E0343F0F00318BF032180F825304FF0AD
:1065B000010302BF520042F00102D2B280F824204F
:1065C00080F8261080F82930E4F732B9D0E9023299
:1065D00000209A607047D0E9023200205A6070476C
:1065E00083684A1E9A6643681B782BB983684908FA
:1065F00001395965836899658368D96AC90707D4E1
:106600005A664FF4AA0283681A64D0E90232DA604B
:10661000002070474FF00043826813618268536125
:106620008268936100238268536282689362704734
:1066300030B58568AC6E013409B18C4220D8406811
:1066400013F0010F00786B6B0CBF03F01F03C3F353
:106650000443032807D91B0983F0010349B963B137
:106660005CB103230AE003F00C03181F43424341CB
:10667000F4E78C42F5D8002BF3D00223536030BDF1
:1066800001391160FBE72DE9F3410023154602F0C3
:1066900003074FF0FF320646CDE900236A462B463A
:1066A0008846FFF7C5FFB2680199146BA9B915F0C8
:1066B000080F14BF0423022315F0020F00981FBF18
:1066C00003F1120C02EB8C025060B2680ABFDB19B6
:1066D0001333123302EB830250606B060CD5B268A1
:1066E000012F136C43F48003136412D1019B24F037
:1066F000407444EA036412E0012F16D1022DF5D153
:106700000029F3D001236A4641463046FFF790FF47
:10671000ECE724F4403444EA0144002FE6D10020A1
:10672000B3681C6302B0BDE8F08124F44034022D4C
:1067300044EA0144E4D0F0E7002801DBFFF758BE4B
:1067400070470B01022843EA811309D0032803D0C4
:10675000002914BF09200620184340F480707047B8
:106760000920F9E7F0B5C36806460D4687B0F3B1D6
:106770000469F4B1A44601AFBCE80F000FC7DCF810
:1067800000303B60B3681B682360736923612B464C
:1067900003CB6060A1601868E060F368204698470A
:1067A000356925B101AC0FCC0FC523682B6007B04C
:1067B000F0BD01ACE6E730B5006823F00104012824
:1067C00010460C4404BF03300232A14204D1DB075F
:1067D00044BF0B78037030BD31F8025B1580F4E7DD
:1067E00000BA704703460020C3E90300986018759B
:1067F000186070470621D0E902239268002A0FDC56
:10680000072182689268002A0DDC0721826892685D
:10681000002A0BDC062182689268002A09DC704796
:106820001960013AEAE71960013AECE71960013AA8
:10683000EEE71960013AF0E70221D0E902239268FD
:10684000002A0FDC032182689268002A0DDC0321F4
:1068500082689268002A0BDC022182689268002A12
:1068600009DC70471960013AEAE71960013AECE780
:106870001960013AEEE71960013AF0E7022A38B5EB
:1068800014BF4FF4A0434FF4C0430E2502798C008F
:1068900044EAC2141C43230406D4FFF7CDFF013D94
:1068A0004FEA4404F7D138BDFFF7A4FFF7E7002112
:1068B000D0E902239268002A0FDC012182689268E5
:1068C000002A0DDC012182689268002A0BDC00217D
:1068D00082689268002A09DC70471960013AEAE789
:1068E0001960013AECE71960013AEEE71960013AE4
:1068F000F0E783681A7BFF2A04D15B6923B15B68E8
:1069000013B118470120704718467047F8B5044680
:106910000F4616462025013D2046ADB2FFF76AFF1F
:10692000002DF8D101223946FFF7A8FF1025FFF707
:1069300061FFFFF781FF3304204613D4FFF77CFF8C
:10694000013D4FEA4606F6D1D4E902319B68DA17D9
:10695000920042EA93729B00012B72F1000004DA6C
:106960000020F8BDFFF746FFEAE7013B0D6062F14A
:106970000002F1E7F8B507460C4615462026013E11
:106980003846B6B2FFF736FF002EF8D12146022274
:10699000FFF774FF1024FFF78AFFFFF788FF3046E8
:1069A0000121FB68BA689268002A21DC1A68C2F3E8
:1069B000C00242EA4606BA689268002A1BDCBA683E
:1069C0009268002A1ADCBA689268002A19DC013C35
:1069D000E8D1D7E902329B68D917890041EA93715F
:1069E0009B00012B71F100000EDA2E600020F8BD33
:1069F0001860013AD8E71960013ADEE71960013AF8
:106A0000DFE71860013AE0E7013B146061F1000143
:106A1000E7E713B5836840F6E152597B40F2E11392
:106A2000002908BF1A46044604210261FFF76EFFE1
:106A30004FF4905200212046FFF768FF04212046C2
:106A400001AAFFF797FF002002B010BD13B504465E
:106A500001AA0121FFF78EFF0121204601AAFFF7BD
:106A600089FF019B41F2883013F0040F18BF00200A
:106A700002B010BD0123F7B50F464FF400420021CC
:106A8000037505460026FFF741FF0021284601AAAD
:106A9000FFF770FF019C7B6814F4004406F10106C7
:106AA00003D0B342F1D814240BE0B342FBD9AB6856
:106AB0001A7BFF2A05D15B691BB11B680BB1284605
:106AC0009847204603B0F0BD2DE9F74305468846B8
:106AD0001446012101AA1F46FFF74CFF012101AA1C
:106AE0002846FFF747FF019A510704D441F2883046
:106AF00003B0BDE8F0832B695B0542BF236843F018
:106B0000020323602B691E0542BF236843F0010383
:106B10002360900651D5052101AA2846FFF72AFFD8
:106B2000019E710544BF02233B60320542BF3B68B2
:106B300043F001033B6016F0200404D001212846F5
:106B4000FFF7D7FE0446730606F0800906F4807747
:106B500015D502212846FFF7CCFE80B1B9F1000F10
:106B60001CD127B902240020C8F80040C0E7042146
:106B70002846FFF7BEFE0028F4D00424F3E7B9F15D
:106B8000000F0DD003212846FFF7B3FE40B197B1A7
:106B900004212846FFF7ADFEC41CE4E70224F1E718
:106BA00017B9002CA2D0DEE704212846FFF7A1FE8A
:106BB0000028E2D1F5E70324D5E741F2893097E7D1
:106BC000C0E90932016200207047F0B5446A054609
:106BD0008C4687B0FCB1274601AE0FCF0FC63B688D
:106BE00033609CF8043020462371DCF80830A36041
:106BF000DCF80C30E3606B681B782360AB6A2361C0
:106C00002B6A98476D6A25B101AC0FCC0FC523687C
:106C10002B6007B0F0BD01ACE3E7F8B5C37E0446D6
:106C2000012B0E4615462FD103691B689B052ED4F8
:106C30004068E368477847B91F68002F2ADBC069BE
:106C4000824227D8986804F04BF96368ADB25B784C
:106C5000012B04BFE3689E60E368DD80E26813688F
:106C600023F040531360E268136843F0304313602D
:106C7000E368DB68E36063699A68012A01D1002058
:106C8000F8BD01229A60FAE740F6A170F8E740F6F5
:106C9000A270F5E740F6A370F2E7F8B5C37E0446AC
:106CA000012B0F46164637D103691B689A0536D467
:106CB000A2681368002B35DBD4F804C09CF80230BE
:106CC0005BB913681B0608D52046E7F7CDF940F6F7
:106CD000A473002808BF1846F8BD106810F00060C3
:106CE00005D02046E7F7C0F90028E1D0F4E7958801
:106CF0009CF80530916813FA85F59DB19CF8013038
:106D000043B92A46384604F0EBF82046E7F7ACF9D9
:106D10003560E1E73960FBE740F6A170DCE740F65B
:106D2000A270D9E74FF47A60D6E770B5436806469B
:106D30009A693AB15A785C7D0AB91B7D1C440025DA
:106D4000A54200D170BD73680021D3E9060250F856
:106D5000250004F0ECF80135F2E730B5C269D0E95E
:106D60000434013A032A61D8DFE802F0154F021D0E
:106D70001A686FF341021A601A6842F004021A603E
:106D800000294AD01A6842F400721A601A6842F068
:106D900040021A6037E01A686FF341021A601A68FD
:106DA0006FF38202EBE71A6842F002021A601A6877
:106DB00042F004021A600029E4D142681279012AE3
:106DC0002BD14FF6FF725A6500225A662267196866
:106DD00041F400211960196862F3104119601968C3
:106DE00062F3514119604268D1781A6861F3000278
:106DF0001A601A6842F040021A601A6842F02002D3
:106E00001A6001232361002030BD1A6842F002029B
:106E10001A601A686FF38202CCE71A686FF31042A7
:106E20001A601A686FF351421A60DCE740F6A170ED
:106E3000EAE74FF48C72002104F079B818B14FF4EE
:106E40008C71E9F767BE704710B40C46012C1146EF
:106E50001A4608D81CB95DF8044BE7F7A9BE5DF8DF
:106E6000044BE7F7EBBC6FF020005DF8044B704774
:106E70002DE9FF4701291E46DDE90C348046154601
:106E800058D882B32A0758D1002949D10DF11009E9
:106E90001D44EC461A46674603F1100AE6461068A0
:106EA00051680832AEE803005245F446F6D1224656
:106EB00019464046E7F77CFEB0B933582258534094
:106EC000235004301028F8D132463B4603CB4B45C3
:106ED000106051601F4602F10802F6D1AA455346E0
:106EE00004F11004D5D1002004B0BDE8F087C258E9
:106EF00051F803C082EA0C02E2500433102BF6D1A1
:106F0000224621464046E7F799FC0028ECD1103D87
:106F1000214604F1100306D01C460023781BE6E747
:106F200031465F19F9E754F8042B9C4246F8042BCC
:106F3000F9D1D8E76FF02000D6E76FF02100D3E752
:106F40002DE9F04144681F46A36805460E46904669
:106F500033B110210120E9F7E9FDE06038B10446C2
:106F60000020C4E9017826606C60BDE8F0816FF014
:106F70006900FAE770B504680D1B002D02DC6FF0A4
:106F80005F0070BD94F900602378002E0ADB631C5B
:106F90000360237813600368C91A13688B42EED824
:106FA0000020EEE703F07F035C1E032C13D89D4204
:106FB000E5DD002414600468013404600468156889
:106FC0002478013B44EA05241460046804F10104B8
:106FD0000460F3D1DFE76FF06300D2E770B40468B8
:106FE0000E1B002E07DD26789E4208D10134046076
:106FF00070BCFFF7BFBF6FF05F0070BC70476FF0F1
:107000006100FAE773B51D46134601AA0446FFF76F
:10701000E5FF18B9019A1AB96FF0630002B070BDAC
:10702000236893F90030002BF6DB064623681978B5
:1070300039B106B10192042AEED809D10B06EBD47E
:1070400006E00133013A4FF001062360EED10192D0
:1070500000232B60019B013BE0D322682968127852
:1070600042EA01222A60226801322260F3E737B542
:107070000123154601AA0446FFF7B0FF58B9019B4A
:10708000012B0AD123681B78003B18BF01232B601A
:1070900023680133236003B030BD6FF06300FAE76B
:1070A00013460222FFF7AEBF73B50223154601AAAD
:1070B0000446FFF793FF40B9019E284632462168F7
:1070C00000F019FD23683344236002B070BD70B531
:1070D000032305460E46FFF781FF98B9136893B165
:1070E000013B13602B681B78072B13710ED82B689C
:1070F00001332B60936012681344B34218BF6FF0E2
:1071000065002B6070BD6FF05F00FBE76FF0630000
:10711000F8E72DE9F04F85B00092984603AA302396
:1071200004460E469DF838A09DF83CB0FFF756FF88
:10713000054610BB2368039A13449E421AD06FF091
:1071400065051AE05A1C226093F80090009B09EA3A
:107150000303434522D13146204603AAFFF70AFF25
:10716000D0B909EA0A0159452268039B09D022686F
:107170001A4422602368B342E4D3284605B0BDE830
:10718000F08F10990029F2D0DDE910704946019383
:10719000B847019B0028EAD00546EEE76FF061058D
:1071A000EBE738B503230446FFF718FF18B9136857
:1071B00013B96FF0670038BD013B136023681A787C
:1071C000002AF6D101332360F5E710B500B910BDF0
:1071D000C468E9F7B1FC2046F8E72DE9F341904691
:1071E0001F4601AA302305460E46FFF7F7FE044668
:1071F000F0B92B68F61A002E34DD42461B7828467B
:1072000042F8043B2E68019B1E4431460623FFF7DB
:10721000E5FE044660B92B68D8F80420C8F80830A9
:107220009918B142296007D10C213846E9F772FC60
:10723000204602B0BDE8F0819B5C3A4642F8043B30
:107240002B683146013328462B60FFF793FE60B967
:107250002B687A68BB601344B34218BF6FF06504B3
:107260002B60E5E76FF05F04E2E70446E0E710B566
:1072700000B910BD8469E9F75FFC2046F8E738B52E
:10728000A0F14003054602465A21DBB24120E7F750
:1072900067FEA5F146032A4604467A21DBB2612047
:1072A000E7F75EFE6B1D2A4639210443DBB230202E
:1072B000E7F756FE2B2105F11403E4B22A460443F6
:1072C000DBB20846E7F74CFE2F2105F11103E4B2CB
:1072D0002A460443DBB20846E7F742FEE4B2204305
:1072E000013840B238BD0139002901DA0020704769
:1072F00050F82130002BF6D0B3FA83F00131C0EB07
:107300004110704739B101F18041013900EB810131
:107310008142034600D270471B680A681BBA12BA42
:1073200040F8042B41F80439F2E72DE9F0411C46FE
:1073300013F0030318BF012303EB94038B420646AB
:107340000D46904613D879B18F003A46002103F0DC
:10735000EEFD2CB1381B22464146304403F0C0FDFF
:1073600029463046FFF7CEFF0020BDE8F0816FF0E0
:107370000700FAE7B3EB810F70B504464FEA8105C9
:10738000104619D95A1B8618002103F0D0FD30464B
:107390002B460021C2188B4210D1002070BD22F074
:1073A0000301615802F00306F600F140C9B281B949
:1073B0000132AA42F3D1ECE71A46FAE721F00300C2
:1073C000205801F00305ED00E84002F8010D0131FD
:1073D000E1E76FF00700E1E7F8B50546500988429C
:1073E0000C4602F01F0601D80AD136B12846A20089
:1073F0000021BDE8F84003F09ABD1F2A02D8F8BD6D
:107400001F2A0FD9820005EB8003291F05EB840793
:10741000BB421AD1201A38BF0022002105EB8000A0
:1074200003F085FD002EEAD0002205EB8404C6F1AE
:107430002000AC42E3D054F8041C21FA06F31343B5
:1074400044F8043D01FA00F2F3E753F804CB41F8A5
:1074500004CFDDE71F2AF8B503460D464FEA521464
:1074600002F01F0613D96FF003000A4600FB043038
:10747000944202F1FF3113D3621BAC4288BF002259
:107480002A4418460021920003F051FD034636B10C
:10749000002103EB8403C6F12007AC4206D3F8BDFC
:1074A00050F8212043F821200A46E1E7186801340A
:1074B00000FA06F20A4343F8042B20FA07F1ECE73E
:1074C000F0B50024844620469C4200D1F0BD51F81E
:1074D000245052F824702E182CBF01250025BF1906
:1074E0004CF8247045F100000134EDE7F0B50024BC
:1074F000064620469C4200D1F0BD51F824C052F807
:107500002470ACEB0005AF4294BF4FF0000E4FF07B
:10751000010EED1B46F8245084452CBF70460EF139
:1075200001000134E6E78B4228BF0B462DE9F04706
:107530009646DE080446C91A03F007087546034656
:10754000B4460020089A0CF1FF3CBCF1FF3F03F168
:10755000200305F1200511D104EB461425460EEB5E
:1075600046164FEA880C06EB880E764540F081807F
:107570006444013980F08B80BDE8F08755F8207CA9
:10758000A2FB079710EB090953F8200C47F10007FD
:1075900010EB090043F8200C55F81C0C47F10007CC
:1075A000A2FB00093F1853F81C0C49F10009C0194F
:1075B00043F81C0C55F8180C49F10009A2FB000710
:1075C00019EB000953F8180C47F1000710EB0900FC
:1075D00043F8180C55F8140C47F10007A2FB0009FA
:1075E0003F1853F8140C49F10009C01943F8140C62
:1075F00055F8100C49F10009A2FB000719EB00092E
:1076000053F8100C47F1000710EB090043F8100C79
:1076100055F80C0C47F10007A2FB00093F1853F87E
:107620000C0C49F10009C01943F80C0C55F8080C72
:1076300049F10009A2FB000719EB000953F8080CF7
:1076400047F1000710EB090043F8080C55F8040C4B
:1076500047F10007A2FB000A17EB000953F8047C6E
:107660004AF1000017EB090740F1000043F8047CE1
:1076700069E756F8043BA2FB0337C318286847F1B3
:107680000007C31847F1000045F8043B6DE7236885
:107690001B182CBF0120002044F8043B69E72DE9AA
:1076A000F347DDF8289015464A440F469200002122
:1076B00006469846002403F03AFC05F1010A4C45C1
:1076C00002D102B0BDE8F08758F8243006EB840000
:1076D00000933A462B465146FFF725FF0134EEE76B
:1076E00003230168881C400000F00800084400FBE8
:1076F00001F2013BC2F1020202FB00F0F7D140426D
:1077000070472DE9F04F87B0139D00242E46049357
:10771000109B91460293DDE911834FEAC80283462C
:107720008A46284600210432059303F000FC08F144
:1077300002030393444515D105EB84012346029AC5
:10774000584651F82450FFF7D1FE6840E7F7B2FCE5
:107750000A4600235946A600109607B0BDE8F04F30
:10776000E8F7D8B95AF82430D9F8002037683046FD
:1077700002FB0377059A0399574300934A46049BFB
:10778000FFF7D1FEDDE90221304643460097FFF7BF
:10779000CAFE04360134CDE738B50D460121044652
:1077A00000F060F988B9E9882046890100F0BFF946
:1077B00058B92A462146204600F00CFC28B920463C
:1077C000E988BDE8384000F0E7B838BD2DE9F0475A
:1077D00012F0030418BF012404EB92048C42064605
:1077E000884617461D464FEA840AC2EB840919D819
:1077F0004A46002103F09BFBA8EB04020021920003
:1078000006EB0A0003F093FB3A46089806EB0901E1
:10781000A847054618B921463046FFF773FD2846AC
:10782000BDE8F0876FF00305F9E74901502934BF3F
:107830000122032201239340033358430130704750
:1078400010B586B00B9C04940A9C03940024029407
:10785000099C0194089C0094E7F750FC06B010BD09
:1078600010B586B00B9C04940A9C03944FF02A3404
:107870000294099C0194089C0094E7F73FFC06B031
:1078800010BD30B50546104600229A4200D130BDE9
:1078900051F82240241A45F8224034BF012000202C
:1078A0000132F2E7034600EB810100208B4201D157
:1078B000E7F700BC53F8042B1043F7E71FB5089C0B
:1078C00000920394069C079ACDE90134FFF719FF53
:1078D00004B010BD30B51C46012387B00B9D00924B
:1078E00003950A9D05AACDE901450593FFF709FF18
:1078F00007B030BD00220123C0E90023704710B556
:10790000044648B1006818B1E188890000F092FF90
:1079100000220123C4E9002310BD42F210739942F2
:1079200070B504460D4602D96FF00F0070BDC388D4
:107930008B4201D30020F9E704212846E9F7F6F845
:1079400006460028F0D0216841B1E288920003F099
:10795000C7FAE1882068890000F06CFFE5802660A6
:10796000E8E738B504460D4619B9FFF7C8FF00200F
:1079700038BDC2888A4207D100210068920003F016
:10798000D6FA0123A380F2E7FFF7B9FF2946204684
:10799000BDE83840FFF7C1BF42F21073994270B59D
:1079A0000A46054602D96FF00F0070BDC3888B42AE
:1079B00007D8BDE87040FFF7B0BF296851F8231021
:1079C00011B9013B002BF8D15C1C944238BF14461E
:1079D00004212046E9F7AAF806460028E3D02968E2
:1079E00039B1A20003F07CFAE9882868890000F028
:1079F00021FF0020EC802E60D7E7884270B5054655
:107A00000E4609D0C988C28841B92AB10123920023
:107A10008380006803F08BFA002070BD4C1E8CB987
:107A2000B6F904300134A242AB8012D22146284676
:107A3000FFF773FF0028F0D131682868A20003F037
:107A40004FFAE9E7336853F82430002BE8D1013CC2
:107A5000E5E72868121B0021920000EB840003F088
:107A600066FAE9E770B50C4601210546FFF755FFB8
:107A7000064688B9EA8801469200286803F057FA5A
:107A800084EAE472A2EBE472E40FC4EBC4342B6822
:107A9000640001341A60AC80304670BDC388B1EB1D
:107AA000431F3FBF03684A0953F8220001F01F013A
:107AB0003ABFC84000F00100002070470022C18892
:107AC000914201D800207047036853F8223033B147
:107AD00093FAA3F0B0FA80F000EB42107047013245
:107AE000EEE7C1880068FFF7FEBB08B5FFF7F9FFB6
:107AF0000730C00808BD70B50E4612F0030118BF6C
:107B0000012101EB920105461446FFF72AFF38B91F
:107B100023463246E9882868BDE87040FFF705BC77
:107B200070BD13460A46C1880068FFF723BC38B50C
:107B300004460D46FFF7D5FFE3882844B0EB431F0A
:107B400006D820682A46E188FFF784FC002038BD6B
:107B500010F01F0118BF012101EB50112046FFF763
:107B6000DCFE0028EDD0F2E708B50A46C18811B165
:107B70000068FFF731FC002008BD10B5C38823B9A9
:107B8000CA885AB9ABB1012017E0026802EB830240
:107B900052F8042C002AF3D1013BF0E70C6804EB07
:107BA000820454F8044C0CB9013AEAE79342EAD84B
:107BB0000FD3013B5A1C01D1002010BD026852F8BE
:107BC00023400A6852F823209442DCD803F1FF33A3
:107BD000F0D24FF0FF30F0E730B5C38823B9CA8840
:107BE0005AB9002B3DD136E0026802EB830252F80D
:107BF000042C002AF3D1013BF0E70C6804EB82056A
:107C000055F8045C4DBB013AEAE7B1F9045003D2E0
:107C1000B1F90400404226E0B0F90420002A03DD57
:107C2000002D0CDA01201EE0002D08DD3AB14FF0E6
:107C3000FF3018E003F1FF330BD2504213E0013B59
:107C4000016851F8235054F823108D42F2D91046A0
:107C500009E0591CF4D1002005E0002BD8D0934254
:107C6000D3D9B0F9040030BD1FB581EAE173A3EBAD
:107C7000E17301930123C90FC1EBC1314900013107
:107C8000ADF80C10ADF80E3002A901AB0293FFF76E
:107C9000A3FF05B05DF804FB90422DE9F0410546D5
:107CA0000F46144602D0884206D127460123AB80F6
:107CB000FC883CB9002003E0FFF79FFE0028F4D0C9
:107CC000BDE8F0813B684FEA840803EB840353F876
:107CD000043C0BB9013CECE721462846FFF71DFEAA
:107CE0000028EDD12E6823463A6831463046FFF72A
:107CF000E7FB074606EB0803002FDBD0EA88661C8B
:107D0000A24208D831462846FFF707FE0028D7D1FF
:107D10002B6803EB84031A683446D2192CBF012761
:107D2000002743F8042BE7E72DE9F04105460E460E
:107D30009046D4883CB9F188A1420ED26FF0090771
:107D40003846BDE8F081D8F8003003EB840353F8DF
:107D5000043C002BEFD1013CECE72846FFF7DDFDAA
:107D600007460028ECD1F28894420BD2AE4209D0EB
:107D700028683168121B920001EB840100EB84003B
:107D800003F0AEF8EA88F088824207D92B68121A0D
:107D90000021920003EB800003F0C9F8D8F800201E
:107DA000234631682868FFF7A1FB024610B901237A
:107DB000AB80C5E72968EB8801EB840108461B1BF3
:107DC000FFF75FFD0028F2D0B8E72DE9F843B1F9DD
:107DD0000440B2F804C081461CFB04FC66467343B1
:107DE0000D4617461CD511462846FFF7C6FEB0F1D2
:107DF00000080DDB3A4629464846FFF795FF98B93B
:107E0000B8F1000F08BF01240020A9F804400BE0DE
:107E10002A464846FFF788FF30B9644224B2F3E7A8
:107E2000FFF73AFF0028EFD0BDE8F8830123FFF702
:107E3000CCBF4FF0FF33FFF7C8BF1FB582EAE27334
:107E4000A3EBE27301930123D20FC2EBC2325200C3
:107E50000132ADF80C20ADF80E3002AA01AB02934E
:107E6000FFF7E4FF05B05DF804FB1FB582EAE2739B
:107E7000A3EBE27301930123D20FC2EBC232520093
:107E80000132ADF80C20ADF80E3002AA01AB02931E
:107E9000FFF7CFFF05B05DF804FB2DE9F0470123A4
:107EA0001646002286B0884207460D46CDE90223D9
:107EB000CDE9042306D102A8FFF79FFD0446002860
:107EC00033D102ADB74206D1394604A8FFF795FD7C
:107ED000044650BB04AEB5F80680B8F1000F2ED1B1
:107EE000B6F80690B9F1000F33D14FF0010A3846C9
:107EF00009EB0801FFF711FD0446B0B90146384609
:107F0000FFF7B0FD044680B9CDF8009042463368D3
:107F100029683868FFF7C3FBBAF1000F22D1AB889C
:107F2000B28813FB02F31BB2BB8004A8FFF7E7FC87
:107F300002A8FFF7E4FC204606B0BDE8F0872B68F6
:107F400003EB880353F8043C002BC9D108F1FF3838
:107F5000C3E7336803EB890353F8043C23B909F101
:107F6000FF39BFE70123DFE7B8FA88FA4FEA5A1A68
:107F7000BDE72DE9F341054688461646CF883FB157
:107F8000D8F8003003EB870353F8043C3BB146B903
:107F90000021284602B0BDE8F041FFF763BD013F74
:107FA000EDE72846791CFFF7B8FC044670B9414656
:107FB0002846FFF722FD044640B9013E00963B46A5
:107FC000D8F80020E9882868FFF7ADFA204602B00B
:107FD000BDE8F08170B504460D46104600211646F6
:107FE000FFF742FE002824DB2A46334621460020C4
:107FF000E7F762F9054638B1284670BD324621469A
:108000002046FFF713FF90B900212046FFF72CFE12
:108010000028F3DB31462046FFF7DEFD0028EBDBCE
:10802000324621462046FFF704FF0028F2D00546DD
:10803000E2E76FF00905DFE72DE9F04F89B006466A
:10804000DDE912588B462846002191460593FFF73B
:108050000BFE002805DC6FF00304204609B0BDE8E4
:10806000F08F2B681B68D907F5D500214846FFF72C
:10807000FBFD0028EFDB4846FFF733FDB0F5005F5E
:10808000E9D82846FFF72DFDB0F5005FE3D8B9F831
:10809000061031B90121304609B0BDE8F04FFFF7B5
:1080A000E1BCE888FFF7C1FB04218246E8F73EFD0A
:1080B0000746002800F0AA80002201234FEA8A0A1E
:1080C000CDE90623B8F1000F0DD1294606A8FFF728
:1080D00063FB044600B35146384600F0ABFB06A8EC
:1080E000FFF70DFCB9E7D8F80030002B6ED106ABD6
:1080F00018462946FFF750FB06AB044640B15146EF
:10810000384600F097FBD8F80030002BA5D1E6E701
:1081100093E8030088E8030059463046FFF76DFCFA
:108120000446002867D1012329463046B380FFF773
:1081300053FD002857DA3046E988FFF7EEFB044686
:10814000002858D12868FFF7CBFA069B00900297C9
:1081500001933168EB882A6804900846FFF7AEFB6C
:10816000059B0698B9F806203168B3F12A3FEB88E1
:10817000CDE902070192D9F80020084600922A684A
:1081800041D1FFF76DFB049B019700933168EB88A9
:1081900008462A68FFF79EFBBBF904B0BBF1FF3F1E
:1081A00029D1D9F800301B68DB0724D5F188306865
:1081B000FFF778FB01225946E7F770F83246B080A6
:1081C00029463046FFF732FE044614E04046E9886F
:1081D000FFF7A3FB0446002891D198E8030008AB01
:1081E00003E9030098E72A4631463046FFF7F2FEDE
:1081F000044600289FD05146384600F01BFBB8F1DA
:10820000000F80D16BE7FFF71BFBBCE76FF00F049B
:1082100023E713B5049CCDE900340023FFF70CFFDE
:1082200002B010BD13B5049CCDE900344FF02A33E1
:10823000FFF702FF02B010BD2DE9FF4101231646F2
:108240000022054668468846CDE90023CDE9022391
:10825000FFF7D3FB0446002855D1314602A8FFF7AB
:10826000CCFB044600284ED16846FFF727FC0746A2
:1082700002A8FFF723FC064650B9214602A8FFF7E3
:108280000DFC28B941462846FFF7B7FB04463AE003
:108290000123ADF80C30ADF8043000216846FFF73B
:1082A000E3FC50B9B742394602A828BF3146FFF770
:1082B0003EFC044638BB02A9E5E76846FFF7FEFB33
:1082C00001466846FFF750FC0446E0B902A8FFF7F4
:1082D000F5FB014602A8FFF747FC044698B968463B
:1082E00002A9FFF779FC002817DB6946684602AA55
:1082F000FFF71AFD044630B901216846FFF734FC48
:1083000004460028C9D06846FFF7F9FA02A8FFF72B
:10831000F6FA204604B0BDE8F08102A96A46084694
:10832000FFF702FD04460028EDD1012102A8E5E790
:10833000F7B50C4611F0030118BF012101EB9401C0
:10834000054616461F46FFF70CFB38B934B10097B7
:1083500033462246E9882868FFF738FA03B0F0BDB3
:108360002DE9F041064688461046012192B0154697
:10837000FFF77AFC002840F34381002301272A46B7
:1083800041466846CDE90237CDE90437CDE90637E5
:10839000CDE90837CDE90037CDE90A37CDE90C370B
:1083A000CDE90E37CDE91037FFF746FF0446002828
:1083B00040F0978039466846FFF756FC002840F0A9
:1083C0001C812A46414602A8FFF704FE0446002805
:1083D00040F0878002A904A8FFF70FFB044600289D
:1083E0007FD129460AA8FFF708FB0446002878D168
:1083F00029460CA8FFF701FB0446002871D1394635
:1084000006A8FFF72FFB044600286AD1014608A8FA
:10841000FFF728FB0446002863D101460EA8FFF7AA
:1084200021FB044600285CD1394610A8FFF71AFB4F
:108430000446002855D1049B1B68D8073CD50C9BEB
:108440001B68DB0740F182800CA904A8FFF7C4FB7E
:108450000028C0F2AB8004A908460CAAFFF7E9FC8B
:10846000044600283DD106A908460EAAFFF7E1FC04
:108470000446002835D110AA08A90846FFF7D9FC00
:10848000044670BB002104A8FFF7EEFB0028D2D100
:1084900000210EA8FFF7E8FB0028C0F29A802946C9
:1084A0000EA8FFF799FB002880F29D8030460EA9A8
:1084B000FFF7A3FA044614E0012104A8FFF754FBD8
:1084C000044670B9069B1B68DF0729D4089B1B680C
:1084D000DC0725D4012106A8FFF746FB0446002847
:1084E0002FD002A8FFF70BFA04A8FFF708FA06A896
:1084F000FFF705FA08A8FFF702FA6846FFF7FFF949
:108500000AA8FFF7FCF90CA8FFF7F9F90EA8FFF786
:10851000F6F910A8FFF7F3F9204612B0BDE8F08194
:1085200006A908460AAAFFF781FC04460028D8D10C
:1085300008A9084602AAFFF77CFC04460028C9D017
:10854000CFE7012108A8FFF70FFB71E701210CA875
:10855000FFF70AFB04460028C3D10E9B1B68D9070E
:1085600013D4109B1B68DA070FD401210EA8FFF764
:10857000FBFA04460028B4D1012110A8FFF7F4FA51
:10858000044600283FF45BAFABE70EA908460AAAF1
:10859000FFF74CFC04460028A3D110A9084602AA04
:1085A000FFF747FC04460028DFD09AE70CA90846ED
:1085B00004AAFFF73EFC0446002892D10EA9084603
:1085C00006AAFFF736FC044600288AD108AA10A99B
:1085D00053E70EA92A460846FFF728FC0446002860
:1085E0003FF456AF7DE70EA92A460846FFF721FC67
:1085F000044600283FF453AF73E76FF00D0470E7B3
:108600006FF0030488E710B50446FEF717FC204618
:10861000BDE81040E8F790BA10B54FF48C71012016
:10862000E8F784FA044608B1FEF703FC204610BDC3
:10863000E6F77CB8E5F7A0BFFEF71ABCFEF704BC6E
:108640004422002102F073BC70B5044600200346AA
:10865000934200D170BDE55CCE5C01337540284388
:10866000F6E7C043002330B50D1F1C1D944204D90A
:108670000B445C1AA24205D830BD2B5903402B5144
:108680002346F2E71C78044003F8014BF1E700238E
:10869000036043608360704710B5044648B30368C5
:1086A0003BB3406878B11B78033B082B08D8DFE860
:1086B00003F005071707071A1A1D1D0000F027F819
:1086C0006068E8F739FAA06820B123689978490012
:1086D00000F0B0F82046BDE810400C21E8F71ABAC7
:1086E00000F025FAECE700F0D2FAE9E700F093FB9E
:1086F000E6E710BD00B14078704700B100787047E0
:1087000000B1006870475822002102F010BC10B17F
:108710005821E8F7FFB9704708B5582202F0E0FB8E
:1087200008BD2DE9F84305460E4614467AB30368A2
:1087300003F03F079B18036022BF43680133436087
:108740009FB1C7F140094A450FD300F118084A46C6
:1087500008EB070002F0C4FB41462846E7F734FC6B
:10876000B0B93C4407464E44403C264404E0284609
:10877000E7F72AFC60B9403C3F2CA6EB0401F6D891
:108780002CB105F118002246384402F0A9FB002064
:10879000BDE8F883F8B50E468021036800F118079C
:1087A00003F03F035A1C382A03440446197607EBAA
:1087B00002001FD80021C2F1380202F0B8FBD4E950
:1087C00000315A0F42EAC102DB00394620462365D8
:1087D0006265E7F7F9FB054638B9A3683360E368DB
:1087E00073602369B3606369F3602046FFF78FFF0E
:1087F0002846F8BD0021C2F1400202F098FB39463C
:108800002046E7F7E1FB05460028EED10146382275
:108810003846D2E738B50D46144640B1E8F71CF9A2
:1088200028B1037C2B70437C0020237038BD6FF08F
:108830002D00FBE710B5044608B1E8F76BF92046B8
:10884000BDE81040E8F778B92DE9FF4104460F462E
:1088500016461D462BB96FF00304204604B0BDE850
:10886000F08100211846FFF7FFF980460028F2D179
:1088700001212046FFF7F8F90028ECDD01213846F8
:10888000FFF7F2F90028E6DD41463046FFF7ECF944
:108890000028E0D06846FFF72DF802A8FFF72AF875
:1088A000214601226846FFF7E0FA044610BB012288
:1088B000394602A8FFF7D9FA0446D8B969462846CE
:1088C00002AAFFF7B9FC0446A0B96946684602AAA5
:1088D000FFF7E3FA044668B901462B466A46684644
:1088E000E6F7EAFC044628B96A4631462846FFF70F
:1088F00037FD04466846FFF702F802A8FEF7FFFFBF
:10890000ABE72DE9F3479A46DDE90A980646684643
:108910000D461746FEF7EEFFBAF1000F07D1B9F189
:10892000000F1AD1B8F1000F28D144460EE0012201
:1089300031466846FFF799FA044638B96A4639461F
:108940005046FFF747FB04460028E8D06846FEF78C
:10895000D6FF204602B0BDE8F087012229466846CE
:10896000FFF783FA04460028F0D16A4639464846A4
:10897000FFF730FB04460028D4D0E7E7324629460B
:108980004046FFF7EDFC0446E0E708B5E7F70CF9D1
:10899000BDE80840FFF7AEBE2DE9F8430446DDE927
:1089A0000876914698460D4651B9B9F1000F10D19D
:1089B000B8F1000F15D1E7B91EBB55BB002006E08A
:1089C0000830FFF71AF80028EFD0A0F58140BDE885
:1089D000F883494604F12000FFF70FF80028E7D09C
:1089E000F3E7414604F12800FFF707F80028E2D03A
:1089F000EBE7394604F11800FEF7FFFF0028DBD053
:108A0000E3E7314604F11000FEF7F7FF0028D4D069
:108A1000DBE704F10800FFF768F86060CEE72DE9B6
:108A2000F843DDF8248004461D460B9F0D9E49B196
:108A300000F108094846FFF75EF8A0B94846FFF77D
:108A400054F860603DB9B8F1000F0FD1BFB9FEB95D
:108A50000020BDE8F8832946089A04F12000FFF7BA
:108A60004AF80028EFD0A0F58140F2E741460A9A83
:108A700004F12800FFF73FF80028E7D0F3E7394674
:108A80000C9A04F11800FFF736F80028DFD0EAE767
:108A900031460E9A04F11000FFF72DF80028D7D0C8
:108AA000E1E77822002102F042BA0830FFF719B856
:108AB0004068704710B50446A0B36030FEF71FFF52
:108AC00004F16800FEF71BFF04F14800FEF717FFF2
:108AD00004F11800FEF713FF04F12800FEF70FFF62
:108AE00004F12000FEF70BFF04F11000FEF707FF72
:108AF00004F10800FEF703FF04F15800FEF7FFFE43
:108B000004F15000FEF7FBFE04F14000FEF7F7FE13
:108B100004F13800FEF7F3FE04F13000BDE8104028
:108B2000FEF7EDBE10BD5C22002102F000BA10B1CC
:108B30005C21E7F7EFBF704708B55C2202F0D0F97F
:108B400008BD2DE9F84305460E4614467AB303687E
:108B500003F03F079B18036022BF43680133436063
:108B60009FB1C7F140094A450FD300F11C084A469E
:108B700008EB070002F0B4F941462846E9F762FD28
:108B8000B0B93C4407464E44403C264404E02846E5
:108B9000E9F758FD60B9403C3F2CA6EB0401F6D83C
:108BA0002CB105F11C002246384402F099F900204E
:108BB000BDE8F883F8B50E468021036800F11C0774
:108BC00003F03F035A1C382A03440446197707EB85
:108BD000020028D80021C2F1380202F0A8F9D4E935
:108BE00000315A0F42EAC102DB0012BA1BBA394601
:108BF00020466265A365E9F725FD054670B9A368BF
:108C00001BBA3360E3681BBA736023691BBAB36095
:108C100063691BBAF360A3691BBA33612046FFF78F
:108C200086FF2846F8BD0021C2F1400202F07FF91C
:108C300039462046E9F706FD05460028EED10146F3
:108C400038223846C9E7F0B599B0064601A815465E
:108C50000F46FFF768FF01A8E9F7DAFC044658B9A8
:108C60003A46314601A8FFF76CFF044620B9294671
:108C700001A8FFF79FFF044601A85C21E7F74AFF20
:108C8000204619B0F0BD6C22002102F050B910B19D
:108C90006C21E7F73FBF704708B56C2202F020F95E
:108CA00008BD2DE9F04105460E4614467AB3036C23
:108CB00003F03F079B18036422BF436C01334364F6
:108CC0005FB3C7F1400842451CD34246384402F026
:108CD00007F929462846EAF76FFCC8B92744A7F1E7
:108CE00040043F2C46440BD900272846F119EAF7E7
:108CF00063FC78B94037E31B3F2BF6D81C463E4453
:108D00002CB1002722463146E81902F0E9F800208C
:108D1000BDE8F0814FF0FF30FAE73F2AE4D8F1E7F1
:108D200070B50D468021036C044603F03F035A1CC6
:108D3000382AC154104433D80021C2F1380202F05D
:108D4000F6F8D4E910315A0F42EAC102DB0012BA38
:108D50001BBA21462046A263E363EAF72DFC0646D0
:108D6000C8B9A36C1BBA2B60E36C1BBA6B60236D94
:108D70001BBAAB60636D1BBAEB60A36D1BBA2B61B2
:108D8000E36D1BBA6B61236E1BBAAB61A36E13B9A3
:108D9000636E1BBAEB612046FFF779FF304670BD6A
:108DA0000021C2F1400202F0C2F821462046EAF753
:108DB00003FC06460028EED1014638222046BEE7D5
:108DC000F0B5012B06460F4615461C469DB01BD834
:108DD00001A8FFF758FF214601A8EAF787FB0446E0
:108DE00058B93A46314601A8FFF75BFF044620B95F
:108DF000294601A8FFF794FF04466C2101A8E7F774
:108E000089FE20461DB0F0BD6FF07304F9E7D8224B
:108E1000002102F08CB810B1D821E7F77BBE704773
:108E200008B5D82202F05CF808BD2DE9F8430446E5
:108E30000E461546002A40D0D0E9003203F07F07E5
:108E40005B1952F100024FF0000128BF0121C0E977
:108E5000003231B1D0E90232013342F10002C0E9FF
:108E6000023287B3C7F180094D451FD304F1500882
:108E700031464A4608EB070002F032F841462046E8
:108E8000EAF732FCD0B9803D3D447F2D4E440BD9EA
:108E900000272046F119EAF727FC88B98037EB1B39
:108EA0007F2BF6D81D463E443DB1002704F150000B
:108EB0002A463146384402F013F80020BDE8F88312
:108EC0004FF0FF30FAE77F2DE2D8EFE7F8B50D4617
:108ED0008021036800F1500703F07F035A1C702AB9
:108EE0000344044683F8501007EB02005DD80021CC
:108EF000C2F1700202F01BF8D4E90013D4E9026257
:108F0000580FD200DB0042EA567240EAC60043EA3C
:108F10005173C90000BA12BA09BA1BBAC4F8C40026
:108F2000C4F8CC1020463946C4F8C020C4F8C83074
:108F3000EAF7DAFB0646002832D1236962691BBAD8
:108F400012BA2A606B60A369E2691BBA12BAAA60FE
:108F5000EB60236A626A1BBA12BA2A616B61A36A68
:108F6000E26A1BBA12BAAA61EB61236B626B1BBA8D
:108F700012BA2A626B62A36BE26B1BBA12BAAA62C4
:108F8000EB62D4F8D0305BB9236C626C1BBA12BAB6
:108F90002A636B63A36CE26C1BBA12BAAA63EB631D
:108FA0002046FFF738FF3046F8BD0021C2F18002AD
:108FB00001F0BDFF39462046EAF796FB0646002839
:108FC000EED101467022384694E7F0B5012B0646F3
:108FD0000F4615461C46B7B01BD86846FFF717FF6B
:108FE00021466846C8F714FB044658B93A4631464C
:108FF0006846FFF71AFF044620B929466846FFF77E
:1090000065FF0446D8216846E7F784FD204637B05F
:10901000F0BD6FF07404F9E72DE9F04FD9B00646C2
:10902000DDE962AB12A80D4617469846FDF701FF31
:1090300003A8FFF72CFB0320E6F7B6FD002201464C
:1090400003A8E6F7EBFD04460DF1180903A824B1C7
:10905000FFF722FB1021484658E0E6F73BFE0446A6
:10906000B0BB5A46514603A8E6F758FE044678BB03
:109070000822314603A8E6F751FE044640BB4946A4
:1090800003A8E6F775FE044610BB99E80F000AAC8A
:10909000102D84E80F0003A816D1FFF7FDFA102168
:1090A0004846E7F737FDEA000AA912A8E5F73EFBB4
:1090B000044668BB014633464246CDE9007712A814
:1090C000FDF7D6FE044623E0E6F704FE044608B1A9
:1090D00003A8BDE71022494603A8E6F71FFE044691
:1090E0000028F5D15A46514603A8E6F717FE044674
:1090F0000028EDD10822314603A8E6F70FFE04460A
:1091000088B103A8FFF7C8FA102106A8E7F702FD07
:1091100012A8FDF793FE0AA82946E7F7FBFC2046B4
:1091200059B0BDE8F08F494603A8E6F721FE044692
:109130000028CDD1202D08BF1022494618BFA5F127
:1091400010020EA801F0CCFE03A8A6E700230360DE
:1091500043608360704710B5044668B1006810B181
:109160006168FFF767FBA068E7F7E6FC2046BDE80B
:1091700010400C21E7F7CEBC10BD07B56B4683E865
:109180000300184600F046F8012814BF002001989B
:1091900003B05DF804FB0B6810B50C464BB9E6F75D
:1091A00003FDFFF7A7FA2060B0FA80F040094042C3
:1091B00010BD0020FCE70023C0E90033704710B564
:1091C000044658B103681BB19B6A0BB140689847CD
:1091D0002046BDE810400821E7F79CBC10BD0346BF
:1091E00008461BB11B680BB1DB68184700207047AD
:1091F0001FB500240294079C0194069C0094EBF791
:1092000045FA04B010BD18B103680BB19B6818474C
:109210000020704710B1006800B100787047012845
:1092200002D0831F58425841704710B50446FFF7DB
:1092300041FC2046BDE81040E7F77EBC10B5782120
:109240000120E7F773FC044608B1FFF72AFC20462B
:1092500010BD49684068E8F7DDB94068FFF725BCF4
:1092600003784078303B092BA0F1300005D809285D
:1092700003D80A2202FB030070474FF0FF3070470B
:1092800008B5FDF7AAFF08B1A0F50C5008BD7FB5E1
:109290000023144601AA01938DF808300393FDF7CB
:1092A00016FF18B1A0F5145004B070BD019D2060E8
:1092B000002DF9D00346039EF15CDA00914022684C
:1092C00001330A439D422260EED0042BF4D1EBE738
:1092D0000368042B02D1C069FDF7C9BF704770B5A0
:1092E0000024944201D1002070BD035D0D5DAB42AE
:1092F00083EA050606D0202E06D123F02003413B49
:10930000192B01D80134ECE74FF0FF30ECE7F8B54A
:1093100005460C462A6823689A4234D163686A6815
:109320009A4230D1A168A86801F078FE58BBEF6876
:10933000E668B74208D123692A699A4204D1616973
:10934000686901F06BFE80B10C2F01D0132F1AD188
:109350000C2E01D0132E16D123692A699A4212D1FC
:1093600061696869FFF7BBFF68B92A7F237F9A426A
:1093700009D1AD69A46925B9201E18BF012040425A
:10938000F8BD002CC6D14FF0FF30F9E738B50546DF
:1093900008460C46FFF73EFF012801D0062809D1F8
:1093A0002046FFF730FFEB6898424FF0FF3028BFB0
:1093B000002038BD4FF0FF30FBE770B5456806462A
:1093C00095420C4604D181682046FFF788FF28B3F8
:1093D0002046C7F755FE022D024609D9B06803782A
:1093E0002A2B05D143782E2B02D100239A4202D199
:1093F0004FF0FF3012E0E15C2E2901D00133F5E798
:10940000002BF5D0013DD21AAA42F1D1E11801306A
:10941000FFF765FF003818BF0120404270BD38B526
:109420000D463A21044601F030FE2A46214638B95D
:109430000120F6F776F8421E50425041800038BDB8
:109440000220F6F76EF8431E584258410001F6E735
:1094500070B41A46DDE90556DDE90334CDE904565A
:10946000039470BCEBF73EBE4FF4CA72002101F0CA
:109470005EBD70B50546044604B970BD04F1CC006C
:10948000FFF79DFEA06EFDF7F2FED4F88800FDF711
:10949000EEFED4F87401FDF798FED4F80401FDF750
:1094A00094FED4F85401FDF790FED4F82C01FDF79A
:1094B0008CFEE06820B1236813B1A168FFF7BAF908
:1094C0004FF4CA712046D4F89061E7F723FBAC4211
:1094D00002D02046E7F730FB3446CDE7002307B53E
:1094E000CDE90033EBF7DEFF03B05DF804FB0023AA
:1094F00007B5CDE900330123EBF7D4FF03B05DF8E6
:1095000004FB08B5ECF74AFC00B1006808BD807A9E
:10951000431E092B0AD8DFE803F00505050A0909EF
:109520000509070701207047022070470020704797
:10953000807A032804D8012894BF002001207047B6
:10954000031F5842584180007047036D0A4613B10B
:10955000C06C89081847704708B5436D3BB1C06CB3
:10956000984702284FF0FF3018BF002008BD18466A
:10957000FCE710B5D0F8A8400434146041F6FC3282
:109580001A601623C0F8AC30D0F8A830002019704B
:1095900010BD10B442681A2A09DC826B3AB1D46853
:1095A000C16E2346D0F880205DF8044B1847002098
:1095B0005DF8044B7047D0F89C30DA1C0533C0E9E5
:1095C0002933C0F8A02029B1D1E90121521A13444E
:1095D000C0F8A83070470432C0F8B020002211460D
:1095E000EDF720B901221421C0E92B12D0F8A81000
:1095F0000A704168114441601146EDF713B9036EDA
:10960000A3F10802C265DA1C0533C0E91A334266C9
:109610007047D0F8942008B5C0F898200832C0F8F8
:109620009C20826D002108320266FFF7C4FFBDE86E
:109630000840FFF7E4BF0346006F00B1986F704722
:1096400010B50446A0B15030E5F7E4FF04F19400F2
:10965000E5F7E0FF04F13400FFF71EF804F14000E5
:10966000FFF71AF82046BDE81040D821E7F752BAB4
:1096700010BD52BA02807047008840BA80B270476D
:1096800010B590F88C30044673B1022190F88D200B
:10969000EDF704F910F5D14F05D0002384F88C3094
:1096A00008B9D4F8900010BD1846FCE7012380F8F3
:1096B0008D1080F88C30C0F890207047826B034684
:1096C0000AB1D06C10B91B68986B00B14068704744
:1096D0001FB5089C0394079C0294069CCDE90034B6
:1096E00013460A4601460920EEF7A2FA04B010BD5F
:1096F0001FB5089C0394079C0294069CCDE9003496
:1097000013460A4601460A20EEF792FA04B010BD4D
:10971000806B9C30E6F702BB806BA830E6F7FEBAA0
:1097200010B5846B8AB0CDE90012202302AA04F19F
:109730009C01EEF733FB0AB010BD10B5846B8EB000
:10974000CDE90012302302AA04F1A801EEF726FBAE
:109750000EB010BDF0B5054685B001A80F461646FF
:10976000FEF795FF2846FEF7CBFF0022014601A831
:10977000E6F754FA044688B9294601A8E6F720FA24
:10978000044658B9394601A8E6F7F2FA044628B962
:109790002846FEF7B5FFFEF7ADFF306001A8FEF7E3
:1097A0007BFF204605B0F0BD806BA830FFF7D2BF2D
:1097B000806B9C30FFF7CEBF70B50446806B0D46C2
:1097C0009C301646E6F7AAFA38B9A06B324629460D
:1097D000BDE87040A830E6F7A1BA70BD07B5130C1C
:1097E00052BAADF8062004228DF80530836B8DF84F
:1097F0000410DB680DEB0201984703B05DF804FB31
:1098000070B50546806B9C30FEF746FFA86B9C3018
:10981000FEF73DFF0920AC6BE6F7C6F99C34014624
:1098200000222046E6F7FAF90446F8B9A86B9C3006
:10983000E6F750FA0446C8B9A86BA830FEF72CFF2B
:10984000A86BA830FEF723FF0A20AE6BE6F7ACF951
:10985000A836014622463046E6F7E0F9044628B924
:10986000A86BBDE87040A830E6F734BA204670BD5A
:1098700010B50446D822002101F059FB04F1500034
:10988000FEF7DEFE04F19400FEF7DAFE04F1340088
:10989000FEF7FDFE04F14000BDE81040FEF7F7BE04
:1098A0007022002101F043BBD422002101F03FBB14
:1098B00038B5044600250021FFF747FE2046FFF794
:1098C000A8FE41F64D522946C4E91D55A06D2567F5
:1098D000C4F88450C4F88050C4F88850E563E56744
:1098E00001F025FB41F64D522946C4E92B55D4F829
:1098F000940084F88C50C4F8B45001F018FB606CEC
:10990000C4F8B850C4F8BC50256428B1FFF798FEDD
:10991000606CE7F711F9656438BD81717047C0E983
:1099200006127047C0E90623009B4162036270473C
:10993000C160704741637047C0E90F127047006D06
:1099400020B140790009831E58425841704708B53C
:10995000007AE5F753FE20B140790009831E584292
:10996000584108BD20B1006B10B18068ECF75ABABD
:109970000020704708B503680146187AEEF74CF9E5
:10998000CB6A02462BB11878EEF746F9824228BF1F
:1099900002464B6B2BB11878EEF73EF9824228BF96
:1099A0000246104608BD10B50446FFF7E3FF236CDE
:1099B000B0F5E05F28BF4FF4E05043B1B3F84C304E
:1099C000B3F5417F04BF20F00F0000F1FF3010BD60
:1099D00010B5846BCCB1E37913B1A06CE7F7ACF8A8
:1099E000002304F19C00A364FEF756FE04F1A800D6
:1099F000FEF752FE04F15000FFF7E1FB2046BDE800
:109A000010404FF4A471E7F785B810BD10B50446B7
:109A100070B1006E30B1E7F78FF80023236684F849
:109A2000683063662046BDE810407021E7F772B8E1
:109A300010BD38B50446002843D0D0F8940030B1AA
:109A400041F64D51FEF7F6FE0023C4F89430A06DA8
:109A500028B141F64D51FEF7EDFE0023A365606C81
:109A600020B1FFF7EDFD606CE7F766F8A36B8BB1F3
:109A70002046FFF7ADFFA06BE7F75EF8A06CFFF79D
:109A8000DFFDA06CE7F758F8606BFFF7BFFF606B76
:109A9000E7F752F8206B20B1FFF7B8FF206BE7F72C
:109AA0004BF8D4F8C05035B12846C7F7E9FA01465B
:109AB0002846FEF7BFFE2046BDE83840D421E7F730
:109AC00029B838BD6422002101F031BA38B5044606
:109AD00060B1806B28B92046BDE838406421E7F7C3
:109AE00019B88568E7F728F82846F3E738BD01215B
:109AF00008B5FFF774FB003818BF012008BD022825
:109B000005D0042803D0431E584258417047032013
:109B10007047431E58425841704738B500250446E7
:109B2000036845601B880381FFF7C2FE206BC4E910
:109B30000A55C4F8C45028B1FFF768FF206BE6F758
:109B4000FBFF25632046BDE83840EEF703BC00214B
:109B5000FFF7E3BF10B50446FFF73AFFA06BE6F747
:109B6000EBFF0023606CA36320B1FFF769FD606C1D
:109B7000E6F7E2FFA36C63640023A36410BD70B535
:109B80000446836B006B1E7820B1FFF73FFF206B0C
:109B9000E6F7D2FF0022636B206823636263456AA5
:109BA00035B1DA6822B11EB9806A03F11001A84705
:109BB0002046FFF7CFFF1B23636070BD10B504463E
:109BC000816CFFF7F8FC2268D4F8A810A36B127917
:109BD0005B6920460431984716231022C4E92B32D2
:109BE0001422D4F8A8301A70A36B1B78CBB1236869
:109BF0001A790AB90F2262601B79012B01D10A235D
:109C0000636000230122C4F8B830C4F8BC30A36CF0
:109C100020462364636B1146E362BDE81040ECF715
:109C200001BE63680133EBE738B581B1846B1A3448
:109C300034F8022F0AB9114609E0150A2846EEF752
:109C400075FB0028F4D0D2B29142F1D129460846E2
:109C500038BD49B18889984206D8C88990424FF0EA
:109C6000FF3028BF002070474FF0FF30704738B5F5
:109C7000044648B1DFF764FFC82305465C43DFF7BD
:109C80005FFF431BA342FAD338BD704740B1C3689E
:109C9000587810F001001EBF1878B0FA80F0400923
:109CA000704710B5C36804465B78DB070BD5836942
:109CB00063B19847002805DB0020E3685A786FF30A
:109CC00000025A7010BD4FF0FF30FBE76FF08500C7
:109CD000F8E77FB50BAB059303930A9B0122029330
:109CE00000231846CDE90033CAF77EFA07B05DF8C5
:109CF00004FBEFF31183102383F31288BFF36F8FFC
:109D0000FEE708B5FFF7F5FF10B54369044633B920
:109D10000020E268537843F00103537010BD984768
:109D20000028F5D00028B8BF4042FF28A8BFFF2078
:109D3000E3681870EDE701F0FAB801F0D1B8C36834
:109D40005B78DB0701D4FFF7DFBF6FF07700704768
:109D500008B5EFF749FBBDE80840EFF753BB10B477
:109D600000F10C04C0E90344002404755DF8044BC1
:109D7000F3F780BB2DE9F04F054689B0DDE91267A6
:109D800091463B46324606A8059105F1140A00F0BB
:109D9000CFFEDDE90634CDE90234EFF311844FF054
:109DA000100888F31288BFF36F8F05F10C0B4A4639
:109DB00028460599F3F748FA30B184F31188BFF3C8
:109DC0006F8F09B0BDE8F08F3E43F6D0DDE9022386
:109DD00006A800F0D1FEDDE906675A462146504646
:109DE000CDE90067F0F7AEFAEFF3118488F312883B
:109DF000BFF36F8FDBE707B5CDE900230A460421E7
:109E0000FFF7B8FF03B05DF804FB38B50446EFF385
:109E10001185102383F31288BFF36F8FF3F7CBF90B
:109E200004F10C0000F068FC30B1294604F1140084
:109E3000BDE83840F0F702BB85F31188BFF36F8FA0
:109E400038BD8169C36843EA010212F003020FD1F1
:109E500002614269013A01FB0233C2689A4201D9A8
:109E60000020704702691A60826903619B1AF4E757
:109E70006FF0150070472DE9F04105460F46EFF3EE
:109E80001188102383F31288BFF36F8F0669FEB920
:109E90000468A0421CD0DCB1D4E9003213605A60DF
:109EA000637BC4E9006623F002036373A66004F1D8
:109EB000180000F0FAFD2046C4F8B060276100F0F9
:109EC000BCFB414605F10800BDE8F041F0F7B6BA29
:109ED0003E60EB692F61013BEB6188F31188BFF3B2
:109EE0006F8FBDE8F081CDF731BEF5F7B4B900BF93
:109EF0007047102408B5EFF3118384F31288BFF381
:109F00006F8FF5F7B2F9F6E7D0E9003213605A60C7
:109F10000023427BC0E9003322F0020242738360D7
:109F20007047C0E9032303FB02120023436280F859
:109F30003030037200F12803C0E90621C0E90000B7
:109F4000C0E90A33416101627047F8B50D46A1FBD3
:109F50000214074616463CB92046F1F715F90146AA
:109F600028B96FF00B0001E06FF01500F8BD334623
:109F700038462A46FFF7D5FF0123204687F83030C0
:109F8000F4E7C3680B6003694B60436A8B607047FA
:109F9000034610B50846EFF31184102282F31288AD
:109FA000BFF36F8F5A6A4AB1DA68D96900F098FF37
:109FB000002084F31188BFF36F8F10BD6FF0220073
:109FC000F7E770B5134604460846EFF311861022F2
:109FD00082F31288BFF36F8F626A9A4211D9D4E973
:109FE0000651E2686D1A53439D429CBF61695B1B39
:109FF000194400F075FF002086F31188BFF36F8FBE
:10A0000070BD6FF02200F7E7F8B50446EFF3118654
:10A01000102383F31288BFF36F8F0568A84231D0F5
:10A020002DB32846FFF770FF05F1180000F03DFD45
:10A030006FF022072846C5F8B07000F0FEFA2568D8
:10A04000AC420AD100236362236AE361314604F122
:10A050000800BDE8F840F0F7F1B93DB12846FFF738
:10A0600053FF05F1180000F020FDE3E70125002370
:10A070006362236AE361002DE8D186F31188BFF3A0
:10A080006F8FF8BD00234362036AC361F5E790F95F
:10A090000E308B4201D0F0F781B9002070470346A3
:10A0A0000020C3E90033C3E902007047D0E9003261
:10A0B00013605A600023427BC0E9003322F00202A1
:10A0C0004273836070472DE9F041904604460D4687
:10A0D0009DF81820EFF31186102181F31288BFF349
:10A0E0006F8F02B14568224652F80C7F974217D015
:10A0F000B7B13846FFF7DAFF07F1180000F0D5FCDA
:10A1000000233846C7F8B030C7F8108000F095FA41
:10A1100004F108003146F0F791F90020BDE8F08124
:10A12000ABB108210020F1F72FF8002838D0012228
:10A13000C0F804800260016801F003015DB9226883
:10A140000A430260626820606AB960600BE04046C2
:10A15000C8F80030EFE72A68032A16D80160616862
:10A1600069B9C4E90000042104F1140000F05BFEA9
:10A170000028CDD186F31188BFF36F8FCEE70A6830
:10A1800002F0030202430A60DFE722F003020A43FF
:10A1900002602A6802F0030240EA02032B60E2E751
:10A1A0006FF00B00E6E710B5044630B10268930784
:10A1B00003D0446809B100F075FE204610BD0023AD
:10A1C000C0E90033037200F10C03C0E9033300F16E
:10A1D0001403C0E905337047F8B50546EFF311865F
:10A1E000102383F31288BFF36F8FC46800F10C0350
:10A1F0009C4200F1140719D0C4B12046FFF756FF66
:10A2000004F1180000F051FC00232046C4F8B030DF
:10A21000236100F012FA0821384600F004FE3146AE
:10A2200005F10800BDE8F840F0F708B90821384604
:10A2300000F0F9FD0028F2D186F31188BFF36F8F8B
:10A24000F8BD012307B5009300230A461946FFF71E
:10A250003AFF03B05DF804FB002307B50A460093FC
:10A260001946FFF730FF03B05DF804FB012307B583
:10A270000A4600930021FFF726FF03B05DF804FBB8
:10A2800007B50A46002101230091FFF71CFF03B028
:10A290005DF804FB08B503681BB9FFF7D2FF012086
:10A2A00008BD8B4203D01B6823F00303F4E70020B2
:10A2B000F6E700210068FFF776BF00214068FFF74E
:10A2C00072BF5AB18A4209D300F11003C0E90212E9
:10A2D000C0E90000C0E90433002070476FF01500AA
:10A2E00070470023C0E9031101EB8201C0E90000BF
:10A2F00003724161704738B505460C46002089005D
:10A30000F0F742FF014638B128462246FFF7E9FF41
:10A31000012300202B7638BD6FF00B00FBE72DE901
:10A32000F04106460F46EFF31188102383F312889D
:10A33000BFF36F8FD0E9043293422BD00468A04260
:10A340001ED0ECB1D4E90032002513605A60637B63
:10A35000C4E9005523F002036373A56004F11800FB
:10A3600000F0A3FB2046C4F8B050276100F065F967
:10A3700006F108004146F0F761F82846BDE8F08193
:10A3800000201F6033690433336188F31188BFF301
:10A390006F8FF3E76FF00B00F7E7012302688B4044
:10A3A00022EA0303036022FA01F000F00100704783
:10A3B00010B5032104460C30FFF7EFFF30B104F174
:10A3C000100000F072FBB0FA80F0400910BD28B117
:10A3D000002200F58070114600F0DAB9704770B5C0
:10A3E000C3680446C3F340069B0716D48568022160
:10A3F0000C30FFF7D2FF80B1D5F8F8206AB1944253
:10A400001DD122689EB9D5F8FC30C5F8F8209C42D1
:10A4100001D1C5F8FC2000232360E36813F01F007E
:10A420001EBF43F00203E36040F0020070BD3260E3
:10A43000D5F8FC20944208BFC5F8FC60EBE716464F
:10A440001268DBE773B50446EFF31185102383F33D
:10A450001288BFF36F8F0023A0F110060321043888
:10A460000193FFF79AFF28B1A369304601A9019330
:10A47000EFF794FB85F31188BFF36F8F02B070BDC7
:10A4800038B504460D461022002100F050FD6560ED
:10A4900038BDEFF31183102282F31288BFF36F8F60
:10A4A000C06800F01F0083F31188BFF36F8F7047FF
:10A4B00013B501900846EFF31184102383F312883B
:10A4C000BFF36F8F01A9EFF769FB84F31188BFF326
:10A4D0006F8F02B010BD10B5FFF7EAFF041E08DD54
:10A4E000EFF31180102383F31288BFF36F8FEFF720
:10A4F000D5FF204610BD08B54FF48C72002100F046
:10A5000016FD08BD38B530220D460021044600F086
:10A510000EFD4FF480736560E36038BDFFF7B9BF8F
:10A5200038B50446EFF31185102383F31288BFF387
:10A530006F8FFFF73DFF2046FFF751FF85F311882E
:10A54000BFF36F8F38BDD0E9003213605A6000232B
:10A55000427BC0E9003322F00202427383607047FD
:10A56000C0E9000000207047EFF30580003818BFF5
:10A570000120704790F90E0070477830704708B599
:10A580000B4600F17801184600F09EFD002008BD42
:10A5900010B500240373C0E90644846042738173DC
:10A5A000C47310BD002310B58B4202D1002013608C
:10A5B00010BDC45CAA2CF9D10133F5E70A46D0E9F5
:10A5C0002601FFF7EFBFD0E9003213605A60002385
:10A5D000C0E90033704708B5FFF7F5FF437B23F070
:10A5E000020343730023836008BD38B504460D465B
:10A5F000EFF7BEFD637B43F002036373E5B1A56033
:10A600002B689D4209D16B68C4E900531C606C60E3
:10A6100012E06A689A42F6D01B68002BF3D094F9D6
:10A620000E2093F90E108A42F3D09142F1DD5A6860
:10A63000C4E9003214605C6038BD10B5EFF31184DA
:10A64000102383F31288BFF36F8FEFF74FFD84F36E
:10A650001188BFF36F8F10BD08B5EFF31181102281
:10A6600082F31288BFF36F8F83680BB1FFF7B3FFDC
:10A6700081F31188BFF36F8F08BD014610B5EFF36A
:10A680001184102383F31288BFF36F8F437B13F081
:10A69000280F0AD183680BB1FFF79DFF4B7B08465B
:10A6A00023F004034B73EFF721FD84F31188BFF30C
:10A6B0006F8F10BD01211838FFF7DFBF08B50346C3
:10A6C000EFF31181102282F31288BFF36F8F0068BD
:10A6D000834207D008B1FFF77EFF81F31188BFF3F3
:10A6E0006F8F08BD0020F8E710B5FFF7B5FFBDE894
:10A6F0001040183000F0D9B938B50546046800207C
:10A70000AC4200D138BD002CFCD02046FFF7ECFF56
:10A710002046FFF792FF2C680120A542F1E738B5EB
:10A7200004460D46EFF7A2FFB5F1FF3F08BFB4F1B5
:10A73000FF3F0346204614D013F109004FEAE371AE
:10A7400041F100010A2871F100030BD36FF00A03F5
:10A7500083424FF004038B4106D30A220023C6F73D
:10A7600047FC38BD0020FCE76FF00040F9E7C11757
:10A77000633008B54FF064024FF0000341F100016F
:10A78000C6F736FCC117EFF771FF6423584308BDC5
:10A7900038B5EFF31185102383F31288BFF36F8F61
:10A7A0000468A04213D0A4B1C4F8B01022612046BE
:10A7B000FFF711FF04F1180000F077F92046EFF7DA
:10A7C00095FC012085F31188BFF36F8F38BD002001
:10A7D000F8E72046F6E7F0B585B006461546DDE910
:10A7E0000A2302A80C4600F0C7F9DDE9021251EA7B
:10A7F000020326D0204600272368013340F8183B87
:10A800000C9B1F70CDE9001232462968EFF79AFDC4
:10A81000EFF31183102282F31288BFF36F8F2B6046
:10A82000226894F82C30013A9907226002D51AB1B7
:10A830006FF08B0005B0F0BD23F0020384F82C30DC
:10A84000F6E76FF00A00F5E738B50446002000226D
:10A85000054611462046FFF79BFF0028F7D1284602
:10A8600038BD002342610122C0E902330361036065
:10A87000037600F11C03C0E9073300F12403C0E9AB
:10A88000093300F13003C0E90C33416080F82C201B
:10A8900070472DE9F04F2DED028B8DB005469046A7
:10A8A000DDE9182308A8049100F042F99DED088B1A
:10A8B000EFF31183102282F31288BFF36F8F0B9393
:10A8C000002395F82C408DF82B3014F0020440F052
:10A8D000908095F82C60F64316F0010640F08C80CD
:10A8E000EA896B899A4262D12B68002B5AD0B24612
:10A8F00005F11C03A8EB040B0593EF69059B9F4230
:10A900003ED0002F3CD0D7F81090ABEB0601D9E930
:10A910000123D21A8A4228BF0A46D9F800100498A7
:10A920000691A119014406980792184400F0D8FA3C
:10A93000D9F80810079A16440A44D9F80410C9F83F
:10A9400008208A421CD3D7E900210A6051607A7B33
:10A95000C7E900AA22F002027A73C7F808A007F13B
:10A96000180000F0A2F83846C7F8B0A0C7F810A049
:10A97000FFF763FE4FF00103B3458DF82B30BCD8D1
:10A980003444A0450ED826469DF82B30BBB30B9916
:10A9900005F11800EFF752FD30460DB0BDEC028B0B
:10A9A000BDE8F08F202105F1300000F03CFA049B57
:10A9B000A8EB04021919281DF3F73DF80444A0453B
:10A9C00001D14646E0E70DF12B038DED008B2946C2
:10A9D00002930BAA05F12400FFF7FDFE06460028AE
:10A9E0003FF477AF10F10B0FCED1002C18BF2646E5
:10A9F000CAE76FF08B06C7E76FF01F06C4E70B9B33
:10AA000083F31188BFF36F8FC6E738B50446EFF3C1
:10AA10001185102383F31288BFF36F8F0023C0E9E1
:10AA20000233036103685BB190F82C301C3043F0B3
:10AA300002030374FFF708FF04F12400FFF704FF8B
:10AA400085F31188BFF36F8F38BD38B50446EFF337
:10AA50001185102383F31288BFF36F8F00231C30FE
:10AA60000374FFF7F1FE04F12400FFF7EDFE85F318
:10AA70001188BFF36F8F38BD10B5F0F7C7F80446E3
:10AA8000F0F7CCF874B1D4E904321B1A62EBE0722F
:10AA9000B3F1004F72F1000104DA002AACBF18468E
:10AAA000002010BD6FF00040FBE7024638B5EFF321
:10AAB0001185102383F31288BFF36F8F036893B15E
:10AAC000F0F7A4F804461046F0F7B2F8844204D137
:10AAD000FFF7D2FF0021DEF797FF002085F31188F2
:10AAE000BFF36F8F38BD6FF01500F7E770B5EFF368
:10AAF0001186102282F31288BFF36F8F036873B13F
:10AB0000F0F7B2F804460D46F0F788F80346201A2D
:10AB100065EBE37186F31188BFF36F8F70BD184644
:10AB20001946F7E708B5F0F785F908BDF0F782B9DF
:10AB3000B3F1FF3F08BFB2F1FF3F70B504461D46B9
:10AB4000164613D01A4315D06FF001024FF0FF33B1
:10AB5000921B63EB0501002904DAF0F76BF9821907
:10AB600041EB0501C4E90021204670BD4FF0FF32E2
:10AB70001146F7E70022FBE7B3F1FF3F08BFB2F150
:10AB8000FF3FF8B5074616461C4610D054EA0203AC
:10AB900011D0F0F74FF9B0420A46A14103460AD25C
:10ABA000F31A64EB0204C7E900343846F8BD4FF0ED
:10ABB000FF331C46F7E70023FBE70023C0E9081238
:10ABC00000F11802C0E90622C0E9003303634363C1
:10ABD000704710B50446FFF768FFA8B9636A0BB168
:10ABE0002046984704F11800FFF768FD60B1FFF7B1
:10ABF00024FDEFF31180102383F31288BFF36F8FCE
:10AC0000BDE81040EFF74ABC10BD0346EFF31182D8
:10AC1000102181F31288BFF36F8F0021006B19633D
:10AC200082F31188BFF36F8F704770B5D0E900349D
:10AC3000984209D044B1A568EDB115F9526C12F9EA
:10AC4000525CB54208D007DDC1E9000421604160D3
:10AC500010E0A342F8D01B68002BF5D09A6862B1CF
:10AC600012F9522CAA42F4D0F3DD5A68C1E900323D
:10AC70001160596070BDAB7BFFDE937BFCE72DE973
:10AC8000F84F00250F461446984601462E464FF0D1
:10AC9000100AA946BD4202DB3046BDE8F88FEFF34B
:10ACA000118B8AF31288BFF36F8F4B7B03F03F0346
:10ACB000082B09D853B1013B072B07D8DFE803F075
:10ACC000281C06220606062E102B3ED0B8F1000FD7
:10ACD00034D12378002B31D04B7B03F03F03082B7A
:10ACE00035D8002B35D0013B072B32D8DFE803F0F5
:10ACF0003E34313A313131410B699B68002BE5D04C
:10AD0000022310E00B691B68002BDFD004230AE04C
:10AD10000B699B68002BD9D0012304E00B695B6AA7
:10AD2000002BD3D01023CA68C1F80890C2F3863034
:10AD3000034363F39432CA6084F800908BF3118864
:10AD4000BFF36F8F01351431A4E72023EBE7102BFD
:10AD500013D08C600136F1E7224608691030FFF706
:10AD600064FFF6E7086922461430F8E722460869CE
:10AD7000F5E7086922462830F1E7086922463030B5
:10AD8000EDE72DE9F041846805460E46D4B16378BD
:10AD9000012B22D114F8533C9A0711D5A4F1600776
:10ADA0003846FFF7A1FC082E0CBF6FF00303002309
:10ADB000236514F8533CDB0602D13846FFF73DFC0F
:10ADC000002323700020EB68A860C3F3863216438B
:10ADD00066F39433EB60BDE8F081022BF0D1237869
:10ADE000002BEDD054F8048CB8F1000FE8D004F13A
:10ADF0001400FFF75AFE0023A4F114073946404619
:10AE0000E362FFF755FBDBE710B5002452050902AA
:10AE100001F47C5102F400120A43017B84600A436E
:10AE2000C0E9032310BD38B5EFF31185102383F378
:10AE30001288BFF36F8F0468A04211D0D4E90032AA
:10AE400013605A6000232046C4E90033FFF799FFDE
:10AE500085F31188BFF36F8F201E18BF012038BD06
:10AE60000024F5E70023C0E9000083607047002359
:10AE70008360704783680B60C36813607047043257
:10AE8000D3B5044608D20026002741F00401CDE9DD
:10AE90000067FEF76FFF10B9002002B0D0BD40F888
:10AEA000044BFAE720B1011F50F8040CFEF7ADBFC8
:10AEB000704701460420F0F759B9002070476FF041
:10AEC00057007047C9B20346024410B59342184672
:10AED00001D1002003E0047801338C42F6D110BD8B
:10AEE0000A44431E914200D1704710B511F8014B3E
:10AEF000914203F8014FF9D110BD884210B501EB22
:10AF0000020402D98442234607D8431EA14208D036
:10AF100011F8012B03F8012FF8E7024401468A4299
:10AF200000D110BD13F8014D02F8014DF7E70244BE
:10AF30000346934200D1704703F8011BF9E720F064
:10AF40002003413B192B05D9303809288CBF00203C
:10AF5000012070470120704720F020004138192857
:10AF60008CBF0020012070471F2804D9A0F17F0367
:10AF700058425841704701207047303809288CBF2B
:10AF800000200120704721385D288CBF002001205F
:10AF90007047613819288CBF002001207047203885
:10AFA0005E288CBF002001207047202805D009387A
:10AFB00004288CBF002001207047012070474138D1
:10AFC00019288CBF002001207047A0F13003092B05
:10AFD00007D920F02000413805288CBF002001202F
:10AFE000704701207047A0F14103192B98BF203012
:10AFF0007047A0F16103192B98BF203870470021DA
:10B00000F0F742BA0A220021F0F7F8BB0A22002129
:10B01000F0F7F4BBF0F7D0B8F0F7EAB80139024422
:10B0200010B5904201D1002005E0037811F8014FDE
:10B03000A34201D0181B10BD0130F2E710B5044641
:10B0400014F8013BA3F14102192A11F8012BA2F1D6
:10B05000410098BF2033192803D82032981AEFD026
:10B0600010BD981AFCD1002AEAD1F9E7024610B5C2
:10B07000147813460132002CFAD1013B11F8012B50
:10B0800003F8012F002AF9D110BDC9B203461846B2
:10B0900013F8012B12B18A42F9D17047002918BF69
:10B0A0000020704710B56AB10139841810F8012BDF
:10B0B00011F8013F9A4203D1A04201D0002AF5D1F4
:10B0C000D01A10BD1046FCE710B50139044632B164
:10B0D00011F8013F013A00F8013B002BF7D10021A4
:10B0E000FFF725FF204610BD0246014410B58A42F5
:10B0F000134603D01C780132002CF8D1181A10BD69
:10B1000038B511F0FF0403460ED12146BDE83840A2
:10B11000FFF7BBBF431C054621461846FFF7B5FFA6
:10B120000028F7D1284638BD0025F5E70A7870B524
:10B130006AB970BD9A4209D10C46054614F8013F20
:10B14000002BF6D015F8016F9E42F7D0013003783E
:10B15000002BEFD11846ECE72DE9F047C3F1370992
:10B160000746884603F01F055FFA89F916464FF037
:10B17000000A384641462A465346C5F739FF43463A
:10B18000D4B23A4688460746092C84BF4C44E4B200
:10B19000AA4204F1300473EB0A0306F8014BE8D22B
:10B1A0003046BDE8F0872DE9F04387B01C461746CE
:10B1B000814602AB88460093D2E9022300F0E0F812
:10B1C00004AB06460D46009348464146D7E90023A6
:10B1D00000F0D6F80027DDE90423901953EB0501B0
:10B1E00028BF012737B1029B039A013342F10002C5
:10B1F000CDE90232403CDDE90223009400F0DBF8A7
:10B2000007B0BDE8F0832DE9F04F061889B09946E4
:10B21000154641EB010404AB3046DDF84CB0214645
:10B220000093A9F1410AD2E9002300F0A9F806AB86
:10B2300007468846304621460093D5E9022300F0B0
:10B240009FF80022DDE90463841951EB0306069B95
:10B2500028BF0122D5E90001D218079B43F1000362
:10B26000381848EB0101B84271EB0801E968039115
:10B2700038BF0120A96828BF0020CDF800A014EB3A
:10B28000010C039946EB010110EB0C0041F10001A8
:10B29000A04271EB060C34BF4FF0010C4FF0000CD4
:10B2A000CDE906231CEB020243F1000300F083F812
:10B2B000129BC3E90001149B012BDDE9062329D170
:10B2C000D5E90201D5E900C5201ACDF800A066EB4A
:10B2D0000101674578EB050534BF01250025401BBA
:10B2E00061F10001844276EB010534BF01250025A0
:10B2F000521B63F1000300F05EF8DDE90623CBE9A1
:10B30000000120463146CDF800A000F054F809B005
:10B31000BDE8F08F17EB070E48EB080C201946EB41
:10B320000601BE457CEB080834BF01270027C7197A
:10B3300041F10008D5E9000186457CEB010C34BFE2
:10B3400001200020D5E90215381A68F1000C401AD6
:10B350006CEB050192185B41A74278EB060534BF00
:10B3600001250025521943F10003874278EB0108BB
:10B3700034BF01250025521BA9F140050095B8E70F
:10B38000F0B50F460446A0FB0201059EA7FB025242
:10B390004919A3FB0445A7FB037342F1000261189E
:10B3A00045F10004D21943F10003121943F10003DF
:10B3B000C6E90023F0BDF0B5059CC4F14007C4F117
:10B3C0002006A4F12005E04002FA06F6BB4022FA6E
:10B3D00005F5BA403343C4F120062B4301FA06F6C3
:10B3E000A4F12005304321FA05F5E1402843194333
:10B3F0001043F0BD2DE9F04357EC106B3B4634464B
:10B40000FE0F40F2FF77C3F30A55C3F3130306712F
:10B4100054EA030C07D0BD420CD146F00806067171
:10B420000020BDE8F083002D64D0BD425FD146F01E
:10B430000406F4E7002D5AD10125A5F2FF350029B5
:10B4400005605ADB0C295ADCC1F10D050126AD005F
:10B4500005F1FF3EA5F1210CC5F1210706FA0CFC10
:10B4600026FA07F706FA0EF64CEA070CB7194CEB6A
:10B470000C09D7F1000869EB490E013F49F1FF398A
:10B48000274009EA0309BE427CEB090910DBC5F13C
:10B490002009B5F1200724FA05F503FA09F958BF88
:10B4A00043FA07F745EA090558BF3D43ED0703D5C1
:10B4B000A619344643EB0C0304EA080403EA0E031E
:10B4C00000F112050D260846C2F127024FF0300E9A
:10B4D00004F00F01240906F1FF3C6F1E44EA0374D7
:10B4E0001B11B1B9B0420CDA66463D46F0E743F4B1
:10B4F0008013A2E72C462B46A1E70021E0E70D21AF
:10B50000DEE785F800E01CF1010166463D46DFD12B
:10B5100087E70929C8BF8918B04201F13001B8BFD7
:10B5200030462970EFE7D1E9043293421EBF5A1C1E
:10B530000A611870704738B58B780D469B0709D59E
:10B54000C4B24B6820469847002806DAAB7843F02F
:10B550000403AB704FF0FF3038BD2046FCE7704766
:10B56000014800687047000068A300200000000048
:10B570005FF800F0010000205FF800F06503002094
:10B580005FF800F0090400205FF800F09901002046
:10B590005FF800F02D0200205FF800F0FD000020B1
:08B5A0005FF800F059010020E2
:08B5A800B45AFC7F0100000011
:10B5B000BD7D010000000000ED81010000000000E1
:10B5C0000D820100000000002D820100000000003B
:10B5D00000000000A4B8040000000000F0B7040060
:10B5E000000000005CB8040000000000A8B70400E0
:10B5F0000000000080B804000000000014B804003F
:10B6000000000000CCB704000000000038B80400BF
:10B610002194030000000000459403000000000096
:10B62000C594030000000000000000007CB9040085
:10B6300000000000ECB8040000000000C8B80400DE
:10B64000000000009CBA04000000000078BA04006A
:10B650000000000054BA04000000000030BA0400EA
:10B66000000000000CBA040000000000E8B904006B
:10B6700000000000C4B9040000000000A0B90400EC
:10B680000000000058B904000000000034B90400B4
:10B690000000000010B9040000000000E0BB04003E
:10B6A0000000000098BB04000000000074BB040010
:10B6B0000000000050BB040000000000BCBB040000
:10B6C00000000000C0BA040000000000E4BA04005A
:10B6D0000000000008BB0400000000002CBB0400B8
:10B6E000497A020000000000719902000000000089
:10B6F00043DB030000000000D10302000000000053
:10B70000BD7C010000000000CDAF01000000000082
:10B7100059400300000000001D9A030000000000D3
:10B720000000000070BC04000000000094BC040095
:10B730000000000004BC040000000000B8BC0400CD
:10B74000000000004CBC04000000000028BC040005
:10B7500000000000DCBC0400393D010000000000D6
:10B760000000000000BD04000000000024BD040033
:10B770000000000048BD0400000000006CBD040093
:10B78000815201000000000021A101000000000022
:10B790000B13040000000000F92F0100000000005E
:08B7A00031E901000000000086
:10B7A800718105003823050018BE0400042000201C
:10B7B80000000000CB56040000000000000000005C
:10B7C8002C2305008A8105004C23050018BE0400BF
:10B7D8000620002000000000CB56040000000000F6
:10B7E8000000000040230500A38105006023050038
:10B7F80018BE04000820002000000000CB560400FA
:10B80800000000000000000054230500BD81050071
:10B818007423050018BE04000A2000200000000060
:10B82800CB5604000000000000000000682305005B
:10B83800D88105008823050018BE04000C200020CC
:10B8480000000000CB5604000000000000000000CB
:10B858007C230500F28105009C23050018BE040026
:10B868000E20002000000000CB560400000000005D
:10B8780000000000902305000C820500B02305009D
:10B8880018BE04001020002000000000CB56040061
:10B898000000000000000000A42305002582050028
:10B8A800000000000000000012200020000000003E
:10B8B800F15604000000000000000000B823050055
:10B8C800DE7E05006022050000000000FE1F00204B
:10B8D800B8B0002035700200000000000000000031
:10B8E80054220500197F05007C2205000000000095
:10B8F80000200020E4B000201170020000000000C9
:10B9080000000000702205000E850500FC240500DB
:10B91800B0BD040022200020FCB40020000000007C
:10B928000000000000000000F02405003885050034
:10B9380020250500B0BD04002420002008B5002003
:10B9480000000000000000000000000014250500B1
:10B958006285050044250500B0BD040026200020AE
:10B9680014B50020000000000000000000000000E6
:10B97800382505008B85050068250500B0BD040045
:10B988002820002020B50020000000000000000052
:10B99800000000005C250500B58505008C25050024
:10B9A800B0BD04002A2000202CB5002000000000B3
:10B9B800000000000000000080250500DF8505006C
:10B9C800B0250500B0BD04002C20002038B50020AB
:10B9D800000000000000000000000000A425050091
:10B9E80009860500D4250500B0BD04002E200020DE
:10B9F80044B5002000000000000000000000000026
:10BA0800C825050033860500F8250500B0BD0400EB
:10BA18003020002050B50020000000000000000089
:10BA280000000000EC2505005D8605001C260500C9
:10BA3800B0BD0400322000205CB5002000000000EA
:10BA480000000000000000001026050087860500A1
:10BA580040260500B0BD04003420002068B5002051
:10BA6800000000000000000000000000342605006F
:10BA7800B186050064260500B0BD0400362000200C
:10BA880074B5002000000000000000000000000065
:10BA980058260500DB86050088260500B0BD040091
:10BAA8003820002080B500200000000000000000C1
:10BAB800000000007C260500CD5C05001420050070
:10BAC80088BE0400FC1F002080050020D9B10100B9
:10BAD800000000000000000008200500C5820500E5
:10BAE8000000000090BD04001620002000000000A7
:10BAF8003D5704000000000000000000F823050086
:10BB0800868405005C140020000000001C20002032
:10BB180060140020135B0400000000000000000017
:10BB2800CC240500548C0500F4270500DCBE040075
:10BB3800442000201819002035930200000000005E
:10BB480000000000E8270500548C0500382805008F
:10BB5800DCBE04004620002098190020C59202008F
:10BB680000000000000000002C280500548C05008F
:10BB780054280500DCBE040048200020181A0020C4
:10BB8800559202000000000000000000482805004F
:10BB9800548C050098280500DCBE04004A200020CB
:10BBA800981A0020E5910200000000000000000043
:10BBB8008C280500548C0500DC280500DCBE040038
:10BBC8004C200020181B0020759102000000000086
:10BBD80000000000D0280500E98C05002829050090
:10BBE800F4BD04004E200020981B0020A5930200FD
:10BBF800000000000000000014290500D57F0500A2
:10BC0800B0220500E8220500022000204C13002085
:10BC1800D97302000000000000000000A422050003
:10BC2800B58405002C14002098BD04001E200020B7
:10BC3800341400203D8102000000000000000000D4
:10BC4800D8240500DF8405004414002098BD0400B2
:10BC5800202000204C1400203D810200000000003C
:10BC680000000000E4240500AE8905004015050029
:10BC7800D4BD04003A20002034170020418A020075
:10BC88000000000000000000A0260500EF8A050063
:10BC98004C270500ECBD04003E20002018180020A9
:10BCA800655D04000000000000000000402705005A
:10BCB800178B050088270500ECBD040040200020F4
:10BCC80098180020615D04000000000000000000DA
:10BCD8007C27050095820500E4230500FCBD0400CF
:10BCE80014200020FC130020FB5604000000000074
:10BCF80000000000D8230500228A0500D826050088
:10BD080034BE04003C200020D4170020F98B020028
:10BD18000000000000000000CC2605005684050045
:10BD2800C024050030BF04001A200020208D002008
:10BD38004D7F02000000000000000000B424050050
:10BD4800648B0500B82705004CBE04004220002083
:10BD58008CB50020F98E02000000000000000000F1
:10BD6800B0270500AD830500041400201824050041
:10BD78001820002058070020B57A020000000000B3
:08BD8800000000000424050086
:08BD9000475704000000000009
:10BD9800E95A04006D81020021820200E55A04007C
:08BDA800D95A0400C980020011
:10BDB00035830200415B04004F5B0400655B0400B7
:10BDC000755B0400875B040079840200975B0400C4
:04BDD000000000006F
:10BDD400298B0200635C04003D8602000000000021
:08BDE400000000000000000057
:08BDEC00E18D0200D58C02007C
:08BDF400699402008963040058
:10BDFC00D91401000000000000000000FD790200D1
:10BE0C00000000001157040000000000AD79020092
:10BE1C00D579020000000000CF560400000000009D
:08BE2C0000000000000000000E
:10BE34000000000000000000A15C0400E15C0400BC
:08BE44000000000000000000F6
:10BE4C008D5F0400D35F0400AB5F0400B95F040096
:10BE5C0000000000000000000000000000000000D6
:10BE6C0000000000000000000000000000000000C6
:0CBE7C00000000000000000000000000BA
:10BE880059AE010049B0010000000000470004005D
:10BE9800BD00040089AE010029AE0100CDB3010048
:10BEA8001D01040049AD0100DDAD010013010400CE
:10BEB8000000000081AD010000000000000000004B
:10BEC800A9AD0100FDB201001B0004004B010400F4
:10BED80023000400E95F04001360040035600400D7
:10BEE800019102003F6204006F600400B560040025
:10BEF8000361040025610400336104006B610400E0
:10BF08008F610400556104009D610400798F02006F
:10BF18009D8F0200CB6104001B620400376204009D
:08BF2800000000000000000011
:10BF3000C7590400D15804000B5A0400C159040029
:10BF40009F580400000000000000000000000000F6
:08BF50000000000000000000E9
:0CBF5800000000000000000000000000DD
:10BF6400807E05007C250020851204000608000060
:10BF7400757E05007C250020E10D0400000800000A
:10BF840000000000000000004F0C0400F9E901006B
:10BF94000000000000000000B7060400D9D401002E
:10BFA4000500000000000000D30C040029F9010082
:0CBFB4003813002001000000B4B0002091
:10BFC000D7390500030000007E3A05000300000099
:10BFD0009E8205000300000086500500010000005D
:10BFE0007A3B050003000000C38305000300000046
:10BFF000FB4E050003000000EE8405000300000076
:10C00000DB78050003000000FB530500030000007F
:10C010002C87050003000000957C0500010000004E
:10C02000847A0500010000002B7E0500010000005D
:10C03000883B0500030000008C3B05000300000066
:10C0400056540500030000005E5405000300000084
:10C050001736050003000000698405000300000096
:10C0600002540500030000000C540500030000000A
:10C070004E54050003000000275405000300000093
:10C080003454050003000000405405000300000084
:10C0900018540500030000002A8B0500030000006F
:10C0A0004D8C050003000000FB8C05000300000020
:10C0B000738B050003000000C18905000300000028
:10C0C000178A0500030000008C45050003000000EE
:10C0D0009245050003000000B73A05000300000088
:10C0E000D57F0500010000004E8105000100000021
:10C0F000EA5C050001000000C95A050001000000CB
:10C100001D58050001000000A45B050001000000AF
:10C1100028590500010000007056050001000000CC
:10C120006756050001000000FF5B050001000000EC
:10C13000E05B05000100000014370500010000006D
:08C14000075C0500010000008E
:10C14800041D050060A30020A645050000000000AE
:10C158002C3505007D0B010077340500ED0A010040
:10C168007F35050091100100A43405003D0B010046
:10C178001035050021020100843405005D0A010024
:10C18800E5340500AD0A01008C350500850A01007B
:10C1980052350500710A01009B350500C10A0100EE
:10C1A80045350500E1070100383505008D0501001A
:10C1B800D83405001D0201006B340500DD040100C0
:10C1C80001350500E90E01001D350500250F0100A8
:10C1D800CC340500B9040100F4340500E501010080
:10C1E8005B34050001020100B2340500310501008D
:10C1F8004B340500510F0100613505009904010019
:10C20800BE340500C101010093340500D5010100C9
:10C218003E340500AD0D01006E350500F10F01003B
:10C228002B34050085CE0300028B0500B8BC040042
:10C23800B0820500E4BA0400C381050038B80400E0
:10C248007184050008BB0400CA8405004CBC0400C6
:10C25800A084050028BC0400057F0500ECB8040094
:10C26800CA7E0500C8B8040080820500DCBC040052
:10C27800CA8B05002CBB0400C78605009CBA0400C5
:10C288009D86050078BA04007386050054BA040038
:10C298004986050030BA04001F8605000CBA040060
:10C2A800F5850500E8B90400CB850500C4B904008C
:10C2B800A1850500A0B904004E85050058B9040001
:10C2C8002485050034B90400FA84050010B9040077
:10C2D8009A89050070BC040011820500A4B8040006
:10C2E8008F810500F0B70400DB8A050094BC0400C8
:10C2F800D58C0500E0BB0400DE8105005CB80400B5
:10C30800198C050098BB0400FF8B050074BB040062
:10C31800E58B050050BB0400338C0500BCBB040052
:10C328002E81050004BC0400B95C0500C0BA0400F5
:10C338005D810500A8B70400F881050080B80400F5
:10C34800A981050014B8040076810500CCB7040063
:10C35800788505007CB90400038A050000BD040047
:10C368004284050024BD0400998305006CBD0400C7
:10C37800518B050048BD0400BA3705007C25002014
:10C38800896F0500A17C0100BE6505002BF503003F
:10C39800A1990500EF9E0400A43A050025D60300E4
:10C3A800973A050037D60300113605000919010030
:10C3B800D8380500FFAF0400DD38050005B00400DB
:10C3C800D33805000DB00400AC6505002FF5030057
:10C3D800E8380500897D0100E9350500317C010058
:10C3E8008D720500EDF403008465050033F5030044
:10C3F80016360500491C01001E3705000DB2030062
:10C408004B6E05006D7D01003237050027F50300EE
:10C41800D264050023F50300C33805003FAF0400CC
:10C42800AB38050059AF0400A338050069AF040014
:10C438009B3805007BAF04009338050087AF0400E4
:10C448007B38050093AF04008B3805009FAF0400CC
:10C45800CB380500ABAF040083380500BFAF04003C
:10C4680072380500CBAF04002E360500039D04008A
:10C47800E999050069A50400F7380500B3AE040082
:10C4880065380500C5A4030056380500EDA403006F
:10C498003B360500BBAB04001E3605002D9D03008E
:10C4A800A664050037F50300F9380500017D010091
:10C4B8003D7A05001DB00400367A0500E1AE04009F
:10C4C80000390500FBAE04002F7A05002FAF0400E9
:10C4D8008A37050061610200A93705000347040097
:10C4E80021380500A91C02002D380500111C020086
:10C4F8000D380500E51B0200F73705004518020056
:10C50800E03705006F190400CB3705004515020018
:10C518006E37050091240200513705003F200400C2
:10C5280023370500F1F40300F535050071B3030066
:10C53800903A0500D9D503000436050095B30300E9
:10C548000C360500A1B30300E338050015B004005C
:10C55800EF380500357D0100283705003BF503005D
:10C56800906405004BF50300DC35050077DA03001D
:10C57800CE350500BBDA0300C135050037DA030004
:10C588002D3705005BF50300526405006BF50300C9
:10C598003A6405007BF503001A360500E92001001E
:10C5A800F3350500E1B303001064050089F50300C5
:10C5B800FC35050039B40300E238050019B0040061
:10C5C8002C3905003DB00400083905006DB00400A1
:10C5D8000F3905008BB004001D3905005D100100FE
:10C5E8001D3905005D100100447A05007110010035
:10C5F8001639050081100100163905008110010067
:10C608003F390500A5B004003F390500A5B0040076
:10C6180037390500C9B0040037390500C9B004002E
:10C628004E39050001B10400473905002DB1040059
:10C6380024390500E9B80300AA350500419B02002A
:10C64800028D0500699B0200123605009121010048
:10C658003E37050071040200BB380500E7AF04004F
:10C66800B3380500F3AF04008636050019A60100AB
:10C6780000370500ADF9030061360500EDF8030049
:10C688007636050053F80300E836050061F8030024
:10C69800B73605009DF803004836050029920100C9
:10C6A80055360500A1910100143705001D910100C0
:10C6B800D3360500A5FF03009D360500B1A901008A
:10C6C8008F3A0500D5D50300117A050011810100C4
:10C6D800FC790500A39C0400E2790500ED8F0300B6
:10C6E800C079050035900300AD7905003F9D040031
:10C6F800967905008D9C04007B79050000000000F8
:10C7080069790500E1F00300567905000000000092
:10C71800437905000000000031790500356C0100FF
:10C728001C790500B9F0030000790500935A04004C
:10C73800DE780500895A0400BB780500815A040098
:10C748009F780500000000008978050000000000BF
:10C75800677805000000000055780500000000001B
:10C768003A7805000000000023780500000000006A
:10C778001078050000000000F477050000000000B4
:10C78800DA77050000000000BF7705000000000010
:10C798009B770500000000007B7705000000000083
:10C7A8005C770500000000004377050000000000EA
:10C7B800257705000000000005770500000000004F
:10C7C800E876050000000000C8760500575C040004
:10C7D800A97605004B5C04008D760500C58402002F
:10C7E8006F760500515C0400477605005D5C040027
:10C7F80032760500000000001C76050000000000ED
:10C808000576050000000000E37505000000000043
:10C81800BF75050000000000AB75050000000000B2
:10C82800987505006F9C04007D750500ED9D03005B
:10C838006775050061A504004F750500A19D0300FB
:10C84800397505005D9E0300247505000000000091
:10C858001075050000000000FC74050000000000D1
:10C86800E974050000000000CF7405000000000016
:10C87800BB74050000000000A37405000000000060
:10C888008C740500E79E040076740500EB9E040096
:10C8980062740500000000004E74050000000000EE
:10C8A80033740500A99E03001A7405004B9F040009
:10C8B80008740500B9950300F0730500839F040010
:10C8C800D573050000000000BA73050000000000E1
:10C8D800A7730500919F040091730500C39F04008E
:10C8E8007D73050009A004006B730500F99403002B
:10C8F800577305009FA00400437305008196030049
:10C908002D730500719703001073050000000000E7
:10C91800FA72050000000000DF7205000000000048
:10C92800C772050000000000AE720500000000009C
:10C9380093720500000000007F7205004BAA0400F6
:10C948006B7205000000000059720500000000002D
:10C958004672050063A80400347205000000000058
:10C968002172050029A903000872050000000000D3
:10C97800F47105000BAA0400E071050093A80400F7
:10C98800C671050000000000B87105006DB0030015
:10C998009D71050075AE04008371050065AE040045
:10C9A800687105001DB103004D7105006FAE0400EC
:10C9B800317105006DA204001471050081A2040004
:10C9C800F9700500D9A10400E6700500119803006C
:10C9D800D2700500BFA10400BA7005000000000075
:10C9E800A1700500B3A2040088700500BBA2040072
:10C9F8007470050091A503005070050035A7030069
:10CA080039700500000000002770050075980300C4
:10CA180015700500C3A204000270050035990300D3
:10CA2800F06F0500E9980300E16F05001FA70400F7
:10CA3800C76F0500F7A20400B46F0500B59903009D
:10CA4800A06F05001FA304008F6F0500C9380100FF
:10CA5800796F050061790100626F050041A003004C
:10CA6800426F050000000000226F05000000000072
:10CA7800056F050000000000F06E050085A80300A2
:10CA8800D66E05007FA50400BD6E0500C99E030093
:10CA9800A06E050075A50400836E050065A503005A
:10CAA8006C6E050061A40300506E0500BBAE040067
:10CAB800356E0500BFAE0400156E0500BDA5040067
:10CAC800FD6D050055A20300D76D050000000000AC
:10CAD800AF6D050000000000926D05000000000029
:10CAE800736D0500000000005E6D050045AF030092
:10CAF800446D05000BAC0400296D0500B9AF0300B7
:10CB0800156D0500D3AB0400F86C050000000000AB
:10CB1800DB6C050000000000C56C05002DAB0400AF
:10CB2800B56C05006FA70400A56C0500EDA6030011
:10CB3800966C0500E5A503007C6C050091C8010012
:10CB4800646C0500813F01004E6C05007BDB03002F
:10CB58002F6C05008BDB03001E6C0500453F0100B0
:10CB68000B6C05006FDB0300F66B0500251F020048
:10CB7800E16B0500F9200200BB6B0500F10E040013
:10CB8800A06B0500211502007B6B05002F1904001E
:10CB9800536B05006D1B04002F6B05005D1A040024
:10CBA8000C6B05001F190400DC6A0500E11804007D
:10CBB800B46A0500D11804008F6A0500000000005F
:10CBC800676A050000000000436A050000000000D5
:10CBD800296A0500000000000E6A05000000000038
:10CBE800F469050000000000D66905000000000097
:10CBF800C069050000000000AD69050000000000E4
:10CC08009769050000000000686905000000000041
:10CC180052690500FD9001003E690500BD900100C4
:10CC280027690500000000001169050000000000E8
:10CC3800FD68050000000000E7680500000000002E
:10CC4800CB68050000000000B06805000000000087
:10CC580095680500000000007A68050000000000E3
:10CC6800606805000000000045680500000000003D
:10CC78002B68050000000000146805000000000093
:10CC8800FA67050000000000E067050000000000EA
:10CC9800CC67050000000000B46705000000000034
:10CCA8009F6705000000000086670500000000007F
:10CCB8006F670500000000005967050000000000CC
:10CCC8003F67050000000000306705000000000015
:10CCD8001B67050000000000086705000000000051
:10CCE800E7660500BDDC0300C6660500CFDC03006F
:10CCF800A5660500E3DC0300866605009D42010089
:10CD08006766050000000000466605000000000098
:10CD18002266050069CC01000E660500797C0100D9
:10CD2800F965050000000000E0650500000000004E
:10CD3800C565050000000000B165050089D0010047
:10CD48009F65050085CF01008C6505008D060400F0
:10CD580077650500DDCF01005F65050069D2010038
:10CD68003F6505007D060400266505009F06040052
:10CD78000D650500D9D30100F464050031D4010024
:10CD8800DC64050009D30100C564050091060400B0
:10CD9800AD640500B9D201009964050035D00100E1
:10CDA80083640500A5D101006E64050011D201005D
:10CDB800596405004DD1010045640500E1D001002A
:10CDC8002D64050071D301001764050031CF0100FF
:10CDD80003640500CDCE0100EB630500A502020047
:10CDE800DA630500CFF70300C76305003D8A010039
:10CDF8003C380500E94101003C380500E9410100E3
:10CE08009D450500C0110020E09100209C110020E4
:10CE180002000000881C0500DC9100209C1C050015
:10CE2800D8200020924505004056002048D2012015
:10CE3800701D0500DC1B05009C1B0500301C05004F
:10CE4800F01C0500481D0500881B0500382005005A
:10CE5800841D0500341D0500201D05005C1D05000E
:04CE6800F81A0500AF
:10CE6C0000000000000000000000000000000000B6
:10CE7C00000000003C6A0500A53C05000000000015
:10CE8C003947010000000000933E05009D3E05005F
:10CE9C0000000000AD47010003000000EA6F050030
:10CEAC00D43C0500000000005547010002000000C2
:10CEBC0047740500BC3E0500F8CE040000000000DD
:10CECC00000000005A3D0500613D05000000000017
:10CEDC006113010001010000B83D0500C03D0500D3
:10CEEC000000000095470100000000000000000059
:10CEFC000000000000000000000000000000000026
:10CF0C007A4105007F41050000000000DD4A010068
:10CF1C0002000000595A0500AB3F0500000000005C
:10CF2C0051480100000000007C6E05002041050006
:10CF3C0000000000794A0100020000004C4005008E
:10CF4C0053400500000000004549010000000000AE
:10CF5C000D6E0500C540050000000000154A0100DB
:10CF6C0002000000000000000000000000000000B3
:08CF7C000000000000000000AD
:08CF840041C90100C7040400CB
:08CF9000010000000000000098
:10CF9800B19905000001000018AD0020F52300003C
:10CFA80045030000F1020000F1020000F102000058
:10CFB800F1020000F1020000000000000000000083
:10CFC80000000000F1020000F10200000000000073
:10CFD800F102000051050000610500006F05000026
:10CFE8007305000077050000E91900007B050000C3
:10CFF8007F05000021200000C51F000079090000FE
:10D00800750A000000000000000000000000000099
:10D018000000000000000000000000000000000008
:10D0280000000000000000000000000000000000F8
:10D0380000000000000000000000000000000000E8
:10D0480000000000000000000000000000000000D8
:10D0580000000000000000000000000000000000C8
:10D0680000000000000000000000000000000000B8
:10D0780000000000000000000000000000000000A8
:10D088000000000000000000000000000000000098
:10D098000000000000000000000000000000000088
:10D0A8000000000000000000000000000000000078
:10D0B8000000000000000000000000000000000068
:10D0C8000000000000000000000000000000000058
:10D0D8000000000000000000000000000000000048
:10D0E8000000000000000000000000000000000038
:10D0F8000000000000000000000000000000000028
:10D108000000000000000000000000000000000017
:10D118000000000000000000000000000000000007
:10D1280000000000000000000000000000000000F7
:10D1380000000000000000000000000000000000E7
:10D1480000000000000000000000000000000000D7
:10D158000000000000000000FFFFFFFFFFFFFFFFCF
:10D16800FFFFFFFFFFFFFFFFFFFFFFFFFFFFFFFFC7
:10D17800FFFFFFFFFFFFFFFFFFFFFFFFFFFFFFFFB7
:10D18800FFFFFFFFFFFFFFFFFFFFFFFFFFFFFFFFA7
:10D19800FFFFFFFFFFFFFFFF0A4B53F83000CBB242
:10D1A80011F07F010BD0DA09074B03EB02130B4494
:10D1B80093F878301BB1373300EB43007047603089
:10D1C800704700BF603E00002C8B0020F0B50B4C70
:10D1D8000D46A042104623F0010404BF033002327A
:10D1E8005E080C44A54205D1DB0744BF11F8163090
:10D1F8000370F0BD35F8027B1780F3E7001011408B
:10D20800084B03EBC00393F90430002B08DB012221
:10D21800590903F01F0302FA03F3034A42F82130C5
:10D22800704700BF603E000000E100E00A4B03EBDE
:10D23800C00393F90430002B0DDB01215A0903F0D8
:10D248001F03994002F12003044A42F82310BFF358
:10D258004F8FBFF36F8F7047603E000000E100E022
:10D2680038B50546FFF798FF04462846FFF7DEFF66
:10D27800238803F0030343F002032380022323805F
:10D28800BDE83840FFF7BCBF00BE70470123074A1E
:10D29800A2F80431B2F804319BB2002BFAD1012371
:10D2A800A2F80031024A93601360704700C0014041
:10D2B80000700040064B93F826101A6A054BC2F31B
:10D2C800026253F82130D340034A1360704700BF0D
:10D2D80000E00140C0050020B48A0020034AB2F8EB
:10D2E80040319BB2A2F83031704700BF0060004067
:10D2F80010B5EFF31081012383F310880F4A32F839
:10D3080010309BB22BB132F81030013B9BB222F89F
:10D31800103032F810309BB263B9094A094CB2F8A0
:10D32800FE3334F810009BB243F4254323EA00038C
:10D33800A2F8FE3381F3108810BD00BF148A0020C4
:10D3480000E00140343D000030B5EFF310840123C4
:10D3580083F310880D4A32F810309BB263B90C4938
:10D368000C4DB1F8FE3335F810509BB22B4343F403
:10D3780025439BB2A1F8FE3332F8103001339BB23B
:10D3880022F8103084F3108830BD00BF148A0020C2
:10D3980000E00140343D00002DE9F84F0446002725
:10D3A8004FF0010B414D23889F422AD3EFF31080A1
:10D3B800012383F310883E4B196819B93D4AD1708F
:10D3C8004021D1701A6801321A6080F31088002059
:10D3D800394D218882B291424AD8EFF31081012257
:10D3E80082F310881A6812B11A68013A1A601A682A
:10D3F8001AB9304BDA708022DA7081F31088BDE8F0
:10D40800F88F4FF00008DFF8B4904FEAC70A636856
:10D4180039F8022B03EB0A018988914217D153F896
:10D428000A300BFA08F603F0B853B3F1807FF6B26E
:10D4380095F8BB3412D1334209D10120FFF784FF9C
:10D4480095F8BB34334385F8BB34FFF751FF08F137
:10D458000108B8F1030FDAD10137A4E73342F6D057
:10D468000120FFF771FF95F8BB3423EA0603EAE7CA
:10D47800666882B206EBC201898856F832600A0AE9
:10D4880016F4803FC9B24FEA02120AD0571855F86D
:10D4980027C02CF4803C45F827C026F4803C45F88A
:10D4A80027C00A4445F82260013092E700E00140B5
:10D4B8000C8A0020000D0840000808402E3D00009E
:10D4C800EFF30380103840B27047FFFF054BC030C0
:10D4D80053F8202022F4803243F8202053F82030DB
:10D4E800704700BF00600040024A136801331360B0
:10D4F800704700BF708A002008B5FFF7E1FFBDE85C
:10D508000840FFF7E3BFFFF7F7BFFFF7F5BFFFF7E7
:10D51800F3BFFFF7F1BFFFF7EFBF0A4492B29142A2
:10D528004FEA400001D8824201DB121A92B210463B
:10D5380070472DE9F0471F460B894C899BB2A4B26E
:10D5480092468A88A34236BFC4EB42051D1BED18DC
:10D55800ADB2AA4281460E4605D2934209D315467A
:10D568009C1AA4B24C81002D35D12C46A8462946D8
:10D5780010E015469C18A4B24C81A2422ED9D6F8C8
:10D5880000809C4208EB04012BD3AD1A131B2C44DA
:10D59800A4B29DB2BD4228BF3D467F1B2B465246D2
:10D5A8004846BFB2FFF712FE57B1BC4228BF3C46FF
:10D5B8005246234641464846FFF708FE2C44A5B28A
:10D5C80071892A46B08889B2FFF7A7FF7081BDE844
:10D5D800F0879B1A9BB29A42FBD9CEE7A41AA4B251
:10D5E800CBE74FF000084446D4E7FFFF2DE9F041B0
:10D5F800154D0746EC881CB901202C60BDE8F08168
:10D60800B0F85E80264608F07F08444528BF4646A5
:10D618003EB16B7A296800F1140273B13346FFF703
:10D6280088FF444538BF4FF40043A4EB06044FF08D
:10D63800000038BF7B84EC80E0E73346FFF7C6FD87
:10D6480031442960EDE700BF2C8B00200C232DE925
:10D65800F0474B43264D0446EA18D6880F461EB9B4
:10D668000120EE50BDE8F0878BB243F4806202855A
:10D67800A0F86430B0F86CA01FFA8AFA238D03F082
:10D688000F039F42FAD1638D9B04FCD55645B046E3
:10D6980028BFD046B8F1000F0FD04FF00C0909FB96
:10D6A80007F905EB09035B7A55F8091004F118022C
:10D6B800ABB143462046FFF73CFF56453CBF4FF40D
:10D6C8000043638500232385208D10F00F00FBD1D4
:10D6D8000C2303FB0755A6EB0806EE80C2E743467A
:10D6E8002046FFF773FD414445F80910E5E700BF00
:10D6F8002C8B0020002070474B6902490B610121E7
:10D70800184700BFF88900200346034A10780BB178
:10D71800FFF776BDFFF78ABD380500200222024BCD
:10D728005A8000221A717047288800200022024B74
:10D738001A80FFF7F3BF00BF288800200020FFF7FA
:10D74800F5BF01207047FFFF8B7970B5012B35D1EC
:10D75800CB79022B32D1002318468D788C79012C95
:10D7680020D04B78212B22D1154B8A7809301A709A
:10D77800B1F8053080B2402B21D94FF0E023D3F81F
:10D78800F03DDB071BD500BE19E08C78AC420ED10A
:10D79800CE78DCB2A6420AD10C780133204480B29C
:10D7A8002144DBE7CC79022CDBD19042EDD34FF05A
:10D7B800E023D3F8F03DDA0700D500BE002070BDA5
:10D7C80028880020704710B501F1080400F00F0206
:10D7D800D3B2092A8CBF3733303304F8013D8C4269
:10D7E8004FEA1010F2D110BD08B50146FFF76EFEE2
:10D7F800BFF35F8F012201F01F039A404B099B0082
:10D8080003F1604303F56143C3F880211A6008BD42
:10D8180001220649430900F01F008240203341F8E5
:10D828002320BFF34F8FBFF36F8F704700E100E0F5
:10D8380010B4090100F16044C9B204F5614484F8E8
:10D848000013034941F820205DF8044BFFF7CCBFD3
:10D85800A006002037B5C36B04460A466D468BB157
:10D8680093E80300CDE900011A70226C18465A604B
:10D87800A26B9047E36B1BB195E8030083E80300B4
:10D8880003B030BD6B46EFE74FF4964313B50193F1
:10D89800436804461A7842B193F91100FFF7A4FFD0
:10D8A800636893F91300FFF79FFF4AF680230A4A3B
:10D8B800A2F88430B2F884309BB2802B02D10020C9
:10D8C80002B010BD019B1BB1019B013B0193F1E725
:10D8D8004FF4FA70F4E700BF00E07F4037B5836B80
:10D8E80004460A466D468BB193E80300CDE9000172
:10D8F800E16B1A7119601846626B9047A36B1BB1F4
:10D9080095E8030083E8030003B030BD6B46EFE7FA
:10D9180010B5FFF7D5FDFFF7D9FDFFF7D1FD3A4B5D
:10D9280053F820301A69117BC1F30000C9074FD49E
:10D9380093F82C1093F82A408C4215D093F82D00B8
:10D9480020B1022902D15223D3720CE093F8281097
:10D95800D17093F82B20013A83F82B2093F82C20D0
:10D96800013283F82C2010BD196A41B393F82D4079
:10D978004CB95A6A98690139805C013219625A6255
:10D988001B69D870EFE793F831406CB1012983F82F
:10D99800310004D120211A699172FF20F0E79072BA
:10D9A8001A6A012AF9D1F5E7507999695A6A8854AF
:10D9B8001A6A013A1A625A6A01325A62F0E793F80F
:10D9C8002E1081B15221D172012283F83020CAE78A
:10D9D80093F82D1011B193F8311031B1002119626B
:10D9E800012183F82F105423AEE7507999695A6AB8
:10D9F80088541A6A93F82E10013A1A625A6A013248
:10DA08005A621A69DDE700BFA006002010B5FFF7CB
:10DA180057FD2D4B53F820000269D37A23F00803F1
:10DA2800D37290F82F2002F0FF0332B1F0220121C7
:10DA38000369DA72FFF752FF1BE090F82A1090F89A
:10DA48002C20914229D0D2B901290CBF90F8283056
:10DA580090F8293000210269D1720269D37090F8D8
:10DA68002B30013B80F82B3090F82C30013380F8B4
:10DA78002C30FFF725FDBDE81040FFF727BD90F8D3
:10DA88002D1001F0FF0431B1022AE3D190F82930BA
:10DA980043F00103DEE72346DCE7026A002AE8D107
:10DAA80090F82D1090F83040C1F103010369C9B214
:10DAB8000CB1DA72BEE7F022DA720269937803F0E9
:10DAC800CF039370B6E700BFA00600200022084BE2
:10DAD8001A719A78042A02D103229A707047072A89
:10DAE800FCD11A7812F0040F0CBF08220622F4E7C2
:10DAF8002888002008B50378012B06D103490B8834
:10DB08001BB1FFF7E3FF00230B8008BD208800202E
:10DB1800030143EA801040F4847040F0010070472C
:10DB2800002802DB014AFFF783BE7047048B002000
:10DB380030B5194DAB686D689C6E2D78032D98BF74
:10DB4800013408B1A0421DD35B6BD20754BF03F068
:10DB58001F03C3F30443032D08D90F2B8CBF0023E5
:10DB6800012348B9A3B902234B6030BD03F00C036D
:10DB78001A1F53425341F4E7A04201D3002BF2D1BC
:10DB88000323F1E7032D98BF00F1FF300860ECE7AD
:10DB9800002CE8D0F4E700BF048B00202DE9F34106
:10DBA80001F00307032F80460C4607D02B4B01F0EA
:10DBB8000C015A681278062A03D129B902B0BDE8C7
:10DBC800F08109B1032AF9D11968254A9142F5D1A2
:10DBD8009E68736E01334345F0D34FF0FF35002341
:10DBE800224669464046CDE90053FFF7A1FF019A56
:10DBF800356B92B914F0080F14BF04230223A00751
:10DC080058BFDB19009955BF123306EB830306EBA7
:10DC18008303D96454BF59601965630642BF336CE6
:10DC280043F480033364012F15D025F44035022CCA
:10DC380045EA02450BD12AB1012269464046FFF761
:10DC480077FF019A25F0407545EA026501E0002F4B
:10DC5800F8D13563B2E7022CEDD0F3E7048B00204E
:10DC6800545047002DE9F84F394E074606EBD013BC
:10DC780093F828508B4615F0010590464FEAD01AC4
:10DC88000AD04FF0E023D3F8F03DDB0700D500BE03
:10DC980000252846BDE8F88F2E4A92F8009093F8A0
:10DCA8002820484642F0010283F828202A4B53F8DE
:10DCB8003940FFF7BBFA0CB900BEFEE7002F35D09C
:10DCC8004FF484632384238C9A06FCD50022234BCB
:10DCD8005A72A3F80480A3F80680B8F1000F32D076
:10DCE800C3F800B057B3B4F86030180403D5B4F8DB
:10DCF800543019061FD44FF0E023D3F8F03DDA076B
:10DD080000D500BE4846FFF77BFA002DC1D106EBCF
:10DD18000A0393F8282065F3000283F8282093F873
:10DD2800282065F3820283F82820AAE72784238C19
:10DD38009B06FCD4CAE72046FFF758FC01230125BF
:10DD4800A4F86030DEE7C3F800800523F7E700BFDA
:10DD5800298A002038050020603E00002C8B002016
:10DD6800C043002200F080001146FFF77BBFFFFF91
:10DD780010B40346064C00682246596803C20022C4
:10DD8800C4E9022218785DF8044BFFF7E9BF00BF29
:10DD9800F8890020F8B5038944899BB2A4B20546E6
:10DDA8008088A34236BFC4EB400EA3EB040E9E440A
:10DDB8001FFA8EFE704516461ED80027BC463B4605
:10DDC8003A46B24228BF32460CEB020084452AD1BB
:10DDD800B61AB6B23EB1B34228BF3346F8188742E6
:10DDE80025D113449AB22989A88889B2FFF795FBEF
:10DDF8002881F8BD1B1A9BB29842FBD9A0420FD9C3
:10DE08002F68A34207EB030C35BF0027C01AE41A9A
:10DE1800A3EB0E0339BF3B46A2B282B29BB2D0E756
:10DE2800241AA4B2EAE70C780CF8014BCEE70C7878
:10DE380007F8014BD3E7FFFF2DE9F0410546002421
:10DE4800174E184FDFF86C803278E3B29A4210D23E
:10DE58003C220021144801F04BFF1022FF211348F7
:10DE680001F046FFBDE8F0411422FF21104801F0FF
:10DE78003FBF0DD9D8F8002012EB43130BD14FF058
:10DE8800E023D3F8F03DDB0700D500BEBDE8F08104
:10DE98009B1A07EB43132846DB6898470134D3E7FE
:10DEA800208A0020FC3D0000298A00202D8A0020BD
:10DEB8003D8A00201C8A002070B5058903894289A3
:10DEC8009BB292B28688934236BFC2EB46029B1A37
:10DED8009B189BB29E420446ADB217D8C079C009C0
:10DEE80014D170BD801B80B2B042FBD2E288236897
:10DEF800C2F30E0202FB003001F008FF012229469E
:10DF0800A088FFF70AFB20810120EAE72846EBE713
:10DF180038B50546002D1C4614BF4FF480134FF446
:10DF280080331046044A04FB01311360224601F095
:10DF3800EDFE204638BD00BF2488002010B5114BE7
:10DF48009989DA8993F900008C1AA4B2402C28BF69
:10DF5800402400280DDA914211D0224699680A48D7
:10DF680001F0D4FE802008492246BDE81040FFF7A2
:10DF780079BE91424FF00000F5D10146F4E78020C8
:10DF88000021F1E7F88900207488002070B5034665
:10DF9800104C006825460E465968A66003C5002146
:10DFA800E181D988914228BF1146A181DA886AB1F6
:10DFB800FFF7C4FF40B94FF0E023D3F8F03DDB078B
:10DFC80000D500BE002000E0012070BD1878FFF7E2
:10DFD800C7FEEFE7F889002007B58DF800208DF817
:10DFE80001301A0A1B0C8DF8033000238DF802202B
:10DFF8008DF80410062269468DF80530FFF7C6FF34
:10E0080003B05DF804FBFFFF2DE9F04F89B0834BA7
:10E0180000201D682B689847AB89E9899BB289B2B3
:10E0280028898B4236BFC1EB40025A1AD21894B2E3
:10E038009CB1A04205D283422CBF1B1A1B1899B26F
:10E04800E981884225D96A896B68C2F30E0202FB0E
:10E05800013105A801F05AFE0124E98922462889E0
:10E0680089B2FFF75AFA2B68E88101209847002CFB
:10E0780034D09DF81530013B072B00F23D83DFE8D3
:10E0880013F00B0019009F039503950323001A034F
:10E098009803091A89B2D4E79DF81400FFF7CCFE5B
:10E0A800142200215E4801F023FE9DF818305D4AD5
:10E0B8009370ACE79DF81400FFF7BEFE1422002110
:10E0C800574801F015FEA2E7574A13784BB94FF0AD
:10E0D800E023D3F8F03DDA0700D500BE09B0BDE86B
:10E0E800F08F1378013BDBB21370127802F0FF0354
:10E0F800002A8CD14B4CDFF828812278C8F81030E0
:10E1080042F00102227094F828209DF8147063F3FD
:10E11800000284F8282094F8282063F3820284F807
:10E12800282094F8292063F3000284F8292094F821
:10E13800292063F3820284F829209DF8182002F030
:10E148006003602B07D14FF0E023D3F8F03DD907E7
:10E1580006D500BE04E0402B0DD1344BC8F8103072
:10E1680000219DF81400FFF77BF880219DF814002A
:10E17800FFF776F84BE702F01F02012A00F0D8817A
:10E18800022A00F00482002ADDD1202B16D19DF846
:10E198001C300F2BE4D8264A23441B79127893426B
:10E1A80009D2244A116811EB4311D9D006AA38467E
:10E1B800FFF7A2FA2DE1D3D11F49F7E7002BC2D10F
:10E1C8009DF81930092BBED801A252F823F000BFE0
:10E1D8003D1500002B150000AF11000017150000B9
:10E1E800AF110000611200003F140000AF110000E1
:10E1F8007B120000A512000008AB13E903000023FE
:10E20800C8E902332378C8E9000143F00203237008
:10E21800FDE6637801228DF8123065E1248A00203A
:10E22800F8890020298A0020288A00205D0700003C
:10E23800208A00201C8A0020FC3D00009DF81A80DE
:10E248006378984500F0B2806378002B47D00026A9
:10E25800A84B384653F83750A74B05F1600B83F8A5
:10E2680098602A8E66F34D322A86FEF7DFFFA24BAE
:10E278004FF0090C9E4693F8742022B34FF0010A20
:10E2880002F07F09D20911010EEB02124A4492F8FA
:10E298007820E88E0AFA02FA80B220EA0A00E886B4
:10E2A800002A47D002F1370005EB400006800C2019
:10E2B800A5F8642000FB02E271444944A5F86860AF
:10E2C800167281F87860BCF1010CA3F10C03D2D16D
:10E2D8003846FEF795FFA578FFF7AEFDA57084F8E0
:10E2E8000180B8F1000F61D02378844923F030030E
:10E2F800DFF83492237001F124084B780B2B02BF0E
:10E308000B7891F803A0C9184B7818BF4FF0010A91
:10E31800042B13D04FF0E023D3F8F03DDE0758D498
:10E328004FF0E023D3F8F03DDD0700D500BE002311
:10E33800637015E75846B9E70146DEE70026A8EB03
:10E348000102DFF8E8B192B299F80030F5B29D42C7
:10E35800E0D811D26A4B1B6813EB4513DAD0384664
:10E368001B69CDE901129847DDE9011208282ED969
:10E3780082422CD300220CE0EB1A0BEB4313EEE79E
:10E388008E780132334454FA83F31E79FF2EC1D1BB
:10E398001D71D3B29A45F3D85A4E0844884209D819
:10E3A80099F80030AB42B5D34045C5D306A8FFF76E
:10E3B800DFFC2CE64B78052B06D18B7803F07F0227
:10E3C80006EB4202DB09D5540B781944E6E701361F
:10E3D800BAE700BEA4E7BDF81A30190A4A1E062A91
:10E3E8003FF6BEAE01A050F822F000BF7114000045
:10E3F8008314000091140000C9110000C911000025
:10E40800C91100008314000012223F4906A8FFF733
:10E41800BDFD00287FF4FBADA2E602297FF4A0AE83
:10E428003A4931F80229F1E713F0FF030ED102222D
:10E438003749384801F06AFC01204000821C3649FF
:10E4480042F440730B8002F0FE02DFE7062B3FF632
:10E4580087AE324A324C52F823602378BBB9314D2B
:10E468002146D5F89000FFF7AEF9D5F8940004F1ED
:10E478000801FFF7A8F9D5F8980004F11001FFF793
:10E48800A2F9D5F89C0004F11801FFF79CF9304671
:10E4980001F049FC00222049C0B2D3B2984202F1EF
:10E4A8000102CAD95C1CF35C21F81430F5E7BDF809
:10E4B8001A30012B7FF454AE237843F008032370FD
:10E4C80074E7BDF81A30012B7FF44AAE237823F0A5
:10E4D8000803F4E72378C3F340129B0803F0020310
:10E4E80013430222ADF812300DF1120106A8FFF70E
:10E4F8004DFD8CE5603E00002C8B0020F53C0000B3
:10E508001C8A00203D8A0020193D0000EE3C0000D6
:10E51800563C0000F8880020F6880020D03C000017
:10E52800B488002000810001208A0020FC3D000002
:10E538009DF81C300F2B3FF613AEA54A23441B79D8
:10E54800127893421FD2A34A116811EB43113FF48A
:10E5580007AE384606AAFFF7CFF800287FF457AD74
:10E568009DF8183013F060037FF4FAAD9DF8192078
:10E57800A2F10A0101293FF6F3AD0A2AC8F81030C2
:10E588007FF414AF46E67FF4EBAD9349E1E79DF8DD
:10E598001C9009F07F02092A3FF6D5AD8C49550039
:10E5A80004EB420202EBD912127D09784FEAD91B1B
:10E5B8008A4214D287490E6806EB4216BBB99DF809
:10E5C800193003F0FD02012A15D0002B7FF4BBADF2
:10E5D8002C445C4494F82830C3F3400381E740F0AE
:10E5E800F2807D4E002BEAD0314606AADFE5002EE8
:10E5F8003FF4B6ADF8E7BDF81A20002A39D1774ABA
:10E60800012B92F800A045D1754A494652F83A20A4
:10E61800504603930292FEF7BFFD01905046FEF765
:10E6280005FEDDE902234FF4807001990880BBF1F3
:10E63800000F01D00B800BE06A48484490F878003E
:10E64800A2F86400B2F86820C2F38132012AF1D13D
:10E6580025445D445046FEF7D3FD95F8283023F055
:10E66800020385F8283095F8283023F0010385F84F
:10E678002830002E3FF4CBAC3146384606AAFFF7C7
:10E688003BF80023C8F8103094F82930D8073FF534
:10E69800BEAC8BE625445D4449465046FEF7E0FD96
:10E6A80095F8283043F0020385F8283095F828308B
:10E6B80043F00103DBE79DF818104B4B01F07F0096
:10E6C80003EB400303EBD11393F82820CF0922F082
:10E6D800010283F8282093F8282022F0040283F806
:10E6E800282000284BD1414C9DF814602378079DC1
:10E6F800B7EBD31F12D045B14FF0E023D3F8F03D6C
:10E70800DB077FF584AC00BE81E42369002B3FF46E
:10E718007EAC224603213046984778E494F90030CD
:10E72800002B07DBA06800283FF471AC2A4630496B
:10E7380001F0ECFAA268E3892A442B44A260E2883B
:10E748009BB29A42E38101D03F2D15D8236933B992
:10E758002078FFF705FB00287FF459ACCCE70221AD
:10E768003046224A984701460028F1D13046FEF744
:10E7780077FD80213046FBE4FFF7E0FBEBE71A7DED
:10E78800134B1B789A420DD2124B1B6813EB4213A2
:10E798003FF49DAC9C699DF81920079B9DF81400D7
:10E7A800A04734E47FF493AC0B4BF3E70E4B1B7894
:10E7B8002DE4069B002B3FF42AAC0798984726E4E3
:10E7C800094BDB7823E4002B7FF4CAAC0026F6E67D
:10E7D800208A00201C8A0020FC3D0000380500200B
:10E7E800603E00002C8B0020298A0020F889002038
:10E7F8007488002008B50D4C0D4E256832782368C2
:10E808005B1B632B0CD9BFF34F8F0A490A4BCA68AD
:10E8180002F4E0621343CB60BFF34F8F00BFFDE704
:10E82800FF2AECD0FFF7F0FBE8E700BF708A002072
:10E838003805002000ED00E00400FA052DE9FF414D
:10E8480043780446023B042B13D8DFE803F0038225
:10E85800161E88000021444B1A7822F001021A7013
:10E868001A7822F002021A7059701A7861F382023B
:10E878001A703E4B2146186853E03B4B1A78D6076E
:10E888005AD51A7842F00402F2E7374A1378DD07BE
:10E8980052D5137823F004031370EAE74FD9D8F858
:10E8A800002012EB43134DD101353278EBB29A4276
:10E8B800F4D22D4D2B7858071ED52B7801A923F0BB
:10E8C80004032B700023CDF80630CDF80A30ADF8DC
:10E8D8000E3023788DF8043005238DF80530234B4E
:10E8E80018680430FFF7E8FA30B94FF0E023D3F89E
:10E8F800F03DD90700D500BEEB78DA071CD5002318
:10E90800CDF80630CDF80A30ADF80E30237801A9DD
:10E918008DF8043003238DF8053063680293134B98
:10E9280018680430FFF7C8FA30B94FF0E023D3F87D
:10E93800F03DDB0700D500BE04B0BDE8F0819B1AAE
:10E9480007EB4313DB69002BAED06168207898474A
:10E95800AAE70025064E074FDFF82080A5E7064AFC
:10E9680013780133DBB297E7298A0020248A002034
:10E97800208A0020FC3D0000288A00201C8A0020F4
:10E988002DE9F04FB44C89B0FEF79AFDFEF79EFDD5
:10E99800B4F84020D34363F478439BB2100495B293
:10E9A800A4F8403011D5B4F8403013F0800FC3F309
:10E9B800C01223881DBF43F480732380238862F329
:10E9C800041318BF43F010032380690417D50023EC
:10E9D800CDF81630CDF81A30ADF81E3001238DF879
:10E9E8001430052305A88DF81530FFF727FF9B4B3A
:10E9F80093F898201AB9238E62F34D332386AA041C
:10EA08001FD5238E9B041CD50022B4F84C30CDF8BA
:10EA18001620CDF81A20ADF81E2001228DF81420FA
:10EA28000322C3F30A0305A88DF815200693FFF700
:10EA380005FF8A4B93F898201AB9238E62F34D3359
:10EA48002386EF0408D505F07003202B00F0E4803E
:10EA580061D8102B00F08280280532D5E90740F1F3
:10EA68000581B4F840301A072BD54FF480436384EE
:10EA7800B4F854300822ADF80C30B4F8563003A975
:10EA8800ADF80E30B4F8583006A8ADF81030B4F828
:10EA98005A30ADF812304FF6F773A4F8403000231F
:10EAA800CDF81630CDF81A30ADF81E3001238DF8A8
:10EAB800143006238DF8153001F028F905A8FFF762
:10EAC800BDFE6B0515D50022B4F84A30A4F84A20DB
:10EAD800DF070ED56048FEF789FD50B140F2017698
:10EAE80080225E4B05A89B88CDE905620793FFF756
:10EAF800A5FEE8050CD5E38EB4F84670574DBFB2B5
:10EB08001F40FB439BB2A4F84630002F40F0BE8064
:10EB180009B0BDE8F08F602B04D01DD805F0600364
:10EB2800402B99D10023CDF81630CDF81A30ADF826
:10EB38001E3001238DF81430042305A88DF81530F4
:10EB4800FFF77CFE454B93F89830002B84D1238E39
:10EB580043F4005323867FE7702BE2E701236387A2
:10EB6800E3864FF48043638400232385238D13F0C9
:10EB78000F03FBD1A385A28D12F00F02FBD1012355
:10EB88004FF400774FF48076354836491FFA83FCF6
:10EB9800A4F864C0A4F8682021F8137021F81320A1
:10EBA80020F823600133062BF0D100264FF40072C1
:10EBB80098B2A4F86400A4F8686021F8132021F83A
:10EBC800136001330A2BF3D19C220021234801F062
:10EBD8008FF8238903F00703013B9BB2022B12D85D
:10EBE800214ACDF81660D25C0123CDF81A60ADF841
:10EBF8001E608DF814308DF815308DF8182005A892
:10EC0800FFF71CFE28E74FF0E023D3F8F03DDE07BE
:10EC18007FF522AF00BE1FE7B4F8503013F07F0332
:10EC28003FF41AAFADF80E3000230493CDF8163038
:10EC3800CDF81A30ADF81E3001234FF4A0628DF8DC
:10EC480014300623ADF80C2003A9082206A88DF875
:10EC5800153001F05BF8D2E7001011402C8B002032
:10EC68008C1011406E1011402B3D000015F007026A
:10EC78007FF427AF40F20171238CCDE90512C3F36D
:10EC88004013DB018DF81830079217E797FAA7F6BB
:10EC98000C23B6FA86F603FB06531A7AD20918D063
:10ECA80031465348FEF7D2FC00285BD00C2303FB07
:10ECB8000653197A9A88DB8840F20170D31A002229
:10ECC800CDE9050205A88DF818100793FFF7B6FDE2
:10ECD80048E0002E58D0B2B2DB882285A4F8642020
:10ECE800B4F86CA01FFA8AFA228D02F00F0296423D
:10ECF800FAD1628D9104FCD5B4F82A800C22C8F3AD
:10ED08000B08D04528BFD0464345994628BFC14681
:10ED1800724355F802B0A918B9F1000F08D04A7A21
:10ED28002AB34A46584633490193FFF733F8019B03
:10ED3800CA4584BF4FF48042628500222285228D15
:10ED48001207FCD10C2202FB0651A3EB0900CA45AD
:10ED5800C88001D8434505D800237243AB50BBF1A6
:10ED6800000FA3D10123B34027EA0307CDE65A4693
:10ED78000BEB0901914203D10C227243A950D7E74A
:10ED8800207E02F8010BF5E7B4F85EA0B4F8228003
:10ED98000AF07F0AC8F30B08D04528BFD046B5F85B
:10EDA80006B0C146D84528BFD946B9F1000F06D0EC
:10EDB8006B7A286893B14A460F49FEF7EBFFCA45BC
:10EDC80084BF4FF480436384ABEB0903CA45EB80EF
:10EDD80001D8D845C6D300232B6067E700EB0903A9
:10EDE800834201D12B60EAE7227D00F8012BF7E787
:10EDF800001011401810114014101140A0F101002A
:10EE08000028FBD17047FFFF4FF47A734843A0FBFB
:10EE18000303064B1A68064BB3FBF2F3B0FBF3F09F
:10EE2800800801D0FFF7EABF704700BFB48A00200E
:10EE380000CA9A3B73B5344B344CDD68A54209D1FE
:10EE48001A6A3AB993F8302022B90826304A5E6027
:10EE5800127B1A720022A5428DF804008DF8051065
:10EE680083F82E2031D1596B79B301A99961022118
:10EE7800D961197A012907D183F829205A6883F8BA
:10EE88002A10520083F828200022022183F82D201E
:10EE980083F82F2083F8312083F8332083F82C203F
:10EEA8005A62196293F82D2093F82A1083F82B10D0
:10EEB80012B1012283F83120B4211A69917093F8B4
:10EEC80030101A6941B95123D3724FF47A71052071
:10EED800FFF79AFF02B070BD002183F8301093F855
:10EEE8002A1001290CBF93F8281093F82910D17023
:10EEF80093F82B20013A83F82B2093F82C20013229
:10EF080083F82C20E1E700BF748A0020433249537C
:10EF18003C05002008B50B4A0346106808B90A48A2
:10EF280010600333094923F0030303448B4206D9D5
:10EF380000F0E6FE0C2303604FF0FF3008BD1360BD
:10EF4800FCE700BF108A0020188D0020189D0020C3
:10EF5800002070474FF0FF307047FFFF70B5FEF795
:10EF6800AFFA1349134B0A7C53F820600546100783
:10EF7800D1F88010D3B214D41A0614D4DB0614D5F1
:10EF880011F4405F14BF07240624304601F004FE44
:10EF98002846FEF79BFA21463046BDE87040FEF74A
:10EFA80059BC0424F1E70524EFE70724EDE700BF87
:10EFB80000E07F40A006002038B5FEF781FA1A4B22
:10EFC80053F82040FEF782FA94F83450012D0CD102
:10EFD800236BE3B100220421204601F0D5FD08B3DC
:10EFE8002046BDE8384001F0D7BD022D08D1256B79
:10EFF8006DB12046BDE838400022402101F0B8BD7F
:10F008000A4B93F8D430012B14BF0225032501F0D5
:10F01800B7FD002384F8343029462046BDE838403F
:10F02800FEF718BC38BD00BFA006002000E07F40F6
:10F0380038B51F4B1F4C1A881F4B204603EA821312
:10F048001E4A126813441E4AB3F1006F12884FEA31
:10F05800520222631B4AC4E90A234FF0000284F8D3
:10F06800342003D2BDE8384001F086BDFEF70CFC21
:10F078000546E0B963681B78BBB1012384F83430D6
:10F088002A4604210B4801F07FFD63681B7873B999
:10F0980018224FF4805101F063FD236B0BB1002857
:10F0A800EED0BDE8384001F06BBDE568E8E738BD53
:10F0B80022880020C08A00200080FFFF24880020CA
:10F0C800208800202008002070B51378144603F02B
:10F0D8001F02012A0D4640F0408113F0600019D14B
:10F0E80063780A2B0DD00B2B27D1012924D16288F4
:10F0F8009B4B5A70FEF712FB2046BDE87040FEF7A6
:10F1080037BE012918D10A4696492046BDE8704005
:10F11800FEF73CBF202840F020816378062B00F2E0
:10F128001C81DFE803F004311C510F140F00012982
:10F1380004D12046FEF71CFE012070BD0329FBD137
:10F14800FFF758FB0129F7D1FEF7E8FAF1E70129A3
:10F15800F2D10A4620468449FEF718FFECE7012958
:10F16800EAD17F4D2B7813F00200E6D0E388402BDC
:10F1780000F2F380618805F10C026878FEF7C8FE9A
:10F1880005F10C010246C0E70129D5D174490B7875
:10F1980013F00100D1D08B78022B02D0052B40F060
:10F1A800DC80E388402B00F2D88001230B71638850
:10F1B800CB80E3880B81E2881AB103238B706B49FB
:10F1C800A3E706238B7097E765488178032907D062
:10F1D800062900F09180012DAED10023C27807E006
:10F1E800012D0AD100230179C278C1F10501C9B204
:10F1F8002046BDE87040FEF7EFBE032D9CD1037991
:10F20800002B76D0042341788370002914BF4FF473
:10F2180080134FF48033564EC48805893360554BAC
:10F2280022461C8054482B4600F050FD3368A1014B
:10F2380003EB8412C2F30E02BAB972B633684F4CAC
:10F248001944B1F1006F84F8342026D221F4001358
:10F25800B3F5803F4FF00102484834BF6FF30C010B
:10F268006FF30E0101F080FC62B6454C45482388D7
:10F278002A4618443D4900F049FD23881D44ADB293
:10F28800B5F5004F258005D172B6FFF7D1FE62B6FD
:10F2980000232380FEF71AFC4EE7012321F03F01EB
:10F2A8002046A1622363FEF7EFFA06460028DBD169
:10F2B80063681B78DBB1022384F834300122324BB7
:10F2C800A3F8E020324640212C4801F051FC636845
:10F2D8001B78002BC8D119224FF4005101F040FCD3
:10F2E800236B0BB10028EDD001F04AFCBCE7666A3D
:10F2F800E4E7052383701FE7012D09D10379C2785C
:10F30800002B18BF07214FF0000308BF02216FE749
:10F31800032D7FF411AF0379EBB10723837072B625
:10F32800FFF786FE62B60026144CFEF7CFFB636833
:10F33800266093F91100B04201DBFEF769FA124D1D
:10F348002E76636893F91300002801DBFEF760FA54
:10F3580000232B75F0E60223CCE70020EDE600BF82
:10F3680028880020298800202A8800203488002046
:10F378002488002022880020A33E0000C08A0020A4
:10F38800208800202008002000E07F408FB54FF43F
:10F398007002C34BC34DC3F888209D604AF20353E3
:10F3A800C14CC24FA4F8FE33FDF770FFC04BC14AF1
:10F3B800C149C3E900724FF40042DFF868C3C3E9EA
:10F3C80002211A61BD4AC3E905C2FDF773FF002394
:10F3D80084F81334092384F8A23094F8803433B9BC
:10F3E800012140F2C44084F88014FFF70DFD00238A
:10F3F800AD4884F8813484F8803484F8323090F849
:10F408003C301E07FBD542F2017343F20212A0F80A
:10F418004830002380F84A30028580F82A3090F876
:10F428003C309C06FBD50322A54B83F81C21A54B39
:10F438000362052380F82630FDF73CFF012380F89E
:10F44800303080F8523090F8743043F0400380F840
:10F458007430954B93F87420D209FBD006224621CC
:10F4680083F86C2083F8741083F8742093F8742060
:10F47800D209FBD193F8772042F0400283F8772035
:10F48800894B93F87720D209FBD0022283F86F20AA
:10F49800C62283F8772093F8772002F0BF0283F81A
:10F4A8007720814B93F87770FF09FBD14FF4254201
:10F4B800A3F8FE232B68A3F5805383F30A883E46FE
:10F4C8008148824A3946121A00F012FC8048814A63
:10F4D8008149121A00F01AFC804D814B5B1B9C106D
:10F4E800B44200F3728200257E4CFDF7E3FEC8208B
:10F4F800012184F82850FFF787FC84F8245094F8F9
:10F508002430002BFBD194F82430764A43F00203D0
:10F5180084F8243092F824309807C3F34005F9D4CE
:10F5280082F822500120FDF70FFF5F4B83F8BB5490
:10F53800FDF7DEFE0320FDF707FF2B464FF6FF70B1
:10F54800694A03F108010133092B22F81100F8D1A7
:10F558000320FDF7CDFE0320FDF7F6FE6FF0FF0256
:10F56800624B634C9A64FF210C2201A800F0C0FB97
:10F5780025460023012635F8022B6AB104A95A0949
:10F5880001EB820252F80C1C03F01F0006FA00F08F
:10F5980021EA000142F80C1C0133602BEBD10199E0
:10F5A800524A544B1167C3F88012029903205167DD
:10F5B800C3F8841203999167C3F88812FDF798FE7F
:10F5C80000234D4A03F1C00134F8020B0133602BCC
:10F5D80042F82100F6D162B6484CDFF84C91236816
:10F5E8004B4504D04648C4F80090FDF7D5FE4FF4CB
:10F5F8007A72DFF83881D8F80030B3FBF2F3013BB8
:10F60800B3F1807F0AD24FF0E022F0215361244BFE
:10F6180083F82310002393610723136123684B4564
:10F6280002BF8022374B9A621F4B374AD3F8001526
:10F63800914240F0FB814AF20252A3F8FE230022D5
:10F64800C3F800254FF42542A3F8FE232F4B1A6870
:10F658004A4504D02E48C3F80090FDF79DFE2D4E74
:10F66800DFF8CC9033684B4500F0AD804023F36061
:10F67800294B002573600123284A3374B2607561F1
:10F68800C6E90655EFF3108183F31088244B1A69F5
:10F6980022F000721A611B6981F310884AE000BFEA
:10F6A80000ED00E00000000000E00140002D310105
:10F6B800C005002000127A0000366E01001C4E0EB4
:10F6C80000C0014021120120E0050020148D002017
:10F6D80000000020C00500207C3F0000C00500207D
:10F6E800C005002000300840000D084000800040A0
:10F6F8003C3D000000E100E000600040B88A0020C6
:10F708001C3E00000000084035817307248B002050
:10F71800583E0000048B0020383E0000009616403A
:10F728000040084000C2EB0B54524F50B48A0020EE
:10F73800545047004FF42542B36844F64B401A60D2
:10F748004FF40003B4682A46E562E563A564E36202
:10F758004FF0004323616361A36149F69503656235
:10F76800A562E5612562A36663664FF0FF3301A9D0
:10F77800CDE90135FEF7DCF9DDE9012328466265AC
:10F78800A2651A0642EA0342FEF7C2F94FF4AA0339
:10F79800A563C4F888502364F368FF21E36042F04E
:10F7A800030342F001026063236328462263FEF7E5
:10F7B800B7F929462846FEF7B3F929462846FEF741
:10F7C800AFF9C6F8009044F61F6344F620627168EA
:10F7D8000878032898BF1A46B3689A66097819B951
:10F7E80042F20F7159659965D96AC80705D45A66F6
:10F7F8004FF4AA021A64F268DA6000210846FEF79C
:10F80800CDF9336873494B4504BFD6E902325A60D3
:10F81800714B72484B6000230376037581F83430CE
:10F8280001236F4D85F816342C6AD8F80030C4F3DC
:10F83800026203FA02F2C4F30274E2402C6AC4F3CF
:10F848000264A340E340674CA2423AD9664C02F5F1
:10F85800742202F23F22B2FBF4F203F5742302F59C
:10F86800F05292B203F23F23A0F8E420B3FBF4F382
:10F8780043F6B85006225843B0FBF2F0886040F6D1
:10F88800D8605843B0FBF2F0C8605800B0FBF2F003
:10F8980008610E205843486154485843B0FBF2F0C1
:10F8A800886140F6B8305843486251485843B0FB25
:10F8B800F2F008624F484343B3FBF2F3CB614E4B7F
:10F8C8000B6044484D4D01F067F90122022141487F
:10F8D80001F05EF92B78FF2B40F0A1813C2200213A
:10F8E800474800F005FA0022464B1A70464BDA8169
:10F8F8009A81464A1360464B23B14648AFF30080CD
:10F90800454B1860434C454EDFF80C812278FBB21A
:10F91800934240F2788101200027414A28705368B9
:10F92800404E414C23F48053536086F898702388E6
:10F938004FF47A7143F080032380E38F9BB223F066
:10F94800010343F00203E387FFF75EFAE38F67F3EF
:10F958004103E387B4F8023143F48043A4F8023149
:10F96800E388DA07FCD52388402123F0200323808D
:10F97800238843F0010323800123E28F63F30922E4
:10F98800E287B4F85E2061F30602A4F85E20002244
:10F99800A4F8402096F89820002A0CBF4FF45D4246
:10F9A8004FF47D4222866387E386B4F840301B0615
:10F9B80007D5238843F480732380238843F01003FA
:10F9C80023800120FDF71CFC29E155F8043B9847EA
:10F9D800013685E5C08A0020243E000000E07F4013
:10F9E80000E00140FF083D0040420F0038AF04002E
:10F9F80080DE0F00A0F703004E45504F3805002069
:10FA0800298A0020288A002028050020248A00202E
:10FA180000000000208A00201C8A0020FC3D000015
:10FA2800004008402C8B00200010114093F810145F
:10FA3800C90709D44AF20251A3F8FE13C3F80025F6
:10FA48004FF42542A3F8FE23954D6A6A002A00F078
:10FA58008A806B6893498B4203D093498B4240F06C
:10FA68008280EB7B297C0B431B067CD48F4CDFF810
:10FA780054A2E368534576D02B781F2B73D840F2F5
:10FA8800FF31D940CE076ED5117819B192F903200C
:10FA9800002A68DA002603F5800303F58C531B025D
:10FAA8002361AB68256063602B7BA6632372EB69D7
:10FAB80063632B6AE363EFF31080012383F31088F9
:10FAC8004FF000417A4B95F800C05A6821FA0CF1C2
:10FAD80022EA01025A605B6880F31088F0222368EA
:10FAE800596A23699E702369DA728B78226903F058
:10FAF80003031370FA2223699A714A7823695A70AA
:10FB08000B7822699B0043F02003DBB2D3714A795A
:10FB180023691A72CA7823699A740B792269DB00FF
:10FB280043F00103DBB25372232223699A722369DB
:10FB38005E4A5E73697B95F90F00FDF779FE5B4AB3
:10FB4800697B95F91000FDF773FEC4E90666C4E900
:10FB5800086684F82D60C4F80CA084F82E6084F838
:10FB68002F6084F8306080219C20FFF763F9202102
:10FB78009E20FFF75FF94F4A1368B3F5FA7FFBD36E
:10FB88004AF2025400204FF425454FF480314A4A86
:10FB9800A2F8FE43C2F80005A2F8FE530B6803F072
:10FBA8007F43B3F1005F7FF451ADA2F8FE43EFF35A
:10FBB800108C012686F310883D4B5C6844F4006481
:10FBC8005C605C688CF31088EFF3108C86F3108807
:10FBD8005C6844F480545C605B688CF31088A2F81D
:10FBE800FE5380F30A8872B6BFF34F8FBFF36F8F4F
:10FBF8004FF0E0231861C3F8081D0B6883F30888E9
:10FC08004B68984722E52DD2D8F8002012EB431311
:10FC18002BD14FF0E023D3F8F03DD9072BD4254F53
:10FC2800264EDFF8A4802B78FF2B01D0FEF7ECF9E5
:10FC38003A683368D21A632AF5D9D8F80040643391
:10FC4800002120463360FDF7A9FF1D4B1A78CAB181
:10FC5800B4F5FA6F11D200221A704FF4FA63C8F89B
:10FC68000030E0E79B1A06EB43135B680137002B73
:10FC7800CFD098474AE600BED1E7A4F5FA64C8F8A1
:10FC88000040D0E744F61F6204F5FA649442C8F8CD
:10FC98000040C8D901221A7044F62063DFE700BF8C
:10FCA8003C050020A0860100801A0600748A002006
:10FCB80000400840708A002000E001406C8A002063
:10FCC800658A002043324953688A00200FB407B57B
:10FCD800064904AB086853F8042B8168019300F0C7
:10FCE80053F803B05DF804EB04B0704764050020D6
:10FCF80002440346934200D1704703F8011BF9E719
:10FD0800014B1868704700BF640500200A44431E71
:10FD1800914200D1704710B511F8014B914203F898
:10FD2800014FF9D110BD034613F8012B002AFBD16E
:10FD3800181A013870479368013B002B10B4936080
:10FD480008DA9469A34201DB0A2903D15DF8044B60
:10FD580000F0CCBB1368581C1060084619705DF899
:10FD6800044B7047F8B506460F461446D518AC4202
:10FD780001D1002007E03A4614F8011B3046FFF78E
:10FD8800DAFF431CF3D1F8BD2DE9F04F0D469DB0C5
:10FD980014469846064618B1036A0BB900F02CFBC6
:10FDA8006B6ED90705D4AB899A0502D4A86D00F00B
:10FDB80076FCAB891B0701D52B699BB929463046D0
:10FDC80000F0D2FB70B16B6EDC0704D54FF0FF304A
:10FDD8001DB0BDE8F08FAB899805F7D4A86D00F089
:10FDE8005FFCF3E70023CDF80C804FF00109DFF842
:10FDF800B481099320238DF8293030238DF82A30D7
:10FE080023469A4613F8012B0AB1252AF9D1BAEBF1
:10FE1800040B0BD05B46224629463046FFF7A2FF6B
:10FE2800013000F0A780099A5A4409929AF80030E4
:10FE3800002B00F09F8000234FF0FF320AF1010AE7
:10FE4800049307938DF853301A93CDE9052354464C
:10FE58000522544814F8011B00F023FC049AD8B971
:10FE6800D10644BF20238DF85330130744BF2B23FA
:10FE78008DF853309AF800302A2B15D0079A54463B
:10FE880000204FF00A0C214611F8013B303B092BAA
:10FE98004BD9B0B1079214E0A0EB0803A24609FAC7
:10FEA80003F313430493D2E7039B191D1B68002B2C
:10FEB8000391BBBF5B4242F0020207930793B8BFAE
:10FEC800049223782E2B0AD163782A2B32D1039BF4
:10FED80002341A1D1B6843EAE37303920593DFF8A3
:10FEE800D4A003222178504600F0DBFB38B1A0EB08
:10FEF8000A004022049B013482401343049314F8FF
:10FF0800011B062228488DF8281000F0CAFB00289B
:10FF18003FD0264B1BBB039B073323F00703083353
:10FF28000393099B3B4409936AE70CFB02320C4696
:10FF38000120A8E7002301344FF00A0C1946059365
:10FF4800204610F8012B303A092A03D9002BC6D0D5
:10FF58000591C4E70CFB012104460123F0E703AB3C
:10FF68002A4604A930460093114BAFF30080074698
:10FF7800781CD6D16B6ED90705D4AB899A0502D403
:10FF8800A86D00F08DFBAB895B063FF51FAF0998A4
:10FF98001EE703AB2A4604A930460093044B00F041
:10FFA8007DF8E4E7703E00007A3E000000000000A3
:10FFB800CD2D0000763E00002DE9F0471646984604
:10FFC8008A6807460B690C46DDF820909342B8BF53
:10FFD8001346336091F843200AB101333360236834
:10FFE800990642BF336802333360256815F0060569
:08FFF80006D104F1190AE368C7
:020000025000AC
:1000000032689B1AAB422BDC94F843302268003BE9
:1000100018BF0123920630D404F14302414638460A
:10002000C847013023D023681A3454F80A2C03F04F
:100030000603042B0ABF54F80E5C002533684FF00A
:10004000000608BFED1A54F8123C08BF25EAE57512
:100050009342C4BF9B1AED18B5421AD1002008E0A4
:100060000123524641463846C847013003D14FF07C
:10007000FF30BDE8F0870135C1E7E1185A1C302098
:100080000233224481F8430094F8451082F843106B
:10009000C2E70123224641463846C8470130E6D030
:1000A0000136D9E72DE9FF470F7E914680460C4681
:1000B000782F9A460C9E01F1430207D8622F0AD886
:1000C000002F00F0D280582F00F0B78004F14206D4
:1000D00084F842703AE0A7F16303152BF6D801A12A
:1000E00051F823F09D310000B13100002D310000A6
:1000F0002D3100002D3100002D310000B131000004
:100100002D3100002D3100002D3100002D31000077
:10011000B1320000DB310000673200002D310000F9
:100120002D310000D33200002D310000DB31000002
:100130002D3100002D3100006F32000033681A1D90
:100140001B68326004F1420684F8423001239DE0CE
:1001500033682068191D3160060601D51D6803E06B
:100160004506FBD5B3F90050002D03DA2D236D426F
:1001700084F8433059480A2310E0216833680806A0
:1001800053F8045B02D4490648BFADB26F2F534801
:10019000336059D10823002184F843106668002E8B
:1001A000A66005DB21682E4321F0040121604DD0BB
:1001B0001646B5FBF3F103FB1157C75D06F8017D49
:1001C0002F460D46BB42F4D9082B0BD12368DF071D
:1001D00008D5236961689942DEBF302306F8013CE7
:1001E00006F1FF36921B22614B4603AA2146404688
:1001F000CDF800A0FFF7E4FE01304CD14FF0FF3006
:1002000004B0BDE8F087236843F02003236078271B
:100210003348236884F845701F06316851F8045B41
:1002200002D45F0648BFADB23160D90744BF43F086
:10023000200323601DB11023ADE72848E9E72368B8
:1002400023F020032360F6E70A23A4E71646BBE762
:1002500033682568181D616930602E061B6801D55A
:10026000196002E06806FBD5198000231646236159
:10027000BAE7336800211A1D32601E686268304692
:1002800000F013FA08B1801B6060636823610023EB
:1002900084F84330A8E72369324649464046D047B0
:1002A0000130ABD023689B0713D4E068039B9842CE
:1002B000B8BF1846A4E70123324649464046D04716
:1002C00001309BD00135E36803995B1AAB42F2DC45
:1002D000EBE7002504F11906F5E700BF813E0000B9
:1002E000923E0000002310B50446836081811946C8
:1002F0004366C28108228361C0E90033C0E9043348
:100300005C30FFF7F9FC0D4B246263620C4BA36277
:100310000C4BE3620C4B23630C4B9C4206D003F165
:100320006802944202D0D0339C4205D104F15800B7
:10033000BDE8104000F0B6B910BD00BFCD340000DC
:10034000EF340000273500004D350000C88B002039
:10035000024A0349034800F06BB800BFB40500200F
:10036000193A00006805002041680C4B994210B50D
:10037000044601D000F020FBA168094B994202D04D
:10038000204600F019FBE168064B994204D0204654
:10039000BDE8104000F010BB10BD00BFC88B0020AE
:1003A000308C0020988C00200C4B04210C4A0D4806
:1003B00010B51A600022FFF795FF0A4B01220921B0
:1003C0001C4603F16800FFF78DFF022204F1D00004
:1003D0001221BDE81040FFF785BF00BF008D00204F
:1003E000B1330000C88B0020014800F05CB900BFA9
:1003F000098D0020014800F057B900BF098D002089
:1004000010B50446FFF7F0FF236A1BB1BDE81040AA
:10041000FFF7F0BF044B2362044B1B68002BF5D1A0
:10042000FFF7C2FFF2E700BFC9330000008D0020D4
:100430002DE9F8430746884614460026D4E901957D
:10044000B9F1010905D52468002CF7D13046BDE883
:10045000F883AB89012B07D9B5F90E30013303D0EE
:1004600029463846C04706436835E9E710B50C46CB
:10047000B1F90E1000F0F2F80028ABBF636DA3894C
:100480001B1823F48053ACBF6365A38110BD2DE915
:10049000F0411F468B8905460C46DB05164605D5FF
:1004A00002230022B1F90E1000F0C6F8A3893246EB
:1004B000B4F90E10284623F48053A3813B46BDE8CF
:1004C000F04100F0DDB810B50C46B1F90E1000F0A7
:1004D000B3F8421CB4F90C3015BF606523F48053A7
:1004E00043F48053A38118BFA38110BDB1F90E104E
:1004F00000F092B8F8B50E461446054618B1036AE6
:100500000BB9FFF77DFFA369A360A3891A0701D583
:10051000236943B92146284600F02AF818B14FF064
:10052000FF373846F8BD2368F6B222693746981A75
:100530006369834205DC2146284600F03DFA002825
:10054000EDD1A368013BA36023685A1C22601E7092
:10055000431C62699A4204D0A389DB07E1D50A2EC5
:10056000DFD12146284600F027FA0028D9D0D6E767
:1005700038B5284B05460C46186818B1036A0BB904
:10058000FFF73EFFB4F90C30190721D4DA0607D47F
:1005900009222A6043F040034FF0FF30A38131E08D
:1005A000580712D5616B41B104F14403994202D05E
:1005B000284600F089F8002363630022B4F90C3068
:1005C000626023F024032269226043F00803A381C0
:1005D000226942B903F42073B3F5007F03D02146AA
:1005E000284600F035FAB4F90C3013F001020AD0B5
:1005F0000022A26062695242A261226942B913F0EC
:100600008000C7D138BD990758BF6269A260F4E77E
:100610000020F7E76405002038B50023054D0446A7
:1006200008462B6000F080FA431C02D12B6803B10E
:10063000236038BD048D002038B50446064D0846B9
:10064000114600222A601A4600F086FA431C02D1A5
:100650002B6803B1236038BD048D002038B50446F3
:10066000064D0846114600222A601A46FEF776FC1F
:10067000431C02D12B6803B1236038BD048D0020D8
:1006800038B50446064D0846114600222A601A462F
:10069000FEF762FC431C02D12B6803B1236038BD16
:1006A000048D0020704770477047C9B2034602446A
:1006B00010B59342184601D1002003E004780133BD
:1006C0008C42F6D110BDFFFF38B50546002941D058
:1006D00051F8043C0C1F002BB8BFE41800F0E0F800
:1006E0001D4A136833B9636014602846BDE838407A
:1006F00000F0DCB8A34208D9206821188B4201BF62
:1007000019685B6809182160EDE71A465B680BB150
:10071000A342FAD911685018A0420BD120680144B5
:10072000501811608342E0D118685B680844536038
:100730001060DAE702D90C232B60D6E72068211875
:100740008B4202BF19685B680918636008BF2160AB
:100750005460CAE738BD00BF108D002070B50F4E41
:100760000C460546316811B900F0CEF930602146DB
:10077000284600F0C9F9431C03D14FF0FF3420464E
:1007800070BDC41C24F00304A042F8D0211A2846EE
:1007900000F0BAF90130F2D1EFE700BF0C8D002074
:1007A0002DE9F843CD1C064625F0030508350C2D30
:1007B00038BF0C25002D01DBA94204D90C2333607E
:1007C0000020BDE8F883DFF8D48000F069F8D8F89D
:1007D00000301C4644BB29463046FFF7BFFF431C90
:1007E000044658D1D8F800402746002F43D1002CAA
:1007F0004BD023683946304604EB030900F084F9F6
:10080000814542D1216830466D1A2946FFF7A6FF7F
:1008100001303AD023682B442360D8F800305A685E
:1008200062BBC8F800700FE02268521B20D40B2A6C
:1008300017D96119A342256018BF5960636808BFC2
:10084000C8F8001062514B60304600F02FF804F1F8
:100850000B00231D20F00700C21A1CBF1B1AA35057
:10086000AFE76268A3420CBFC8F800205A60EBE70C
:1008700023466468AEE73C467F68B6E71A465B6885
:10088000A342FBD100235360DEE70C2330463360E4
:1008900000F00CF894E70560D6E700BF108D00204B
:1008A0000148FFF700BF00BF088D00200148FFF797
:1008B000FBBE00BF088D0020B1F90C202DE9F041EE
:1008C000160705460C4651D44B68002B02DC0B6C16
:1008D000002B49DDE66A002E46D0002312F4805238
:1008E0002F682B6031D0626DA389590705D56368E5
:1008F000D21A636B0BB1236CD21A0023E66A216A09
:100900002846B047421CB4F90C3006D129681D298D
:1009100045D8284ACA40D60741D50022D90462608A
:100920002269226004D5421C01D12B6803B960659D
:10093000616B2F60C1B104F14403994202D0284693
:10094000FFF7C2FE002363630EE00123216A2846FD
:10095000B0470246501CC7D12B68002BC4D01D2BBA
:1009600001D0162B19D12F6000201DE00F69002F38
:10097000FAD093070E680F600CBF4B690023A6EBFB
:1009800007088B60B8F1000FEEDD43463A46216A56
:100990002846A66AB047002808DCB4F90C3043F0BA
:1009A00040034FF0FF30A381BDE8F0810744A8EB7E
:1009B0000008E7E70100402038B50B6905460C4602
:1009C00013B90025284638BD18B1036A0BB9FFF7E3
:1009D00017FDB4F90C30002BF3D0626ED00704D4AD
:1009E000990502D4A06DFFF75EFE28462146FFF769
:1009F00063FF636E0546DA07E4D4A3899B05E1D45F
:100A0000A06DFFF751FEDDE770B50C46B1F90E1091
:100A100096B0154600291E460ADAA18911F0800118
:100A200013D14FF48062002031602A6016B070BD8F
:100A30006A4600F047F80028EFDB019901F47041A5
:100A4000A1F5005359425941EBE700214022EAE762
:100A50008B8973B59E0705460C4607D504F14703FD
:100A6000236023610123636102B070BD01AB6A465C
:100A7000FFF7CAFF009E28463146FFF791FEB4F902
:100A80000C3038B99A05EFD423F0030343F0020386
:100A9000A381E3E743F080032060A381019BC4E9C5
:100AA0000406002BE0D0B4F90E10284600F01CF824
:100AB0000028D9D0A38923F0030343F00103A381C5
:100AC000D2E7FFFF38B50023064D0446084611461D
:100AD0002B6000F031F8431C02D12B6803B1236076
:100AE00038BD00BF048D002038B50023054D0446F5
:100AF00008462B6000F028F8431C02D12B6803B194
:100B0000236038BD048D002038B50023054D044610
:100B100008462B60FEF702FA431C02D12B6803B192
:100B2000236038BD048D0020024B58224FF0FF3067
:100B30001A607047048D0020024B58224FF0FF309E
:100B40001A607047048D0020024B582200201A6062
:100B5000704700BF048D0020024B58224FF0FF3039
:100B60001A607047048D00205FF800F01D0200201D
:100B70005FF800F0D10300205FF800F0350100209D
:100B80005FF800F0450300205FF800F0010000204E
:100B90005FF800F0750100205FF800F08904002084
:100BA0005FF800F0E100002000000504342E352E2F
:100BB00030004275696C7420776974682052656EE4
:100BC0006573617320416476616E63656420466C71
:100BD000657869626C6520536F6674776172652011
:100BE0005061636B6167652076657273696F6E2013
:100BF000342E352E300009040400000007010000E7
:100C00000000000008040000000C011307040000AD
:100C1000000C011300050000000C01130105000089
:100C20000000011407070000000C0114000B000075
:100C3000000C0114010B0000010000000000000086
:100C400000000000000000000000000000000000A4
:100C50000000000000000000000000000000000094
:100C6000000000000000000000000103000400007C
:100C7000563C0000D03E0000D83E0000B488002062
:100C8000E93E00000E3F00002D3F000009022D004C
:100C900001010080320904000000FE010204090481
:100CA000000100FE0102050904000200FE01020627
:100CB000092107E8034000010112010002000000C1
:100CC0004041236803000101020301010002020404
:100CD0000304040401000200080010006D006E000F
:100CE0006B006C007F017D017E01310030009301BB
:100CF000940100000000000000000000000000005F
:100D000000000000000000000000000000000000E3
:100D100000000000000000000000000000000000D3
:100D200000000000000000000000000000000000C3
:100D300000000000000000000000000000000000B3
:100D400000000000000000000000000000000000A3
:100D50000000000000000000000000000000000093
:100D60000000000000000000000000000000000083
:100D70000000000000000000000000000000000073
:100D80000000000000000000000000000000000063
:100D90000000000000000000000000000000000053
:100DA000A5070000AB07000095070000B107000091
:100DB00031210000000000000000000008000000D9
:100DC000583C0000000000005D0B00000000000027
:100DD00000000000020702080200000096980000D0
:100DE000010000004B4C000006FF00000000000066
:100DF00000000000983C000001000000C83C00001A
:100E00000000094000000000001011400400000034
:100E1000232D302B2000686C4C00656667454647E3
:100E20000030313233343536373839414243444566
:100E300046003031323334353637383961626364D5
:100E40006566000D0A526563656976656420416CCC
:100E50007420257520426C6F636B4E756D2025756F
:100E6000206F66206C656E6774682025750D0A001A
:100E700041726475696E6F00506F7274656E746153
:100E800020433333204446550040436F6465466C2D
:100E9000617368202F307830303030303030302F70
:100EA000382A384B612C33302A33324B6700405399
:100EB0006B65746368466C617368202F30783130DD
:100EC000303030302F33322A33324B6700404461A8
:100ED0007461466C617368202F3078303830303060
:100EE0003030302F382A314B6700FFFF10000000F0
:100EF00000000000017A5200027C0E011B0C0D0064
:100F0000100000001800000026EEFFFF1000000097
:100F10000000000000000000000000004FF42A4123
:100F200010B500204FF49644104AB2F88430A2F86D
:100F300084109BB2B2F8841089B241B9012B0CD154
:100F40004DF60113A2F8443000F064FA10BD002CF5
:100F500008BF4FF4FA70013CECE7802BF6D1012278
:100F6000034B5A605A68002AFCD1EFE700E07F404B
:100F7000007000404FF49643B32282B001930C4BB3
:100F80001A700C4AD2F880301B0408D5137C40F24A
:100F9000F51013F0100F08BF002002B07047019B3E
:100FA0001BB1019B013B0193ECE71420F5E700BF67
:100FB00000007E4000E07F404FF49643502282B014
:100FC00001930C4B1A700C4AD2F880301B0408D5E0
:100FD000137C40F2F51013F0100F08BF002002B090
:100FE0007047019B1BB1019B013B0193ECE714206F
:100FF000F5E700BF00007E4000E07F4038B5436861
:1010000004461A7842B193F9110000F007FA6368B8
:1010100093F9130000F002FA0C4BB3F884309BB242
:1010200013B9204600F0FEF9FFF7A4FF0146FFF7D1
:10103000C3FF002914BF0D460546FFF76FFF0023CD
:1010400084F834309D4218BF284638BD00E07F4008
:1010500030B52025836A0C4C23630C4B1D70D025C2
:101060001D70836A0B448362036B013B036310466C
:1010700012B930BD30B10138D4F880301B04F9D535
:101080000020F6E71420F4E700E07F4000007E40F7
:10109000F7B504460E46154622B9436893F9110088
:1010A00000F0BCF9E821E36A204A77081363204B7B
:1010B000C6F34706197000211E708F4210D1D0214F
:1010C0001970002D2BD1636893F911300122590951
:1010D00003F01F0302FA03F3164A42F8213022E01C
:1010E00020690190A06A00881880D2F8800040052D
:1010F0000AD4A06A01310230A062E06A0230E062E4
:10110000206B01382063D8E70198461E019600281D
:10111000EBD1142003B0F0BD002DFAD0013DD2F880
:1011200080301B04F8D50020F4E700BF00E07F40CA
:1011300000007E4000E100E010B50E4B14461A7C22
:10114000D20613D5D3F88020520442BF1A7C002265
:101150001A7440F2F512D3F880300B4208BF1446DF
:1011600030B90CB1FFF706FF204610BD0022F2E7B0
:101170000446F7E700E07F40402213B5836910483A
:101180000193104B01631A7008221A7000220E4955
:1011900031F8024B0132082A1C80F9D1D0221A7092
:1011A000D0F880301B0402D5002002B010BD019B96
:1011B0001BB1019B013B0193F2E71420F5E700BF4F
:1011C00000E07F4000007E40160500206FEA41519C
:1011D00010B56FEA51514FF6FF74074B42EAC03227
:1011E00042F4F0421C805C80DA8099801C815C8132
:1011F0009C81DC8110BD00BF160500204FF4964392
:10120000002213B50193144B04461A6043681A7800
:1012100042B193F9110000F001F9636893F91300EA
:1012200000F0FCF84FF459430C4AA2F844304AF657
:101230000123A2F88430B2F884309BB2012B02D192
:10124000002002B010BD019B1BB1019B013B01932B
:10125000F1E74FF4FA70F4E70070004000E07F40DF
:1012600038B50546FFF7CAFF044670B14FF4FA706F
:1012700038BD6CB98021AA682846FFF709FF1822FB
:101280004FF4A041FFF758FF04462B6B002BF0D121
:10129000FFF744FE002C18BF2046E9E710B5104BBD
:1012A0000446D3F890310F4803F00703DB430E22C6
:1012B00020F8023BFF2100F0A9F82046FFF79EFF2F
:1012C00020460949FFF758FF18220021FFF734FF95
:1012D0000446FFF723FE002C18BF204610BD00BFB8
:1012E00000A000011605002090A1000138B5816220
:1012F00002630546FFF782FF044620BB0122134B21
:10130000A3F8E0202B6B2BB9FFF708FE002C18BFC9
:10131000204638BD002CF7D1D5E90712AB6A284624
:1013200023F40013B3F5803F36BF0A464FF4004163
:101330004FF40051FFF78CFE19224FF4C041FFF724
:10134000FBFE0446DEE74FF4FA70E2E700E07F4080
:101350002DE9F041114B0546D3F8DC600F4690466D
:10136000FFF74CFFF60F0446A8B94FEA5832304653
:10137000790BFFF72BFF0A492846FFF7FDFE2146B0
:101380001822FFF7D9FE0446FFF7C8FD002C18BF4E
:101390002046BDE8F0814FF4FA70FAE700E07F40A4
:1013A00030A10001F8B506460D461746FFF726FFA7
:1013B000044608BB57B1124B45F4CC45A3F8E8509E
:1013C000FFF7ACFD002C18BF2046F8BD0D4F1022D2
:1013D000FF21384600F01AF8ED4347F6FF730A493B
:1013E00043EAC5333046FB80FFF7C6FE214618228C
:1013F000FFF7A2FE0446E3E74FF4FA70E5E700BF0B
:1014000000E07F401605002030A100015FF800F0E9
:10141000592D00005FF800F0F50200005FF800F0C1
:10142000790800005FF800F0F1080000000E00FFEE
:101430000F01FFFF0000000000000000000000009E
:101440000000000071070000E005002010000C0003
:1014500000000000FF00000003000000A086010063
:1014600000000000010C00090A000000000000005C
:10147000000000002D0800003C05002010050020A1
:101480006805002000000000C88B0020308C002080
:10149000988C002000000000000000000000000008
:1014A000000000000000000000000000000000003C
:1014B000000000000000000000000000000000002C
:1014C000000000000000000000000000000000001C
:1014D0000000000003000000C88B00201B5B4A00D6
:1014E000001B5B4800001B5B324A00001B5B4A008C
:1014F000001B5B6D00001B3700001B3800001B5BEE
:101500003F336C00001B5B4800001B5B324A00004D
:101510001B3700001B380000000000000000000026
:101520000000000000000000551D250000551D2092
:101530000000030602000A00000000000000000096
:10154000E1840200AC26050001000000000000005C
:101550002B69A4292B1B803E2B69A4292B1B803EC1
:10156000320000000000000022AE28D7982F8A42E7
:10157000CD65EF23914437712F3B4DECCFFBC0B5C8
:10158000BCDB8981A5DBB5E938B548F35BC25639C8
:1015900019D005B6F111F1599B4F19AFA4823F92B2
:1015A00018816DDAD55E1CAB420203A398AA07D856
:1015B000BE6F7045015B83128CB2E44EBE85312450
:1015C000E2B4FFD5C37D0C556F897BF2745DBE72AA
:1015D000B196163BFEB1DE803512C725A706DC9B0F
:1015E000942669CF74F19BC1D24AF19EC1699BE4F4
:1015F000E3254F388647BEEFB5D58C8BC69DC10F0E
:10160000659CAC77CCA10C2475022B596F2CE92D6D
:1016100083E4A66EAA84744AD4FB41BDDCA9B05C05
:10162000B5531183DA88F976ABDF66EE52513E98F6
:101630001032B42D6DC631A83F21FB98C82703B0E6
:10164000E40EEFBEC77F59BFC28FA83DF30BE0C6C3
:1016500025A70A934791A7D56F8203E05163CA0675
:10166000706E0E0A67292914FC2FD246850AB72707
:1016700026C9265C38211B2EED2AC45AFC6D2C4D40
:10168000DFB3959D130D3853DE63AF8B54730A653A
:10169000A8B2773CBB0A6A76E6AEED472EC9C28196
:1016A0003B358214852C72926403F14CA1E8BFA2F1
:1016B000013042BC4B661AA89197F8D0708B4BC290
:1016C00030BE5406A3516CC71852EFD619E892D118
:1016D00010A96555240699D62A20715785350EF430
:1016E000B8D1BB3270A06A10C8D0D2B816C1A41944
:1016F00053AB4151086C371E99EB8EDF4C7748276E
:10170000A8489BE1B5BCB034635AC9C5B30C1C39B9
:10171000CB8A41E34AAAD84E73E363774FCA9C5BF6
:10172000A3B8B2D6F36F2E68FCB2EF5DEE828F7471
:10173000602F17436F63A57872ABF0A11478C8844B
:10174000EC39641A0802C78C281E6323FAFFBE9086
:10175000E9BD82DEEB6C50A41579C6B2F7A3F9BEE1
:101760002B5372E3F27871C69C6126EACE3E27CAFB
:1017700007C2C021C7B886D11EEBE0CDD67DDAEA1C
:1017800078D16EEE7F4F7DF5BA6F1772AA67F006BB
:10179000A698C8A2C57D630AAE0DF9BE04983F1194
:1017A0001B471C13350B711B847D0423F577DB2845
:1017B0009324C7407BABCA32BCBEC9150ABE9E3C4F
:1017C0004C0D109CC4671D43B6423ECBBED4C54CE5
:1017D0002A7E65FC9C297F59ECFAD63AAB6FCB5F29
:1017E0001758474A8C19446C0100000000000000A3
:1017F00005000000000000001900000000000000CB
:101800007D000000000000007102000000000000E8
:10181000350C000000000000093D00000000000041
:101820002D31010000000000E1F50500000000007E
:1018300065CD1D0000000000F902950000000000C9
:10184000DD0EE90200000000514A8D0E000000008C
:101850009573C24800000000E941CC6B0100000014
:101860008D49FD1A07000000C16FF28623000000B9
:10187000C52EBCA2B1000000D9E9AC2D7803000050
:101880003D9160E45811000031D6E275BC5600006D
:10189000F52E6E4DAEB10100C9EA268367780800C7
:1018A000ED95C28F055A2A00A1EDCCCE1BC2D30004
:1018B00025A4000A8BCA22040000000000000000DA
:1018C0000000000000000010000000000000000008
:1018D000B9340332B7F4AD1410DB1AB30892540EC6
:1018E0000D307D951447BA1A66088F4D26ADC66D2A
:1018F000F598BF85E2B74511CA96853D92BD1DEBAF
:10190000FCA11860DCEF52163C92AE220BB8C1B4B9
:10191000839D2D5B0562DA1C304C7E8F4E8BB25B53
:1019200016F4529F8B56A512FBD4827643ED8AF0B3
:101930008FE7F9311565191850F19BD94A13EEB4A8
:10194000284CF0A686C1251F035FC270CB9E4916A6
:10195000E642889C44EB2014B0650836AD6EA58540
:1019600085F0CA14E2FD031A0B899979D5B13D09B6
:10197000D8DA973A35EBCF10AC363F5E73BB38CF31
:101980003E6752FA44AFBA150100000000000000A3
:101990000000000000000020345065C05FC9A6525E
:1019A000BB13CBAEC440C21806C8DF7100D5A87CFB
:1019B000F56F0FDA58FC27136E4756357D242065E6
:1019C00002C7E768E48CA41DE9E60268D7CD396157
:1019D0007977FCC2405BEF16798CDE43FFA751F9A3
:1019E00091F3B278F5BDBE11E857E9D6E8BEE87BC1
:1019F000B054AC8F848D751BEA23A499E9F9D38B7D
:101A0000B7A3714061DA3E15CEE33ECB73F94808C7
:101A10008C97B427D51B7010A2BFEFB9EB85321598
:101A20004DB44DB49BBB6F1996B6076CF8E7EEAD9D
:101A300036D9B4F59135AE13222218AF4E6A684DEF
:101A400091DAAA3D4F40741E9FBD9EE006A1C0984A
:101A500057C2A7FDA40E90170E7D497173E3208F26
:101A6000B220D87605143B12853D7434811343B0FF
:101A7000AD297A5F27F4351CE2652F227F2B7A3C53
:101A8000075C143326A6813CBDCBF07A8807703CF6
:101A9000075C143326A6913C4FBB610567ACDD3F64
:101AA000182D4454FB21E93F9BF681D20B73EF3F85
:101AB000182D4454FB21F93F00000040FB21F93F61
:101AC000000000002D44743E000000809846F83C61
:101AD0000000006051CC783B00000080831BF0398F
:101AE0000000004020257A38000000802282E33682
:101AF000000000001DF36935D0390500CC39050020
:101B0000000000008530010000000000F3D5030054
:101B100015D6030000000000193901000000000084
:101B2000583C0500603C050000000000000000007B
:101B300000000000683C05006C3C0500703C05009E
:101B4000743C0500040000000000000000000000DC
:101B5000000001004CBC0400010000000000010076
:101B600000000F004CBC0400020000000000100048
:101B7000000010004CBC0400030000000000000046
:101B80000020000028BC0400783C05007F3C0500D4
:101B90006CCE04000000000000000000605605004C
:101BA000D3410500B01B050000000000000000004C
:101BB000B41B0500595A0500E34105000000000070
:101BC000414B010000000000000000000000000088
:101BD0000000000000000000000000002668050072
:101BE000A6420500F01B05000000000000000000F8
:101BF000F41B05007E5C0500B442050000000000F7
:101C0000DD4C0100000000005E6F0500C4420500CD
:101C1000000000004DDE0300000000000000000096
:101C200000000000000000000000000000000000B4
:101C30002A44050031440500441C0500E94D01001B
:101C400002020000481C0500F3440500F8440500AA
:101C500000000000AD4E0100050200005D7D0500A2
:101C60003045050000000000855101000201000020
:101C70000000000000000000000000000000000064
:101C8000000000003A00000088D900201E0000007B
:101C90008BE9030008CE04009411002048C1040021
:101CA000C81C05004CA3002064000000B41C050003
:101CB00008A300203857002080000000000000002A
:101CC00071DE030002000000F5EB030054A30020C6
:101CD00088D900201E000000B9520100BFDE0300B9
:101CE0009BDE0300DFDE0300ADDE0300000000002A
:101CF000C248050084480500000000003D60010066
:101D0000010000008DEB0300CDEB0300FFEA0300B0
:101D100000000000000000000000000000000000C3
:101D2000834905008A49050000000000016901009F
:101D300001000000B4490500BB490500981D0500DD
:101D4000A569010001010000604A0500684A05001C
:101D500000000000C168010001000000317E0500A4
:101D6000794A0500C41D05000000000000000000C5
:101D7000337505009F4A0500000000006D690100F1
:101D800001000000AD4A0500B14A05000000000056
:101D900069ED0300000000009C1D0500D44A050009
:101DA000DC4A050000000000256801000100000079
:101DB0000000000000000000000000000000000023
:101DC00000000000C81D0500204B0500294B050040
:101DD000000000006568010001000000464B05009E
:101DE000554B0500681E05000000000000000000C3
:101DF000054C05000C4C0500A81F05000000000064
:101E000000000000234C0500294C0500681F050058
:101E10000000000000000000404C0500474C050099
:101E2000281F05000000000000000000564C0500BF
:101E30005B4C0500E81E05001D6901000101000062
:101E40006E4C0500744C0500A81E05000000000043
:101E50000000000000000000000000000000000082
:101E600000000000000000006C1E0500864C05000C
:101E7000904C050000000000EFED030001000000A1
:101E8000C84C0500CF4C050000000000B7ED030072
:101E90000100000000000000000000000000000041
:101EA0000000000000000000AC1E0500A95805005D
:101EB000064D0500000000006DED0300010000006C
:101EC000344D0500394D0500000000005168010047
:101ED0000100000000000000000000000000000001
:101EE0000000000000000000EC1E05001149050084
:101EF000654D0500000000000BEE0300010000002E
:101F0000707A0500A44D0500000000005FEE03009C
:101F100001000000000000000000000000000000C0
:101F200000000000000000002C1F05001149050002
:101F3000B74D050000000000B1680100010000007D
:101F4000707A0500C74D0500000000008FED03000A
:101F50000100000000000000000000000000000080
:101F600000000000000000006C1F05001149050082
:101F7000D64D0500000000009BED030001000000AD
:101F8000707A0500EE4D05000000000043EE0300EE
:101F90000100000000000000000000000000000040
:101FA0000000000000000000AC1F05001149050002
:101FB000054E050000000000D3ED03000100000005
:101FC000707A05001D4E05000000000027EE03009A
:101FD0000100000000000000000000000000000000
:101FE0000000000000000000C8110020D5820100A0
:101FF000000000008DF50300698601005D86010088
:1020000075860100318401000C20050001000000EC
:10201000CD5C050074120020000000009C1C002014
:10202000B412002088120020EC1F050034200500A7
:1020300000020000D4A50020957C0500447C05002A
:102040004C200500000000000000000050200500AA
:10205000595A0500607C050000000000DDC9010040
:1020600000000000907C05009B7C05000000000043
:10207000E9CA010003000000EF7C0500F87C0500C0
:102080000000000015CA0100030000005B7D050090
:10209000627D050084CF0400D5CB01000200000062
:1020A000927D05009F7D050084CF040071C9010069
:1020B00002000000CA7D0500D27D050088CF040023
:1020C000A9CB010003000000000000000000000098
:1020D00000000000000000000000000007090400EC
:1020E000B108040099080400B1D601009D0804005D
:1020F000A1080400A5080400A9080400FF080400C2
:10210000AD080400030904001D09040021090400AE
:10211000C308040019090400250904002909040062
:10212000930C0400790C0400690C040095EA01008A
:10213000050A0400FF0904006D0C0400F109040005
:10214000710C0400750C04008F0C0400A50C040035
:10215000A90C04008B0C040000000000EB09040033
:10216000E5090400E50C0400F1F80100000000009E
:1021700011F901000000000029FA0100C70C040059
:10218000CB0C0400CF0C040045FB0100F50C04004F
:10219000DDF9010095F901000000000000000000D9
:1021A0000000000000000000B9FC010001FE010079
:1021B000050D0400690002000000000065FB01003D
:1021C000A1FC01007DFB010095FB0100330D040023
:1021D000210D0400ADFB0100C5FB0100D1FF010092
:1021E000000000000000000000000000FFFFFFFFF3
:1021F00000000000000000000000000000000000DF
:1022000000000000EC1F0500102205008000000007
:1022100014D60520EC1F05002022050080000000D8
:1022200004EC0520EC1F0500302205000002000030
:1022300034170620EC1F050040220500FF000000B7
:10224000641B0620EC1F0500502205000002000060
:10225000941D06205822050001000000FA7E0500AA
:102260000A6000400A000000000300002A0000008D
:102270007422050001000000357F05000960004060
:10228000090000000003000029000000982205005A
:10229000C821002000000000314D040000000000B3
:1022A000194D0400A822050001000000428105002C
:1022B000D022050080B40020020000000A000000C7
:1022C000C8B2002010B10020F97602000200000020
:1022D000D822050001000000E022050001000000F6
:1022E0001B000000000C0114815404005D79020001
:1022F000A55504007B550400515504000000000062
:1023000005550400E1540400C75404007D54040042
:1023100000000000AD5404009354040079720200E0
:102320000D730200B3560400C356040030230500A9
:10233000010000007181050005000000040000009C
:1023400044230500010000008A810500050000000B
:10235000020000005823050001000000A3810500D1
:1023600005000000020000006C23050001000000D1
:10237000BD81050005000000040000008023050069
:1023800001000000D88105000500000004000000E5
:102390009423050001000000F28105000500000003
:1023A00002000000A8230500010000000C820500C7
:1023B0000500000001000000BC2305000100000032
:1023C00038820500004008400440084008400840AA
:1023D0000C40084010400840DC23050001000000CC
:1023E0009582050094BC0400010000002800000054
:1023F0000000000000000000FC23050001000000B8
:10240000C58205000824050001000000BF83050007
:102410001824050000000000197B020000000000E5
:1024200000000000855704000000000000000000CC
:1024300000000000A57C0200000001000000000078
:102440000100000000000000F51C00200404000052
:102450000C14002000060000330000000C000000F7
:102460000000000070240500000000009424050016
:10247000A4B400207C2405006429050000000000AD
:10248000000000000000000000000000000000004C
:1024900000000000C0550020005600200100000090
:1024A000020000000400000008000000100000000E
:1024B00020000000B824050001000000658405002C
:1024C000000000000000000000BD0400D024050052
:1024D00001000000FB4E0500DC24050001000000A7
:1024E000C3840500E824050001000000E78405001E
:1024F000F4240500010000001C850500FFFF00001A
:102500000B0000006001084008B50020000000003A
:10251000FF000000182505000100000046850500A9
:10252000FFFF00000A00000040010840D014002016
:1025300003000000FF0000003C2505000100000032
:1025400070850500FFFF0000090000002001084021
:10255000F414002004000000FF00000060250500C6
:102560000100000099850500FFFF00000800000041
:10257000000108402415002004000000FF000000B6
:102580008425050001000000C3850500FFFF000051
:1025900007000000E000084054150020040000007F
:1025A000FF000000A825050001000000ED850500E2
:1025B000FFFF000006000000C00008408415002056
:1025C00001000000FF000000CC2505000100000014
:1025D00017860500FFFF000005000000A00008406E
:1025E0009015002004000000FF000000F025050009
:1025F0000100000041860500FFFF0000040000000C
:1026000080000840C015002009000000FF00000005
:1026100014260500010000006B860500FFFF000086
:1026200003000000600008402C1600200400000099
:10263000FF00000038260500010000009586050017
:10264000FFFF000002000000400008405C16002070
:1026500004000000FF0000005C26050001000000EF
:10266000BF860500FFFF00000100000020000840B9
:102670008C16002005000000FF00000080260500E9
:1026800001000000E9860500FFFF000000000000D7
:1026900000000840C816002009000000FF000000EC
:1026A000A426050001000000BC890500B426050031
:1026B00001000000BC26050002000000C50000006B
:1026C00000040107B500000000040107D026050042
:1026D00001000000228A0500E0260500000000003D
:1026E000E826050001000000F02605000A000000B1
:1026F000E2000000000C0117B2000000000C0117FE
:1027000054000000000C011764000000000C0117C9
:1027100007000000000C011717000000000C011753
:1027200027000000000C011737000000000C011703
:1027300047000000000C011757000000000C0117B3
:102740004427050001000000FD8A0500F0B70400E1
:1027500004000000190000005C2705006427050044
:10276000010000006C2705000200000006000000C8
:10277000000001031600000000000103802705008F
:1027800001000000258B0500F0B7040004000000E4
:102790001E00000098270500A0270500010000008A
:1027A000A8270500010000005100000000000103FF
:1027B000B42705000000000000000080FFFFFF7F3D
:1027C0000000008000000080FFFFFF7F000000800D
:1027D0000000000000000000838B050000FF0A00DD
:1027E0007CB9040003000000EC2705000100000094
:1027F000DF8B0500FC270500008811400428050038
:10280000010000000C280500040000000A00000080
:1028100000000104760000000000010466000000D2
:102820000000010418000000000001043028050029
:1028300001000000F98B05004028050000871140C9
:1028400048280500000000004C2805000100000099
:10285000138C05005C2805000086114064280500E3
:10286000010000006C280500040000006500000065
:1028700000000104430000000000010435000000D6
:10288000000001042500000000000104902805005C
:10289000010000002D8C0500A028050000851140D6
:1028A000A828050001000000B02805000400000071
:1028B0005800000000000105D500000000000105DF
:1028C0008500000000000105050000000000010572
:1028D000D428050001000000478C0500E42805000D
:1028E00000891140EC28050001000000F4280500D3
:1028F000040000002600000000000105A100000007
:10290000000001053600000000000105460000003F
:10291000000001051829050001000000F68C0500E3
:1029200000000000000000002C29050034290500EB
:10293000010000003C290500050000000100000026
:102940000000010611000000000001062100000047
:1029500000000106310000000000010641000000F7
:10296000000001061DE00200E5670400756A04002E
:10297000756904000D690400136A0400C96A040043
:102980004D6A040002000000E42905000300000075
:10299000DC29050004000000D42905000500000022
:1029A000CC29050006000000C4290500070000002E
:1029B000BC2905000000000000000000268D050075
:1029C00090240700328D0500902306003E8D0500FF
:1029D000902205004A8D050010140400568D050054
:1029E00010130300628D05001012020002000000A7
:1029F0003D860400398604003586040031860400D3
:102A000019860400078604007D8D05000000000083
:102A10007A8D05000000000000000000778D0500A1
:102A2000748D0500718D05006E8D0500218E0500E9
:102A3000080000002A8E0500AF8F0500030000008B
:102A4000318E050005000000378E0500978D0500CA
:102A5000050000003F8E050009000000498E0500BA
:102A60000D90050008000000538E050009000000CD
:102A70005D8E05004090050009000000678E05008E
:102A800009000000718E0500739005000A00000027
:102A90007B8E050009000000858E0500A6900500CC
:102AA0000B0000000000000000000000000000001B
:102AB0000000000000000000278F05000900000052
:102AC000318F05003F8F050001000000438F050096
:102AD000070000004B8F05005A8F05000200000020
:102AE000698F0500050000006F8F0500778F0500D6
:102AF00003000000000000000000000000000000D3
:102B00000000000000000000878F050009000000A1
:102B1000918F0500A68F050003010000B38F05000B
:102B200009000000BD8F0500D48F050005010000DD
:102B3000E28F050009000000EC8F050004900500FD
:102B40000801000015900500090000001F90050015
:102B500037900500090100004890050009000000B9
:102B6000529005006A9005000A0100007B90050064
:102B700009000000859005009D9005000B010000F4
:102B8000AE90050005000000BD8F0500D48F050044
:102B900005010000B490050009000000BE9005008A
:102BA000BE900500000600000000000000000000CC
:102BB000000000000000000000000000439205003B
:102BC00003000000479205005E920500000100002E
:102BD000709205000300000074920500A2920500A7
:102BE00004000000839205000300000087920500A6
:102BF0009992050000080000AC9205000300000057
:102C0000B0920500C592050020000000D692050094
:102C100009000000E0920500F592050000000100A7
:102C20000F93050003000000139305002D9305008A
:102C300008000000429305000300000046930500D1
:102C40006193050002000000789305000300000076
:102C50007C9305009993050001000000000000002E
:102C60000000000000000000000000000000000064
:102C7000982F8A4291443771CFFBC0B5A5DBB5E9E7
:102C80005BC25639F111F159A4823F92D55E1CAB5B
:102C900098AA07D8015B8312BE853124C37D0C55E9
:102CA000745DBE72FEB1DE80A706DC9B74F19BC131
:102CB000C1699BE48647BEEFC69DC10FCCA10C2421
:102CC0006F2CE92DAA84744ADCA9B05CDA88F97605
:102CD00052513E986DC631A8C82703B0C77F59BF6F
:102CE000F30BE0C64791A7D55163CA06672929149B
:102CF000850AB72738211B2EFC6D2C4D130D385338
:102D000054730A65BB0A6A762EC9C281852C7292F9
:102D1000A1E8BFA24B661AA8708B4BC2A3516CC727
:102D200019E892D1240699D685350EF470A06A1060
:102D300016C1A419086C371E4C774827B5BCB034AF
:102D4000B30C1C394AAAD84E4FCA9C5BF36F2E684D
:102D5000EE828F746F63A5781478C8840802C78CDC
:102D6000FAFFBE90EB6C50A4F7A3F9BEF27871C6DF
:102D7000010000003F8F05005B9204001F920400D9
:102D80006149030019490300D54803009148030035
:102D9000539204003D9204002B9204006D480300FE
:102DA000000300000A000000000000000000000016
:102DB00000070000FFFFFF0F0000000000080000F8
:102DC0003C000000D0970500050901000303030340
:102DD0003D000000F097050007090100030303030D
:102DE0002F000000109805000505010003030303F0
:102DF000350000002D9805000705010003030303BB
:102E000000000000308F05000000000000000000FE
:102E1000A8CC0000A9CC0000AACC00002CC0000067
:102E200030C000009F000000ADC000009FC0000047
:102E300024C0000028C000006B0000000AC0000091
:102E400014C0000039000000AFC00000A3C00000A3
:102E500087C000008BC000007DC0000073C0000070
:102E600077C00000C4000000880000005DC00000C2
:102E700061C0000053C0000049C000004DC0000008
:102E800045C000002BC000002FC000009E000000C5
:102E9000ACC000009EC0000023C0000027C000009E
:102EA0006700000009C0000013C0000033000000EC
:102EB000AEC00000A2C0000086C000008AC00000B2
:102EC0007CC0000072C0000076C00000BE000000A0
:102ED000450000005CC0000060C0000052C000005F
:102EE00048C000004CC0000044C00000ACCC000052
:102EF000ADCC0000AB000000A7C0000038C000004F
:102F0000B300000036C000009100000091C0000036
:102F10009BC0000097C00000ABC000006DC0000067
:102F200071C0000067C00000AA000000A6C0000039
:102F300037C00000B200000035C000009000000063
:102F400090C0000096C000009AC00000AAC0000017
:102F50006CC0000070C0000066C00000FFC0000030
:102F60009D0000009DC000003D00000035000000F5
:102F700032C000002AC000000FC000002EC00000B8
:102F800026C0000005C00000A1C000007BC00000FA
:102F9000C0000000840000008DC0000079C0000067
:102FA00089C0000075C000005FC0000063C0000061
:102FB00051C000004BC000004FC000003DC00000E9
:102FC0009C0000009CC000003C0000002F0000009E
:102FD00031C0000029C000000EC000002DC000005C
:102FE00025C0000004C00000A0C000007AC000009E
:102FF000BA000000410000008CC0000078C0000052
:1030000088C0000074C000005EC0000062C0000004
:1030100050C000004AC000004EC000003CC000008C
:10302000AECC0000AD000000B7000000950000002D
:1030300093C0000099C000006FC0000069C000008C
:10304000AC000000B60000009400000092C0000038
:1030500098C000006EC0000068C00000ABCC00004B
:10306000A9000000A5C00000AF0000008D00000016
:103070008FC0000095C00000A9C000006BC0000018
:1030800065C00000A8000000A4C00000AE00000061
:103090008C0000008EC0000094C00000A8C000009A
:1030A0006AC0000064C0000006C0000010C000003C
:1030B0003BC000003AC0000039C00000B50000006D
:1030C000B40000002D0000003B00000002000000E2
:1030D000010000000BC0000001C00000B9000000AA
:1030E000B80000002E000000B1000000B000000099
:1030F0002C000000000000002BC000002CC00000CD
:1031000000000000529905006099050074990500BF
:10311000839905008F990500B0B50400B0B504008F
:10312000E8B60400F0B60400A0B70400A8B7040095
:10313000BA99050001000500A86805000200070013
:10314000C099050004000800C999050008000400A2
:10315000F55B050010000900CE990500200008006D
:10316000D799050040000A00E2990500800006009A
:10317000000000000000000000000000000000004F
:1031800000000040955969595555545515555556E7
:10319000040515411054554045515544404550448F
:1031A00050555545004000404004449665555655DD
:1031B000454045545141154055915555555540513F
:1031C00005010000544554544555050400100410F1
:1031D00014044000000001405555154154040000FE
:1031E00044000100000000404100004450444550AC
:1031F00054005555545565510040004001000001F0
:1032000000050100115451515455550500000000AE
:103210000000000000000000FB21F93FFB210940F5
:103220007CD91240FB2119407A6A1F407CD9224088
:10323000BBFD2540FB2129403A462C407A6A2F40AD
:103240005C4731407CD932409C6B3440BBFD3540FB
:10325000DB8F3740FB2139401BB43A403A463C40B3
:103260005AD83D407A6A3F404C7E40405C474140DE
:103270006C1042407CD942408CA243409C6B44403D
:10328000AC344540BBFD4540CBC64640DB8F474094
:10329000EB584840FB21494083F9A200444E6E00A0
:1032A000FC291500D1572700DD34F50062DBC00092
:1032B0003C999500419043006351FE00BBDEAB009A
:1032C000B761C5003A6E2400D24D42004906E000C5
:1032D00009EA2E001C92D100EB1DFE0029B11C0052
:1032E000E83EA700F535820044BB2E009CE984002F
:1032F000B4267000417E5F00D691390053833900B7
:103300009CF439008B5F840028F9BD00F81F3B0056
:10331000DEFF97000F980500112FEF000A5A8B006F
:103320006D1F6D00CF7E360009CB2700464FB700DA
:103330009E663F002DEA5F00BA277500E5EBC700E7
:103340003D7BF100F739070092528A00FB6BEA00DF
:103350001FB15F00085D8D00300356007BFC460006
:10336000F0AB6B0020BCCF0036F49A00E3A91D003F
:103370005E619100081BE60085996500A0145F005E
:103380008D40680080D8FF0027734D00060631008D
:10339000CA561500C9A873007BE260006B8CC000A0
:1033A000020000000300000004000000060000000E
:1033B00001000200080010000600080010001800BC
:1033C0002000400060008000000180010002000435
:1033D00000080002000400080010000001060105BA
:1033E0000104000000004661696C656420746F2070
:1033F0006F70656E20666C61736820617265612C08
:103400002072632025640A004661696C656420743B
:103410006F20657261736520666C617368206172EC
:1034200065612C2072632025640A005F5F63786108
:103430005F707572655F7669727475616C005F5F4D
:1034400061656162695F756C3266005F5F616561CD
:1034500062695F6C6469766D6F64005F5F6165616E
:1034600062695F696469766D6F64005F5F61656161
:1034700062695F663264005F5F61656162695F64B3
:1034800032697A005F5F61656162695F64636D7074
:103490006571005F5F61656162695F756964697626
:1034A0006D6F64005F5F61656162695F6432756959
:1034B0007A005F5F61656162695F6C3264005F5FC3
:1034C00061656162695F7569646976005F5F616506
:1034D0006162695F693264005F5F61656162695F53
:1034E00064737562005F5F61656162695F64636DEB
:1034F000706774005F5F61656162695F69646976C6
:10350000005F5F61656162695F66636D706C650035
:103510005F5F61656162695F64616464005F5F61F0
:10352000656162695F66636D70756E005F5F61659E
:103530006162695F643266005F5F61656162695FF5
:10354000646D756C005F5F61656162695F64646989
:1035500076005F5F61656162695F64636D706C7462
:10356000005F5F61656162695F75693264005F5F1A
:1035700061656162695F756C6469766D6F64005F37
:103580005F61656162695F64326C7A005F5F61658B
:103590006162695F64636D706C65005F5F61656146
:1035A00062695F64636D70756E007379735F636CDD
:1035B0006F636B5F6379636C655F6765745F3332FC
:1035C0000072696E675F6275665F7075740072691C
:1035D0006E675F6275665F7065656B0072696E67C6
:1035E0005F6275665F676574006362767072696EAC
:1035F000746600736E7072696E74660073707269BF
:103600006E746600707574636861720070757473AF
:10361000006174616E00636F730073696E006B5FAD
:10362000776F726B5F7363686564756C65006B5F61
:10363000666174616C5F68616C74006B5F74696D66
:1036400065725F696E697400757362645F64697343
:1036500061626C6500757362645F656E61626C6562
:1036600000757362645F63616E5F64657465637443
:103670005F7662757300757362645F636170735F18
:10368000737065656400757362645F6164645F6331
:103690006F6E66696775726174696F6E00757362CB
:1036A000645F72656769737465725F616C6C5F6398
:1036B0006C617373657300757362645F64657669CA
:1036C00063655F7365745F636F64655F747269706F
:1036D0006C6500757362645F6D73675F72656769BF
:1036E000737465725F636200757362645F646576AC
:1036F0006963655F7365745F6263645F75736200BD
:10370000757362645F6164645F646573637269703A
:10371000746F7200757362645F696E6974006578B6
:103720006974006F70656E00726563760073656E14
:10373000640067657461646472696E666F00746CBE
:10374000735F63726564656E7469616C5F61646404
:10375000006E65745F6D676D745F6576656E745F2E
:10376000776169745F6F6E5F6966616365006E653E
:10377000745F6D676D745F6164645F6576656E74B8
:103780005F63616C6C6261636B006E65745F64683B
:10379000637076345F6164645F6F7074696F6E5FCD
:1037A00063616C6C6261636B006E65745F64686317
:1037B0007076345F7374617274005F6E65745F6CF1
:1037C000325F45544845524E4554006E65745F69FA
:1037D000665F6C6F6F6B75705F62795F64657600B2
:1037E0006E65745F69665F697076345F6D6164648D
:1037F000725F6A6F696E006E65745F69665F69709B
:1038000076345F6D616464725F616464006E6574D8
:103810005F69665F6765745F62795F69666163654A
:10382000006E65745F69665F646F776E006E6574C5
:103830005F69665F666F7265616368007A5F6C6F6F
:10384000675F6D73675F72756E74696D655F7663D0
:103850007265617465006B5F73636865645F756E44
:103860006C6F636B006B5F73636865645F6C6F6341
:103870006B0069737864696769740069736C6F774A
:103880006572006973757070657200697370726932
:103890006E74006973677261706800697364696748
:1038A0006974006973636E74726C006973616C7023
:1038B000686100746F757070657200746F6C6F77FB
:1038C0006572006973616C6E756D00697373706108
:1038D00063650061746F6C0061746F660061746F82
:1038E00069007372616E640063616C6C6F63007277
:1038F00065616C6C6F63006B5F6D616C6C6F630016
:103900006D656D6D6F7665007374726361740073BD
:103910007472636872007374726C656E0073747293
:10392000636D7000737472746F756C00737472637E
:10393000617365636D70007374726E637079007388
:1039400074726E636D70007374727374720073744A
:103950007272636872004661696C656420746F20DE
:1039600072656164206865616465722C20726320F1
:1039700025640A00496E76616C696420736B657416
:103980006368206865616465720A004661696C65F8
:103990006420746F206C6F616420736B657463685E
:1039A0002C2072632025640A006D61696E004661F7
:1039B000696C656420746F2066696E64206D61694E
:1039C0006E2066756E6374696F6E0A0052756E20A4
:1039D000736B65746368006170700028756E73693D
:1039E000676E6564292063686172202A207573659B
:1039F0006420666F722025257020617267756D6581
:103A00006E742E2049742773207265636F6D6D6527
:103A10006E64656420746F20636173742069742020
:103A2000746F20766F6964202A2062656361757304
:103A300065206974206D6179206361757365206DFF
:103A400069736265686176696F7220696E2063656B
:103A5000727461696E20636F6E66696775726174F6
:103A6000696F6E732E20537472696E673A222573E4
:103A70002220617267756D656E743A256400636219
:103A80007072696E74665F7061636B616765007602
:103A90007072696E746B006173736572745F7072BB
:103AA000696E74006173736572745F706F73745FB5
:103AB000616374696F6E00736F630043616D65725B
:103AC000612065787465726E616C20636C6F636BE6
:103AD00020736F757263652064657669636520691C
:103AE00073206E6F7420726561647921004661698C
:103AF0006C656420746F20656E61626C6520636123
:103B00006D6572612065787465726E616C20636C9E
:103B10006F636B206572726F723A202825642900EA
:103B20004661696C656420746F2067657420636109
:103B30006D6572612065787465726E616C20636C6E
:103B40006F636B20726174652C206572726F723ABC
:103B500020282564290043616D65726120657874B1
:103B600065726E616C20636C6F636B20726174654B
:103B70003A202825752920487A006574685F707797
:103B80006D5F636C6F636B006C6F67006C6F675F7A
:103B90006D676D74004D6573736167652064726F46
:103BA0007070656420626563617573652069742057
:103BB000657863656564732073697A65206C696DE7
:103BC00069746174696F6E2028257529004D6573CD
:103BD00073616765202822257322292064726F7023
:103BE0007065642062656361757365206974206522
:103BF0007863656564732073697A65206C696D69A3
:103C0000746174696F6E2028257529000D0A001BE8
:103C10005B306D00257320005B2530386C755D20AE
:103C2000005B253032753A253032753A25303275D1
:103C30002E253033752C253033755D200025732FEC
:103C4000003C25733E200025733A20002530327851
:103C50002000202020007C001B5B313B33316D00B5
:103C60001B5B313B33336D006572720077726E00FF
:103C7000696E6600646267006B65726E656C004B0E
:103C800065726E656C20636F6D6D616E6473006349
:103C900079636C65733A20257520687720637963B2
:103CA0006C65730A004B65726E656C206379636C9A
:103CB00065732E00556E61626C6520746F207061B3
:103CC00072736520696E7075742028657272202584
:103CD00064290A006D7300557074696D653A20257A
:103CE0006C6C75206D730A002D70002D2D7072653F
:103CF00074747900556E737570706F72746564209A
:103D00006F7074696F6E3A2025730A00757074695C
:103D10006D653A20256C6C7520646179732C2025C3
:103D20006C6C7520686F7572732C20256C6C752017
:103D30006D696E757465732C20256C6C75207365C8
:103D4000636F6E64732C20256C6C75206D696C6CD0
:103D5000697365636F6E64730A00757074696D656D
:103D6000004B65726E656C20757074696D652E20F0
:103D700043616E2062652063616C6C6564207769C5
:103D8000746820746865202D70206F72202D2D704E
:103D90007265747479206F7074696F6E7300342E5D
:103DA000312E3939005A65706879722076657273E0
:103DB000696F6E2025730A0076657273696F6E00F5
:103DC0004B65726E656C2076657273696F6E2E003E
:103DD0005468697320636F6D6D616E642069732030
:103DE00064657072656361746564206173206974D1
:103DF0002069732061206475706C69636174652E3D
:103E00002055736520276C6F6720656E61626C6555
:103E10002720636F6D6D616E642066726F6D206C1C
:103E20006F6767696E6720636F6D6D616E64732085
:103E30007365742E0A00556E61626C6520746F2084
:103E40007061727365206C6F672073657665726947
:103E500074792028657272202564290A00496E76DB
:103E6000616C6964206C6F67206C6576656C3A20C4
:103E700025640A00556E61626C6520746F20666966
:103E80006E64206C6F6720736F757263653A2025CE
:103E9000730A006C6F675F6C6576656C003C6D6FD4
:103EA00064756C65206E616D653E203C736576655A
:103EB000726974792028302D34293E004B65726E6A
:103EC000656C20746872656164732E005363686565
:103ED00064756C65723A2025752073696E63652080
:103EE0006C6173742063616C6C0A00546872656164
:103EF00064733A0A004E41002573257020252D3148
:103F000030730A00096F7074696F6E733A203078ED
:103F100025782C207072696F726974793A20256453
:103F20002074696D656F75743A20256C6C640A00A5
:103F30000973746174653A2025732C20656E747260
:103F4000793A2025700A00556E61626C6520746FA5
:103F50002064657465726D696E6520756E75736534
:103F60006420737461636B2073697A65202825640B
:103F7000290A0A0009737461636B2073697A6520EA
:103F8000257A752C20756E7573656420257A752CDD
:103F900020757361676520257A75202F20257A7535
:103FA00020282575202525290A0A004C69737420CC
:103FB0006B65726E656C20746872656164732E0047
:103FC00025702049525120253032642025732872F3
:103FD00065616C2073697A652025347A75293A0900
:103FE000756E757365642025347A7509757361671C
:103FF000652025347A75202F2025347A75202825D0
:10400000327A75202525290A00257020252D333286
:104010007320287265616C2073697A652025347A73
:1040200075293A09756E757365642025347A7509AA
:1040300075736167652025347A75202F2025347AC1
:10404000752028253275202525290A00737461639F
:104050006B73004C697374207468726561647320BB
:10406000737461636B2075736167652E00546872A9
:10407000656164204944202570206973206E6F7447
:104080002076616C69640A004572726F723A5368F7
:10409000656C6C207468726561642063616E6E6F1C
:1040A000742062652073757370656E6465640A00C0
:1040B0005468726561642025702073757370656E35
:1040C0006465640A006B65726E656C207468726565
:1040D00061642073757370656E64203C74687265EA
:1040E00061645F69643E004572726F723A5368653D
:1040F0006C6C207468726561642063616E6E6F74AD
:1041000020626520726573756D65640A005468727B
:1041100065616420257020726573756D65640A00A1
:104120006B65726E656C207468726561642072657F
:1041300073756D65203C7468726561645F69643E87
:10414000004572726F723A5368656C6C20746872C5
:104150006561642063616E6E6F74206265206B69B7
:104160006C6C65640A000A205468726561642025DD
:1041700070206B696C6C65640A006B696C6C006B19
:1041800065726E656C20746872656164206B696C21
:104190006C203C7468726561645F69643E005245DE
:1041A0004144590044495341424C454400646576BA
:1041B000696365733A0A005B25705D002D202573E5
:1041C0000020204454206E6F6465206C6162656C31
:1041D000733A0044657669636520636F6D6D616E47
:1041E0006473004C69737420636F6E6669677572DF
:1041F000656420646576696365730025642D2530E8
:1042000032752D2530327520253032753A25303201
:10421000753A25303275205554430A00496E76614F
:104220006C696420686F75720A00496E76616C690A
:1042300064206D696E7574650A00496E76616C69FB
:1042400064207365636F6E640A00496E76616C6901
:1042500064206D6F6E74680A00496E76616C6964E3
:10426000206461790A004661696C656420746F207E
:1042700063616C63756C617465207365636F6E64F4
:10428000732073696E63652045706F63680A00432D
:104290006F756C64206E6F74207365742064617434
:1042A000652025640A004461746520636F6D6D614B
:1042B0006E6473005B592D6D2D645D203C483A4D52
:1042C0003A533E005B6E6F6E655D005573696E67B5
:1042D00020646174612077696474682025640A0031
:1042E000496E636F727265637420646174612077D4
:1042F000696474680A00526561642076616C756552
:1043000020307825780A0057726974696E672076C4
:10431000616C756520307825780A00696E76616C6D
:104320006964206164647220272573270A00696E1E
:1043300076616C69642073697A6520272573270A82
:1043400000696E76616C69642077696474682027FF
:104350002573270A00613A733A773A00272D6120C6
:104360003C616464726573733E27206973206D61DC
:104370006E6461746F72790A00272D73203C736933
:104380007A653E27206973206D616E6461746F7277
:10439000790A006465766D656D206C6F61642073C9
:1043A0007570706F7274732073657474696E6720B2
:1043B000627970617373206F6E20612073696E671C
:1043C0006C6520696E7374616E63652E0A004C6FB4
:1043D0006164696E672E2E2E0A7072657373206396
:1043E00074726C2D78206374726C2D7120746F2040
:1043F0006573636170650A004E756D626572206F4A
:104400006620627974657320726561643A20256460
:104410000A002D6500556E6B6E6F776E206F70749D
:10442000696F6E20222573220A006465766D656DC2
:1044300000526561642F77726974652070687973C2
:104440006963616C206D656D6F72790A5573616780
:10445000653A0A52656164206D656D6F72792061FD
:104460007420616464726573732077697468206F67
:104470007074696F6E616C2077696474683A0A645D
:1044800065766D656D203C616464726573733E2072
:104490005B3C77696474683E5D0A57726974652095
:1044A0006D656D6F727920617420616464726573EB
:1044B000732077697468206D616E6461746F7279BE
:1044C00020776964746820616E642076616C75651C
:1044D0003A0A6465766D656D203C6164647265734B
:1044E000733E203C77696474683E203C76616C754D
:1044F000653E0064756D700055736167653A0A64C6
:1045000065766D656D2064756D70202D61203C6150
:104510006464726573733E202D73203C73697A6501
:104520003E205B2D77203C77696474683E5D0A000D
:1045300055736167653A0A6465766D656D206C6FC9
:104540006164205B6F7074696F6E735D205B616482
:1045500064726573735D0A4F7074696F6E733A0AA3
:104560002D65096C6974746C652D656E6469616E86
:104570002070617273650052582072696E67206204
:1045800075666665722066756C6C2E007368656C66
:104590006C2E7368656C6C5F756172740075617206
:1045A000743A7E2420007368656C6C5F7561727468
:1045B0005F6261636B656E6400537562636F6D6DFE
:1045C000616E64733A0A006E6F74207465726D696F
:1045D0006E617465643A2025630A00506C656173EE
:1045E0006520737065636966792061207375626305
:1045F0006F6D6D616E642E0A004572726F723A20A3
:10460000726571756573746564206D756C7469701D
:104610006C652066756E6374696F6E20657865637E
:104620007574696F6E730A003A20636F6D6D616E09
:1046300064206E6F7420666F756E6400546F6F2017
:104640006D616E7920617267756D656E7473206936
:104650006E2074686520636F6D6D616E642E0A0054
:1046600025733A2077726F6E6720706172616D6595
:1046700074657220636F756E740A005741524E491B
:104680004E473A2041207072696E742072657175D0
:104690006573742077617320646574656374656401
:1046A000206F6E206E6F742061637469766520736D
:1046B00068656C6C206261636B656E642E0A000A2B
:1046C00025732573005368656C6C2074687265618E
:1046D00064206572726F723A20256400506C6561C7
:1046E000736520707265737320746865203C546133
:1046F000623E20627574746F6E20746F20736565FE
:1047000020616C6C20617661696C61626C6520630C
:104710006F6D6D616E64732E0A00596F7520636151
:104720006E20616C736F2075736520746865203C22
:104730005461623E20627574746F6E20746F2070D5
:10474000726F6D7074206F72206175746F2D636F5E
:104750006D706C65746520616C6C20636F6D6D614C
:104760006E6473206F722069747320737562636F57
:104770006D6D616E64732E0A00596F752063616EF2
:104780002074727920746F2063616C6C20636F6D8C
:104790006D616E64732077697468203C2D683E20DB
:1047A0006F72203C2D2D68656C703E2070617261C7
:1047B0006D6574657220666F72206D6F7265206919
:1047C0006E666F726D6174696F6E2E0A000A5368AF
:1047D000656C6C20737570706F72747320666F6C8B
:1047E0006C6F77696E67206D6574612D6B65797389
:1047F0003A0A20204374726C202B202861206B65BC
:10480000792066726F6D3A206162636465666B6CD5
:104810006E707577290A2020416C7420202B202887
:1048200061206B65792066726F6D3A206266290A95
:10483000506C6561736520726566657220746F20C7
:104840007368656C6C20646F63756D656E746174FC
:10485000696F6E20666F72206D6F7265206465747B
:1048600061696C732E0A000A417661696C61626C41
:104870006520636F6D6D616E64733A0A0025303890
:10488000583A20005072696E74732074686520680D
:10489000656C70206D6573736167652E001B5B2509
:1048A000642563001B5B313B3325646D001B5B3467
:1048B000303325646D002573252D2A73002D680083
:1048C0002D2D68656C7000202D20002020004C6F7D
:1048D0007374206C6F67733A20256C750A0041630E
:1048E00074697665207368656C6C206261636B65C2
:1048F0006E64733A0A0020202532642E203A257314
:1049000020282573290A005B2533645D2025730A5E
:10491000006F66660020756E6B6E6F776E2070613B
:1049200072616D657465723A200025733A257325AE
:10493000730A004563686F207374617475733A205D
:1049400025730A004E6F20726573706F6E73652059
:1049500066726F6D20746865207465726D696E6132
:104960006C2C20617373756D656420383078323437
:104970002073637265656E2073697A650A001B5B3C
:10498000366E0072657476616C005072696E7420C8
:1049900072657475726E2076616C7565206F662025
:1049A0006D6F737420726563656E7420636F6D6DD7
:1049B000616E6400726573697A6500436F6E736F30
:1049C0006C652067657473207465726D696E616CC7
:1049D0002073637265656E2073697A65206F72203B
:1049E000617373756D65732064656661756C7420A1
:1049F000696E206361736520746865207265616407
:104A00006F7574206661696C732E204974206D7512
:104A100073742062652065786563757465642061D0
:104A2000667465722065616368207465726D696E75
:104A3000616C207769647468206368616E676520C3
:104A4000746F20656E7375726520636F7272656333
:104A500074207465787420646973706C61792E00B9
:104A6000686973746F727900436F6D6D616E642055
:104A7000686973746F72792E0055736566756C2C56
:104A8000206E6F7420556E69782D6C696B6520738C
:104A900068656C6C20636F6D6D616E64732E00438E
:104AA0006C6561722073637265656E2E0072656D50
:104AB0000049676E6F7265206C696E657320626570
:104AC00067696E6E696E6720776974682027726502
:104AD0006D20270064656661756C740041737375A1
:104AE0006D6520383020636861727320736372656E
:104AF000656E20776964746820616E642073656EEA
:104B00006420746869732073657474696E672074B7
:104B10006F20746865207465726D696E616C2E001B
:104B20006261636B656E6473004C697374206163CA
:104B300074697665207368656C6C206261636B656F
:104B40006E64732E0A006261636B73706163655FEC
:104B50006D6F646500546F67676C65206261636B9D
:104B60007370616365206B6579206D6F64652E0AD3
:104B7000536F6D65207465726D696E616C73206131
:104B80007265206E6F742073656E64696E67207342
:104B9000657061726174652065736361706520631F
:104BA0006F646520666F72206261636B737061630E
:104BB0006520616E642064656C657465206275743F
:104BC000746F6E2E205468697320636F6D6D616E13
:104BD0006420666F72636573207368656C6C207403
:104BE0006F20696E746572707265742064656C659F
:104BF0007465206B6579206173206261636B7370EB
:104C00006163652E00636F6C6F727300546F67672A
:104C10006C6520636F6C6F7265642073796E74616C
:104C2000782E00767431303000546F67676C6520E1
:104C3000767431303020636F6D6D616E64732E0059
:104C400070726F6D707400546F67676C652070725E
:104C50006F6D70742E006563686F00546F67676CCA
:104C600065207368656C6C206563686F2E007374D3
:104C7000617473005368656C6C207374617469733C
:104C8000746963732E006261636B737061636500A6
:104C900053657420646966666572656E7420657319
:104CA0006361706520636F646520666F7220626166
:104CB000636B737061636520616E642064656C650D
:104CC0007465206B65792E0064656C6574650053AE
:104CD0006574207468652073616D65206573636118
:104CE000706520636F646520666F72206261636B1C
:104CF000737061636520616E642064656C657465C2
:104D0000206B65792E005265736574207368656C3D
:104D10006C207374617469737469637320666F7255
:104D200020746865204C6F67676572206D6F6475CD
:104D30006C652E0073686F77004765742073686533
:104D40006C6C207374617469737469637320666F2B
:104D50007220746865204C6F67676572206D6F64A0
:104D6000756C652E0044697361626C6520736865BB
:104D70006C6C206563686F2E2045646974696E678A
:104D8000206B65797320616E64206D6574612D6B95
:104D900065797320617265206E6F742068616E643E
:104DA0006C656400456E61626C65207368656C6C4F
:104DB000206563686F2E0044697361626C652070C2
:104DC000726F6D70742E00456E61626C652070723A
:104DD0006F6D70742E0044697361626C6520767427
:104DE00031303020636F6D6D616E64732E00456EDF
:104DF00061626C6520767431303020636F6D6D6157
:104E00006E64732E0044697361626C6520636F6C1D
:104E10006F7265642073796E7461782E00456E61DF
:104E2000626C6520636F6C6F7265642073796E7459
:104E300061782E00436F6D6D616E642062756666E9
:104E4000657220697320746F6F2073686F727420AD
:104E5000746F20657870616E6420616C6C20636F84
:104E60006D6D616E6473206D61746368696E672037
:104E700077696C6463617264207061747465726ECA
:104E80003A2025730A0053697A65206F6620434FE4
:104E90004E4649475F464C4153485F46494C4C5F3C
:104EA0004255464645525F53495A45004E65676133
:104EB00074697665206F6666736574206E6F742002
:104EC000616C6C6F7765640A00496E636F7272651E
:104ED00063742073697A65206F72206F66667365EC
:104EE0007420616C69676E6D656E742C20657870D6
:104EF000656374656420257A780A00666C6173685E
:104F00000072302F61313A202030782530387820F7
:104F10002072312F61323A202030782530387820C5
:104F20002072322F61333A202030782530387800D3
:104F300072332F61343A202030782530387820724F
:104F400031322F69703A202030782530387820723D
:104F500031342F6C723A2020307825303878002098
:104F6000787073723A202030782530387800735B7F
:104F70002532645D3A20203078253038782020733F
:104F80005B2532645D3A2020307825303878202047
:104F9000735B2532645D3A202030782530387820E4
:104FA00020735B2532645D3A2020307825303878D4
:104FB0000066707363723A202030782530387800AC
:104FC0004661756C74696E6720696E73747275637F
:104FD00074696F6E20616464726573732028723126
:104FE000352F7063293A2030782530387800556E97
:104FF00068616E646C6564204952516E3A20256484
:1050000000436F756C64206E6F742072656164205C
:1050100073796D626F6C2066726F6D2062696E616C
:1050200072792100436F756C64206E6F742066691D
:105030006E642073796D626F6C2025732100737923
:105040006D20272573273A2072656C6F6361746940
:105050006F6E206F7574206F662072616E676520B9
:1050600028252378202D3E20252378290A00756ED7
:105070006B6E6F776E2072656C6F636174696F6EB3
:105080003A2025750A00656C66002A2A2A2A2A20F9
:105090004D5055204641554C54202A2A2A2A2A0090
:1050A0002020537461636B696E67206572726F7242
:1050B0002028636F6E746578742061726561206D5D
:1050C00069676874206265206E6F742076616C6910
:1050D0006429002020556E737461636B696E6720CC
:1050E0006572726F720020204461746120416363B5
:1050F0006573732056696F6C6174696F6E00202050
:105100004D4D46415220416464726573733A2030BC
:10511000782578002020496E737472756374696F06
:105120006E204163636573732056696F6C617469A7
:105130006F6E002020466C6F6174696E672D706F12
:10514000696E74206C617A79207374617465207063
:105150007265736572766174696F6E206572726FC5
:1051600072002A2A2A2A2A20425553204641554CA9
:1051700054202A2A2A2A2A002020537461636B694A
:105180006E67206572726F720020205072656369CD
:105190007365206461746120627573206572726F3B
:1051A000720020204246415220416464726573734C
:1051B0003A2030782578002020496D707265636947
:1051C0007365206461746120627573206572726F0B
:1051D00072002020496E737472756374696F6E205B
:1051E000627573206572726F72002A2A2A2A2A2039
:1051F0005553414745204641554C54202A2A2A2AD6
:105200002A0020204469766973696F6E20627920D4
:105210007A65726F002020556E616C69676E6564F7
:10522000206D656D6F727920616363657373002013
:1052300020537461636B206F766572666C6F7720A4
:1052400028636F6E746578742061726561206E6F7B
:10525000742076616C6964290020204E6F20636F92
:1052600070726F636573736F7220696E7374727599
:105270006374696F6E73002020496C6C6567616CA4
:10528000206C6F6164206F66204558435F5245541F
:1052900055524E20696E746F205043002020496C97
:1052A0006C6567616C20757365206F662074686536
:1052B0002045505352002020417474656D70742055
:1052C000746F206578656375746520756E646566B6
:1052D000696E656420696E737472756374696F6E4C
:1052E00000526573657276656420457863657074F5
:1052F000696F6E20280053707572696F757320692D
:105300006E74657272757074202849525120005372
:105310005053454C20696E20746872656164206D3D
:105320006F646520646F6573206E6F7420696E64AE
:10533000696361746520505350002A2A2A2A2A2062
:1053400048415244204641554C54202A2A2A2A2AB0
:10535000002020427573206661756C74206F6E208A
:10536000766563746F72207461626C65207265612A
:10537000640020204465627567206576656E740060
:1053800020204661756C7420657363616C6174697B
:105390006F6E20287365652062656C6F7729004108
:1053A0005243485F455843455054207769746820FC
:1053B000726561736F6E2025780A002A2A2A2A2ACC
:1053C000204465627567206D6F6E69746F72206529
:1053D0007863657074696F6E202A2A2A2A2A002A47
:1053E0002A2A2A2A20257320256429202A2A2A2AC3
:1053F0002A0061626F727428290A006765746F70F1
:105400007400706F7369785F656E7600706F736992
:10541000785F74696D657200707468726561645F4D
:1054200072776C6F636B00707468726561645F6340
:105430006F6E6400707468726561645F6B6579009B
:10544000707468726561645F6D75746578007074FE
:105450006872656164006E65745F627566006E6592
:10546000745F6275665F73696D706C6500696E76F6
:10547000616C69642066696C65206E616D652121CF
:10548000006D6F756E7420706F696E74206E6F742E
:1054900020666F756E6421210066696C65207368F3
:1054A0006F756C64206265206F70656E6564206640
:1054B0006F7220777269746520746F207472756ED4
:1054C0006361746521210066696C65207472756E74
:1054D000636174696F6E206E6F7420737570706F86
:1054E0007274656421210066696C65206F70656E59
:1054F000206572726F7220282564290066696C65C8
:10550000207472756E636174696F6E206661696C78
:10551000656420282564290066696C6520636C6FCA
:105520007365206572726F72202825642900666990
:105530006C652072656164206572726F7220282527
:1055400064290066696C65207772697465206572EC
:10555000726F7220282564290066696C6520736566
:10556000656B206572726F72202825642900666958
:105570006C652074656C6C206572726F72202825D2
:1055800064290066696C65207472756E6361746568
:10559000206572726F7220282564290066696C6527
:1055A0002073796E63206572726F722028256429DA
:1055B00000696E76616C69642066696C65206F7243
:1055C00020646972206E616D652121006661696CDD
:1055D0006564206765742066696C65206F7220645D
:1055E0006972207374617420282564290055534220
:1055F0002064657669636520636F6E74726F6C6C8E
:105600006572206973206E6F742072656164790021
:105610004661696C656420746F20656E61626C65BB
:1056200020636F6E74726F6C6C6572004661696C9A
:10563000656420746F20726573657420636F6E6695
:10564000696775726174696F6E004661696C656443
:1056500020746F2064697361626C65205553422029
:1056600064657669636500757362645F646576007E
:10567000757362645F6465736300436F6E66696728
:1056800075726174696F6E2064657363726970749A
:105690006F72202575206E6F7420666F756E6400C2
:1056A00043616E206F6E6C792068616E646C65205A
:1056B000636F6E74726F6C2072657175657374734D
:1056C00000436F6E74726F6C207472616E736665E6
:1056D0007220666F722030782530327820686173CE
:1056E000206572726F722025642C2068616C7400D2
:1056F00042756666657220666F7220646174617CB3
:10570000737461747573206973206D697373696E46
:1057100067002570206973206E6F74206461746166
:10572000002570206973206E6F7420737461747526
:1057300073006465766963652D746F2D686F73748B
:10574000207769746820774C656E677468207A6585
:10575000726F004D616C666F726D65642073657465
:105760007570207061636B6574004661696C656477
:1057700020746F20736574206465766963652061A9
:105780006464726573732030782578004661696CB3
:10579000656420746F2073657420636F6E6669673B
:1057A00075726174696F6E2025752C202564004820
:1057B00057494E464F206E6F7420696D706C656D51
:1057C000656E746564206F7220656E61626C6564DD
:1057D0000042756666657220666F7220737461742C
:1057E0007573206973206D697373696E6700466114
:1057F000696C656420746F20656E61626C6520540D
:105800004553545F4D4F44452025750030313233A8
:105810003435363738394142434445460075736262
:10582000645F636839004661696C656420746F2049
:10583000676574206366675F6E642C2064657370AF
:1058400069746520636F6E6669677572656420733D
:1058500074617465004661696C656420746F2073BF
:1058600065742064656661756C742061646472653A
:10587000737320616674657220627573207265733C
:105880006574004661696C656420746F207365748B
:105890002064656661756C74207374617465206141
:1058A0006674657220627573207265736574004654
:1058B00061696C656420746F2064657175657565D8
:1058C00020636F6E74726F6C20494E00756E726546
:1058D000636F76657261626C65206572726F7220AB
:1058E00025642C206570203078253032782C206299
:1058F000756620257000554443206572726F7220D2
:105900006576656E740075736264004661696C65E6
:105910006420746F20696E697420646576696365BC
:105920002064726976657200757362645F636F727A
:105930006500456E64706F696E672030782530327F
:1059400078206E6F742061737369676E65640046BA
:1059500061696C656420746F2061737369676E2080
:10596000656E64706F696E742061646472657373D0
:105970006573004661696C656420746F20696E69A7
:105980007469616C697A6520636C61737320696EF8
:105990007374616E6365004661696C656420746F41
:1059A00020696E697420485320636F6E666967755D
:1059B000726174696F6E202575004661696C65645B
:1059C00020746F20696E697420465320636F6E6681
:1059D000696775726174696F6E202575004665612F
:1059E00074757265206E6F7420737570706F727449
:1059F000656420627920636F6E74726F6C6C65727F
:105A00000055534220646576696365207375707034
:105A10006F727420697320696E697469616C697A48
:105A2000656400436F6E74726F6C6C657220646F96
:105A300065736E277420737570706F72742048538D
:105A400000485320636F6E66696720616C72656100
:105A50006479206F6E204653206C6973740046533E
:105A600020636F6E66696720616C7265616479207E
:105A70006F6E204853206C69737400556E73757097
:105A8000706F7274656420636F6E666967757261AA
:105A900074696F6E207370656564004661696C653A
:105AA0006420746F2061646420636F6E666967753B
:105AB000726174696F6E20737472696E67206465B9
:105AC0007363726970746F7200757362645F63668A
:105AD00067005553422064657669636520636C6195
:105AE0007373202573206E6F7420666F756E64006B
:105AF0004E6F20636F6E66696775726174696F6E51
:105B00002073657420284164647265737320737414
:105B10006174652900436C617373207265676973F2
:105B2000746572656420746F206F74686572206399
:105B30006F6E74657874206174206469666665723E
:105B4000656E74207370656564004661696C656498
:105B500020746F20726567697374657220257320E5
:105B6000746F20485320636F6E6669677572617445
:105B7000696F6E202575004661696C656420746FDD
:105B800020726567697374657220257320746F20B5
:105B9000465320636F6E66696775726174696F6ED4
:105BA00020257500757362645F636C6173730046D2
:105BB00061696C656420746F2068616E646C652037
:105BC0006F702025642C2065702030782530327865
:105BD0002C20626D203078253038782C2025640008
:105BE000757362645F6966616365006465766963A5
:105BF000652069732073757370656E6465640075E4
:105C00007362645F657000757362645F6D736700D3
:105C10004661696C656420746F2061646420696EFC
:105C20007465726661636520737472696E6720645F
:105C3000657363726970746F72006364635F61633C
:105C40006D5F776F726B5F710072657175657374EC
:105C5000206570203078253032782C206C656E20DD
:105C60002575206661696C65640049525120636145
:105C70006C6C6261636B206973206E6F7420736556
:105C800074004661696C656420746F20656E71757F
:105C9000657565206E65745F62756620666F72203B
:105CA000307825303278004661696C656420746F05
:105CB00020656E7175657565005F5F646576696303
:105CC000655F6474735F6F72645F363400626F6126
:105CD00072645F6364635F61636D5F7561727400BA
:105CE0006364635F61636D5F3000757362645F63FB
:105CF00064635F61636D004661696C656420746F05
:105D000020676574207461626C652073697A653AF6
:105D1000202564004661696C656420746F206765A6
:105D2000742066756E6374696F6E207461626C6551
:105D30003A202564004E6F7420656E6F7567682089
:105D40006D656D6F727920666F7220657874656E0F
:105D500073696F6E206D6574616461746100466182
:105D6000696C656420746F2063616C6C20696E6976
:105D7000742066756E6374696F6E733A20256400D3
:105D80004661696C656420746F2063616C6C20648B
:105D9000652D696E69742066756E6374696F6E73C4
:105DA0003A202564004661696C656420616C6C6F03
:105DB000636174696E6720257A6420627974657303
:105DC00020257A642D616C69676E656420666F7248
:105DD00020726567696F6E202564004661696C6595
:105DE0006420746F207072657061726520746865DC
:105DF000206C6F616465722C2072657420256400CC
:105E00004661696C656420746F207365656B2066FC
:105E10006F7220454C46206865616465720046617A
:105E2000696C656420746F207265616420454C461E
:105E30002068656164657200496E76616C696420F2
:105E4000454C462C206D6167696320646F65732043
:105E50006E6F74206D6174636800556E7375707039
:105E60006F7274656420454C462066696C652074C9
:105E700079706520257800496E76616C69642073BD
:105E8000656374696F6E206865616465722073690B
:105E90007A65202564004661696C656420746F2012
:105EA000616C6C6F636174652073656374696F6E98
:105EB000206D61702C2073697A6520257A75004603
:105EC00061696C656420746F20616C6C6F636174D0
:105ED000652073656374696F6E20686561646572BF
:105EE000732C2073697A6520257A75004661696C88
:105EF000656420746F207365656B20666F72207314
:105F0000656374696F6E20686561646572730046CD
:105F100061696C656420746F2072656164207365CB
:105F20006374696F6E2068656164657273004661B1
:105F3000696C656420746F206C6F616420626173AA
:105F4000696320454C4620646174612C207265743D
:105F500020256400536F6D652073656374696F6EEF
:105F60007320617265206D697373696E67206F724B
:105F70002070726573656E74206D756C7469706CD9
:105F8000652074696D657321004661696C656420E4
:105F9000746F2066696E6420696D706F7274616ED3
:105FA0007420454C46207461626C65732C207265C8
:105FB00074202564004661696C656420746F2063F9
:105FC0006F707920454C4620737472696E67207338
:105FD000656374696F6E732C20726574202564008C
:105FE0002E6578706F727465645F73796D00496EA9
:105FF00076616C6964202573206172726179206911
:106000006E2073656374696F6E20256400556E732E
:106010007570706F727465642073656374696F6EF8
:1060200020666C61677320252378202F2025237834
:1060300020666F722025732028726567696F6E2055
:10604000256429004D756C7469706C652053485443
:106050005F4E4F424954532073656374696F6E738A
:1060600020617265206E6F7420737570706F72742A
:10607000656400526567696F6E20256420726564EF
:106080006566696E656400496E636F6D7061746901
:10609000626C652073656374696F6E2061646472FD
:1060A000657373657320666F72202573202872658F
:1060B00067696F6E202564290042616420736563FF
:1060C00074696F6E20616C69676E6D656E742069AE
:1060D0006E20726567696F6E20256400526567697E
:1060E0006F6E20256420564D412072616E676520D9
:1060F0002825237A782D25237A7829206F766572D2
:106100006C617073207769746820256420282523CA
:106110007A782D25237A782900526567696F6E2079
:10612000256420454C462066696C652072616E6767
:1061300065202825237A782D25237A7829206F76E3
:1061400065726C61707320776974682025642028FB
:1061500025237A782D25237A7829004661696C6594
:106160006420746F206D617020454C462073656318
:1061700074696F6E732C207265742025640046610B
:10618000696C656420746F20636F70792072656735
:10619000696F6E732C2072657420256400466169F6
:1061A0006C656420746F20636F756E742065787001
:1061B0006F7274656420454C462073796D626F6C14
:1061C000732C20726574202564004661696C6564D7
:1061D00020746F20616C6C6F6361746520657874E6
:1061E000656E73696F6E2073796D626F6C20746178
:1061F000626C652C20726574202564004E6F2064EB
:1062000061746120666F722073656374696F6E20BC
:106210002564004661696C656420746F20636F704B
:10622000792073796D626F6C732C207265742025F0
:1062300064004661696C656420746F206C696E6BE4
:106240002C20726574202564004661696C656420A9
:10625000746F206578706F72742C207265742025BD
:1062600064007F454C46556E646566696E656420C2
:1062700073796D626F6C2077697468206E6F20652A
:106280006E74727920696E2073796D626F6C207400
:1062900061626C652025732C206F666673657420BF
:1062A000257A642C206C696E6B2073656374696F4A
:1062B0006E2025640063616E6E6F74206170706C77
:1062C000792072656C6F636174696F6E3A207461D6
:1062D000726765742073796D626F6C2068617320DA
:1062E000756E657870656374656420736563746941
:1062F0006F6E20696E6465782025642028252378D8
:106300002900496E76616C696420656E747279202B
:1063100073697A6520257A6420666F722053485429
:106320005F52454C2073656374696F6E202564006D
:10633000466F756E6420756E737570706F727465DC
:1063400064205348545F52454C412073656374691F
:106350006F6E2025640053616E69747920636865EF
:10636000636B73206661696C656420666F7220736D
:10637000656374696F6E2025642028696E666F20DE
:10638000257A642C2073697A6520257A642C20652F
:106390006E7473697A6520257A6429005365637485
:1063A000696F6E202564206E6F74206C6F61646568
:1063B0006420696E20616E79206D656D6F72792041
:1063C000726567696F6E007A5F696D706C5F7A766F
:1063D00066735F73656C656374007A5F696D706C7A
:1063E0005F7A7666735F706F6C6C007A5F696D7050
:1063F0006C5F7A736F636B5F736F636B65747061EF
:106400006972007A5F696D706C5F7A736F636B5F3E
:10641000736F636B6574007A5F696D706C5F7A731C
:106420006F636B5F73687574646F776E007A5F6912
:106430006D706C5F7A736F636B5F736574736F639A
:106440006B6F7074007A5F696D706C5F7A736F63E5
:106450006B5F73656E64746F007A5F696D706C5FFB
:106460007A736F636B5F73656E646D7367007A5FD9
:10647000696D706C5F7A736F636B5F726563766D65
:106480007367007A5F696D706C5F7A736F636B5FBF
:106490007265637666726F6D007A5F696D706C5FAE
:1064A0007A736F636B5F6C697374656E007A5F6992
:1064B0006D706C5F7A736F636B5F696F63746C5F31
:1064C000696D706C007A5F696D706C5F7A736F6371
:1064D0006B5F696E65745F70746F6E007A5F696D73
:1064E000706C5F7A736F636B5F676574736F636BF8
:1064F0006F7074007A5F696D706C5F7A736F636B35
:106500005F676574736F636B6E616D65007A5F6959
:106510006D706C5F7A736F636B5F676574706565D0
:10652000726E616D65007A5F696D706C5F7A736F12
:10653000636B5F676574686F73746E616D65007A15
:106540005F696D706C5F7A736F636B5F6765745FB3
:10655000636F6E746578745F6F626A656374007AE6
:106560005F696D706C5F7A736F636B5F66636E7487
:106570006C5F696D706C007A5F696D706C5F7A73C7
:106580006F636B5F636F6E6E656374007A5F696DD6
:10659000706C5F7A736F636B5F636C6F7365007AA7
:1065A0005F696D706C5F7A736F636B5F62696E6455
:1065B000007A5F696D706C5F7A736F636B5F6163A4
:1065C00063657074007A5F696D706C5F7A6570687E
:1065D00079725F77726974655F7374646F75740044
:1065E0007A5F696D706C5F7A65706879725F7265E9
:1065F00061645F737464696E007A5F696D706C5F6B
:106600007A65706879725F667772697465007A5F1F
:10661000696D706C5F7A65706879725F66707574A9
:1066200063007A5F696D706C5F7A5F7A736F636B1A
:106630005F67657461646472696E666F5F696E74CA
:1066400065726E616C007A5F696D706C5F7A5F7302
:1066500079735F6D757465785F6B65726E656C5F7D
:10666000756E6C6F636B007A5F696D706C5F7A5FDB
:106670007379735F6D757465785F6B65726E656C49
:106680005F6C6F636B007A5F696D706C5F7A5F6CD3
:106690006F675F6D73675F7374617469635F637263
:1066A00065617465007A5F696D706C5F7A5F6C6FAD
:1066B000675F6D73675F73696D706C655F6372654B
:1066C0006174655F32007A5F696D706C5F7A5F6CD0
:1066D0006F675F6D73675F73696D706C655F637221
:1066E000656174655F31007A5F696D706C5F7A5FB8
:1066F0006C6F675F6D73675F73696D706C655F6307
:1067000072656174655F30007A5F696D706C5F758A
:106710006172745F74785F753136007A5F696D708D
:106720006C5F756172745F74785F61626F72740020
:106730007A5F696D706C5F756172745F7478007AEE
:106740005F696D706C5F756172745F72785F656EA2
:1067500061626C655F753136007A5F696D706C5F80
:10676000756172745F72785F656E61626C65007AE4
:106770005F696D706C5F756172745F72785F646978
:106780007361626C65007A5F696D706C5F756172D0
:10679000745F706F6C6C5F6F75745F753136007A03
:1067A0005F696D706C5F756172745F706F6C6C5F48
:1067B0006F7574007A5F696D706C5F756172745F7C
:1067C000706F6C6C5F696E5F753136007A5F696DF2
:1067D000706C5F756172745F706F6C6C5F696E0076
:1067E0007A5F696D706C5F756172745F6C696E65FC
:1067F0005F6374726C5F736574007A5F696D706C4F
:106800005F756172745F6C696E655F6374726C5FF3
:10681000676574007A5F696D706C5F756172745F33
:106820006972715F757064617465007A5F696D701B
:106830006C5F756172745F6972715F74785F656EA9
:1068400061626C65007A5F696D706C5F756172740E
:106850005F6972715F74785F64697361626C65000F
:106860007A5F696D706C5F756172745F6972715F78
:1068700072785F656E61626C65007A5F696D706CDD
:106880005F756172745F6972715F72785F6469735A
:1068900061626C65007A5F696D706C5F75617274BE
:1068A0005F6972715F69735F70656E64696E6700BE
:1068B0007A5F696D706C5F756172745F6972715F28
:1068C0006572725F656E61626C65007A5F696D709A
:1068D0006C5F756172745F6972715F6572725F641B
:1068E000697361626C65007A5F696D706C5F756178
:1068F00072745F6572725F636865636B007A5F696B
:106900006D706C5F756172745F6472765F636D64E5
:10691000007A5F696D706C5F756172745F636F6E32
:10692000666967757265007A5F696D706C5F756125
:1069300072745F636F6E6669675F676574007A5F24
:10694000696D706C5F7379735F72616E645F6765A8
:1069500074007A5F696D706C5F7379735F637372D3
:10696000616E645F676574007A5F696D706C5F73F8
:1069700079735F636C6F636B5F68775F6379636C78
:1069800065735F7065725F7365635F72756E74695E
:106990006D655F676574007A5F696D706C5F7370B9
:1069A000695F7472616E736365697665007A5F69A9
:1069B0006D706C5F7370695F72656C6561736500A3
:1069C0007A5F696D706C5F70776D5F7365745F631C
:1069D00079636C6573007A5F696D706C5F70776D59
:1069E0005F6765745F6379636C65735F7065725F21
:1069F000736563007A5F696D706C5F70776D5F655A
:106A00006E61626C655F63617074757265007A5F58
:106A1000696D706C5F70776D5F64697361626C65DE
:106A20005F63617074757265007A5F696D706C5F29
:106A300070776D5F636170747572655F6379636CA5
:106A40006573007A5F696D706C5F6E65745F69660F
:106A50005F697076365F616464725F726D5F6279E0
:106A60005F696E646578007A5F696D706C5F6E65F2
:106A7000745F69665F697076365F616464725F6CCB
:106A80006F6F6B75705F62795F696E646578007AAD
:106A90005F696D706C5F6E65745F69665F69707663
:106AA000365F616464725F6164645F62795F696EBE
:106AB000646578007A5F696D706C5F6E65745F699C
:106AC000665F697076345F7365745F6E65746D615F
:106AD000736B5F62795F696E646578007A5F696D78
:106AE000706C5F6E65745F69665F697076345F7342
:106AF00065745F6E65746D61736B5F62795F61640D
:106B000064725F62795F696E646578007A5F696D4F
:106B1000706C5F6E65745F69665F697076345F7311
:106B200065745F67775F62795F696E646578007A24
:106B30005F696D706C5F6E65745F69665F697076C2
:106B4000345F616464725F726D5F62795F696E6405
:106B50006578007A5F696D706C5F6E65745F6966F9
:106B60005F697076345F616464725F6C6F6F6B75C0
:106B7000705F62795F696E646578007A5F696D70D5
:106B80006C5F6E65745F69665F697076345F6164BF
:106B900064725F6164645F62795F696E64657800E6
:106BA0007A5F696D706C5F6E65745F69665F67655B
:106BB000745F62795F696E646578007A5F696D7091
:106BC0006C5F6E65745F6574685F6765745F707431
:106BD000705F636C6F636B5F62795F696E64657829
:106BE000007A5F696D706C5F6E65745F616464727A
:106BF0005F70746F6E007A5F696D706C5F6E657444
:106C00005F616464725F6E746F70007A5F696D704B
:106C10006C5F6C6F675F70726F63657373007A5F30
:106C2000696D706C5F6C6F675F70616E6963007A2D
:106C30005F696D706C5F6C6F675F66726F6E7465B5
:106C40006E645F66696C7465725F736574007A5F09
:106C5000696D706C5F6C6F675F66696C7465725F9D
:106C6000736574007A5F696D706C5F6C6F675F62EB
:106C7000756666657265645F636E74007A5F696DE0
:106C8000706C5F6C6C6578745F6765745F666E5F6F
:106C90007461626C65007A5F696D706C5F6B5F79BF
:106CA00069656C64007A5F696D706C5F6B5F7761BA
:106CB0006B657570007A5F696D706C5F6B5F757383
:106CC0006C656570007A5F696D706C5F6B5F757085
:106CD00074696D655F7469636B73007A5F696D7069
:106CE0006C5F6B5F74696D65725F757365725F640D
:106CF0006174615F736574007A5F696D706C5F6B5E
:106D00005F74696D65725F757365725F64617461EC
:106D10005F676574007A5F696D706C5F6B5F746943
:106D20006D65725F73746F70007A5F696D706C5F10
:106D30006B5F74696D65725F7374617475735F7393
:106D4000796E63007A5F696D706C5F6B5F74696DFB
:106D500065725F7374617475735F676574007A5FE1
:106D6000696D706C5F6B5F74696D65725F73746180
:106D70007274007A5F696D706C5F6B5F74696D65CA
:106D8000725F72656D61696E696E675F7469636B6E
:106D900073007A5F696D706C5F6B5F74696D6572AB
:106DA0005F657870697265735F7469636B73007A8D
:106DB0005F696D706C5F6B5F7468726561645F744E
:106DC000696D656F75745F72656D61696E696E6717
:106DD0005F7469636B73007A5F696D706C5F6B5F82
:106DE0007468726561645F74696D656F75745F6501
:106DF0007870697265735F7469636B73007A5F6939
:106E00006D706C5F6B5F7468726561645F737573DE
:106E100070656E64007A5F696D706C5F6B5F74683B
:106E2000726561645F737461636B5F7370616365E6
:106E30005F676574007A5F696D706C5F6B5F746823
:106E4000726561645F737461636B5F667265650030
:106E50007A5F696D706C5F6B5F7468726561645FA7
:106E6000737461636B5F616C6C6F63007A5F696DF3
:106E7000706C5F6B5F7468726561645F7265737577
:106E80006D65007A5F696D706C5F6B5F74687265C9
:106E900061645F7072696F726974795F73657400A1
:106EA0007A5F696D706C5F6B5F7468726561645F57
:106EB0007072696F726974795F676574007A5F696F
:106EC0006D706C5F6B5F7468726561645F6E616D3D
:106ED000655F736574007A5F696D706C5F6B5F747A
:106EE00068726561645F6E616D655F636F70790084
:106EF0007A5F696D706C5F6B5F7468726561645F07
:106F00006A6F696E007A5F696D706C5F6B5F746841
:106F1000726561645F646561646C696E655F736509
:106F200074007A5F696D706C5F6B5F746872656125
:106F3000645F637573746F6D5F646174615F7365C3
:106F400074007A5F696D706C5F6B5F746872656105
:106F5000645F637573746F6D5F646174615F6765AF
:106F600074007A5F696D706C5F6B5F7468726561E5
:106F7000645F637265617465007A5F696D706C5FF0
:106F80006B5F7468726561645F61626F7274007ACE
:106F90005F696D706C5F6B5F7374725F6F757400A7
:106FA0007A5F696D706C5F6B5F737461636B5F7048
:106FB000757368007A5F696D706C5F6B5F73746185
:106FC000636B5F706F70007A5F696D706C5F6B5F91
:106FD000737461636B5F616C6C6F635F696E69741E
:106FE000007A5F696D706C5F6B5F736C65657000D4
:106FF0007A5F696D706C5F6B5F73656D5F74616BF9
:1070000065007A5F696D706C5F6B5F73656D5F7251
:1070100065736574007A5F696D706C5F6B5F736533
:107020006D5F696E6974007A5F696D706C5F6B5F2C
:1070300073656D5F67697665007A5F696D706C5F17
:107040006B5F73656D5F636F756E745F676574000A
:107050007A5F696D706C5F6B5F73636865645F63B3
:10706000757272656E745F7468726561645F717564
:10707000657279007A5F696D706C5F6B5F726573C2
:1070800063686564756C65007A5F696D706C5F6BD1
:107090005F71756575655F7065656B5F7461696C5F
:1070A000007A5F696D706C5F6B5F71756575655FA8
:1070B0007065656B5F68656164007A5F696D706CAF
:1070C0005F6B5F71756575655F69735F656D707422
:1070D00079007A5F696D706C5F6B5F71756575655E
:1070E0005F696E6974007A5F696D706C5F6B5F7168
:1070F000756575655F676574007A5F696D706C5F53
:107100006B5F71756575655F63616E63656C5F77F5
:10711000616974007A5F696D706C5F6B5F71756532
:1071200075655F616C6C6F635F70726570656E64CE
:10713000007A5F696D706C5F6B5F71756575655F17
:10714000616C6C6F635F617070656E64007A5F691B
:107150006D706C5F6B5F706F6C6C5F7369676E6195
:107160006C5F7265736574007A5F696D706C5F6BDC
:107170005F706F6C6C5F7369676E616C5F72616981
:107180007365007A5F696D706C5F6B5F706F6C6CBC
:107190005F7369676E616C5F696E6974007A5F69BD
:1071A0006D706C5F6B5F706F6C6C5F7369676E6145
:1071B0006C5F636865636B007A5F696D706C5F6BB1
:1071C0005F706F6C6C007A5F696D706C5F6B5F7085
:1071D0006970655F77726974655F617661696C007B
:1071E0007A5F696D706C5F6B5F706970655F7772F5
:1071F000697465007A5F696D706C5F6B5F70697050
:10720000655F7265736574007A5F696D706C5F6B42
:107210005F706970655F726561645F617661696CFA
:10722000007A5F696D706C5F6B5F706970655F722B
:10723000656164007A5F696D706C5F6B5F70697027
:10724000655F707574007A5F696D706C5F6B5F70FD
:107250006970655F696E6974007A5F696D706C5FF3
:107260006B5F706970655F676574007A5F696D70E8
:107270006C5F6B5F706970655F666C757368007AD0
:107280005F696D706C5F6B5F706970655F636C6F79
:107290007365007A5F696D706C5F6B5F70697065B4
:1072A0005F6275666665725F666C757368007A5FAB
:1072B000696D706C5F6B5F706970655F616C6C6F3E
:1072C000635F696E6974007A5F696D706C5F6B5F94
:1072D0006F626A6563745F72656C65617365007A7D
:1072E0005F696D706C5F6B5F6F626A6563745F612D
:1072F0006C6C6F635F73697A65007A5F696D706C3F
:107300005F6B5F6F626A6563745F616C6C6F630073
:107310007A5F696D706C5F6B5F6F626A6563745FE3
:107320006163636573735F6772616E74007A5F692E
:107330006D706C5F6B5F6D757465785F756E6C6F8B
:10734000636B007A5F696D706C5F6B5F6D75746500
:10735000785F6C6F636B007A5F696D706C5F6B5FF9
:107360006D757465785F696E6974007A5F696D70B8
:107370006C5F6B5F6D7367715F707574007A5F69C6
:107380006D706C5F6B5F6D7367715F707572676551
:10739000007A5F696D706C5F6B5F6D7367715F70B2
:1073A00065656B5F6174007A5F696D706C5F6B5FC0
:1073B0006D7367715F7065656B007A5F696D706C86
:1073C0005F6B5F6D7367715F6E756D5F757365641D
:1073D0005F676574007A5F696D706C5F6B5F6D737A
:1073E00067715F6E756D5F667265655F6765740076
:1073F0007A5F696D706C5F6B5F6D7367715F6765F6
:10740000745F6174747273007A5F696D706C5F6B26
:107410005F6D7367715F676574007A5F696D706C2B
:107420005F6B5F6D7367715F616C6C6F635F696EDB
:107430006974007A5F696D706C5F6B5F69735F7010
:107440007265656D70745F746872656164007A5FFF
:10745000696D706C5F6B5F66757465785F77616B83
:1074600065007A5F696D706C5F6B5F6675746578D7
:107470005F77616974007A5F696D706C5F6B5F66DE
:107480006C6F61745F656E61626C65007A5F696DD7
:10749000706C5F6B5F666C6F61745F64697361626F
:1074A0006C65007A5F696D706C5F6B5F6576656EA9
:1074B000745F776169745F616C6C007A5F696D708D
:1074C0006C5F6B5F6576656E745F77616974007A77
:1074D0005F696D706C5F6B5F6576656E745F736519
:1074E000745F6D61736B6564007A5F696D706C5F6A
:1074F0006B5F6576656E745F736574007A5F696D46
:10750000706C5F6B5F6576656E745F706F7374002F
:107510007A5F696D706C5F6B5F6576656E745F69CD
:107520006E6974007A5F696D706C5F6B5F6576651C
:107530006E745F636C656172007A5F696D706C5F19
:107540006B5F636F6E647661725F77616974007AF6
:107550005F696D706C5F6B5F636F6E647661725FA5
:107560007369676E616C007A5F696D706C5F6B5FE9
:10757000636F6E647661725F696E6974007A5F69C9
:107580006D706C5F6B5F636F6E647661725F627269
:107590006F616463617374007A5F696D706C5F6BB7
:1075A0005F627573795F77616974007A5F696D7086
:1075B0006C5F6932635F7472616E73666572007AC4
:1075C0005F696D706C5F6932635F74617267657467
:1075D0005F6472697665725F756E726567697374F0
:1075E0006572007A5F696D706C5F6932635F7461A8
:1075F000726765745F6472697665725F72656769E8
:1076000073746572007A5F696D706C5F6932635F75
:107610007265636F7665725F627573007A5F696D1C
:10762000706C5F6932635F6765745F636F6E666914
:1076300067007A5F696D706C5F6932635F636F6E5C
:10764000666967757265007A5F696D706C5F6877EF
:10765000696E666F5F6765745F737570706F727463
:1076600065645F72657365745F6361757365007AE5
:107670005F696D706C5F6877696E666F5F67657470
:107680005F72657365745F6361757365007A5F69C6
:107690006D706C5F6877696E666F5F6765745F6455
:1076A00065766963655F6964007A5F696D706C5FB8
:1076B0006877696E666F5F6765745F646576696336
:1076C000655F6575693634007A5F696D706C5F68F7
:1076D00077696E666F5F636C6561725F7265736513
:1076E000745F6361757365007A5F696D706C5F6765
:1076F00070696F5F706F72745F746F67676C655FDE
:1077000062697473007A5F696D706C5F6770696F2E
:107710005F706F72745F7365745F6D61736B6564C6
:107720005F726177007A5F696D706C5F6770696F17
:107730005F706F72745F7365745F626974735F7298
:107740006177007A5F696D706C5F6770696F5F70F9
:107750006F72745F6765745F726177007A5F696DDD
:10776000706C5F6770696F5F706F72745F6765746C
:107770005F646972656374696F6E007A5F696D70CA
:107780006C5F6770696F5F706F72745F636C656167
:10779000725F626974735F726177007A5F696D709E
:1077A0006C5F6770696F5F70696E5F696E74657238
:1077B000727570745F636F6E666967757265007A63
:1077C0005F696D706C5F6770696F5F70696E5F672E
:1077D00065745F636F6E666967007A5F696D706C70
:1077E0005F6770696F5F70696E5F636F6E66696710
:1077F000757265007A5F696D706C5F6770696F5F45
:107800006765745F70656E64696E675F696E74004A
:107810007A5F696D706C5F666C6173685F777269BF
:107820007465007A5F696D706C5F666C6173685F28
:10783000736664705F72656164007A5F696D706C15
:107840005F666C6173685F726561645F6A656465D9
:10785000635F6964007A5F696D706C5F666C617309
:10786000685F72656164007A5F696D706C5F666CF9
:107870006173685F6765745F77726974655F626C76
:107880006F636B5F73697A65007A5F696D706C5FB7
:10789000666C6173685F6765745F73697A65007AA7
:1078A0005F696D706C5F666C6173685F6765745F5C
:1078B000706172616D6574657273007A5F696D7075
:1078C0006C5F666C6173685F6765745F7061676544
:1078D0005F696E666F5F62795F6F666673007A5F7D
:1078E000696D706C5F666C6173685F6765745F700B
:1078F0006167655F696E666F5F62795F6964780072
:107900007A5F696D706C5F666C6173685F676574E0
:107910005F706167655F636F756E74007A5F696D34
:10792000706C5F666C6173685F666C617474656EC1
:10793000007A5F696D706C5F666C6173685F666921
:107940006C6C007A5F696D706C5F666C6173685F08
:1079500065785F6F70007A5F696D706C5F666C61EF
:1079600073685F6572617365007A5F696D706C5FE3
:10797000666C6173685F636F7079007A5F696D70C0
:107980006C5F656E74726F70795F6765745F656E4A
:1079900074726F7079007A5F696D706C5F64657680
:1079A0006963655F69735F7265616479007A5F69B5
:1079B0006D706C5F6465766963655F696E6974009C
:1079C0007A5F696D706C5F6465766963655F676532
:1079D000745F62795F64745F6E6F64656C61626529
:1079E0006C007A5F696D706C5F6465766963655F72
:1079F0006765745F62696E64696E67007A5F696D5E
:107A0000706C5F6465766963655F6465696E6974EF
:107A1000007A5F696D706C5F5F5F706F7369785F2C
:107A2000636C6F636B5F6765745F62617365006D44
:107A3000656D736574006D656D637079006D656D5E
:107A4000636D7000737472637079002573206675BE
:107A50006E6374696F6E2025692028257029206F58
:107A600075747369646520746578742072656769DC
:107A70006F6E006272696E67757000746561726422
:107A80006F776E006C6C6578745F66735F6C6F61A6
:107A9000646572004E6F2073756368206C6C657846
:107AA000742025730A00457874656E73696F6E3AA9
:107AB0002025732073796D626F6C730A007C2053EC
:107AC000796D626F6C202020202020202020202033
:107AD0007C2041646472657373202020207C0A003E
:107AE0007C2025313673207C202570207C0A007C88
:107AF000204E616D65202020202020202020202085
:107B000020207C2053697A652020202020202020FE
:107B1000207C0A007C2025313673207C20253132E0
:107B200064207C0A00457874656E73696F6E206E00
:107B3000616D6520746F6F206C6F6E672C206D61B6
:107B4000782025642063686172730A0A004578749E
:107B5000656E73696F6E2025642062797465732089
:107B6000746F6F206C6172676520746F206C6F6139
:107B7000642C206D61782025642062797465730A15
:107B80000A005375636365737366756C6C79206C5A
:107B90006F6164656420657874656E73696F6E20CB
:107BA00025732C20616464722025700A0A004661E6
:107BB000696C656420746F206C6F616420657874F3
:107BC000656E73696F6E2025732C207265747572F3
:107BD0006E20636F64652025640A0A004661696C43
:107BE000656420746F206F627461696E2066696CD1
:107BF000652025732C2072657475726E20636F6426
:107C0000652025640A0A004E6F7420612066696C45
:107C1000652025730A004E6F2073756368206578B0
:107C200074656E73696F6E2025730A00556E6C6FF4
:107C30006164656420657874656E73696F6E202574
:107C4000730A0A004C6F616461626C652065787428
:107C5000656E73696F6E20636F6D6D616E64730026
:107C60004C697374206C6F61646564206578746519
:107C70006E73696F6E7320616E64207468656972DB
:107C80002073697A6520696E206D656D6F72790069
:107C90006C6F61645F6C6C657874004C6F6164201C
:107CA000616E20656C662066696C6520646972652A
:107CB00063746C792066726F6D2066696C65737988
:107CC0007374656D2E2053796E7461783A0A3C6541
:107CD00078745F6E616D653E203C6578745F6C6C96
:107CE0006578745F66696C655F6E616D653E006C9A
:107CF0006F61645F686578004C6F616420616E201D
:107D0000656C662066696C6520656E636F6465648A
:107D100020696E20686578206469726563746C7987
:107D20002066726F6D20746865207368656C6C20C6
:107D3000696E7075742E2053796E7461783A0A3CBE
:107D40006578745F6E616D653E203C6578745F6830
:107D500065785F737472696E673E00756E6C6F61F3
:107D60006400556E6C6F616420616E206578746587
:107D70006E73696F6E206279206E616D652E20537F
:107D8000796E7461783A0A3C6578745F6E616D65EE
:107D90003E006C6973745F73796D626F6C73004C35
:107DA00069737420657874656E73696F6E2073797A
:107DB0006D626F6C732E2053796E7461783A0A3C51
:107DC0006578745F6E616D653E0063616C6C5F66C3
:107DD0006E0043616C6C20657874656E73696F6EBC
:107DE0002066756E6374696F6E20776974682070A1
:107DF000726F746F7479706520766F696420666E37
:107E000028766F6964292E2053796E7461783A0A56
:107E10003C6578745F6E616D653E203C66756E638F
:107E200074696F6E5F6E616D653E006C6C65787431
:107E30005F7368656C6C007A6570687972002D2DCF
:107E40002D2D2D424547494E204345525449464920
:107E5000434154452D2D2D2D2D006E65745F736F9C
:107E6000636B65745F736572766963650006FFFF17
:107E7000FFFFFFFF004950763400FFFFFFFFFFFFC9
:107E800041525000776C616E25640065746825640A
:107E9000006E65742564006E65745F6D676D7400B7
:107EA00072785F715B25645D0000000000000000D7
:107EB000007463705F776F726B000103060063826A
:107EC0005363382E382E382E38005F5F646576692C
:107ED00063655F6474735F6F72645F3135006578EA
:107EE0007465726E616C2D696E74657272757074F2
:107EF00040343030303630306100706F72745F69FA
:107F000072713130005F5F6465766963655F6474C8
:107F1000735F6F72645F31340065787465726E618F
:107F20006C2D696E746572727570744034303030C7
:107F30003630303900706F72745F69727139006564
:107F4000702030782530327820616C7265616479F8
:107F500020656E61626C656400456E64706F696E69
:107F600074203078253032782076616C69646174D1
:107F7000696F6E206661696C656400657020307899
:107F80002530327820616C72656164792064697390
:107F900061626C6564004661696C656420746F2081
:107FA000616C6C6F63617465206E65745F62756689
:107FB00020257A640043616E6E6F74206465746579
:107FC000726D696E6520746865206E6578742073C3
:107FD0007461676500756463004661696C6564205F
:107FE000746F20656E61626C6520636F6E74726F72
:107FF0006C20656E64706F696E74004661696C65B3
:108000006420746F2064697361626C6520636F6EB5
:1080100074726F6C20656E64706F696E7400555376
:10802000424853206D6F64756C65206F6E6C7920CB
:10803000737570706F727420686967682D737065EE
:10804000656420616E642066756C6C2D7370656567
:108050006420646576696365005553424653206D1C
:108060006F64756C65206F6E6C7920737570706FBE
:1080700072742066756C6C2D737065656420646520
:1080800076696365002573206973206E6F742072B2
:10809000656164790075636C6B0053657474696E17
:1080A0006720666F722075636C6B2073686F756CE8
:1080B000642062652034384D687A00753630636C10
:1080C0006B0053657474696E6720666F7220753635
:1080D00030636C6B2073686F756C6420626520364A
:1080E000304D687A004661696C656420746F207257
:1080F0006567697374657220656E64706F696E740C
:10810000004661696C656420746F20616C6C6F63FC
:1081100061746520666F7220736574757000657098
:1081200020307825303278206572726F72005F5F80
:108130006465766963655F6474735F6F72645F36EC
:1081400033007A65706879725F75646330007564B6
:10815000635F72656E657361735F7261005F5F6418
:1081600065766963655F6474735F6F72645F3734EB
:108170000066636C6B005F5F6465766963655F646E
:1081800074735F6F72645F37380062636C6B005F9B
:108190005F6465766963655F6474735F6F72645F63
:1081A00034310070636C6B64005F5F646576696393
:1081B000655F6474735F6F72645F37370070636C00
:1081C0006B63005F5F6465766963655F6474735FAA
:1081D0006F72645F3131340070636C6B62005F5F9B
:1081E0006465766963655F6474735F6F72645F343E
:1081F000360070636C6B61005F5F64657669636510
:108200005F6474735F6F72645F37350069636C6BB2
:10821000005F5F6465766963655F6474735F6F7246
:10822000645F34300070636C6B626C6F636B4034FE
:10823000303038343030300070636C6B626C6F6398
:108240006B0054617267657420636C6F636B2066AA
:1082500072657175656E63792063616E6E6F7420EF
:1082600062652065787072657373656420696E203D
:1082700050574D20636C6F636B207469636B7300A0
:108280005F5F6465766963655F6474735F6F726472
:108290005F3136320070776D636C6F636B00636CB7
:1082A0006F636B5F636F6E74726F6C5F70776D007E
:1082B0005F5F6465766963655F6474735F6F726442
:1082C0005F3131330074726E67004661696C6564BA
:1082D00020746F20696E6974206574686572202D42
:1082E00020525F45544845525F4F70656E2066616D
:1082F000696C004661696C656420746F20696E6901
:1083000074206574686572202D20525F455448457D
:10831000525F43616C6C6261636B5365742066618C
:10832000696C004661696C656420746F20726561D8
:1083300064207061636B657473004661696C656489
:1083400020746F206F627461696E205258206275CC
:1083500066666572004661696C656420746F2061B1
:108360007070656E64205258206275666665722072
:10837000746F20636F6E74657874206275666665CD
:10838000720057726974696E6720746F204649469F
:108390004F206661696C6564005F5F646576696340
:1083A000655F6474735F6F72645F3933006574680E
:1083B00065726E657440343031313431303000656F
:1083C0007468006574685F72615F65746865726E79
:1083D000657400313030300066756C6C0068616C1B
:1083E0006600504859202825642920697320646F4D
:1083F000776E005048592028256429204C696E6BFF
:10840000207370656564202573204D622C202573D0
:10841000206475706C6578004E6F20504859206656
:108420006F756E642061742061646472657373207B
:1084300025640050485920282564292049442025D6
:1084400058005F5F6465766963655F6474735F6F2E
:1084500072645F39320065746865726E65742D7080
:108460006879403000706879007068795F6D69697B
:10847000005F5F6465766963655F6474735F6F72E4
:10848000645F31333100666C6173682D636F6E74A5
:10849000726F6C6C6572403430376530303030004C
:1084A0005F5F6465766963655F6474735F6F726450
:1084B0005F31333700666C6173684038303030307C
:1084C000303000666C61736831005F5F64657669A7
:1084D00063655F6474735F6F72645F31333200662B
:1084E0006C617368403000666C6173683000666C64
:1084F0006173685F68705F7261005F5F6465766971
:1085000063655F6474735F6F72645F3333006770B9
:10851000696F40343030383031363000696F706FF9
:10852000727462005F5F6465766963655F6474732B
:108530005F6F72645F3332006770696F4034303050
:10854000383031343000696F706F727461005F5F72
:108550006465766963655F6474735F6F72645F33CB
:1085600031006770696F403430303830313230005C
:10857000696F706F727439005F5F646576696365F7
:108580005F6474735F6F72645F38006770696F4017
:10859000343030383031303000696F706F72743879
:1085A000005F5F6465766963655F6474735F6F72B3
:1085B000645F3330006770696F403430303830307A
:1085C000653000696F706F727437005F5F64657645
:1085D0006963655F6474735F6F72645F32390067EB
:1085E00070696F40343030383030633000696F70FC
:1085F0006F727436005F5F6465766963655F64748B
:10860000735F6F72645F3238006770696F40343037
:1086100030383030613000696F706F727435005FD0
:108620005F6465766963655F6474735F6F72645FCE
:108630003237006770696F4034303038303038304E
:1086400000696F706F727434005F5F646576696390
:10865000655F6474735F6F72645F32350067706961
:108660006F40343030383030363000696F706F72A0
:108670007433005F5F6465766963655F6474735F1C
:108680006F72645F3233006770696F403430303826
:108690003030343000696F706F727432005F5F6425
:1086A00065766963655F6474735F6F72645F3232AD
:1086B000006770696F4034303038303032300069D4
:1086C0006F706F727431005F5F6465766963655FB8
:1086D0006474735F6F72645F3230006770696F40FB
:1086E000343030383030303000696F706F72743031
:1086F0000008090A08070605020304060809070618
:108700000F060B050C020104030E0F0809010A02F3
:108710000B0004050102020C030D05060B0A000103
:1087200004050A090F080605040201006932630006
:10873000526561640057726974650025733A20526E
:1087400065737461727420636F6E646974696F6EAF
:10875000206265747765656E206D6573736167650A
:1087600073206F6620646966666572656E74206446
:108770006972656374696F6E7320697320726571C5
:1087800075697265642E43757272656E742F546FCD
:1087900074616C3A205B25642F25645D0025733A73
:1087A00020496E76616C69642073746F7020666C0A
:1087B00061672E2053746F7020636F6E64697469F3
:1087C0006F6E206973206F6E6C7920616C6C6F77AF
:1087D0006564206F6E206C617374206D65737361C6
:1087E00067652E2043757272656E742F546F7461C5
:1087F0006C3A205B25642F25645D0025733A205078
:10880000726F7669646564206E756D626572206F43
:1088100066206279746573206D6F7265207468617B
:108820006E2075696E7431365F742073697A6520C5
:1088300028363535333529207768696C65204454EE
:1088400043206973207573656420666F72206461CC
:108850007461207472616E736665722E0025733ABE
:1088600020427573206275737920636F6E6469743A
:10887000696F6E2E20416E6F74686572207472612C
:108880006E736665722077617320696E2070726FF7
:1088900067726573732E0025733A20556E6B6E6F89
:1088A000776E206572726F722E204653505F45526C
:1088B000523D25640A0025733A20257320666169BC
:1088C0006C65642E0025733A20496E76616C69648C
:1088D0002049324320737065656420726174653A83
:1088E0002025640025733A2070696E6374726C20D1
:1088F000636F6E666967206661696C65642E004F00
:108900006E6C7920493243204D6173746572206D1D
:108910006F646520737570706F727465642E0025C6
:10892000733A20496E76616C696420493243207342
:1089300070656564207261746520666C61673A20B9
:108940002564006932635F72615F6969635F696EA4
:1089500069740063616C635F6969635F6D617374FF
:1089600065725F636C6F636B5F73657474696E6768
:10897000006932635F72615F6969635F636F6E662E
:108980006967757265006932635F72615F69696307
:108990005F7472616E73666572005F5F64657669AD
:1089A00063655F6474735F6F72645F333600696917
:1089B00063314034303039663130300069696331B9
:1089C0000072656E657361735F72615F69696300F0
:1089D0004661696C656420746F20696E6974206DEE
:1089E00064696F20647269766572202D20525F453C
:1089F000544845525F5048595F4F70656E2066611C
:108A0000696C005F5F6465766963655F6474735F5A
:108A10006F72645F39310072656E657361735F7286
:108A2000615F6D64696F004F6E6C792076616C696F
:108A30006420666F72206774696F636120616E6481
:108A4000206774696F63622070696E7300636C6F76
:108A5000636B20636F6E74726F6C206465766963FC
:108A600065206E6F7420726561647900436F756C68
:108A700064206E6F7420696E697469616C697A65CF
:108A800020636C6F636B2028256429004661696C44
:108A9000656420746F20636F6E6669677572652008
:108AA00070696E7320666F722050574D20282564C0
:108AB00029004F7574206F662072616E67652070A3
:108AC0006572696F64206379636C65732061726598
:108AD000206E6F742076616C6964005F5F646576F8
:108AE0006963655F6474735F6F72645F34330070D1
:108AF000776D364034303136393630300070776D2E
:108B000036005F5F6465766963655F6474735F6F89
:108B100072645F3130320070776D314034303136FD
:108B2000393130300070776D310070776D5F72656C
:108B30006E657361735F7261004750494F20706FBB
:108B400072743A202573206E6F74207265616479A7
:108B5000005F5F6465766963655F6474735F6F72FD
:108B6000645F3900646F776E6C6F61642D6573703C
:108B7000333200726567756C61746F725F66697815
:108B8000656400756172745F72615F7363695F63CE
:108B90006F6E6669677572653A20257020257020B2
:108BA00025700A00096170706C795F636F6E666989
:108BB00067206572723A25640A00096265666F7201
:108BC00065206D656D6370790A005F5F6465766925
:108BD00063655F6474735F6F72645F31373400750F
:108BE00061727438005F5F6465766963655F6474A1
:108BF000735F6F72645F3534007561727437005F44
:108C00005F6465766963655F6474735F6F72645FE8
:108C10003532007561727436005F5F646576696332
:108C2000655F6474735F6F72645F3439007561727D
:108C30007435005F5F6465766963655F6474735F54
:108C40006F72645F35370075617274390072615FED
:108C50007363695F75617274004353204750494FD5
:108C600020706F72742025732070696E2025642037
:108C70006973206E6F7420726561647900496E7645
:108C8000616C696420636C6F636B207068617365ED
:108C9000006672657175656E63793A2025640073AC
:108CA0007069206672657175656E63792063616CA9
:108CB00063756C617465206572726F722025640043
:108CC000525F5350495F4F70656E206572726F72CC
:108CD0003A202564005F5F6465766963655F64744C
:108CE000735F6F72645F3435007370694034303184
:108CF000316131303000737069310072615F7370BF
:108D000069007379735F636C6F636B5F6379636C26
:108D1000655F6765745F3634000403010C00091455
:108D200008111C1019184145532D3235362D434278
:108D300043004145532D3139322D434243004145D3
:108D4000532D3132382D434243004145532D3235A6
:108D5000362D454342004145532D3139322D45438F
:108D600042004145532D3132382D454342000B40DE
:108D7000800A3080092040081C4005144003104040
:108D80002A864886F70D020700686D6163534841E3
:108D90003100484D41432D5348412D31002A86482A
:108DA00086F70D020800686D616353484132323422
:108DB00000484D41432D5348412D323234002A861C
:108DC0004886F70D020900686D61635348413235EA
:108DD0003600484D41432D5348412D323536002A47
:108DE000864886F70D020A00686D61635348413377
:108DF000383400484D41432D5348412D3338340019
:108E00002A864886F70D020B00686D61635348415E
:108E100035313200484D41432D5348412D353132D3
:108E2000002A864886F70D02050069642D6D6435B9
:108E3000002B0E03021A0069642D73686131006013
:108E400086480165030402040069642D7368613279
:108E50003234006086480165030402010069642D14
:108E6000736861323536006086480165030402028A
:108E70000069642D73686133383400608648016589
:108E8000030402030069642D736861353132002BDD
:108E90000E03020700646573434243004445532DAB
:108EA000434243002A864886F70D03070064657332
:108EB0002D656465332D636263004445532D45443D
:108EC00045332D4342430060864801650304010297
:108ED000006165733132382D63626300414553315F
:108EE00032382D4342430060864801650304011671
:108EF000006165733139322D63626300414553313E
:108F000039322D4342430060864801650304012A3B
:108F1000006165733235362D63626300414553321B
:108F200035362D434243002A864886F70D0101015C
:108F300000727361456E6372797074696F6E00526E
:108F40005341002A8648CE3D02010069642D6563C5
:108F50005075626C69634B65790047656E6572692F
:108F600063204543206B6579002B8104010C006967
:108F7000642D65634448004543206B657920666F26
:108F8000722045434448002A864886F70D010104B3
:108F9000006D643557697468525341456E63727948
:108FA0007074696F6E005253412077697468204D68
:108FB0004435002A864886F70D0101050073686173
:108FC0002D3157697468525341456E6372797074DC
:108FD000696F6E005253412077697468205348418D
:108FE00031002A864886F70D01010E007368613250
:108FF000323457697468525341456E6372797074A4
:10900000696F6E005253412077697468205348415C
:109010002D323234002A864886F70D01010B007389
:10902000686132353657697468525341456E6372D0
:10903000797074696F6E00525341207769746820AB
:109040005348412D323536002A864886F70D0101F6
:109050000C00736861333834576974685253414562
:109060006E6372797074696F6E0052534120776934
:109070007468205348412D333834002A864886F7D7
:109080000D01010D00736861353132576974685202
:109090005341456E6372797074696F6E005253412B
:1090A0002077697468205348412D353132002B0EEA
:1090B00003021D002A864886F70D01010A0052535B
:1090C000415353412D50535300616E79506F6C6979
:1090D000637900416E7920506F6C696379002B06CB
:1090E0000105050703010069642D6B702D7365721E
:1090F0007665724175746800544C53205765622040
:109100005365727665722041757468656E74696323
:109110006174696F6E002B06010505070302006983
:10912000642D6B702D636C69656E74417574680095
:10913000544C532057656220436C69656E7420411E
:10914000757468656E7469636174696F6E002B066F
:109150000105050703030069642D6B702D636F64BF
:10916000655369676E696E6700436F646520536974
:10917000676E696E67002B06010505070304006929
:10918000642D6B702D656D61696C50726F746563D1
:1091900074696F6E00452D6D61696C2050726F743B
:1091A000656374696F6E002B0601050507030800EF
:1091B00069642D6B702D74696D655374616D706990
:1091C0006E670054696D65205374616D70696E67D8
:1091D000002B060105050703090069642D6B702D3E
:1091E0004F4353505369676E696E67004F43535046
:1091F000205369676E696E67002B0601040182E4E3
:1092000025010069642D6B702D776973756E2D666D
:10921000616E2D6465766963650057692D53554EFF
:1092200020416C6C69616E6365204669656C6420E1
:1092300041726561204E6574776F726B20284641DC
:109240004E2900551D130069642D63652D626173FD
:109250006963436F6E73747261696E747300426107
:1092600073696320436F6E73747261696E74730007
:10927000551D0F0069642D63652D6B65795573610C
:10928000676500551D250069642D63652D6578743B
:109290004B6579557361676500457874656E6465E3
:1092A00064204B657920557361676500551D110079
:1092B00069642D63652D7375626A656374416C74AE
:1092C0004E616D65005375626A65637420416C740C
:1092D000204E616D65006086480186F842010100FC
:1092E00069642D6E657473636170652D6365727456
:1092F00074797065004E65747363617065204365B1
:10930000727469666963617465205479706500558B
:109310001D200069642D63652D636572746966693B
:1093200063617465506F6C6963696573004365724E
:10933000746966696361746520506F6C69636965FF
:109340007300551D0E0069642D63652D7375626A87
:109350006563744B65794964656E746966696572A5
:10936000005375626A656374204B657920496465B2
:109370006E74696669657200551D230069642D630A
:10938000652D617574686F726974794B657949648C
:10939000656E74696669657200417574686F72699B
:1093A0007479204B6579204964656E7469666965D6
:1093B00072005504030069642D61742D636F6D6D37
:1093C0006F6E4E616D6500436F6D6D6F6E204E6107
:1093D0006D6500434E005504060069642D61742DCF
:1093E000636F756E7472794E616D6500436F756E53
:1093F000747279005504070069642D61742D6C6FD7
:1094000063616C697479004C6F63616C6974790095
:109410004C005504080069642D61742D73746174E7
:10942000650053746174650053540055040A006963
:10943000642D61742D6F7267616E697A6174696FF2
:109440006E4E616D65004F7267616E697A61746915
:109450006F6E004F0055040B0069642D61742D6F11
:109460007267616E697A6174696F6E616C556E695D
:10947000744E616D65004F726720556E6974004FC0
:1094800055002A864886F70D01090100656D61695E
:109490006C4164647265737300452D6D61696C2065
:1094A00061646472657373005504050069642D611D
:1094B000742D73657269616C4E756D6265720053CF
:1094C000657269616C206E756D626572005504107D
:1094D0000069642D61742D706F7374616C416464F4
:1094E0007265737300506F7374616C206164647291
:1094F000657373005504110069642D61742D706FDC
:109500007374616C436F646500506F7374616C2099
:10951000636F6465005504040069642D61742D73E4
:1095200075724E616D65005375726E616D650053A5
:109530004E0055042A0069642D61742D67697665B3
:109540006E4E616D6500476976656E206E616D6572
:1095500000474E0055042B0069642D61742D696E1F
:10956000697469616C7300496E697469616C730038
:1095700055042C0069642D61742D67656E657261F8
:1095800074696F6E5175616C6966696572004765D3
:109590006E65726174696F6E207175616C69666960
:1095A00065720055040C0069642D61742D74697432
:1095B0006C65005469746C650055042E0069642D57
:1095C00061742D646E5175616C69666965720044E1
:1095D000697374696E67756973686564204E616D3F
:1095E00065207175616C696669657200550441009A
:1095F00069642D61742D70736575646F6E796D008B
:1096000050736575646F6E796D000992268993F2C7
:109610002C6401010069642D7569640055736572DD
:10962000204964000992268993F22C64011900698B
:10963000642D646F6D61696E436F6D706F6E656EE2
:109640007400446F6D61696E20636F6D706F6E653D
:109650006E740044430055042D0069642D61742D1F
:10966000756E697175654964656E74696669657260
:1096700000556E69717565204964656E7469666927
:10968000657200020305070B0D1113171D1F252915
:109690002B2F353B3D4347494F53596165676B6DF0
:1096A000717F83898B95979DA3A7ADB3B5BFC1C5C6
:1096B000C7D3DFE3E5E9EFF1FB0050726F632D5490
:1096C0007970653A20342C454E43525950544544E4
:1096D0000044454B2D496E666F3A204145532D009D
:1096E00044454B2D496E666F3A204145532D31322A
:1096F000382D4342432C0044454B2D496E666F3A4A
:10970000204145532D3139322D4342432C004445ED
:109710004B2D496E666F3A204145532D3235362D1B
:109720004342432C002D2D2D2D2D454E44205253C8
:10973000412050524956415445204B45592D2D2D1D
:109740002D2D002D2D2D2D2D424547494E205253B4
:10975000412050524956415445204B45592D2D2DFD
:109760002D2D002D2D2D2D2D454E44205052495686
:10977000415445204B45592D2D2D2D2D002D2D2D9E
:109780002D2D424547494E205052495641544520BF
:109790004B45592D2D2D2D2D007273612E4E0072CB
:1097A00073612E45002B06010505070804002D2DC9
:1097B0002D2D2D454E4420434552544946494341A1
:1097C00054452D2D2D2D2D00756E6B6E6F776E000F
:1097D000544C532D5253412D574954482D41455314
:1097E0002D3132382D4342432D5348413235360016
:1097F000544C532D5253412D574954482D414553F4
:109800002D3235362D4342432D53484132353600F3
:10981000544C532D5253412D574954482D414553D3
:109820002D3132382D4342432D53484100544C537F
:109830002D5253412D574954482D4145532D323512
:10984000362D4342432D53484100636C69656E7465
:109850002066696E69736865640073657276657207
:109860002066696E6973686564006D617374657202
:1098700020736563726574006B657920657870612B
:109880006E73696F6E000100020000030405060399
:109890000508090A0B030602000A2A2A2A20426F39
:1098A0006F74696E67205A6570687972204F532013
:1098B0006275696C642076342E312E302D3839343F
:1098C0002D67396630366663363065323535202A85
:1098D0002A2A0A0048616C74696E67207379737470
:1098E000656D00556E6B6E6F776E206572726F726C
:1098F000003E3E3E205A4550485952204641544170
:109900004C204552524F522025643A202573206F37
:109910006E20435055202564004661756C742064A8
:109920007572696E6720696E7465727275707420E5
:1099300068616E646C696E670A0043757272656E69
:1099400074207468726561643A202570202825733C
:10995000290043505520657863657074696F6E0007
:10996000556E68616E646C656420696E74657272B0
:1099700075707400537461636B206F766572666CEA
:109980006F77004B65726E656C206F6F7073004B64
:1099900065726E656C2070616E69630069646C65E8
:1099A00000617263685F7370696E5F72656C617885
:1099B00000737973776F726B710064756D6D7900E8
:1099C000736C656570696E670064656164006162EF
:1099D0006F7274696E670073757370656E64696E1B
:1099E0006700717565756564006B5F69735F696EAB
:1099F0005F69737200616E006E66696E69747900EA
:0C9A00006E616E00286E756C6C29000011
:109A0C004FF42A4110B500204FF49644164AB2F890
:109A1C008430A2F884109BB2B2F8841089B2A1B938
:109A2C00012B18D14DF60111A2F844100F4AA2F8DF
:109A3C000431B2F804319BB2002BFAD10123A2F805
:109A4C0000310B4A9360136010BD002C08BF4FF41B
:109A5C00FA70013CE0E7802BF6D10122044B5A60EE
:109A6C005A68002AFCD1EFE700E07F4000C00140BB
:109A7C00007000404FF49643B32282B001930C4B1C
:109A8C001A700C4AD2F880301B0408D5137C40F2B3
:109A9C00F51013F0100F08BF002002B07047019BA7
:109AAC001BB1019B013B0193ECE71420F5E700BFD0
:109ABC0000007E4000E07F404FF49643502282B07D
:109ACC0001930C4B1A700C4AD2F880301B0408D549
:109ADC00137C40F2F51013F0100F08BF002002B0F9
:109AEC007047019B1BB1019B013B0193ECE71420D8
:109AFC00F5E700BF00007E4000E07F4070B5436892
:109B0C0005461A7842B193F9110000F01DFA6B6802
:109B1C0093F9130000F018FA0E4BB3F884309BB293
:109B2C0013B9284600F00CFAFFF7A4FF0646FFF71E
:109B3C00C3FF04463EB1FFF763FF3446002385F8AC
:109B4C003430204670BDFFF75BFF002C08BF044685
:109B5C00F4E700BF00E07F4030B52025836A0C4C51
:109B6C0023630C4B1D70D0251D70836A0B448362DC
:109B7C00036B013B0363104612B930BD30B10138A1
:109B8C00D4F880301B04F9D50020F6E71420F4E754
:109B9C0000E07F4000007E40F7B504460E461546B7
:109BAC0022B9436893F9110000F0CEF9E821E36A79
:109BBC001C4A770813631C4BC6F347061970002127
:109BCC001E708F4208D1D021197025BB636893F9A0
:109BDC00110000F0ADF922E020690190A06A008824
:109BEC001880D2F8800040050AD4A06A01310230F6
:109BFC00A062E06A0230E062206B01382063E0E78B
:109C0C000198461E01960028EBD1142003B0F0BD3C
:109C1C00002DFAD0013DD2F880301B04F8D500207D
:109C2C00F4E700BF00E07F4000007E4010B5124B0F
:109C3C0014461A7CD20606D4D3F88030194213D1BC
:109C4C0068B9002010BDD3F88020520442BF1A7CA2
:109C5C0000221A74D3F88030194205D148B1044659
:109C6C00FFF708FF2046EDE70028F8D1002CF7D1CC
:109C7C00E7E740F2F514F3E700E07F40402213B52C
:109C8C00836910480193104B01631A7008221A70F3
:109C9C0000220E4931F8024B0132082A1C80F9D1FE
:109CAC00D0221A70D0F880301B0402D5002002B0EC
:109CBC0010BD019B1BB1019B013B0193F2E71420EA
:109CCC00F5E700BF00E07F4000007E40841C0020D0
:109CDC006FEA415110B56FEA51514FF6FF74074BC3
:109CEC0042EAC03242F4F0421C805C80DA809980F7
:109CFC001C815C819C81DC8110BD00BF841C002018
:109D0C004FF49643002213B50193144B04461A608A
:109D1C0043681A7842B193F9110000F015F96368A1
:109D2C0093F9130000F010F94FF459430C4AA2F8C0
:109D3C0044304AF60123A2F88430B2F884309BB246
:109D4C00012B02D1002002B010BD019B1BB1019B65
:109D5C00013B0193F1E74FF4FA70F4E70070004017
:109D6C0000E07F4038B50546FFF7CAFF044660B1F6
:109D7C00204638BD8021AA682846FFF70DFF18221F
:109D8C004FF4A041FFF752FF04462B6B2BB9FFF7A2
:109D9C0037FE002C08BF0446EAE7002CEAD0FFF798
:109DAC002FFEE5E738B5144B144AD3F89032144D16
:109DBC0003F00703072B18BF15462B68044603F066
:109DCC000703DB430F480E2220F8023BFF2100F073
:109DDC00B3F82046FFF794FF29462046FFF74EFFC5
:109DEC0018220021FFF722FF0446FFF709FE002C82
:109DFC0018BF204638BD00BF00A0000110A2000112
:109E0C0090A10001841C002038B5816202630546D4
:109E1C00FFF776FF044650B90122144BA3F8E0205B
:109E2C002B6BEBB9FFF7ECFD002C08BF044620466A
:109E3C0038BDAB6AD5E9072123F40013B3F5803F95
:109E4C002ABF0A464FF400514FF400412846FFF751
:109E5C0083FE19224FF4C041FFF7E8FE0446DFE70A
:109E6C00002CE6D0FFF7CCFDE1E700BF00E07F401F
:109E7C002DE9F041104B0546D3F8DC600F469046B7
:109E8C00FFF73EFFF60F044698B94FEA58323046BA
:109E9C00790BFFF71DFF09492846FFF7EFFE214616
:109EAC001822FFF7C3FE0446FFF7AAFD002C08BFDB
:109EBC0004462046BDE8F08100E07F4030A100015F
:109ECC00F8B506460D461746FFF71AFF044638BB91
:109EDC0047B1144B45F4CC45A3F8E850BDE8F84025
:109EEC00FFF78EBD1022FF210F4800F025F84FF62A
:109EFC00FF7215F0010F47F6FF7308BF13460A4AAD
:109F0C000A493046D380FFF7B9FE21461822FFF7E5
:109F1C008DFE0546FFF774FD002D14BF2C4604463C
:109F2C002046F8BD00E07F40841C002030A10001D9
:109F3C005FF800F0299E02005FF800F02FAF0400DC
:109F4C005FF800F025A202005FF800F0419E0200CD
:109F5C000000000049AC01000000000000010000FE
:109F6C0000000000000000000000000000000000E5
:109F7C0000000000000000000000000000000000D5
:109F8C00C0BA040000C2010000000800000000007C
:109F9C0000000000000000000000000000000000B5
:109FAC0000000000000000000000000000000000A5
:109FBC000000000060120020000000004C12002085
:109FCC000000000000000000000000000000000085
:109FDC000000000000000000000000000000000075
:109FEC000000000000000000000000000000000065
:109FFC000000000000000000000000000000000055
:10A00C000000000000000000000000000C06002012
:10A01C000C06002000000000010000001C060020BF
:10A02C001C060020000000000000000000000000E2
:10A03C000000000000000000000000000000000014
:10A04C000000000000000000000000000000000004
:10A05C0000000000000000000000000000000000F4
:10A06C0000000000000000000000000000000000E4
:10A07C0000000000000000000000000000000000D4
:10A08C0000000000000000000000000000000000C4
:10A09C0000000000000000000000000000000000B4
:10A0AC0000000000000000000000000000000000A4
:10A0BC000000000000000000000000000000000094
:10A0CC000000000000000000000000000000000084
:10A0DC000000000000000000000000000000000074
:10A0EC000000000000000000000000000000000064
:10A0FC000000000000000000000000000000000054
:10A10C000000000000000000000000000000000043
:10A11C000000000000000000000000000000000033
:10A12C000000000000000000000000000000000023
:10A13C0000000000000000000100000002FFFF0012
:10A14C0000360000FFFF00000C0000006D730200E1
:10A15C0004BC04000000000000000000749050B02B
:10A16C005DE900000000000000000000000000009D
:10A17C0000000000000000000000000000000000D3
:10A18C0000000000000000000000000000000000C3
:10A19C0000000000000000000000000000000000B3
:10A1AC0000000000000000000000000000000000A3
:10A1BC000000000000000000000000000000000093
:10A1CC000000000000000000000000000000000083
:10A1DC000000000000000000000000000000000073
:10A1EC000000000000000000000000000000000063
:10A1FC000000000000000000000000000000000053
:10A20C000000000000000000000000000000000042
:10A21C000000000000000000000000000000000032
:10A22C000000000000000000000000000000000022
:10A23C000000000000000000000000000000000012
:10A24C000000000000000000000000000000000002
:10A25C0000000000000000000000000000000000F2
:10A26C0000000000000000000000000000000000E2
:10A27C0000000000000000000000000000000000D2
:10A28C0000000000000000000000000000000000C2
:10A29C0000000000000000000000000000000000B2
:10A2AC0000000000000000000000000000000000A2
:10A2BC000000000000000000000000000000000092
:10A2CC000000000000000000000000000000000082
:10A2DC000000000000000000000000000000000072
:10A2EC000000000000000000000000000000000062
:10A2FC000000000000000000000000000000000052
:10A30C000000000000000000000000000000000041
:10A31C000000000000000000000000000000000031
:10A32C000000000000000000000000000000000021
:10A33C000000000000000000000000000000000011
:10A34C000000000000000000000000000000000001
:10A35C0000000000000000000000000000000000F1
:10A36C0000000000000000000000000000000000E1
:10A37C0000000000000000000000000000000000D1
:10A38C0000000000000000000000000000000000C1
:10A39C0000000000000000000000000000000000B1
:10A3AC0000000000000000000000000000000000A1
:10A3BC000000000000000000000000000000000091
:10A3CC000000000000000000000000000000000081
:10A3DC000000000000000000000000000000000071
:10A3EC000000000000000000000000000000000061
:10A3FC000000000000000000000000000000000051
:10A40C000000000000000000000000000000000040
:10A41C000000000000000000000000000000000030
:10A42C000000000000000000000000000000000020
:10A43C000000000000000000000000000000000010
:10A44C000000000000000000000000000000000000
:10A45C0000000000000000000000000000000000F0
:10A46C0000000000000000000000000000000000E0
:10A47C0000000000000000000000000000000000D0
:10A48C0000000000000000000000000000000000C0
:10A49C0000000000000000000000000000000000B0
:10A4AC0000000000000000000000000000000000A0
:10A4BC000000000000000000000000000000000090
:10A4CC000000000000000000000000000000000080
:10A4DC000000000000000000000000000000000070
:10A4EC000000000000000000000000000000000060
:10A4FC000000000000000000000000000000000050
:10A50C00000000000000000000000000000000003F
:10A51C00000000000000000000000000000000002F
:10A52C00000000000000000000000000000000001F
:10A53C00000000000000000000000000000000000F
:10A54C0000000000000000000000000000000000FF
:10A55C0000000000000000000000000000000000EF
:10A56C0000000000000000000000000000000000DF
:10A57C0000000000000000000000000000000000CF
:10A58C0000000000000000000000000000000000BF
:10A59C0000000000000000000000000000000000AF
:10A5AC00000000000000000000000000000000009F
:10A5BC00000000000000000000000000000000008F
:10A5CC00000000000000000000000000000000007F
:10A5DC00000000000000000000000000000000006F
:10A5EC00000000000000000000000000000000005F
:10A5FC00000000000000000000000000000000004F
:10A60C00000000000000000000000000000000003E
:10A61C00000000000000000000000000000000002E
:10A62C00000000000000000000000000000000001E
:10A63C00000000000000000000000000000000000E
:10A64C0000000000000000000000000000000000FE
:10A65C0000000000000000000000000000000000EE
:10A66C0000000000000000000000000000000000DE
:10A67C0000000000000000000000000000000000CE
:10A68C0000000000000000000000000000000000BE
:10A69C0000000000000000000000000000000000AE
:10A6AC00000000000000000000000000000000009E
:10A6BC00000000000000000000000000000000008E
:10A6CC00000000000000000000000000000000007E
:10A6DC00000000000000000000000000000000006E
:10A6EC00000000000000000000000000000000005E
:10A6FC00000000000000000000000000000000004E
:10A70C00000000000000000000000000000000003D
:10A71C00000000000000000000000000000000002D
:10A72C00000000000000000000000000000000001D
:10A73C00000000000000000000000000000000000D
:10A74C0000000000000000000000000000000000FD
:10A75C0000000000000000000000000000000000ED
:10A76C0000000000000000000000000000000000DD
:10A77C0000000000000000000000000000000000CD
:10A78C0000000000000000000000000000000000BD
:10A79C0000000000000000000000000000000000AD
:10A7AC00000000000000000000000000000000009D
:10A7BC00000000000000000000000000000000008D
:10A7CC00000000000000000000000000000000007D
:10A7DC00000000000000000000000000000000006D
:10A7EC00000000000000000000000000000000005D
:10A7FC00000000000000000000000000000000004D
:10A80C00000000000000000000000000000000003C
:10A81C00000000000000000000000000000000002C
:10A82C00000000000000000000000000000000001C
:10A83C00000000000000000000000000000000000C
:10A84C00400E0020400E002000000000FFFFFFFF24
:10A85C00500E0020500E00200000000000000000F0
:10A86C0000000000000000000000000000000000DC
:10A87C0000000000000000000000000000000000CC
:10A88C000000000010240500D1D5030000000000DA
:10A89C000C1B050001000000980E0020980E0020F3
:10A8AC0000000000000000000E000000AC0E0020B4
:10A8BC00AC0E0020000000000000000000000000B2
:10A8CC000C1B050001000000C80E0020C80E002063
:10A8DC0000000000000000000E000000DC0E002054
:10A8EC00DC0E002000000000000000000000000052
:10A8FC000C1B050001000000F80E0020F80E0020D3
:10A90C0000000000000000000E0000000C0F0020F2
:10A91C000C0F0020000000000000000000000000F0
:10A92C00000000000000000000000000000000001B
:10A93C00000000000000000000000000000000000B
:10A94C0000000000000000000000000000000000FB
:10A95C0000000000000000000000000000000000EB
:10A96C0000000000000000000000000000000000DB
:10A97C0000000000000000000000000000000000CB
:10A98C0000000000000000000000000000000000BB
:10A99C0000000000000000000000000000000000AB
:10A9AC00000000000000000000000000000000009B
:10A9BC00000000000000000000000000000000008B
:10A9CC00000000000000000000000000000000007B
:10A9DC00000000000000000000000000000000006B
:10A9EC00000000000000000000000000000000005B
:10A9FC00000000000000000000000000000000004B
:10AA0C00000000000000000000000000000000003A
:10AA1C00000000000000000000000000000000002A
:10AA2C00000000000000000000000000000000001A
:10AA3C00000000000000000000000000000000000A
:10AA4C0000000000000000000000000000000000FA
:10AA5C0000000000000000000000000000000000EA
:10AA6C0000000000000000000000000000000000DA
:10AA7C0000000000000000000000000000000000CA
:10AA8C0000000000000000000000000000000000BA
:10AA9C0000000000000000000000000000000000AA
:10AAAC00000000000000000000000000000000009A
:10AABC00000000000000000000000000000000008A
:10AACC00000000000000000000000000000000007A
:10AADC00000000000000000000000000000000006A
:10AAEC00000000000000000000000000000000005A
:10AAFC00000000000000000000000000000000004A
:10AB0C000000000000000000000000000000000039
:10AB1C000000000000000000000000000000000029
:10AB2C000000000000000000000000000000000019
:10AB3C000000000000000000000000000000000009
:10AB4C0000000000000000000000000000000000F9
:10AB5C0000000000000000000000000000000000E9
:10AB6C0000000000000000000000000000000000D9
:10AB7C0000000000000000000000000000000000C9
:10AB8C000000000000000000000000001DDB0300BE
:10AB9C00481B05000000000001000000AC11002063
:10ABAC0000000000000000000000000058D105204B
:10ABBC000000000000000000000000000002000087
:10ABCC00D81C0500385900200000000091F2030049
:10ABDC000000000000000000D8110020D811002057
:10ABEC0000000000000000000E000000010000004A
:10ABFC000100000000000000000000000000000048
:10AC0C00308F0500010000000100000029800100C8
:10AC1C000980010011F50300AD7F01001C1200201A
:10AC2C001C12002024120020241200202C120020C0
:10AC3C002C1200200100000001000000C8A500201B
:10AC4C00000000004412002044120020CC280620F2
:10AC5C0000000000000000000000000000040000E4
:10AC6C00CC2C0620000000000000000000000000BA
:10AC7C0000040000E05C050000000000E012002071
:10AC8C0000000000C0BA04009C1C0020A41C002082
:10AC9C00AD1C0020B21C0020B71C0020BB1C0020E7
:10ACAC00C71C0020CE1C0020E51C0020EC1C002042
:10ACBC00F31C00209C1C0020A41C0020AD1C0020B8
:10ACCC00B21C0020B71C0020BB1C0020C01C0020A4
:10ACDC00CE1C0020D71C0020DE1C0020F31C002002
:10ACEC000000000009000400D1AE010005B0010015
:10ACFC00B1B00100370204003F0104000000000065
:10AD0C0061B301002701040075AF010000000000D1
:10AD1C000B0004001413002014130020000000008A
:10AD2C00000000000E00000000000000B92202002C
:10AD3C00000000000000000001620200FFFFFFFFA6
:10AD4C0000000000000000000000000000000000F7
:10AD5C0000000000000000000000000000000000E7
:10AD6C0000000000000000000000000000000000D7
:10AD7C0000000000000000000000000000000000C7
:10AD8C0000000000000000000000000000000000B7
:10AD9C0000000000000000000000000000000000A7
:10ADAC000000000000000000000000000000000097
:10ADBC000000000000000000000000000000000087
:10ADCC000000000000000000000000000000000077
:10ADDC00D0130020D0130020000000000000000061
:10ADEC000E00000000000000000000000000000049
:10ADFC0000000000000000002806002040787D01C3
:10AE0C00000000003824050024BD0400C04F0020C1
:10AE1C00C0490020C0430020C03D0020C0370020A6
:10AE2C00C0310020C02B0020C025002004000000F1
:10AE3C0000FF0000000000000000000000000008FF
:10AE4C00002000008000000000FF00000000000057
:10AE5C00000000000000000000002000058102003E
:10AE6C0000000000000000000000000000000000D6
:10AE7C0000000000000000000000000000000000C6
:10AE8C0000000000000000000000000000000000B6
:10AE9C0000000000000000000000000000000000A6
:10AEAC000000000000000000000000000000000096
:10AEBC000000000000000000000000000100000085
:10AECC00B5800200000000000000000001310132DA
:10AEDC0000000000F38605000100000000000000E7
:10AEEC00F28605000100000000000000F18605005C
:10AEFC000100000000000000F786050001000000C2
:10AF0C00ECB80400F686050001000000C8B8040087
:10AF1C00F58605000100000000000000F486050025
:10AF2C000100000000000000FB860500010000008D
:10AF3C0000000000FA86050001000000000000007F
:10AF4C00F98605000100000000000000F8860500ED
:10AF5C000100000000000000FF8605000100000059
:10AF6C0000000000FE86050001000000C8B80400C7
:10AF7C00FD8605000100000000000000FC860500B5
:10AF8C000100000000000000008705000100000027
:10AF9C000000000006870500010000000000000012
:10AFAC000587050001000000000000000387050074
:10AFBC0002000000000000000187050002000000F4
:10AFCC0000000000118705000100000000000000D7
:10AFDC000F87050002000000000000000D8705002F
:10AFEC0002000000000000000C87050001000000BA
:10AFFC00000000000B8705000100000000000000AD
:10B00C000A87050001000000ECB804000987050060
:10B01C00010000000000000008870500010000008E
:10B02C000000000007870500010000000000000080
:10B03C0015870500010000000000000014870500C2
:10B04C000100000000000000138705000100000053
:10B05C00ECB804001287050001000000000000009D
:10B06C001B87050001000000000000001A87050086
:10B07C00010000000000000018870500020000001D
:10B08C000000000016870500020000000000000010
:10B09C002187050001000000000000001F8705004B
:10B0AC0002000000000000001E87050001000000E7
:10B0BC00000000001D8705000100000000000000DA
:10B0CC001C87050001000000000000002B87050014
:10B0DC0001000000000000002A87050001000000AC
:10B0EC00000000002987050001000000ECB80400F6
:10B0FC002887050001000000C8B804002787050058
:10B10C00010000000000000026870500010000007F
:10B11C000000000025870500010000000000000071
:10B12C0023870500020000000000000022870500B4
:10B13C000100000000000000000000000000000002
:10B14C0000000000000000000000000000000000F3
:10B15C0000000000000000000000000000000000E3
:10B16C0000000000000000000000000000000000D3
:10B17C00000000000100000040420F000000000031
:10B18C00010C5B5C5D5E0000000000000000000034
:10B19C006F5C040070BC04000000000000000000A4
:10B1AC000000000000000000000000000000000093
:10B1BC000000000000000000000000000000000083
:10B1CC000000000000000000000000000000000073
:10B1DC000000000000000000000000000000000063
:10B1EC000000000000000000000000000000020051
:10B1FC0008000000FF00000000000000000000003C
:10B20C000000000000000000000000000000000032
:10B21C000000000000000000000000000000000022
:10B22C000000000000000000000000000000000012
:10B23C000000000000000000020000000000000000
:10B24C0000000000000000000601400000000000AB
:10B25C0000000000000000000000000000000000E2
:10B26C0000000000000000000000000000000000D2
:10B27C000000000000000000000001FF3FDF0000A4
:10B28C0000000000000000000000000000000000B2
:10B29C0000000000F600FC000000000000000000B0
:10B2AC000000000000000000000000000000000092
:10B2BC000000000000000000020000000000000080
:10B2CC000000000000000000010140000000000030
:10B2DC000000000000000000000000000000000062
:10B2EC000000000000000000000000000000000052
:10B2FC000000000000000000000001FF3FDF000024
:10B30C000000000000000000000000000000000031
:10B31C0000000000C900CF002CBB0400000000009E
:10B32C000000000000000000000000000000000011
:10B33C000000000000000000000000000000000001
:10B34C0000000000000000000000000000100E00D3
:10B35C00000103010800000001200121012201234A
:10B36C0000000000000000000000000000000000D1
:10B37C0000000000000000000000000000000000C1
:10B38C0000000000000000000000000000000000B1
:10B39C00000000000000000050BB04000000000092
:10B3AC000000000000000000000000000000000091
:10B3BC000000000000000000000000000000000081
:10B3CC0000000000000000000000000000C20100AE
:10B3DC000001030007000000011C011D011E011FDC
:10B3EC000000000000000000000000000000000051
:10B3FC000000000000000000000000000000000041
:10B40C000000000000000000000000000000000030
:10B41C00000000000000000074BB040000000000ED
:10B42C000000000000000000000000000000000010
:10B43C000000000000000000000000000000000000
:10B44C0000000000000000000000000000C201002D
:10B45C00000103000600000001180119011A011B6C
:10B46C0000000000000000000000000000000000D0
:10B47C0000000000000000000000000000000000C0
:10B48C0000000000000000000000000000000000B0
:10B49C00000000000000000098BB04000000000049
:10B4AC000000000000000000000000000000000090
:10B4BC000000000000000000000000000000000080
:10B4CC0000000000000000000000000000C20100AD
:10B4DC0000010300050000000114011501160117FD
:10B4EC000000000000000000000000000000000050
:10B4FC000000000000000000000000000000000040
:10B50C00000000000000000000000000000000002F
:10B51C000000000000000000BCBB040000000000A4
:10B52C00000000000000000000000000000000000F
:10B53C0000000000000000000000000000000000FF
:10B54C0000000000000000000000000000C201002C
:10B55C000001030009000000014A014B014C014DA0
:10B56C0000000000000000000000000000000000CF
:10B57C0000000000000000000000000000000000BF
:10B58C0000000000000000000000000000000000AF
:10B59C00000000000000000000000000000000009F
:10B5AC002029050000000000A81B0020A81B00207B
:10B5BC000000000001000000B81B0020B81B002098
:10B5CC00C01B0020C01B0020000000000100000078
:10B5DC00D01B0020D01B0020000000000000000049
:10B5EC00000000000000000000000000000000004F
:10B5FC00000000000000000000000000000000003F
:10B60C00000000000000000000000000000000002E
:10B61C00000000000000000000000000000000001E
:10B62C00000000000000000000000000000000000E
:10B63C0001525354550101010100000000000000AB
:10B64C0000000000000000000000000000000000EE
:10B65C0000000000000000000000000000000000DE
:10B66C00EC2905002FAF04000DB203006D7D010025
:10B67C00897D0100741C0020741C00207C1C00209F
:10B68C007C1C0020FFFF00000000000000000000F8
:10B69C00000000000106010501040000080B000277
:10B6AC00020200000904000001020200000524004F
:10B6BC0010010524010001042402020524060001E6
:10B6CC000705810310000A07058103100007090410
:10B6DC000100020A00000007058202400000070575
:10B6EC00010240000007058202000200070501026A
:0BB6FC000002000000749050B05DE9F7
:10B70800000000004FF20300000000004FF20300A9
:10B71800000000004FF20300000000004FF2030099
:10B72800000000004FF20300000000004FF2030089
:10B73800000000004FF20300000000004FF2030079
:10B74800000000004FF20300000000004FF2030069
:10B75800000000004FF20300000000004FF2030059
:10B76800000000004FF20300000000004FF2030049
:10B77800000000004FF20300000000004FF2030039
:10B78800000000004FF20300000000004FF2030029
:10B79800000000004FF20300000000004FF2030019
:10B7A80098BB0400C98F020098BB0400F18F020007
:10B7B80098BB04001990020098BB04004190020055
:10B7C80074BB0400C98F020074BB0400F18F02002F
:10B7D80074BB04001990020074BB0400419002007D
:10B7E80050BB0400C98F020050BB0400F18F020057
:10B7F80050BB04001990020050BB040041900200A5
:10B808002CBB0400C98F02002CBB0400F18F02007E
:10B818002CBB0400199002002CBB040041900200CC
:10B82800000000004FF20300000000004FF2030088
:10B83800000000004FF20300000000004FF2030078
:10B84800000000004FF20300ECB80400234C040091
:10B85800C8B80400234C0400000000004FF20300A5
:10B86800000000004FF20300000000004FF2030048
:10B87800000000004FF20300000000004FF2030038
:10B88800000000004FF2030008BB0400A9A4020056
:10B8980008BB04004DA402006CBD040089570400D5
:10B8A800000000004FF20300000000004FF2030008
:10B8B80004BC04008F540400000000004FF2030091
:10B8C800000000004FF20300000000004FF20300E8
:10B8D800000000004FF20300000000004FF20300D8
:10B8E800000000004FF20300000000004FF20300C8
:10B8F800000000004FF20300000000004FF20300B8
:10B90800000000004FF20300000000004FF20300A7
:10B91800000000004FF20300000000004FF2030097
:10B92800000000004FF20300000000004FF2030087
:10B93800000000004FF20300000000004FF2030077
:10B94800000000004FF20300000000004FF2030067
:10B95800BCBB0400C98F0200BCBB0400F18F02000D
:10B96800BCBB040019900200BCBB0400419002005B
:10B97800000000004FF20300000000004FF2030037
:10B98800000000004FF20300000000004FF2030027
:10B99800000000004FF20300000000004FF2030017
:10B9A800000000004FF20300000000004FF2030007
:10B9B800000000004FF20300000000004FF20300F7
:10B9C800000000004FF20300000000004FF20300E7
:10B9D800000000004FF2030070BC0400B9AA020086
:10B9E80070BC0400E5AB020070BC0400F5AC0200BA
:10B9F80070BC04009DAD0200000000004FF203007F
:10BA0800000000000000000000000000000000002E
:10BA1800000000000000000000000000000000001E
:10BA2800000000000000000000000000000000000E
:10BA380000000000000000000000000000000000FE
:10BA480000000000000000000000000000000000EE
:04BA580000000000EA
:04BA5C0000000000E6
:10BA600000000000000000000000000000000000D6
:10BA700000000000000000000000000000000000C6
:10BA800000000000000000000000000000000000B6
:10BA900000000000000000000000000000000000A6
:10BAA0000000000000000000000000000000000096
:10BAB0000000000000000000000000000000000086
:10BAC0000000000000000000000000000000000076
:10BAD0000000000000000000000000000000000066
:10BAE0000000000000000000000000000000000056
:10BAF0000000000000000000000000000000000046
:10BB00000000000000000000000000000000000035
:10BB10000000000000000000000000000000000025
:04BB20000000000021
:10BB240018210020182100200000000074050620C0
:10BB3400000000000E0000004000000000000000B3
:10BB4400382100203821002000000000F4080620DD
:10BB54000000000006000000600200000000000079
:10BB6400582100205821002000000000F401062084
:10BB7400000000000E000000400000000000000073
:10BB8400782100207821002000000000D0D3052077
:10BB94000000000008000000100000000000000089
:10BBA4000000000058510520008000000000000043
:10BBB400000000000000000000000000485A0220BD
:10BBC400000002000000000000000000000000006F
:10BBD40000000000C4210620000400000000000052
:08BBE400000000000000000059
:10BBEC00E0210020E0210020000000000000000007
:10BBFC000E000000F4210020F421002000000000C1
:10BC0C00000000000E000000082200200822002086
:10BC1C0000000000000000000E0000001C220020AC
:10BC2C001C22002000000000000000000E0000009C
:10BC3C003022002030220020000000000000000014
:10BC4C000E000000442200204422002000000000CE
:10BC5C00000000000E000000582200205822002096
:10BC6C0000000000000000000E0000006C2200200C
:10BC7C006C22002000000000000000000E000000FC
:10BC8C008022002080220020000000000000000024
:10BC9C000E000000942200209422002000000000DE
:10BCAC00000000000E000000A8220020A8220020A6
:0CBCBC0000000000000000000E0000006E
:10BCC800BC220020BC22002000000000A42806207E
:0CBCD800A4280620CC2806200000000054
:10BCE400D8220020D8220020000000001400000008
:10BCF4000800000004280620A428062004280620A2
:10BD04000428062000000000002300200023002057
:10BD1400000000000C2300200C2300200000000081
:10BD24004C0000000500000098D4052014D605201E
:10BD340098D4052098D40520000000003423002066
:10BD44003423002000000000402300204023002072
:10BD5400000000000C0000000A00000058D3052079
:10BD6400D0D3052058D3052058D305200000000067
:0CBD74006823002068230020000000006D
:08BD800074230020742300204D
:10BD880000000000000000000000000088230020E0
:10BD98008823002090230020902300200000020028
:10BDA80002000A00000000002820050050D40520E9
:10BDB800000000000000000000000000B823002080
:10BDC800B8230020C0230020C02300200000020068
:10BDD800020000000000000024220500341B062099
:10BDE800000000000000000000000000E823002020
:10BDF800E8230020F0230020F023002000000200A8
:10BE080002000000000000004422050094210620E2
:10BE180000000000000000000000000018240020BE
:10BE280018240020202400202024002000000200E4
:10BE3800020000000000000034220500641D0620F6
:10BE4800000000000000000000000000482400205E
:10BE58004824002050240020502400200000240002
:10BE680024000400000000001422050004FE052040
:10BE780000000000000000000000000078240020FE
:10BE88007824002080240020802400200000240042
:10BE980024000400000000000422050014E8052026
:10BEA800000000000000000000000000A82400209E
:10BEB800A8240020B0240020B02400200000100096
:10BEC80010000A005F4D04008C220500C4250620DE
:10BEDC0060250020000000000000000000000000B1
:10BEEC000000000000000000000000000000000046
:10BEFC000000000000000000000000000000000036
:10BF0C000000000000000000000000000000000025
:10BF1C000000000000000000000000000000000015
:10BF2C000000000000000000000000000000000005
:10BF3C0000000000000000000000000000000000F5
:10BF4C0000000000000000000000000000000000E5
:10BF5C0000000000000000000000000000000000D5
:10BF6C006CBD04007C25002088B400200002000079
:0CBF7C000000000000000000DC050000D8
:10BF8800C1040200610602007D0D0400730D040067
:04BF980000000000A5
:10BF9C0000000000741200200000000000000000EF
:08BFAC0000000000000000008D
:10BFB40000000000741200200000000000000000D7
:08BFC400000000000000000075
:04BFCC0015E015E087
:040000031000791D53
:00000001FF
