:020000040804EE
:10000000800C03242D8E040841830408198E0408F3
:10001000198E0408198E0408198E040800000000C7
:10002000000000000000000000000000618F0408D4
:10003000198E040800000000C18E0408C9CE05080E
:10004000F1910408F1910408F1910408F191040878
:10005000F1910408F1910408F1910408F191040868
:10006000F1910408F1910408F1910408F191040858
:10007000F1910408F1910408F1910408F191040848
:10008000F1910408F1910408F1910408F191040838
:10009000F1910408F1910408F1910408F191040828
:1000A000F1910408F1910408F1910408F191040818
:1000B000F1910408F1910408F1910408F191040808
:1000C000F1910408F1910408F1910408F1910408F8
:1000D000F1910408F1910408F1910408F1910408E8
:1000E000F1910408F1910408F1910408F1910408D8
:1000F000F1910408F1910408F1910408F1910408C8
:10010000F1910408F1910408F1910408F1910408B7
:10011000F1910408F1910408F1910408F1910408A7
:10012000F1910408F1910408F1910408F191040897
:10013000F1910408F1910408F1910408F191040887
:10014000F1910408F1910408F1910408F191040877
:10015000F1910408F1910408F1910408F191040867
:10016000F1910408F1910408F1910408F191040857
:10017000F1910408F1910408F1910408F191040847
:10018000F1910408F1910408F1910408F191040837
:10019000F1910408F1910408F1910408F191040827
:1001A000F1910408F1910408F1910408F191040817
:1001B000F1910408F1910408F1910408F191040807
:1001C000F1910408F1910408F1910408F1910408F7
:1001D000F1910408F1910408F1910408F1910408E7
:1001E000F1910408F1910408F1910408F1910408D7
:1001F000F1910408F1910408F1910408F1910408C7
:10020000F1910408F1910408F1910408F1910408B6
:10021000F1910408F1910408F1910408F1910408A6
:10022000F1910408F1910408F1910408F191040896
:10023000F1910408F1910408F1910408F191040886
:10024000F1910408F1910408F1910408F191040876
:10025000F1910408F1910408F1910408F191040866
:10026000F1910408F1910408F1910408F191040856
:10027000F1910408F1910408F1910408F191040846
:10028000F1910408F1910408F1910408F191040836
:08029000F1910408F19104084A
:1002A00001F0FF01102A2BDB10F0070F08D010F827
:1002B000013B013A8B422DD010F0070F42B3F6D12B
:1002C000F0B441EA012141EA014122F007047FF044
:1002D00000070023F0E80256083C85EA010586EA9B
:1002E000010685FA47F5A3FA87F586FA47F6A5FAD7
:1002F00087F68EB9EED1F0BC01F0FF0102F00702E3
:1003000032B110F8013B013A83EA010313B1F8D18D
:100310000020704701387047002D06BF354603386E
:10032000073815F0010F07D1013015F4807F02BFA7
:10033000013015F4C03F0130F0BC0138704700BFF8
:100340009FED0B7B41EC160B9FED0B5B26EE077BC5
:10035000BCEEC77BB8EE474BA4EE456BFCEEC67B0C
:1003600017EE101A17EE900A704700BFAFF3008027
:10037000000000000000F03D000000000000F0411F
:10038000002902D0B0FBF1F0704708B14FF0FF3008
:1003900000F01EB80029F8D00246B0FBF1F000FBD7
:1003A00011217047002902D090FBF1F0704700281E
:1003B000C8BF6FF00040B8BF4FF0004000F008B871
:1003C0000029F4D0024690FBF1F000FB11217047A8
:1003D000704700BF81F0004102E000BF83F000439E
:1003E00030B54FEA41044FEA430594EA050F08BFD0
:1003F00090EA020F1FBF54EA000C55EA020C7FEA94
:10040000645C7FEA655C00F0E2804FEA5454D4EB10
:100410005555B8BF6D420CDD2C4480EA020281EADA
:10042000030382EA000083EA010180EA020281EA12
:100430000303362D88BF30BD11F0004F4FEA013164
:100440004FF4801C4CEA113102D0404261EB410173
:1004500013F0004F4FEA03334CEA133302D05242F9
:1004600063EB430394EA050F00F0A780A4F10104B5
:10047000D5F1200E0DDB02FA0EFC22FA05F28018EF
:1004800041F1000103FA0EF2801843FA05F35941D5
:100490000EE0A5F120050EF1200E012A03FA0EFC54
:1004A00028BF4CF0020C43FA05F3C01851EBE3717E
:1004B00001F0004507D54FF0000EDCF1000C7EEB9B
:1004C00000006EEB0101B1F5801F1BD3B1F5001FD9
:1004D0000CD349085FEA30004FEA3C0C04F10104F8
:1004E0004FEA445212F5800F80F09A80BCF1004F21
:1004F00008BF5FEA500C50F1000041EB045141EAA3
:10050000050130BD5FEA4C0C404141EB0101013C6B
:1005100028BFB1F5801FE9D291F0000F04BF01465A
:100520000020B1FA81F308BF2033A3F10B03B3F12C
:1005300020020CDA0C3208DD02F1140CC2F10C02BC
:1005400001FA0CF021FA02F10CE002F11402D8BF1A
:10055000C2F1200C01FA02F120FA0CFCDCBF41EAE6
:100560000C019040E41AA2BF01EB0451294330BDB5
:100570006FEA04041F3C1CDA0C340EDC04F1140492
:10058000C4F1200220FA04F001FA02F340EA030069
:1005900021FA04F345EA030130BDC4F10C04C4F1AF
:1005A000200220FA02F001FA04F340EA030029468F
:1005B00030BD21FA04F0294630BD94F0000F83F4D9
:1005C000801306BF81F480110134013D4EE77FEABC
:1005D000645C18BF7FEA655C29D094EA050F08BF08
:1005E00090EA020F05D054EA000C04BF19461046E9
:1005F00030BD91EA030F1EBF0021002030BD5FEA2D
:10060000545C05D14000494128BF41F0004130BD54
:1006100014F580043CBF01F5801130BD01F00045A8
:1006200045F0FE4141F470014FF0000030BD7FEA1B
:10063000645C1ABF194610467FEA655C1CBF0B4616
:10064000024650EA013406BF52EA033591EA030F2D
:1006500041F4002130BD00BF90F0000F04BF002125
:10066000704730B54FF4806404F132044FF0000558
:100670004FF0000150E700BF90F0000F04BF0021D1
:10068000704730B54FF4806404F1320410F0004537
:1006900048BF40424FF000013EE700BF42004FEA32
:1006A000E2014FEA31014FEA02701FBF12F07F43AF
:1006B00093F07F4F81F06051704732F07F4208BF66
:1006C000704793F07F4F04BF41F40021704730B56D
:1006D0004FF4607401F0004521F000411CE700BFB9
:1006E00050EA010208BF704730B54FF000050AE03C
:1006F00050EA010208BF704730B511F0004502D53D
:10070000404261EB41014FF4806404F132045FEA3E
:10071000915C3FF4D8AE4FF003025FEADC0C18BFE7
:1007200003325FEADC0C18BF033202EBDC02C2F1D9
:10073000200300FA03FC20FA02F001FA03FE40EA6B
:100740000E0021FA02F11444BDE600BF70B54FF06F
:10075000FF0C4CF4E06C1CEA11541DBF1CEA13554D
:1007600094EA0C0F95EA0C0F00F0DEF82C4481EAB5
:10077000030621EA4C5123EA4C5350EA013518BFD5
:1007800052EA033541F4801143F4801338D0A0FBC2
:1007900002CE4FF00005E1FB02E506F00042E0FB6F
:1007A00003E54FF00006E1FB03569CF0000F18BF75
:1007B0004EF0010EA4F1FF04B6F5007F64F540741D
:1007C00004D25FEA4E0E6D4146EB060642EAC621B0
:1007D00041EA55514FEAC52040EA5E504FEACE2E1D
:1007E000B4F1FD0C88BFBCF5E06F1ED8BEF1004F20
:1007F00008BF5FEA500E50F1000041EB045170BD9C
:1008000006F0004646EA010140EA020081EA0301DF
:10081000B4EB5C04C2BFD4EB0C0541EA045170BDDB
:1008200041F480114FF0000E013C00F3AB8014F155
:10083000360FDEBF002001F0004170BDC4F100049E
:10084000203C35DA0C341BDC04F11404C4F120051F
:1008500000FA05F320FA04F001FA05F240EA02007A
:1008600001F0004221F0004110EBD37021FA04F6B0
:1008700042EB06015EEA430E08BF20EAD37070BD6A
:10088000C4F10C04C4F1200500FA04F320FA05F0C9
:1008900001FA04F240EA020001F0004110EBD370CB
:1008A00041F100015EEA430E08BF20EAD37070BD3B
:1008B000C4F1200500FA05F24EEA020E20FA04F314
:1008C00001FA05F243EA020321FA04F001F00041C3
:1008D00021FA04F220EA020000EBD3705EEA430E34
:1008E00008BF20EAD37070BD94F0000F0FD101F063
:1008F0000046400041EB010111F4801F08BF013C9C
:10090000F7D041EA060195F0000F18BF704703F0D9
:100910000046520043EB030313F4801F08BF013D60
:10092000F7D043EA0603704794EA0C0F0CEA13551C
:1009300018BF95EA0C0F0CD050EA410618BF52EAD6
:100940004306D1D181EA030101F000414FF00000DC
:1009500070BD50EA410606BF1046194652EA4306EA
:1009600019D094EA0C0F02D150EA013613D195EA5E
:100970000C0F05D152EA03361CBF104619460AD1A6
:1009800081EA030101F0004141F0FE4141F47001B0
:100990004FF0000070BD41F0FE4141F4780170BDA0
:1009A00070B54FF0FF0C4CF4E06C1CEA11541DBF05
:1009B0001CEA135594EA0C0F95EA0C0F00F0A7F807
:1009C000A4EB050481EA030E52EA03354FEA013134
:1009D00000F088804FEA03334FF0805545EA131347
:1009E00043EA12634FEA022245EA111545EA10650F
:1009F0004FEA00260EF000419D4208BF964244F1A6
:100A0000FD0404F5407402D25B084FEA3202B61AC4
:100A100065EB03055B084FEA32024FF480104FF498
:100A2000002CB6EB020E75EB030E22BFB61A75460C
:100A300040EA0C005B084FEA3202B6EB020E75EB9F
:100A4000030E22BFB61A754640EA5C005B084FEA07
:100A50003202B6EB020E75EB030E22BFB61A7546D4
:100A600040EA9C005B084FEA3202B6EB020E75EBDF
:100A7000030E22BFB61A754640EADC0055EA060EA0
:100A800018D04FEA051545EA16754FEA06164FEAE3
:100A9000C30343EA52734FEAC2025FEA1C1CC0D18F
:100AA00011F4801F0BD141EA00014FF000004FF01C
:100AB000004CB6E711F4801F04BF01430020B4F1DD
:100AC000FD0C88BFBCF5E06F3FF6AFAEB5EB030C95
:100AD00004BFB6EB020C5FEA500C50F1000041EB92
:100AE000045170BD0EF0004E4EEA113114EB5C045F
:100AF000C2BFD4EB0C0541EA045170BD41F4801132
:100B00004FF0000E013C90E645EA060E8DE60CEA39
:100B1000135594EA0C0F08BF95EA0C0F3FF43BAF56
:100B200094EA0C0F0AD150EA01347FF434AF95EA0D
:100B30000C0F7FF425AF104619462CE795EA0C0FF1
:100B400006D152EA03353FF4FDAE1046194622E7BE
:100B500050EA410618BF52EA43067FF4C5AE50EA98
:100B600041047FF40DAF52EA43057FF4EBAE12E788
:100B70004FF0FF3C06E000BF4FF0010C02E000BF69
:100B80004FF0010C4DF804CD4FEA410C7FEA6C5C4C
:100B90004FEA430C18BF7FEA6C5C1BD001B050EAEF
:100BA000410C0CBF52EA430C91EA030F02BF90EADA
:100BB000020F0020704710F1000F91EA030F58BF99
:100BC000994208BF90422CBFD8176FEAE37040F0FB
:100BD000010070474FEA410C7FEA6C5C02D150EA99
:100BE000013C07D14FEA430C7FEA6C5CD6D152EA54
:100BF000033CD3D05DF8040B704700BF8446104619
:100C000062468C461946634600E000BF01B5FFF717
:100C1000B7FF002848BF10F1000F01BD4DF808EDE7
:100C2000FFF7F4FF0CBF012000205DF808FB00BFB8
:100C30004DF808EDFFF7EAFF34BF012000205DF812
:100C400008FB00BF4DF808EDFFF7E0FF94BF01205F
:100C500000205DF808FB00BF4DF808EDFFF7CEFF60
:100C600094BF012000205DF808FB00BF4DF808ED9F
:100C7000FFF7C4FF34BF012000205DF808FB00BF70
:100C80004FEA410C7FEA6C5C02D150EA013C0AD188
:100C90004FEA430C7FEA6C5C02D152EA033C02D17A
:100CA0004FF0000070474FF0010070474FEA4102DB
:100CB00012F5001215D211D56FF47873B3EB6252AE
:100CC00012D94FEAC12343F0004343EA505311F0D5
:100CD000004F23FA02F018BF404270474FF0000067
:100CE000704750EA013005D111F0004008BF6FF0A5
:100CF000004070474FF00000704700BF4A0011D21B
:100D000012F5001211D20DD56FF47873B3EB625265
:100D10000ED44FEAC12343F0004343EA505323FA71
:100D200002F070474FF00000704750EA013002D1E6
:100D30004FF0FF3070474FF0000070474FEA41021C
:100D4000B2F1E04324BFB3F5001CDCF1FE5C0DD929
:100D500001F0004C4FEAC0024CEA5070B2F1004F73
:100D600040EB830008BF20F00100704711F0804F76
:100D700021D113F13872BCBF01F00040704741F43B
:100D800080114FEA5252C2F11802C2F1200C10FA3F
:100D90000CF320FA02F018BF40F001004FEAC12323
:100DA0004FEAD32303FA0CFC40EA0C0023FA02F3C7
:100DB0004FEA4303CCE77FEA625307D150EA01339D
:100DC0001EBF4FF0FE4040F44000704701F000406D
:100DD00040F0FE4040F40000704700BF80F000404B
:100DE00002E000BF81F0004142001FBF5FEA410303
:100DF00092EA030F7FEA226C7FEA236C6AD04FEA03
:100E00001262D2EB1363C1BFD21841404840414047
:100E1000B8BF5B42192B88BF704710F0004F40F4F9
:100E2000000020F07F4018BF404211F0004F41F415
:100E3000000121F07F4118BF494292EA030F3FD0E1
:100E4000A2F1010241FA03FC10EB0C00C3F12003F4
:100E500001FA03F100F0004302D5494260EB400083
:100E6000B0F5000F13D3B0F1807F06D340084FEAEE
:100E7000310102F10102FE2A51D2B1F1004F40EBE3
:100E8000C25008BF20F0010040EA0300704749004B
:100E900040EB0000013A28BFB0F5000FEDD2B0FAE8
:100EA00080FCACF1080CB2EB0C0200FA0CF0AABF0B
:100EB00000EBC25052421843BCBFD04018437047A9
:100EC00092F0000F81F4000106BF80F400000132AF
:100ED000013BB5E74FEA41037FEA226C18BF7FEA86
:100EE000236C21D092EA030F04D092F0000F08BFC8
:100EF0000846704790EA010F1CBF0020704712F0AF
:100F00007F4F04D1400028BF40F00040704712F1ED
:100F100000723CBF00F50000704700F0004343F052
:100F2000FE4040F4000070477FEA226216BF084688
:100F30007FEA23630146420206BF5FEA412390EA4B
:100F4000010F40F4800070474FF0000304E000BF41
:100F500010F0004348BF40425FEA000C08BF7047F2
:100F600043F0964301464FF000001CE050EA0102B6
:100F700008BF70474FF000030AE000BF50EA0102CB
:100F800008BF704711F0004302D5404261EB4101B8
:100F90005FEA010C02BF84460146002043F0B643DD
:100FA00008BFA3F18053A3F50003BCFA8CF2083A02
:100FB000A3EBC25310DB01FA02FC634400FA02FC0B
:100FC000C2F12002BCF1004F20FA02F243EB020012
:100FD00008BF20F00100704702F1200201FA02FC74
:100FE000C2F1200250EA4C0021FA02F243EB020067
:100FF00008BF20EADC7070474FF0FF3C06E000BFFE
:101000004FF0010C02E000BF4FF0010C4DF804CD91
:101010004FEA40024FEA41037FEA226C18BF7FEAA1
:10102000236C11D001B052EA530C18BF90EA010FA3
:1010300058BFB2EB030088BFC81738BF6FEAE17032
:1010400018BF40F0010070477FEA226C02D15FEACE
:10105000402C05D17FEA236CE4D15FEA412CE1D03A
:101060005DF8040B704700BF844608466146FFE701
:101070000FB5FFF7C9FF002848BF10F1000F0FBDE3
:101080004DF808EDFFF7F4FF0CBF012000205DF8DC
:1010900008FB00BF4DF808EDFFF7EAFF34BF012061
:1010A00000205DF808FB00BF4DF808EDFFF7E0FFFA
:1010B00094BF012000205DF808FB00BF4DF808ED4B
:1010C000FFF7D2FF94BF012000205DF808FB00BFAE
:1010D0004DF808EDFFF7C8FF34BF012000205DF890
:1010E00008FB00BF4FEA40024FEA41037FEA226C4F
:1010F00002D15FEA402C08D17FEA236C02D15FEA7B
:10110000412C02D14FF0000070474FF001007047B2
:101110007BB972B90029BEBF00204FF0004106E044
:1011200008BF00281CBF6FF000414FF0FF30FFF7F1
:101130004FB9ADF1080C6DE904CE002909DB002B95
:101140001ADB00F092F8DDF804E0DDE9022304B0D8
:101150007047404261EB4101002B1BDB00F085F83A
:10116000DDF804E0DDE9022304B0404261EB410117
:10117000524263EB43037047524263EB430300F078
:1011800074F8DDF804E0DDE9022304B0404261EBCD
:1011900041017047524263EB430300F066F8DDF80B
:1011A00004E0DDE9022304B0524263EB43037047DD
:1011B00053B94AB9002908BF00281CBF4FF0FF31BE
:1011C0004FF0FF30FFF704B9ADF1080C6DE904CE24
:1011D00000F04BF8DDF804E0DDE9022304B07047CD
:1011E00010F8012B11F8013B012A28BF9A42F7D0D1
:1011F000D01A7047034611F8012B03F8012B002A7F
:10120000F9D17047034613F8012B002AFBD1181AB5
:1012100001387047430803F05533C01A00F03333E8
:10122000800800F03330184400EB10104FF0013309
:1012300000F00F305843000E704708B502460B46C9
:1012400043EC172BB5EEC07BF1EE10FA03D4BDE8EA
:101250000840FFF775B8B1EE477B51EC170BFFF76D
:101260006FF8404261EB410108BD2DE9F047864629
:101270008C460846089E154674461946002B40F0D9
:10128000C2808542B2FA82F245D94AB1C2F1200346
:1012900000FA02FC2EFA03F3954043EA0C0C94404A
:1012A0004FEA154EA8B2BCFBFEF8230C0EFB18CC7F
:1012B00008FB00F943EA0C43994528D9EB1808F1DB
:1012C000FF3704D2994502D9A8F102072B44A3EBBA
:1012D0000903A4B2B3FBFEFC0EFB1C330CFB00F0B5
:1012E00044EA0344A04214D92C190CF1FF3304D270
:1012F000A04202D9ACF102032C44241A43EA07406D
:101300001EB1D440002334607360BDE8F0874746C7
:10131000DDE76346F1E792BB431B01214FEA154E1F
:10132000AFB2B3FBFEFC200C0EFB1C330CFB07F82A
:1013300040EA0343984562D9EB180CF1FF3004D220
:10134000984502D9ACF102002B44A3EB0803A4B2E8
:10135000B3FBFEFC0EFB1C330CFB07F744EA034413
:10136000A7424ED92C190CF1FF3304D2A74202D95F
:10137000ACF102032C44E41B43EA0040C0E7C2F195
:10138000200320FA03F1954090402EFA03F3034323
:101390004FEA154EAFB2B1FBFEFC0EFB1C10190C50
:1013A0000CFB07F841EA0041884504FA02F422D90F
:1013B00069180CF1FF3004D2884502D9ACF1020063
:1013C0002944A1EB08019BB2B1FBFEFC0EFB1C11F2
:1013D0000CFB07F743EA01439F420ED9EB180CF1CF
:1013E000FF3104D29F4202D9ACF102012B44DB1B36
:1013F00041EA004192E76046E3E76146F7E760466D
:10140000A3E76346B7E7834206D916B90021084629
:101410007BE7C6E900E0F9E7B3FA83F78FB98342C7
:1014200001D3724508D8BEEB020460EB0303012030
:101430009C461EB9002168E73846FAE7C6E9004C29
:10144000F8E7C7F1200CBB4022FA0CF41C432EFA3B
:101450000CF120FA0CF3B84001434FEA14490EFA9C
:1014600007F5B3FBF9F81FFA84FE09FB18300B0CE3
:1014700008FB0EFA43EA00439A4502FA07F240D904
:10148000E31808F1FF3004D29A4502D9A8F102000E
:101490002344A3EB0A0389B2B3FBF9F809FB183321
:1014A00008FB0EFE41EA03418E452CD9611808F174
:1014B000FF3304D28E4502D9A8F10203214443EA46
:1014C0000040A0FB0298A1EB0E014145CE464346E9
:1014D00002D306D14D4504D2B9EB020E68EB0403EA
:1014E0000138002EA6D0B5EB0E0261EB030101FA24
:1014F0000CFC22FA07F34CEA0303F940C6E9003179
:1015000098E74046C5E74346D9E7000000000000E1
:101510002DE9F047044688B0884617463EF014F897
:101520000A220023FFF744FEB8F1010F06460D46DC
:1015300007D102460B46204627492FF0DDFF002049
:1015400011E07F6825483946FFF74AFE70B13946F9
:101550002348FFF745FE48B120463A4621492FF07F
:10156000E7FF6FF0040008B0BDE8F0873046294679
:1015700017A3D3E90023FFF7CBFD06460D4610461F
:101580001946194A0023FFF7C3FD80460F4610464F
:1015900019464EF660220023FFF7BAFD82468946BF
:1015A000104619464FF47A720023FFF7B1FDCDE9DA
:1015B00002A9CDE90623CDE9040132462B460B49A9
:1015C0002046CDE900872FF097FFB8E7AFF3008002
:1015D000005C2605000000008C5608089D5608088F
:1015E000A0560808A956080880EE3600C15608081B
:1015F000012870B50C4607D01D4B16223EF0B0FCFA
:101600001A504FF0FF3070BD8A681A4B9A42F3D8D7
:101610003DF09AFF184D23686668A3FB0532A46865
:1016200005FB06221B19154D42EBE474A0FB0502D5
:10163000181A05FB01210CA3D3E9002364EB010177
:10164000FFF766FDEFF31184102383F31288BFF3D5
:101650006F8F0B4BC3E900019A6084F31188BFF3CD
:101660006F8F0020CFE700BF00CA9A3B0000000048
:1016700014000000FFC99A3B00CA9A3BA0860100F3
:10168000D03F00240000000000292DE9F04F8BB06E
:10169000D0F81080446805DD6FF0150738460BB0B0
:1016A000BDE8F08FD8F80030D4E90069002B4BD1A9
:1016B000A389A5680793B36808AA494630465B68C2
:1016C0009847071EEADB4FF0FF3ADDE9087BA5FBF0
:1016D000072305FB0B330592049333A3D3E90023BF
:1016E000DDE90410FFF764FD059B049A9A45304B31
:1016F0000690934102D26FF08507CFE76B08A3FBFA
:10170000075703FB0B77284627A3D3E90023394665
:10171000FFF74EFDAA45264A0346BA41EBD3069988
:10172000B2689942B8D30799304600914946156886
:10173000069AA84707460028B0D1208A3CF0A5FFAA
:10174000012388F80430A9E7B36808AA494630465F
:101750005B68984707460028A0D10346D8F80020C8
:10176000DDE90801FFF724FD1A430DD011490B688C
:1017700013F0060F08D0104B022238460097CDE92F
:1017800001733B4616F0C4FAD8F800200023DDE9C7
:101790000801FFF70DFDA5890246D4E90001836821
:1017A00000951D685308C4E700CA9A3B000000007A
:1017B000FFC99A3BD4150024D09908080000000006
:1017C0002DE9F0472DED028B9FED578B86B0074634
:1017D000056941F28832002305F1D4002BF0C8FAE4
:1017E000002878D195F8F8382BB90123286885F8B6
:1017F000F83832F00DF8DFF84C813C69002305A978
:1018000004F10C00059338F028FD01460028E0D1D2
:10181000059E002E34D12068334632468DED008B74
:1018200010F006FF044600282ED141490B685A07E4
:1018300007D0404B01220096CDE90163334636F0D4
:10184000A7FA0024059E0023002E41D1002CC0D011
:101850002146A06932F0E1FA0028CEDA34490B685B
:101860005B0709D0344B0122039030460096CDE946
:101870000163334636F08CFA204633F01EFFBCE796
:10188000B38836681944C4E7059E4FF4BF69DFF892
:10189000B8A0002ED6D0A6EB0801B2882046C91009
:1018A00009FB01A134F061F980B121490B685B07A4
:1018B00008D0224B0122029300231846CDE90033C1
:1018C00036F066FA204633F0F8FEBAE73668E0E70D
:1018D000B3713668B8E70B307FF47BAF1848836884
:1018E000DB68002B3FF475AF04AA01219847C0B212
:1018F00000287FF46EAF049B95F8F82813F00403DA
:1019000009D0002A7FF465AF0123286885F8F838EC
:1019100031F07EFF5DE7002A3FF45BAF286885F871
:10192000F83831F08CFF54E7E803000000000000B5
:10193000E81500241E9F0808F49E0808399F08082F
:101940002C09080880840024E018043000000000FE
:1019500001292DE9F04F4AD889B39FED275B9FED10
:10196000286B9FED297B0FF2C80BDBE900AB0FF270
:10197000C809D9E9008932A7D7E9006732A5D5E9B6
:10198000004533A3D3E900239FED214B80ED045B99
:1019900080ED066B80ED004B80ED024B80ED087B07
:1019A000C0E90AABC0E90C89C0E90E67C0E910457F
:1019B000C0E91223C0F8D0100020BDE8F08F9FEDE1
:1019C000165B9FED176B9FED187B0FF28C0BDBE91D
:1019D00000AB0FF28C09D9E9008923A7D7E900678A
:1019E00023A5D5E9004524A3D3E90023CCE76FF074
:1019F0007400E2E7AFF30080D89E05C15D9DBBCBCC
:101A000007D57C362A299A6217DD70305A01599120
:101A1000000000000000000008C9BCF367E6096A86
:101A20003BA7CA8485AE67BB2BF894FE72F36E3C6D
:101A300039590EF7D8EC2F15310BC0FF67263367E5
:101A400011155868874AB48EA78FF9640D2E0CDBE8
:101A5000A44FFABE1D48B547F1361D5F3AF54FA5B4
:101A6000D182E6AD7F520E511F6C3E2B8C68059BD8
:101A70006BBD41FBABD9831F79217E1319CDE05B90
:101A80002DE9F84F2DED028B81468846002219F88A
:101A90000230202B02F1010100F0A381A3F1090023
:101AA000042840F29E812B2B0D4633D02D2B36D0AF
:101AB0001846042440F02003692B32D06E2B61D0ED
:101AC00000224FF00A0A964694461346114614F433
:101AD00000666CD040F02007A7F1610BBBF1050F49
:101AE00065D8573FFFB2BA4540F3F58044F0800611
:101AF000E005B6B269D5F40506F400707AD5002F7A
:101B000018BF4CF0010C00B9013219F80500344639
:101B10000135DCE7042419F80100951CCAE74424C8
:101B2000F9E79FEDB18BB64B13F8011B51B119F8D2
:101B3000052042F020028A4205F1010026D0B14A78
:101B4000934230D1B4EE488BF1EE10FA0AD019F876
:101B50000530282B06D1013519F80530292B05F160
:101B6000010515D1630601D5B1EE488BB8F1000F20
:101B700002D04D44C8F80050B0EE480BBDEC028BCB
:101B8000BDE8F88F9FED9A8B9F4BCDE70546CBE7DD
:101B900023F02002413A192ADED9A3F13002092AA2
:101BA000DAD95F2BD8D09FED948B0025DEE7A0F12A
:101BB0003007FFB257452DDA44F0800614F48070E8
:101BC000B6B298D1BAF10A0F06D0BEF10F0F92DD6E
:101BD00044F4C076B6B28EE7BEF1100F8BDD44F44C
:101BE000C076042FB6B286D9052F08BF07464FF03E
:101BF000020C80E700B1013AAAFB0334FB180AFB90
:101C0000014444F1000153EA01003FF47EAF0EF1BC
:101C1000010E7AE7FE2F5ED1A70558D52006C2D562
:101C2000002E40F09B8053EA010005F1FF3500F0E3
:101C3000D580200540F1B6803632B1F5800FC0F076
:101C40009680724FB1F5000F80F09580BA42C0F2D5
:101C500092804CEA030303F00306032E084604D0E7
:101C600003F00606062E40F08F80043341F1000099
:101C7000B0F5000FC0F088800132B2F5806F80F2BD
:101C8000AA8000234FF4801102F2FF3221F4801168
:101C90001E4641EA025747EC186BB0EE480B2EF097
:101CA00035F80138022804D83EF05AF9584B222260
:101CB0001A50B0EE480B2EF029F8013802283FF6F2
:101CC00051AF3EF04DF9524B22221A504AE744F4EC
:101CD0000076B6B219E740F02000782804F08007BB
:101CE00009D147B153EA010A05D144F40066B6B2FE
:101CF0004FF0100A09E7002F3FF455AF86B392006A
:101D0000702686428FD119F805002B2805F10106AF
:101D100004D02D2826D144F48064A4B219F806001A
:101D2000A0F13006092E3FF67EAFAE1C354640F2DC
:101D3000D34A00264FF00A0B5645DCBF30380BFB68
:101D4000060619F80500A0F13007092F05F1010575
:101D5000F2D9670548BF7642324464E72E20CEE7C9
:101D60006526CEE7A0F13007092FDFD95BE7DB1846
:101D70004941013A61E75E0846EAC17603F0010392
:101D80003343490801325DE7B2F5806F23DA9B08DF
:101D9000B0F5800F43EA80734FEA9001BFF474AF4F
:101DA000002275E70EEB020010F5A27F10DDB0F502
:101DB0009B7F10DA03F0010040EA0C00013080083C
:101DC000181841F1000100F027F8B0EE408B70E7E1
:101DD0009FED098B6DE79FED048B6AE79FED068B06
:101DE000C0E60A4653E600BF000000000000F07F96
:101DF000000000000000F87F00000000000000006C
:101E00004BC608084EC6080848C6080802FCFFFF73
:101E100014000000000000002DE9FF478046164630
:101E20000F46002900F0A280B1FA81F4341B002E85
:101E300004F10A04C0F2A28030462DF049FE0444A9
:101E400030462DF04BFEA4EB0609054669463046A8
:101E50002DF06CFEA9EB05037D336A4640463946FA
:101E60003DF0A3FEA64282460D4600F38380B9F101
:101E70003F0F00F381804FF0FF33A9F1200003FAF8
:101E800000F003FA09F2C9F12001024323FA01F13B
:101E90000A4303FA09F328EA030327EA0202134379
:101EA0000CBF01200020002D00F08A80B5FA85F3D8
:101EB000E31A03F23E4340F2FE72934200F389803C
:101EC000002B23EAE376CCBF32460122121BA2F29A
:101ED0003341C1F1200CA2F23447A2F253442AFA52
:101EE00001F305FA0CFC43EA0C0325FA04F4C7F1EC
:101EF000200EA2F2544C234305FA0EFE2AFA07F4F0
:101F000025FA0CFC44EA0E0444EA0C0414F0010F18
:101F100025FA01F1C7F1200CA2F2544254D0A8B125
:101F20004FF0FF3000FA02F200FA07F4144320FAEF
:101F30000CF2B84014432AEA000A03F0010225EA31
:101F400004054AEA020A5AEA050A3DD0013341F182
:101F50000002C2F3130253EA020138D0184642EAE3
:101F6000065141EC100B04B0BDE8F087B0FA80F4E4
:101F700020345BE7012096E7002094E7C6F10009D2
:101F800048462DF0ABFD241A48462DF0A7FDA61BB0
:101F90000546694648462E442DF03CFE06F17C037A
:101FA0006A46404639463DF000FE82460D464046B0
:101FB00039462DF0A3FD81458CBF0020012072E73A
:101FC000BAFA8AF3203373E7C1F31302C6E7013686
:101FD000C4E79FED010BC6E7000000000000F07FA2
:101FE00010EE902A764922F000438B4217D97549AA
:101FF0008B4203D805D110EE103A13B130EE000B2E
:102000007047002A9FED500B04DD9FED517B37EEAA
:10201000000B70479FED507B37EE400B70476A49CD
:102020008B4212D8A1F1DE718B420BD8B7EE006B58
:102030009FED4B7B30EE077BB4EEC67BF1EE10FAE2
:1020400000F381804FF0FF3315E06049B0EEC07BB4
:102050008B424FD8B7EE006BA1F550218B4241D88F
:1020600037EE075B35EE465B0023B0EE006B37EED4
:10207000067B85EE070B9FED3C7B20EE005B25EE9B
:10208000056B9FED3B4B06EE074B9FED3B7B04EE54
:10209000067B9FED3B4B07EE064B9FED3B7B04EE33
:1020A000067B9FED3B4B9FED3C3B07EE064B9FEDC8
:1020B0003C7B16EE073B9FED3C7B13EE067B9FEDD2
:1020C0003C3B17EE063B9FED3C7B591C13EE067B19
:1020D00027EE067B04EE057B27EE007B1FD130EE5A
:1020E000470B704737EE465B012337EE066B85EEF4
:1020F000060BC0E736498B420BD2B7EE085BB7EE52
:10210000006B37EE454B07EE056B022384EE060BA2
:10211000B1E7BFEE006B032386EE070BABE72D495B
:102120002D4801EBC30100EBC30393ED006B37EEC9
:10213000467B37EE407B91ED000B002A30EE470BDB
:10214000B8BFB1EE400B7047075C143326A6913C34
:10215000182D4454FB21F93F182D4454FB21F9BF9D
:102160009C7500883CE4377E11DA22E33AAD903F5B
:10217000EB0D76244B7BA93F513DD0A0660DB13FBE
:102180006E204CC5CD45B73FFF8300922449C23F26
:102190000D5555555555D53F9AFDDE522DDEAD3FB7
:1021A0002F6C6A2C44B4A2BF6D9A74AFF2B0B33FE7
:1021B000711623FEC671BC3FC4EB98999999C93F2B
:1021C000FFFF0F440000F07FFFFFDB3FFFFFF23F08
:1021D00000800340E8270808C8270808000000001E
:1021E0007FB58DED000B019B214A23F00043934204
:1021F00006D89FED1D1B07B05DF804EB00F018BA80
:102200001C4A934204D907B05DF804EB00F0F8B91A
:1022100002A800F031F800F0030001280BD00228DA
:1022200012D0C0B99DED041B9DED020B00F000FA29
:1022300007B05DF804FB9DED041B9DED020B00F063
:10224000E3FCB1EE400BF3E79DED041B9DED020BAB
:1022500000F0EEF9F5E79DED041B9DED020B01206A
:1022600000F0D2FCE4E700BF000000000000000026
:10227000FB21E93FFFFFEF7FF0B510EE907A984B1E
:1022800027F00041994289B0064607D80022002372
:1022900080ED000BC0E9022300201BE0914B994226
:1022A0003BD8A3F51B23002F9FED7D7BA3F5F063A7
:1022B00019DD30EE470B99420ED09FED7B6B30EE6F
:1022C000467B30EE470B86ED007B30EE460B86ED0D
:1022D000020B012009B0F0BD9FED757B9FED766B81
:1022E00030EE470BEBE7994230EE070B0ED09FED37
:1022F0006E6B30EE067B30EE470B86ED007B30EEEA
:10230000060B4FF0FF3086ED020BE3E79FED687B95
:102310009FED696B30EE070BEBE7734B99426CD87E
:10232000B0EEC00BB6EE007B9FED656B00EE067B5A
:10233000FDEEC77BB8EEE75B17EE900A9FED587B8A
:1023400005EE470B9FED587B1F2825EE077B30EEEF
:10235000476B05DC654B421E53F822308B4209D196
:1023600016EE903AC3F30A53C3EB1153102B4FEA06
:10237000215202DC86ED006B1AE09FED4D4B25EEFD
:10238000044B30EE446B30EE467B37EE447B9FEDE2
:102390004A4B15EE047B36EE474B14EE903AC3F3EE
:1023A0000A53D31A312B17DCB0EE460B86ED004BE7
:1023B00096ED006B002F30EE460B30EE470B86EDAE
:1023C000020B87DAB1EE466BB1EE400B86ED006B87
:1023D00086ED020B40427DE79FED3B7B25EE077BC0
:1023E00036EE470B36EE406B36EE477B9FED386B93
:1023F00015EE067B30EE476BBCE73D4B994206D9A4
:1024000030EE400B80ED020B80ED000B44E70A1527
:1024100010EE103AA2F21642A1EB02551C4645EC12
:10242000174BBDEEC76B9FED2C5BB8EEC66B37EE5E
:10243000467B8DED026B27EE057BBDEEC76B08A8D2
:10244000B8EEC66B37EE467B8DED046B27EE057B51
:102450008DED067B032130ED027BB5EE407BF1EE86
:1024600010FA0B4601F1FF31F5D02249019102210A
:10247000009102A8314600F043F9002FBFF62AAFC1
:1024800096ED007BB1EE477B86ED007B96ED027BFF
:10249000B1EE477B86ED027B9CE700BFAFF3008087
:1024A00000004054FB21F93F3163621A61B4D03D12
:1024B0000000601A61B4D03D7370032E8A19A33BEB
:1024C00083C8C96D305FE43F0000002E8A19A33B2A
:1024D000C14920259A837B3900000000000070412B
:1024E000FB21E93F7BD90240FB213941784C0808A8
:1024F000FFFFEF7FF84C08087FB58DED000B019BC7
:10250000234A23F00043934207D89FED1F1B00206E
:1025100007B05DF804EB00F077BB1E4A934204D984
:1025200007B05DF804EB00F06BB802A8FFF7A4FE5B
:1025300000F0030001280CD0022811D0D0B99DED85
:10254000041B9DED020B012000F05EFB07B05DF85F
:1025500004FB9DED041B9DED020B00F069F8F5E70F
:102560009DED041B9DED020B012000F04DFBB1EE33
:10257000400BEBE79DED041B9DED020B00F058F8BE
:10258000F5E700BFAFF3008000000000000000008E
:10259000FB21E93FFFFFEF7F7FB58DED000B019B36
:1025A000154A23F00043934207D89FED111B0120E9
:1025B00007B05DF804EB00F07FBB104A934204D9EA
:1025C00007B05DF804EB00F01BB802A8FFF754FE5B
:1025D000400000F002009DED041B9DED020BC0F1D8
:1025E000010000F069FB07B05DF804FBAFF3008069
:1025F0000000000000000000FB21E93FFFFFEF7F2B
:1026000008B52DED028BB0EE408B2DF07FFB20B98D
:1026100038EE080BBDEC028B08BD9FED037B87EE07
:10262000070BF7E7AFF30080000000000000000098
:10263000B0EE407B17EE901AB7EE000B21F0004190
:10264000B1F1795F39D327EE075BB6EE006B9FEDF2
:102650001E3B27EE017B25EE066B9FED1D4B05EE25
:10266000034B9FED1D3B14EE053B9FED1D4B03EE11
:10267000054B9FED1D3B204B14EE053B9FED1C4B86
:10268000994203EE054B24EE054B14EE057B04D86E
:1026900036EE477B30EE470B7047184B99420DD80A
:1026A0000022A1F5001343EC152B30EE450B36EE5E
:1026B000456B36EE476B30EE460B7047B5EE025B6E
:1026C000F3E700BFAFF30080D43888BEE9FAA8BDB5
:1026D000C4B1B4BD9EEE213EAD529C804F7E923E71
:1026E0009015CB19A001FA3E7751C1166CC1563F27
:1026F0004C5555555555A53F3233D33F0000E93F62
:102700002DE9F04F2DED068BADF5137D9A460F4662
:10271000BF4BA299A39E53F82190019012F1140F80
:10272000A8BFD31E0AF1FF3BB8BF00236FF0170507
:102730009FEDB16BA4BF182193FBF1F303FB05558B
:10274000A3EB0B00154409EB0B040DF1680E06EB2F
:10275000800C0022A2420EDD1AAA02EBCA020DF57D
:10276000D47E00244C4525DC9FEDA37BDDF804C01E
:102770001046002115E0D04209D45CF8221007EE83
:10278000901AB8EEE77BAEEC027B0132E2E7B0EEE6
:10279000467BF8E7BCEC025B90ED006B013105EE87
:1027A000067B5945A0F10800F4DDAEEC027B013454
:1027B0000832D7E706AA9FED929B9FED93AB02EB01
:1027C000890206EB8303039202934C46E3000493D1
:1027D00092AB03EBC40313ED280B6AAA06AB02EB22
:1027E000C402184621460029A2F1080249DC284605
:1027F000059300F07DFBB4EE007BB2EE006BB0EE13
:10280000408B20EE077BBBFE477B07EE468BFDEE41
:10281000C87B002D17EE908A059BB8EEE77B38EE5B
:10282000478B40DD611E06AAC5F1180052F82160F1
:1028300046FA00F290448240B61A06AA42F8216095
:10284000C5F117021641002E3CDD002108F10108F8
:1028500008466FF07F4E8C4267DC002D04DD012DB1
:102860007ED0022D00F08680022E2BD1B7EE000B19
:1028700030EE488B30B3284600F03AFB38EE408B00
:1028800020E020EE097BBDEEC77B0139B8EEC77BA7
:1028900007EE4A0BBDEEC00BA0EC010A92ED000B57
:1028A00037EE000B9FE705D1621E06A951F82260A2
:1028B000F615C8E7B6EE007BB4EEC78BF1EE10FA62
:1028C00031DA0026B5EE408BF1EE10FA40F0A4802C
:1028D000621E00214A4554DA00296DD0013C06AB46
:1028E000183D53F82430002BF8D0B7EE000B2846E3
:1028F00000F0FEFA9FED426B621C6AA9D30001EB67
:10290000C2012246002A80F2B1802246002AC0F28B
:10291000CF806AA901EBC2059FED377BDFF8F4C0D9
:102920000020A11AB9E002268FE79C465CF8042B30
:1029300058B97AB10131C2F180728C424CF8042C42
:102940000CDDDCF8002003F1080CAEEB02024CF8C1
:10295000042C01220131634610467CE701207CE70C
:10296000621E06AB53F82230C3F3160306A941F8E2
:10297000223079E7621E06AB53F82230C3F3150309
:10298000F4E706AB53F82230013A1943A2E70133CA
:1029900052F8041D0029FAD0049A02F512726A4412
:1029A00004EB0A011AAE601C983A06EBC1012344FD
:1029B000834204DA1C4609E7039A0123E8E7029CF4
:1029C000019E54F82040049407EE904AB8EEE77B4D
:1029D0000024A1EC027B9FED087B8C465C4503DD67
:1029E000A2EC027B0130E3E7B6EC025B3CED026B4C
:1029F000013405EE067BF1E7000000000000000056
:102A0000000000000000703E000000000000704167
:102A1000004E0808082808086842B0EE480B00F08D
:102A200067FA9FED736BB4EEC60BF1EE10FA17DB8D
:102A30009FED717B20EE077BBDEEC77B06AAB8EE4B
:102A4000C75B05EE460BBDEEC00B183510EE103A15
:102A500042F8243017EE103A013442F8243044E7AB
:102A6000BDEEC00B06AA10EE103AF6E706A850F825
:102A70002200019007EE900A013AB8EEE77B27EEBC
:102A8000007B20EE060B21ED027B3BE7BCEC025BFA
:102A9000B5EC026B013005EE067B484501DC814256
:102AA000F4DA42A800EBC10181ED007B013A2DE789
:102AB000A29A022A0ADC002A2DDC46D008F0070080
:102AC0000DF5137DBDEC068BBDE8F08FA29A032AAD
:102AD000F4D142A9A3F108020A4411462046002875
:102AE000A1F1080152DC21460129A2F108025DDCB6
:102AF0009FED437B42AA1344012C67DC9DED425BB2
:102B00009DED446B002E67D187ED005B87ED026B76
:102B100087ED047BD2E79FED3A6B42AA134422462D
:102B2000002A24DA4EB3B1EE467B87ED007B9DEDA3
:102B3000427B44AA012337EE467B9C4220DA0EB149
:102B4000B1EE477B87ED027BB8E79FED2D7B42AA74
:102B50001344002C05DA0EB1B1EE477B87ED007B04
:102B6000ACE733ED026B013C37EE067BF1E733ED6A
:102B7000027B013A36EE076BD2E7B0EE467BD4E734
:102B8000B2EC026B013337EE067BD6E791ED007BAA
:102B900091ED025B013837EE056B37EE467B81ED38
:102BA000006B37EE057B81ED027B98E792ED007BB1
:102BB00092ED025B013937EE056B37EE467B82ED15
:102BC000006B37EE057B82ED027B8DE733ED026B08
:102BD000013C37EE067B8FE7B1EE455BB1EE466B0D
:102BE00087ED005BB1EE477B87ED026B90E700BF9E
:102BF0000000000000007041000000000000703E76
:102C00000000000000000000B0EE407B17EE903A9C
:102C100023F00043B3F1795F01D200F0F9B99FEDE1
:102C2000186B20EE005B20EE054B9FED173B15EE79
:102C3000063B9FED176B03EE056B9FED173B16EE02
:102C4000053B9FED176B03EE056B40B99FED163BFF
:102C500015EE063B03EE047BB0EE470B704724EE07
:102C6000066BB6EE003B11EE036B16EE051B9FEDF7
:102C7000106B04EE461B30EE410B7047AFF3008043
:102C80007CD5CF5A3AD9E53DEB9C2B8AE6E55A3EF6
:102C90007DFEB157E31DC73ED561C119A0012A3F92
:102CA000A6F810111111813F495555555555C53F8D
:102CB000495555555555C5BF10EE903A8A4923F0F0
:102CC00000428A4210B533D8FDEEC07B17EE901A51
:102CD000002943D110EE104A431C2343134306D16D
:102CE000B0EEC07BB7EE006B86EE070B10BD01287F
:102CF000FCD030EE017BBFEE006B53EC172B86EE61
:102D0000074B0A4643EC152BB7EE006B53EC142B24
:102D100035EE400B0A4643EC172B31EE400B05EE27
:102D2000076B00EE076B06EE047BB0EE470BDDE7AA
:102D30006E498A4212D99FED4C7B002BB8BFB1EE91
:102D4000400B37EE407B9FED4A0BB8BFB1EE411B05
:102D500030EE410B9FED481B30EE070B20EE006B71
:102D60009FED475B26EE067B20EE063B9FED464B34
:102D700007EE054B9FED465B04EE075B9FED464B70
:102D800005EE074B9FED465B04EE075B9FED464B60
:102D90009FED472B05EE074B9FED475B07EE025B70
:102DA0009FED472B05EE072B9FED475B02EE075B80
:102DB0009FED472B05EE072B9FED475B4B4902EE3E
:102DC000075BB0EE457BB0EE415B04EE067B07EEA1
:102DD000035B9FED437B05EE061B8A4203EE071B58
:102DE00030EE016B1DD926EE064B9B1707EE900ABD
:102DF00003F00203C3F10103B8EEE77B36EE076B85
:102E000084EE065B35EE416B30EE466B36EE066BBC
:102E100037EE466B07EE903AB8EEE70B26EE000B66
:102E200064E701281AD0BFEE007B87EE065B51EC09
:102E3000160BB7EE006B53EC152B0020024643EC4B
:102E4000172B41EC140B04EE076B34EE400B31EE04
:102E5000401B01EE076B06EE057B66E7B0EE460B06
:102E600044E700BFAFF30080182D4454FB21E93F35
:102E7000075C143326A6813C00000000000000001F
:102E8000D47ABF74702AFB3EE9A7F0320FB8123F24
:102E900068108D1AF726303F1583E0FEC8DB573FD8
:102EA00093846EE9E326823FFE41B31BBAA1AB3F98
:102EB000735360DBCB75F3BEA69237A0887E143FB8
:102EC0000165F2F2D844433F280356C9226D6D3F95
:102ED00037D60684F464963F7AFE10111111C13F73
:102EE000635555555555D53FFFFF2F3E2794E53F78
:102EF00010EE902AC2F30A5310B41146C3B910EE73
:102F0000103A22F000421A4318D09FED277B2A4C3A
:102F100020EE070B10EE902AA042C2F30A5311468E
:102F2000A3F136030DDAD00F5DF8044B00F048B87A
:102F300040F2FF72934204D130EE000B5DF8044B77
:102F400070474CF25032904204DD5DF8044BC80FDC
:102F500000F04AB8184440F2FE739842F5DC0028AD
:102F60000ADD21F0FF4153EC102B21F4E00141EA8E
:102F7000005343EC102BE1E710F1350F01DAC80FD5
:102F8000D2E721F0FF4153EC102B363021F4E00161
:102F90009FED077B41EA005343EC102B20EE070B1B
:102FA000CCE700BFAFF300800000000000005043FA
:102FB000000000000000903CB03CFFFF000000005B
:102FC0009FED050B9FED067B002800FE077B27EE9B
:102FD000000B7047AFF300800000000000001000FD
:102FE00000000000000010809FED050B9FED067BA8
:102FF000002800FE077B27EE000B7047AFF3008030
:10300000FFFFFFFFFFFFEF7FFFFFFFFFFFFFEFFF70
:103010009FED076BB7EE007B82B037EE067B8DED40
:10302000007BDDE9002302B0704700BFAFF30080F2
:1030300000000000000010000023094AC2F8983088
:10304000D2F8A010C90005D5D2F8A01081F08051A7
:10305000C2F8A0100133082BF0D10020704700BF48
:1030600000ED00E01FB500F055F9034648B9064AE7
:1030700001AC07CA84E807001946204600F00EF9A3
:103080000346184604B010BD1822080870B5ADF507
:10309000107D042003A901F015FC044638B1014657
:1030A0004C482DF091FA20460DF5107D70BD01467B
:1030B000102308AA03982DF081FE044610B10146A2
:1030C0004548EEE79DF82730012B05D1BDF82C20AF
:1030D00042F241339A4205D040486FF015042DF07A
:1030E00073FAE0E79DF82E300A9EDB072CD53C4BA7
:1030F0003CF036FF18583BF04FFF3A49FEF770F8A6
:1031000010BB03F015FC384D21462EF060F9204627
:1031100001F0D6FFAE68336D1BB10CAA042128461E
:1031200098474FF47A7000213CF008F80C9B002B74
:10313000F1D003F0FDFB04232C4A00930123126815
:10314000294904F07BFAAEE79DF82E5015F00205F0
:103150000AD02748274B816898474FF0FF314FF03E
:10316000FF303BF0EBFFF8E729464FF404720CA860
:103170003CF0DEFB204B04AA20490D930CA8204B09
:1031800007950E931F4B0F931F4BCDE98D360123EF
:10319000CDE905558DF8143005AB07F0DFFD054688
:1031A00028B1014619482C462DF00EFA7BE7049809
:1031B0000C49843007F0A4FD014628B914486FF08B
:1031C00001042DF001FA6EE72A46049807F082FE0A
:1031D00069E700BF085308082A530808485308083D
:1031E000100000005F530808640408084828080815
:1031F000FC16002411000E08572D0708A4530808D8
:10320000812D0708952D070800000E086453080853
:103210008253080830B5C0430A440C4D914201D195
:10322000C04330BD11F8013B83EA000404F00F04F1
:1032300055F8244084EA101080EA131303F00F03BA
:1032400055F8233083EA1010E8E700BF602808082B
:103250002DE9F0411D46CBB21646022B02D90020C3
:10326000BDE8F081002DFAD0642400275C430A4BAE
:103270001C44A046D8F86030BB42F0D92368002B2C
:10328000EDD020462A4631460C342CF080FF002831
:10329000E6D10137EEE700BF7C55002470B5047815
:1032A0000E46022C19D864220F4B54431D192A6E66
:1032B000072A15D80C2101FB02441C44D0E9011255
:1032C00020462DF07CF80948324621462DF0D3F8EF
:1032D0002B6E002001332B6670BD6FF01500FBE7ED
:1032E0006FF00B00F8E700BF7C550024A8560024BF
:1032F000014601482DF004B9A856002402281346BF
:1033000004D80A46014602482DF0E3B80020704771
:10331000A856002438B5BFF35B8F104C012554E844
:10332000003F002B03D144E80052002AF7D1BFF33D
:103330005B8F0FD10A490B482DF099F8BFF35B8FD3
:1033400054E8003F44E80052002AF9D10020BFF3BE
:103350005B8F38BD6FF07700FBE700BF7855002426
:1033600051320408A85600247FB50BAB0222059306
:103370000393054B029300231846CDE9003301F077
:1033800019F807B05DF804FBAF5308082DE9F04FBA
:1033900091B0840705460E46009302F00403DDF861
:1033A00068800293C2F3C203039203F10103059301
:1033B00040F0BA81041D30B1072909D86FF01B0015
:1033C00011B0BDE8F08F01F007063444C6F10806DD
:1033D000009B4FF000094FF0040A591E4FF0FF33D5
:1033E0004F46CB4601935346CDF810900DB100984F
:1033F00020600598002800F3E8809848009A8242EF
:1034000003D397488242C0F0E080039AA4EB050EF4
:1034100092074FEA9E0000F103810F2F00F2B18066
:10342000002D00F0058107F140020DEB020C019A1E
:103430000CF8200C0CF8102C049801300490E7E0F4
:103440007A285DD84B280ED8472859D829282DD856
:10345000252852D054D820287AD02338D0F1000B18
:103460004BEB000B74E04C382E2849D8DFE800F015
:103470007048484848484848484848484B484848A1
:10348000484848484859484B4B595959704B6D4822
:103490007048184B184848827F4B48484B487F007B
:1034A00000204FF0000B4FF0040A38E02A380122C8
:1034B000C0B202FA00F010EA0E0F49D110F0625CBF
:1034C0002FD110EA020B43D06046013C5444B4FBB8
:1034D000FAF40AFB04F4002D61D0A3EB050CA4441C
:1034E000B4453FF66BAF002868D1042B47D158F89C
:1034F000043B2360043404232AE0019A013A019238
:103500004FF0000B24E011F8010C6C2834D111F8B5
:10351000023C00206C2B8346C5D14FF0080A53466D
:10352000D3E708F10708073428F0070824F0070458
:10353000F8E802AB35B106982044B0423FF63EAF02
:10354000C4E900AB08344FF0000B4FF0080A5346B3
:1035500011F8010F002878D0BBF1000F7FF470AF95
:103560002528F5D1019B4FF0010B013301934FF05A
:10357000040AECE7584694E700208346A5E7082BA9
:1035800002D06FF015001BE708F1070828F00708C4
:10359000B8EC027B84ED007B08340823D8E768B9D7
:1035A000042B02D108F10408A4E7082BE9D108F1A3
:1035B000070828F0070808F10808EDE70598013822
:1035C000059058F8040B009010E7039A900720D557
:1035D000A4EB050E4FF0010C4FEA9E00BEF5007FF4
:1035E000CFD20F2FCDD8F5B107F14002C0B20DEB0D
:1035F000020E019A0EF8200C0EF8102CBCF1000FF0
:103600003FF41AAF60F07F0009F101090EF8200CB9
:103610000137C5F1080204344FF6DA7E069297E7C7
:103620004FF0000CDAE7BCF1000F01D00136EFE7F4
:10363000029A0236002AEBD10098CDE90631FDF757
:10364000E1FD0644DDE90631E2E7631BB3F5806F77
:1036500097D23DB9A6F10804E018B1E674FF070857
:1036600060C608089B08029A28602B709DF81030ED
:10367000C2B1EB7085F80290B9F1000F05D008A82F
:103680000022C5F1010C97420ED1C5F101030DF1E5
:1036900020084FF0000A0DF1300B0193574512D16D
:1036A000601B8DE66B70E5E710F8013B190608D545
:1036B0000CEB040E03F07F03B6453FF67FAE04F833
:1036C000013B0132DFE7B9F1000F03D098F9002088
:1036D000002A17DB029BD3B11AF80B2004F8012B48
:1036E0000022019B18191044B0423FF667AE98F8CB
:1036F0000000009904F8010B204603923CF0F0F81A
:10370000039A14440AF1010A08F10108C6E798F87F
:10371000002055F822300093029B009845F8223093
:10372000FDF770FD421CDCE76FF00D0048E600BFBE
:103730002DE9F04F9BB00446164690F802A0DDF844
:1037400090B088460993CBF3C0030B9341B94578F9
:1037500000780AEB80002044454516D8A0EB040809
:10376000E3780A93BAF1000F02D01BF0010F15D1D4
:103770000A9B002B39D11EB1099A41462046B04719
:10378000454628461BB0BDE8F08F471C08F10108EC
:103790003846FDF737FD01303844DDE722786368AD
:1037A000069292000893069B0C9204EB8301002E74
:1037B00040F0E78045460F4601EB0A0800264745E2
:1037C00022D017F8013B069154F82300FDF71AFDAB
:1037D000259B0130069933B1269B9E423EBF259B17
:1037E00023F8160001360544E9E71BF0020FC2D0AA
:1037F00023781F4606939B0004EB87010C936368B4
:103800000893002E56D1454601EB0A071BF0050F21
:103810000A9B0CBF4FF0020A4FF0010A07EB430965
:103820000BF0020306934F45ABD017F8021B17F8B5
:10383000013C54F82380934B984502D3924B984512
:1038400019D30B9B23B308982CF095FE00B38F4837
:10385000036813F0060F0CD0089B02220491014666
:1038600003938B4B029300231846CDE90033FFF7F7
:103870007BFD023DD7E70B9B23B108982CF07BFE24
:103880000028E4D11BF0010F05D1A5EB0A05CAE71A
:10389000069B002BC7D04046FDF7B4FC259B3BB1EF
:1038A000269B9E423FBF431C259A22F816300136C4
:1038B0000544B8E7BAF1000F67D01BF0040767D0E2
:1038C000574616A84FF00009524607913CF008F8F9
:1038D000079901EB0A030A9A07930A9B5B000E9370
:1038E000079B03EB42030D930BF002030F930D9B19
:1038F000079A93424ED11BF0020F637808BF7908F4
:1039000003EB090218BF00211BF0010FD2B240F0F7
:103910008A801BF0040F14BF384600206270A0702C
:103920002046E170099A0C990893B047051EFFF6EE
:1039300028AF069B3946099A16A82370089B84F87D
:1039400002A063700A9BE370B047071EC0F2958027
:103950000C9BA8EB0A01099AC91A0E9B0798C91A71
:10396000B0470028C0F28B802F444FF000080DF1C3
:10397000480B3D18C14558D80021099A0846B04760
:10398000FFE6D14612A800279EE75746D146A0E79A
:10399000B9469EE7079B13F8021B13F8015C0793D7
:1039A00054F82520374B9A4202D3374B9A4217D30B
:1039B0000B9B23B108982CF0DEFD002897D10F9BBC
:1039C000CBB907F168037A1C02370DEB03001AAB81
:1039D000FFB253FA82F200F8101C02F8105C86E77E
:1039E0000B9B2BB108982CF0C6FD00287FF47FAF0D
:1039F0001BF0010F0AD009F1680309F101020DEB78
:103A0000030909F8205C5FFA82F970E71BF0040FE4
:103A10003FF46DAF07F168037A1C0DEB030707F85D
:103A2000105CD7B263E7002078E718F80B3054F841
:103A300023A08DF84730259BEBB1269B98451AD2E1
:103A4000259B33F81870099A01210DF14700B04702
:103A5000002814DB054427B95046FDF7D3FB471C6B
:103A6000BFB2099A39465046B047002807DB0544E3
:103A700008F101087EE70027E5E73D4681E60546B7
:103A80007FE600BF74FF070860C60808D015002451
:103A9000AF530808014B1860704700BFE80C0024C2
:103AA00070B504464518044EAC4200D170BD336871
:103AB00014F8010B9847F7E7E80C002480B5054699
:103AC0000E46174698462AF089F8DFF820900346FC
:103AD0003CF046FA0446424649F800303946304642
:103AE000A84754F8090005F0D5F900BF1000000000
:103AF000044B162200B53CF033FA1A504FF0FF3059
:103B00005DF804FB140000000F2800B508D90A4B2B
:103B100009223CF025FA1A504FF0FF305DF804FB03
:103B20003023BFF35B8F5843044B1B58BFF35B8FAD
:103B3000002BECD00020F1E714000000F40C00246E
:103B400030231149434308330B4430B5BFF35B8F37
:103B50001A68BFF35B8FB2B1541EBFF35B8F53E89B
:103B6000005F954204D143E8004CBCF1000FF6D150
:103B7000BFF35B8FEAD1012A05D1302358430023DC
:103B80000A180B50536030BDEC0C002438B50446C5
:103B90001546FFF7B9FF00280BDB094A59B130235E
:103BA00003FB04235B688B4205D0064B3CF0D8F93D
:103BB0001D50002038BD30235C431059FAE700BF88
:103BC000EC0C0024140000002DE9F041174E904643
:103BD0001F46002435463368984202D173689942E3
:103BE0000AD001343036102CF5D1114B17224FF08A
:103BF000FF343CF0B5F91A502046FFF785FF002846
:103C000012DBB8F1000F05D0302101FB04510C315B
:103C1000C8F8001017B90120BDE8F081302303FB7C
:103C2000045520353D60F6E70020F5E7EC0C002454
:103C30001400000038B504461546FFF765FF00285C
:103C40000DDB3023074A6343D0184068086015B184
:103C50000C3313442B6030235C43105938BD0020D3
:103C6000FCE700BFEC0C00244FF0FF334FF0FF32B5
:103C70001C4870B52CF0C8FC00251B4BBFF35B8FB4
:103C80001A68BFF35B8F7AB101353033102DF5D14F
:103C9000164B17224FF0FF353CF062F91A501148CD
:103CA0002CF0B4FC284670BD3024BFF35B8F6C430E
:103CB00053E8000F013043E800010029F8D10C4E11
:103CC000BFF35B8F331932515A609A6204F10C00D2
:103CD00030443AF0F3FE04F1200030443BF04FF959
:103CE000DDE700BF28170024F40C002414000000B6
:103CF000EC0C00242DE9F041302416460F4A4443D1
:103D0000101911514660C362B6B1F368A3B10C4FEC
:103D10000C343CF025F9054650F80780131930465D
:103D200040F205122CF05FFCB8F15F0F04D0EB59A4
:103D30005F2B08BF45F80780BDE8F081EC0C00243C
:103D400014000000F8B50546FFF7DEFE002824DB6E
:103D50003024134F4FF0FF324FF0FF336C4304F128
:103D60000C063E4430462CF04FFC3A1953689B68D1
:103D70008BB1D26A385912F4404F0AD0294698477D
:103D8000044630462CF042FC2846FFF7D9FE204678
:103D9000F8BD9847F4E71C46F3E74FF0FF34F6E729
:103DA000EC0C0024044608B5EFF31183102383F3D1
:103DB0001288BFF36F8F05F05BFA05F0B5FA35F0A6
:103DC0001BFF204605F054F802482CF0FDFB2EF0B6
:103DD00022FCFCE78B5408082DE9F84340F26C7391
:103DE000446905690646E117E41805F10105C7684D
:103DF00041F10001022D07F1FF378CBF00230123A1
:103E0000E41A61F1000100294EDA6FF4C7704FF433
:103E1000C8720023201861F10001FDF779F9254BE4
:103E20004FF03C0E022D03FB004402468CBF6FF0A6
:103E300002000920D6E90083B66805444FEAE37C16
:103E400099469920634645430520C6FB0E93A9FB7E
:103E50000EC602350EFB0366A30840F26D1E1CEB76
:103E6000080C0EFB043346EBE8763B446427B4FBB6
:103E7000F7F4B5FBF0F51B1B0F4C2B44A2FB042001
:103E800004FB010198180D4A41F1000380180C4A07
:103E900063F10003A0FB020102FB031110EB0C0015
:103EA00041EB0601BDE8F8834FF4C87200232046B9
:103EB000B3E700BF70FEFFFFB13A02009405F5FFC3
:103EC0008051010010B5FFF787FF002402460B4622
:103ED00003493CF045F844501046194610BD00BF58
:103EE00014000000054B00205A6822F002025A60BC
:103EF0005A6822F001025A60704700BF0010005C4F
:103F0000164B82B0D3F8E02042F00072C3F8E020F4
:103F1000D3F8E02002F000720192019AD3F8F42065
:103F200042F00202C3F8F420D3F8F42002F00202B7
:103F30000092009A0A4AD2F80423D20706D503F564
:103F40000053D3F89030002002B07047D3F8A0207F
:103F500042F00802C3F8A020F5E700BF0044025871
:103F60000004005808B505F0C5F905F053F9104BE9
:103F7000104A1A60104BDA6822F03F0242F0160233
:103F8000DA609A6942F440429A619A699204FCD5D7
:103F90000A4B1A6841F20303B3EB124F06D1084AE9
:103FA000D2F8083143F00103C2F8083108BD00BF60
:103FB000081500240090D003004802580010005C4F
:103FC000008000512DE9F84F814630480F462CF013
:103FD000ACFD064670B92E4C0546DFF8B8B04FF080
:103FE000010AA0465C4507D3B9F1000F02D04FF09B
:103FF000010AFDB9BDE8F88F237B83B12368DB6834
:104000000BB120469847636883F806A023681B69B4
:1040100043B963680422204619682CF0BDFD0136BF
:104020001034DFE7204698470028F2D00AFA06F35A
:104030001D43F4E7A94695FAA5F4B4FA84F40AFA04
:1040400004F3260108EB04146FEA030B25EA0305C9
:10405000237B63B158F806301B698BB946440422B0
:10406000204609EA0B09736819682CF095FD002DAC
:10407000E1D11FB1642000213BF060F84D46B8E764
:10408000204698470028F2D1E8E700BFF856002400
:10409000001308081013080808B5034608462BB19A
:1040A000044A136000F0F2FB002008BD6FF0150019
:1040B000FBE700BFEC0F002400230D4A4FF47A7198
:1040C0000C4810B513700C4A13600C4A1360FFF7CC
:1040D000E3FF00F099F80A4B0A4918468B4200D3D7
:1040E00010BD1A1A5C681033121101322271F5E703
:1040F000FAA800241B0B0708F0560024F4560024ED
:10410000001308081013080870B50B4D297841B941
:104110000A4C01200A4EFFF755FFB44202D3012397
:104120002B7070BD63685B791BB1236820469B6868
:1041300098471034F1E700BFFAA8002400130808DC
:1041400010130808014B1868704700BFF45600248C
:1041500010B5044608482CF0E8FC5CB1074BBFF3EF
:104160005B8F53E8001F013943E80012002AF8D1A1
:10417000BFF35B8F10BD00BFF0560024F45600243F
:10418000174B2DE9F0410546164CDFF85C801B68A3
:104190009847A860444501D3BDE8F08163685B7926
:1041A0003BB129784B0706D52368294620461B6872
:1041B00098471034EEE72E882846C1F3C20700F076
:1041C000C9F9C6F382160246002EEDD00028EBDBBB
:1041D00001233946204600F0C7F8B042E9D3E3E7AF
:1041E000EC0F00240013080810130808044A054BBC
:1041F0009B1AB1EBD30F34BF52F831000020704747
:1042000088110808001308080B4800210B4B1B1AE3
:10421000043030B5DB080A4C994200D130BD10F8AB
:1042200031200131256802F0070225F007052A43F5
:1042300044F8042BF0E700BF8811080800130808B1
:10424000C8150024F8B50B4F06460B4D0024ED1B96
:10425000ED08AC4203D14FF0FF342046F8BD57F8CB
:10426000340020B13146FCF7BBFF0028F5D0013403
:10427000EFE700BF881108080013080800282DE99F
:10428000F047884615461F461DDADFF8A8904FF024
:10429000000A244E5446A6EB09063609B24509F138
:1042A000100902D12046BDE8F08759F80C0C3B46B6
:1042B0002A46414600790AF1010AFFF7DFFF8442EE
:1042C00038BF0446EAE7184B184AD21AB5EBD20FAA
:1042D00025D203EBC5031C79BC4228BF3C46C0B2C3
:1042E0000722134E002100EB400056F82530824093
:1042F00023EA020304F0070282401343032223FA55
:1043000002F0033200F00700814238BF01461E2A46
:10431000F5D123F007030B4346F82530C2E700240C
:10432000DDE700BF1013080888110808001308080B
:10433000C815002400130808F8B5094D0646094BB6
:104340000F460024ED1AED08AC4200D3F8BD22B2AE
:1043500001343B4600213046A4B22CF00FFCF3E7B9
:10436000001308088811080870B14168097973B111
:10437000002A17DBCBB20C4903EB430351F82200B0
:10438000D84000F0070070474FF0FF31EFE70749D2
:104390000748401AB2EBD00F3ABF01EBC2010879CF
:1043A0001846704704207047C81500248811080873
:1043B000001308082DE9F04F87B004460E469346D7
:1043C00004AF98463D6BD7E90EA9BAF1000F22D091
:1043D000C7F804901021CDF8009053467A6B002066
:1043E000FEF7D4FFB0F5006F014615D31C490B68EA
:1043F00013F0060F0BD040F2FF7302220393194B08
:10440000029300231846CDE900332CF048FC0C370A
:10441000BD46BDE8F08F514604F007040BF0070BD2
:10442000E40044EA8B1444EA412444EA0554173575
:104430000D4425F00705ADEB050D04ADBAF1000FF5
:1044400007D0CDF8009053467A6B05F11000FEF7C7
:104450009DFF43462246314628462CF0D0FBD6E746
:1044600018160024EE5408082DE9F04FC1F34A262F
:1044700091B00D4690460C0D07900893002E5AD02F
:1044800000270BAB4FF0040B4FF00A0A01933A469A
:104490000DAB31464046CDF808B0CDF800A0B1468E
:1044A0000F97CDE90D77FFF743F9B0F5006F03469D
:1044B00016D325490B6813F0060F0ED040F2FF7398
:1044C000022238460493D8F80430009703931F4B18
:1044D000CDE901733B462CF0E2FB11B0BDE8F08F53
:1044E000C0F30A0604F117000993184466F3532534
:1044F00020F0070080082CF03DFB044680B1099BAA
:1045000000F11001124A40460D914946CDF808B01D
:10451000CDE90E370BABCDE900A30DABFFF708F9E2
:1045200066F35325089B079920462A4611B0BDE83B
:10453000F04F2CF064BB04F1170020F00700800856
:104540002CF018FB0446EBE7181600242655080843
:10455000D30B0708406820B1034BC01A40F38F000B
:1045600070474FF0FF307047C81500240EB403B5F4
:1045700003AB0146054853F8042B019305F0AEF850
:1045800002B05DF804EB03B0704700BF190D0708D7
:10459000CA0605D48B064CBF02490349FFF7E6BFA4
:1045A000704700BF05BD0808655508082DE9F04FA4
:1045B00087B004460D4690469DF844609946002E0B
:1045C00000F0A280159B03F0020A03F0010304939C
:1045D000159B03F0080B03F4807305932CF0CCFAC1
:1045E000024600283DD095492046FFF7BFFF074609
:1045F000BAF1000F09D0159B13F0440F33D12A46AE
:104600008F492046FFF7B2FF0744049B53B18D4BFF
:1046100020468D4953F826208C4B002A08BF1A46A5
:10462000FFF7A4FF059B002B49D0BBF1000F64D11D
:10463000B8F1000F66D0424685492046FFF796FF45
:104640000546129B3D44002B6DD1149B002B73D16A
:10465000159BDB0700F1EB8015992046FFF798FFCB
:10466000D8E00746C4E77B4B18680028CCD07A4BCB
:104670004FF47A7A4FF03C0C1B68B5FBF3F5B5FBB1
:10468000F0F100FB11554FF461630AFB05F5B1FB36
:10469000F3F2B5FBF0FE03FB121100FB1E55B1FB5C
:1046A000FCF30AFB05F50CFB1311B5FBF0F50091CB
:1046B00020466A49CDE901E5FFF758FFA4E7BBF1C1
:1046C000000F1DD0664B2046664953F82620FFF7A1
:1046D0004DFF0546B8F1000F05D042465C49204623
:1046E000FFF744FF0544B9F1000FAAD04A465E49DE
:1046F0002046FFF73BFF0544A3E74FF00009E1E741
:104700005D46E7E745469CE7B9F1010F129B06D1EC
:10471000002B66D1149B002B7CD000250CE0002BD5
:10472000F8D052485EE05248129B224651492BF085
:10473000F1FE149B002B6AD0DFF84481DFF844912E
:10474000149F4FF0000B15992046102F28BF1027FB
:10475000FFF71EFF5D4547DC139B4FF0010B4946F9
:1047600020461A78FFF702FF1BF0070F03D14146DE
:104770002046FFF7FBFE5F453DD9139B4946204687
:1047800013F80B20FFF7F2FE0BF1010BBBF1100F3A
:10479000EAD14FF0000A38492046DFF8ECB0FFF7C5
:1047A000E5FE5246139B20469A5CA2F120015F2948
:1047B000594628BF2E22FFF7D9FE0AF1010ABAF1A5
:1047C000100F1DD01AF0070F03D141462046FFF706
:1047D000CDFE57455246E5D841462046FFF7C6FE76
:1047E000EBE7234835469FE7414620460BF1010B96
:1047F000FFF7BCFEAEE721492046FFF7B7FEC3E74F
:10480000139B3B441393149BDB1B149398D1002EF2
:104810007FF41EAF6268A1682068D2E900232CF003
:104820006DFA636800221A6007B0BDE8F08F074A8E
:1048300020460549FFF79AFE0EE700BF6D550808B0
:1048400071550808F4280808AB5B08086855080883
:104850009655080800570024FC5600247A5508088D
:10486000082908089A550808A0550808350D0708B2
:10487000190D0708DD960408AF550808AB55080860
:104880005ABF0808A55508088E62080800210123B0
:10489000064A904206D8064A01B901231360054B27
:1048A00018607047400801215B00F2E740420F00AA
:1048B000FC56002400570024014B0360022070477F
:1048C0001C290808104B70B51C680D46B4B10F4B7D
:1048D000196800238B4202DB6FF0010070BD224695
:1048E00012F8106B864202D001331446F2E7E068FA
:1048F00039F0DBFE28B100202C60EFE76FF00C00F0
:10490000ECE76FF01200E9E7F00F00243C290808FB
:104910000C4BF0B40C4E5F6A0C4BB34203D36FF0F8
:104920008500F0BC70475D68BD4209D31C693CB18D
:1049300095F802C00579AC4502D12346F0BC184772
:104940002433EAE704570024F41A0024D01A002480
:104950002DE9F04705460E461746124CDFF8488011
:10496000DFF84890444503D36FF08500BDE8F08739
:104970006268D9F824309A4212D3A36983B190783F
:104980002979884205D13A4631462846BDE8F047A4
:1049900018475279012A03D13A46314628469847AA
:1049A0002434DFE7D01A0024F41A0024045700242A
:1049B0002DE9F04105460E4617460A4CDFF82880DF
:1049C000444502D36FF0850009E063690BB92434D4
:1049D000F6E73A463146284698470028F7D1BDE821
:1049E000F08100BFD01A0024F41A002410B5044648
:1049F00012F0B8FA10F1780F00D050B9054A2046ED
:104A00002CF0F1F9D2F8C43023EA00030020C2F8F8
:104A1000C43010BD04570024024B00221A605A60B3
:104A2000704700BFBF57002470B50B4B0B4CA3421F
:104A300001D3002070BD196A00221E7F0439D5B24F
:104A4000AE4201D82433F2E7013211F832508542E8
:104A5000F5D10120EEE700BFD01A0024F41A00249B
:104A6000094808B50378C3F341130A3350F82330DB
:104A70003BB100F1080200F110019847C043C00F9C
:104A800008BD1846FCE700BF0457002404282DE9A0
:104A9000F14F04460F46DFF89C9016D001282DD127
:104AA000DFF88C8098F8B93043B3204D00F030FE29
:104AB0004D4520D2D5F820B04FF0000A2B7F5FFA89
:104AC0008AF6B34204D82435F2E7FFF7A5FFE7E7FB
:104AD0000BEBC6060AF1010A307912F043FA0246DE
:104AE00030792CF080F9D8F8C430002A23EA00038A
:104AF000C8F8C430E2DA002388F8B9300B4D4D45D0
:104B000008D30B4B1B6A6BB13946204601B0BDE898
:104B1000F04F1847EB681BB13A46214628469847A4
:104B20002435ECE701B0BDE8F08F00BFD01A0024B7
:104B300004570024F41A002473B5C4B20D4663066A
:104B40008DF8074007D02046FFF76EFF78B10D4B78
:104B500093F8BA0058B10B4E204655B112F070F9D7
:104B6000F3691BB10DF1070108209847012002B03D
:104B700070BD12F091F9F369002BF7D00DF1070128
:104B80000920F2E70457002473B586781E4C8DF88F
:104B900000600379427943EA0223ADF80230C3781A
:104BA000304603F003038DF804302CF01CF9D4F8E0
:104BB000C430054618420BD0304600F08BFD30461D
:104BC000FFF714FF3AF0DFF910B996203AF0DEFA59
:104BD000684632F04BFD10F1780F03D010B1002081
:104BE00002B070BD9DF8000012F082F910F1780F4C
:104BF00001D00028F3D1D4F8C43001202B4384F82D
:104C0000B900C4F8C430EBE7045700242DE9F0479D
:104C1000A34E04460F461546B369FBB9237803F04B
:104C20001F03012B00F09D80022B00F0048133BB99
:104C300094F900002A680028617834DA062912D035
:104C400008292BD0D9B901235170137096F8C330BD
:104C50005B0043F00103137002232AE19847002808
:104C6000DCD100200DE06288100A011F8446012972
:104C700005D9072803D8D2B2716A0C781CB96FF035
:104C80001500BDE8F0874E78664503D19A4200F0E2
:104C90000B8101332144F0E70B780AE196F8BA3032
:104CA0001370012305E101390829E8D801A353F85D
:104CB00021F000BF4D4D04087F4C04085B4D0408F3
:104CC0007F4C0408D94C04087F4C04087F4C04082E
:104CD0007F4C0408E54C0408A07811F0FDFF002883
:104CE000BFD0CCE76388756A63BBFFF795FE638826
:104CF00086F8BA30F369002BB3D06A49032098478D
:104D0000AFE76B78042B10D0052B11D0022B04D108
:104D10006F796388BB4208BF01202B781D442B7834
:104D2000002BEED10028AAD0DFE795F80380F4E746
:104D30006388BB42F1D1B8F1000FEED12846FFF7EE
:104D400023FFEAE7FF270020B846E8E76388012B46
:104D500095D1002386F8C33083E76388012B8ED179
:104D6000F8E796F8BA30D5F800C0002B87D0756AFE
:104D7000A38894F804E02A46107800283FF47FAF17
:104D80005178022904D192F80480F04500F2938012
:104D90000244F1E78CF800208CF80120396060E7CC
:104DA000154494E00B2A7FF46AAF00274FF0FF0808
:104DB000BA46C14606E06B78042B0FD0052B21D0F4
:104DC0002B781D442B78002BF5D1F36913B1514694
:104DD00007209847002F7FF444AF50E795F80280F2
:104DE000A38895F803909845EAD163889945E7D15F
:104DF000B8F1070F1CD806EB0803AA46012783F871
:104E0000BB90DDE7A3884345DAD1A3784B450AD0B0
:104E1000AF78384600F05EFC3846FFF7E7FDB0FAA1
:104E200080F77F09CCE72846FFF7AEFE0746C7E7C5
:104E3000AA460027C4E794F900206378002A18DA0C
:104E4000002B7FF41CAF24792D6863060AD020461E
:104E5000FFF7EAFD00283FF412AF96F8BA30002BB6
:104E60003FF40DAF2946204632F015FC00236B704D
:104E7000F2E6012B08D0032B7FF401AF6388002BEF
:104E80007FF4FDAE012103E0618800297FF4F7AED5
:104E9000A088FFF751FE00287FF4E3AEEFE600BFE5
:104EA00004570024BE570024022829607FF4F4AE82
:104EB0004B883B60D5E694F9000062780028BFF685
:104EC00071AF002A3FF466AF0A2A7FF4D8AE2A7881
:104ED000002A3FF4D4AE697804297FF461AFA97841
:104EE0008B427FF45DAF072B96BF9B19002393F88D
:104EF000BB308CF80030D4E670B5164D95F8B8305C
:104F0000FBB112F06FF9002822DB002400F000FC56
:104F1000D5F8C430E6B2E340DA0714D404F1100245
:104F2000D5F8C430D340DB0705D546F08000FFF745
:104F30005DFD00280CDB0134102CE9D1002385F83D
:104F4000B830002004E03046FFF750FD0028E5DAD5
:104F500070BD00BF0457002413B5164C237DF3B970
:104F6000E26801ABA168802001922BF04BFF019A0F
:104F7000A3681344A360E3689B1AE3606BB962B152
:104F80002369E2889A4208DD94F8C82093FBF2F185
:104F900002FB11330BB90123237502B010BD0023AE
:104FA00080201A461946237502B0BDE8104012F061
:104FB00001B800BF0457002430B5002385B0024675
:104FC0000D460193002858D1002935D108220B46FF
:104FD0000DEB020132F06CFB002804DA802011F0A6
:104FE0002FFF05B030BD2A4C029ABDF80E3022606A
:104FF000039A2575626004F13802A2609DF90820C9
:10500000002AC4E903550ADB802B04D9802011F063
:1050100017FF0020E3E713B1C4E90333E1E7FFF72B
:105020001FFD0028DAD0E28823699A42D4BFE260EB
:10503000E360FFF791FFD4E7154C01ABD4E902150B
:10504000002D04DC32F034FB0028CADAC6E72A4619
:1050500032F02EFB0028D9DB019AA3681344A36029
:10506000E3689B1AE360002BBBD104F13803A36013
:10507000FFF7F6FC0028DCD1B0E78028B1D1044B63
:10508000DA68002AD5D11B7D002BD2D1A9E700BF59
:1050900004570024054B064A586200209A62054ACC
:1050A000DA62054A1A63054A9A6170470457002478
:1050B0000D4C040811490408B14904085149040879
:1050C0002DE9F3410446474D4FF0FF334FF0FF32D7
:1050D000454827F017FD95F8B830002B7BD16B6A57
:1050E00083B142482C62E8616E6A11F0EFFD11F065
:1050F00073FC041E10DA3C4827F07CFD204602B009
:10510000BDE8F08100F0C0F8FFF7C4FF6B6A002B28
:10511000E7D14FF0FF34EEE700F01CFB041EEADBA2
:105120007378012B5AD1F379002B57D000266846AB
:1051300085F8C830ADF802308DF804608DF8006055
:1051400032F094FA041ED6DB802768468DF8007092
:1051500032F08CFA041ECEDB2549304632F07BFA61
:10516000041EC8DB2249384632F075FA041EC2DB41
:10517000204CDFF8848044451AD3002011F0B8FE9B
:10518000041EB8DBD5F8C430802043F00103C5F815
:10519000C43011F0ADFE041EADDBD5F8C4300024E0
:1051A00043F48033C5F8C430012385F8B830A2E752
:1051B000276A0026227FF3B29A4201D82434DAE724
:1051C00007EBC30257F833100136107932F043FA77
:1051D0000028EFD09DE76FF077048CE76FF015049F
:1051E00089E700BF04570024F01700248D4A040803
:1051F000B94F0408D01A0024F41A002430B5204B0B
:105200008BB003F1100505AA1868083353F8041C85
:105210001446AB4203C42246F6D11B78102200216B
:1052200001A823703AF084FB1222002115483AF0BD
:105230007FFB102101A816F06BF900281DDD08285E
:1052400001AB1049B8BF082009381A18002012F81D
:10525000013F0AAC0130023104EB131403F00F03D9
:10526000082803F1280314F8144C6B4401F8024C8D
:1052700013F8143C01F8013CE9D102480BB030BDF1
:10528000F0550808FCA80024734B2DE9F04F93F863
:1052900000B087B0BBF1000F03D0704807B0BDE885
:1052A000F08F6E4C00264FF0011AB0463546B146DD
:1052B00023783BB902346A4B9C42F3D10123664AFE
:1052C0001370EAE76378052B1BD8DFE803F08C0343
:1052D000C28C1D39402304A88DF810B0ADF81230EF
:1052E0008DF814B011F084FD40B1082304A8ADF886
:1052F000123011F07DFD08B1ADF812B0BDF81230DA
:10530000E37123781C44D3E7E378002BF9D1A37829
:105310006BB108F101085FFA88F8F2E76B689C420C
:1053200007D024354F4B9D42F8D30020B6E74E4DB1
:10533000F8E7AB68002BECD0414620469847E8E7F9
:10534000002DF2D000222B7F9A42EED2296AA0785B
:1053500001EBC2010B79984201D00132F3E701273A
:10536000E078FBB200F003008DF81400207994F887
:1053700005C040EA0C20ADF8120094F902000028A4
:1053800026DA07F110004FF0010C0CFA00F010EAD9
:105390000A0F24D143F080008DF8100004A8019278
:1053A000CDE9021311F024FD039BDDE90121B0B921
:1053B0009DF8102012F0800FA2700A714FF00102C8
:1053C00017BF1033BA40DBB29A404AEA020A98E7A4
:1053D0000120B84010EA0A0F01D11846DCE7013776
:1053E000102FBDD1B9E7032E1BD1FFF707FF0746EA
:1053F00058B1FBF707FF024638B11028394604F1CF
:105400000200A8BF10223AF06BFA23786FF0020175
:10541000E218091B04EB5303D14213D50136F6B24F
:105420006FE7002EF1D1B9F1000F3FF47EAFA4EB8E
:10543000090389F8048089F80230C3F3072389F847
:105440000330EBE702F801BC13F8010902F8020D82
:10545000E2E7A14655E700BFFBA80024101A00248C
:10546000CD1A0024F41A0024D01A0024094B00217C
:105470001A4610B51C78844205D15C681CB14823DB
:1054800003FB012010BD013148330429F2D1002073
:10549000F8E700BFD05700242DE9F34150F8303C25
:1054A000044610F8346C10330AD1036950F8282CE4
:1054B000980736D5D2B9590715D5002344F8303CA2
:1054C00054F8303C10330BD054F81C8C54E9097557
:1054D00039F059FD00284FD021462E4839F00AFDF9
:1054E00002B0BDE8F08143F00403236101AB54F83E
:1054F0002C1C30462BF086FC10B16FF01503DDE755
:10550000019A54F82C3C134444F82C3C54F8283CA1
:105510009B1A44F8283C54F8243C134444F8243C97
:10552000CEE701AB54F82C1C304611F0C9FD002821
:10553000E3D1019D54F82C3C2B4444F82C3C54F806
:10554000283C5B1B44F8283C54F8243C2B4444F88A
:10555000243C002DB1D0304632F0B8F8B5FBF0F362
:1055600003FB1055002DA8D154F8283C002BA4D0E3
:10557000304611F00BFEA3E744F8200CA4F118000C
:1055800027F0BAFB002DABD0424639463046A8473B
:10559000A6E700BF003B00244B1E012B73B5064657
:1055A0000D460FD8FFF762FF044668B9012D09D1F7
:1055B00001AB01220DF10301304611F081FD019B89
:1055C000002BF5D102B070BD39F0DDFC04F13401DF
:1055D00008B1012D05D1084602B0BDE87040FFF7C3
:1055E0005BBF034802B0BDE8704039F083BC00BF28
:1055F000003B00242DE9F74F80461746994600915D
:105600002BF049FC044600285BD1EFF3118B1023EB
:1056100083F31288BFF36F8F2B49002208460023C3
:10562000019127F0A5FB019968B94822DFF8A0A0F5
:1056300062430AEB02056E6816F1100F11D108469D
:1056400027F05AFB05E001344831042CE5D16FF016
:105650000B068BF31188BFF36F8F304603B0BDE8A4
:10566000F08F0AF802800C9A009B6A610D9A2861FB
:105670004046AA616FF00F02C5F844906A60C5E920
:10568000023732F023F858B1404632F01FF8B7FB2A
:10569000F0F202FB10771FB16A6C42F004026A64F8
:1056A00019F0020F08D048220848002602FB04A186
:1056B000343139F01FFCCCE7404611F067FD064657
:1056C000C7E76FF00F06C8E7EC570024003B002443
:1056D000D057002410B5EFF31184102383F3128800
:1056E000BFF36F8FFFF7C2FE50B14368103307D18D
:1056F0006FF08B0300F134014360044839F0FAFB8A
:1057000084F31188BFF36F8F10BD00BF003B0024EE
:10571000F8B50E4C04251027EFF3118687F3128895
:10572000BFF36F8F6368103307D16FF08B0304F101
:1057300034010748636039F0DDFB86F31188BFF35D
:105740006F8F013D04F14804E6D1F8BDD057002425
:10575000003B002470B5094C0025094E3146204617
:1057600039F09DFB01220135A4F11800483411469F
:1057700039F0B6FA042DF1D1002070BD0458002490
:10578000995404080169012381F853300B6833B13F
:1057900091F851301BB10831014839F0ABBB70476B
:1057A000003B00240169012381F852300B6833B1BA
:1057B00091F850301BB10831014839F09BBB70475C
:1057C000003B002470B50569EFF31186102383F3C5
:1057D0001288BFF36F8FD5F858022BF025F90446D5
:1057E00086F31188BFF36F8F30B10022002305F1DB
:1057F0002001024827F0B2FC204670BD003B002487
:10580000012370B582F850300D46136814463BB141
:1058100092F8523023B102F108010D4839F06AFBC9
:10582000D4F858325A89DB889A4205D17DB904F1FF
:1058300020014FF47A7204E004F12001002DF8D029
:10584000002200230248BDE8704027F087BC70BDED
:10585000003B002470B504460E46017915461C48ED
:105860002BF0F6FA034678B394F900106278002919
:1058700022DB202A04D0222A1AD06FF0850016E0FD
:105880002968A0F51B7250F8100C0C6843F8104CF6
:105890008C8823F80C4C897903F80A1C53F8101CE7
:1058A000884203D092690AB118689047002070BD01
:1058B000628800F8092CF9E7212ADED1A0F1100353
:1058C0002B6007233360F1E76FF01200EFE700BFB2
:1058D000F05800240146044808B52BF0C6FA10B170
:1058E000012300F8073C08BDF058002400210D4AB0
:1058F0000346A0F85010106883F86412C3F85C02E5
:1059000090889279A3F8600203F1540083F8622230
:105910004FF4007283F86312A3F8661283F86812DA
:105920003AF006B84C22080810B500230469C4F800
:10593000703204F51C720B4BC4F86C02596869B9DB
:10594000C3E9002204F10800074939F0A8FA04F17C
:105950002000064939F0E5FA002010BD0A605A60BF
:10596000F0E700BFF0580024C10E0708255A0408CC
:1059700030B54FF40033426885B0056942F2A100AA
:105980000B4CADF80C1001A9CDE90103002385F8FB
:105990006532106A0A2200792BF034FA95F86532E4
:1059A00023B9012038F071FE013CF7D105B030BDBC
:1059B000A186010073B50023046910258DF8071036
:1059C00084F85030EFF3118685F31288BFF36F8FA0
:1059D00001220DF10701D4F858022BF025F886F3C7
:1059E0001188BFF36F8F01280AD039F0CCFA10B9B3
:1059F00094F869326BB9094B1A780AB901221A7006
:105A00000A22002304F12001054827F0A7FB02B079
:105A100070BD00210A2039F091FBD3E70EA90024C4
:105A2000003B0024F0B5D0F84C3285B005465B68E9
:105A30001B6A1F7D38462BF02EFA064660BB95F890
:105A400046324BB3D5F838020146C38831F80A2FE5
:105A50009B1A03AA9BB2B3F5007F28BF4FF40073D3
:105A60002AF093FF0446B8B1C0F3080385F830600C
:105A700003B9441EA5F12003224603993846019339
:105A8000064B00930223FFF7B5FDD5F838022246F6
:105A900000F10A012AF0AFFF05B0F0BD015804087B
:105AA00037B514460A1E054622DD04F15401D4F828
:105AB00054022AF0B9FF012384F8513023683BB126
:105AC00094F8533023B104F10801114839F012FA67
:105AD000D4F854229388918912695B1A9BB2D31A25
:105AE000B3F5007F04D2012384F8683203B030BDDF
:105AF00094F86632002BF9D0064B4FF4007204F193
:105B000054012846009301230194FFF773FDEDE74C
:105B1000003B0024A15A040873B50D4601461C48F9
:105B20002BF08BF910B30368691EA0F51B745E6837
:105B300005291BD8DFE801F01C1A031C222694F863
:105B4000661299B90123224684F86632336A187BBB
:105B5000FFF7A6FF94F8502042B9336A1146187D2A
:105B60000C4B019400930223FFF744FD02B070BD7B
:105B7000204602B0BDE87040FFF7B8BE012384F8AC
:105B80006732F3E794F86732002BEFD00023F6E793
:105B9000F0580024015804080369044A80689042C0
:105BA00006BF002099616FF015007047501008087B
:105BB00037B5094D00244FF0FF334FF48062074999
:105BC0002846009427F08CFA0549284627F0BEFBAA
:105BD000204603B030BD00BF003B002400960124E6
:105BE0002456080810B5044617F03AFA034902464D
:105BF00020462BF081FC002010BD00BF4456080851
:105C000037B51346002205460A21019201AA5868B9
:105C100001F0DCFD019C4CB920EAE0700A2180FB18
:105C2000010139F08BFA204603B030BD224603490A
:105C300028462BF07DFC019CF5E700BF695608085B
:105C4000034A044908B52BF057FC002008BD00BFEB
:105C5000535708085A570808F7B517460023054652
:105C600001AA0A21B868019301F0B0FD1749C6B234
:105C700028462BF04FFC019C44B12246144928468B
:105C80002BF056FC019C204603B0F0BD042E09D930
:105C900032461049284601242BF04AFC28462BF0B6
:105CA00086FCF0E77868FEF7CDFA021E07DA7A681C
:105CB000284609496FF015042BF03AFCE3E7334618
:105CC00012B2214620462AF059FFDCE78557080822
:105CD000EB5708081258080829580808002307B588
:105CE0000090694604488DF8043028F089F99DF841
:105CF000040003B05DF804FB3111070810B5044639
:105D000017F090F90749024620462BF0F5FB204694
:105D100005492BF0F1FB2146044828F08BF90020BF
:105D200010BD00BFB4580808D3580808315D0408F6
:105D300070B58EB004460D46D0F89C6039F02CF951
:105D4000224A03463AF00CF91058214A2149002B07
:105D500018BF1A46234600921F4A844218BF0A46BB
:105D600028461E492BF0C8FB28461D49D4E90A23C2
:105D7000CDE9002394F90E30227B2BF0BDFB06A960
:105D80002022204627F0F2FA636E02461549284683
:105D90002BF0B2FB05A9204639F01FF9024628B1C5
:105DA000114928462BF0A8FB0EB070BD059B64225C
:105DB0002846F11A4A4300910C49B2FBF6F2CDE9AC
:105DC000016232462BF098FBEEE700BF10000000A6
:105DD000DD5808085ABF080858BB0808E0580808EA
:105DE000EC580808185908082F5908085C59080881
:105DF000F0B591B0002504461C2208AF294609A839
:105E0000144E39F095FD1A222021384639F090FDC4
:105E10002146114828F00EF907AA4FF400613046D8
:105E200039F0CFF8079A64232046C2F50061009745
:105E30004B43DB0A05934FF40063CDE90313CDE92F
:105E4000013206492B46A6F180022BF055FB28466D
:105E500011B0F0BD80820224615E0408AD590808CB
:105E600070B5044688B00D46D0F89C6007A939F09B
:105E7000B4F8024628B10F4928462BF03DFB08B084
:105E800070BD204639F088F8079B64220096F11A0D
:105E90004A43B2FBF6F2CDE90131074B074900282E
:105EA00018BF03462846CDE9036222462BF024FBA7
:105EB000E5E700BF2F590808DD580808F65908081B
:105EC00038B51346054610220021586828F0A8FD71
:105ED0000446FFF703FF38B922460E4928462BF047
:105EE00027FB6FF0150038BD0B4B3AF039F81B5803
:105EF0009C4204D1094928462BF01AFBF1E72046C1
:105F000027F0FCFB2846224605492BF0F5FA002035
:105F1000E9E700BF5A5A080810000000755A08083F
:105F20009D5A080838B513460546102200215868C6
:105F300028F076FD0446FFF7D1FE38B922460E4917
:105F400028462BF0F5FA6FF0150038BD0B4B3AF0F0
:105F500007F81B589C4204D1094928462BF0E8FA5F
:105F6000F1E7204627F0D0FC2846224605492BF0D1
:105F7000C3FA0020E9E700BF5A5A080810000000E1
:105F8000D45A0808FA5A080838B5134605461022AC
:105F90000021586828F044FD0446FFF79FFE38B9F9
:105FA00022460E4928462BF0C3FA6FF0150038BD83
:105FB0000B4B39F0D5FF1B589C4204D109492846A8
:105FC0002BF0B6FAF1E7204602F064FF284622469D
:105FD00005492BF091FA0020E9E700BF5A5A08085A
:105FE000100000002E5B0808535B08082DE9F04FF5
:105FF00087B00446DFF8C4A06846DFF8C4B026F0D6
:1060000027FA2423009F0821254A03FB0077204616
:106010002BF065FA009DBD4203D3002007B0BDE818
:10602000F08F2B680BB11A7832B92B461D4A142118
:1060300001A828F02BFC01AB5246082120462BF08A
:106040004EFA284638F031FB174B184A0821002831
:1060500008BF5B4620462BF042FA2B6AA3B11E68AC
:1060600096B1336883B1B1464FF00008104A082159
:1060700020462BF034FA33680E4A434506D80E4AC0
:10608000082120462BF02BFA2435C4E759F8043FA9
:106090000821204608F101082BF021FAEBE700BFA8
:1060A0009A5B0808A45B08088B5B0808ED62080887
:1060B000AE5B0808AA5B080805BD0808A95B0808CC
:1060C000915B08081FB50C68D1E9043203944C6851
:1060D000013302F26C7202948C680194C9680091D9
:1060E00002492BF009FA04B010BD00BFE85B0808B4
:1060F000F7B5137806460F4615463A2B14D1541CB3
:1061000023783A2B28D101340A2201A9204628F00D
:1061100011FC019A03463860A24217D01078A8B942
:106120003C2B15D915490EE00A2201A9284628F072
:1061300001FC019CB860AC4208D023783A2B05D111
:10614000172807D90E4930462BF0F2F96FF01500E9
:1061500003B0F0BD0134D3E70A2201A9204628F09C
:10616000E9FB019B7860A342F0D01A783A2AEDD17E
:106170003B2801D90349E6E75C1CC5E7275C080812
:10618000095C0808175C08082DE9F04190B00D463D
:106190000446012002A9174603F038FD07A902A80A
:1061A00028F096FA032D55D17D680A2201A92846C8
:1061B00028F0C0FB019E8046B54215D032782D2ACA
:1061C00012D101360A2201A9304628F0B3FB019B07
:1061D0009E4209D01A782D2A06D1451E0B2D0CD9C6
:1061E000284920462BF0A4F920462BF0E0F96FF067
:1061F0001505284610B0BDE8F0815E1C0A2201A9F1
:10620000304628F097FB019B9E42EDD01B78002B77
:10621000EAD1431E1E2B01D91B49E2E7A8F26C7399
:10622000BA680A90CDE90B5307A92046FFF760FF33
:106230000028D9D107A8FDF745FEB1F1FF3F08BFFF
:10624000B0F1FF3FCDE9020108D1104920462BF003
:106250006FF9CCE7022DC7D17A68E5E7002302A9E0
:1062600001200493FBF7C4F9054628B1024608490A
:1062700020462BF05DF9BAE707A92046FFF722FF79
:10628000B7E700BF375C0808465C0808535C08089D
:106290007C5C08082DE9F041144688460746102228
:1062A0000021606828F0BCFBB8F1020F064607D851
:1062B0002023254A082138462BF011F9336816E0CF
:1062C0000A220021A06828F0ABFB1F4AC5B20821B2
:1062D00038462B462BF003F9B8F1030F1AD1102DD5
:1062E0000CD0202DEAD0082D0BD13378DBB2174A21
:1062F000082138462BF0F3F8002009E033889BB2E0
:10630000F5E73846124A08212BF0E9F86FF015003E
:10631000BDE8F08110220021E06828F081FB0D4AE1
:1063200003460446082138462BF0D9F8102D06D034
:10633000202D07D0082DE4D1E4B23470DCE7A4B2FC
:106340003480D9E73460D7E7B85C0808E35C080814
:10635000CD5C0808F45C08082DE9F04F002387B0F5
:106360004FF0FF35914601930122504B20262C46D9
:10637000DFF854A1074688461A6003F087FA4946B9
:106380005246404603F0A6FA411C06D16A1C41D190
:10639000474938462BF0CCF817E073281AD07728F5
:1063A00028D0612811D1DFF824B101AA1021DBF82F
:1063B000000001F00BFA019B0546002BDFD0DBF853
:1063C00000203C4938462BF0B3F86FF0150007B0B9
:1063D000BDE8F08FDFF8F4B001AA0021DBF800007F
:1063E00001F0F4F9019B0446002BC8D0DBF8002033
:1063F0003149E7E7DFF8D4B001AA0021DBF800005B
:1064000001F0E4F9019B0646002BB8D0DBF8002030
:106410002A49D7E7631C01D12949BAE75FFA86F810
:10642000C6F3C406002C3FD002AB2946A6EB050CF0
:106430001A460CE0B8F1100F1DD0B8F1200F20D093
:10644000B8F1080F2AD10878187031443344A642B5
:1064500003D80CEB01001028ECD9102CA1462946DA
:10646000384628BF4FF0100910354B46A4EB0904FD
:1064700001F07EF8D6E7088880B21870000A5870DC
:10648000E3E708684FEA102E187083F801E04FEA3E
:10649000104E000E83F802E0D870D6E7094A0821B2
:1064A00038462BF01CF890E7204690E7A81000240F
:1064B000495D0808085D08081B5D08082E5D08088E
:1064C000665D0808CD5C0808425D0808686B00241A
:1064D00070B50F4E04460D46337871B123B10D49A6
:1064E000BDE870402BF024B8012333700A492046E0
:1064F0002BF002F80123337004E083F001033370C2
:10650000002BF3D129462046BDE870402BF06FB830
:106510000FA90024805D0808BB5D080870B504461B
:106520003B480378182B02D10B78112B31D0013A5C
:106530000B468D18AB4225D18B5C0A780370A2F113
:106540003003344C092B04D922F02003413B052BA6
:1065500004D823683049CA54013323602368022BCE
:1065600033D1102200212C4828F05AFA2B4A136804
:1065700003F8010B13602A4A1368013313600023E8
:10658000236022E013F8016B182ED3D11E78112E50
:10659000D0D1234D204623492A682AF0ADFF20465A
:1065A0000021FFF795FF204B187870B91F4A2B6820
:1065B0001168042B0ADC08B111602B6013F0030191
:1065C0000BD1126813681BBA136070BD0868043BD6
:1065D00000BA41F8040B0120EBE75B4203F0030330
:1065E00058BF5942022904D1126813885BBA9BB282
:1065F000EAE70329E9D1106802681104C2F30743EE
:1066000002F47F4201F47F010B4313430360DCE794
:1066100010A90024F858002412A9002404590024C9
:10662000FC580024E55D080811A900240059002445
:106630002DE9F84F00230C462A490646DFF8BC80B6
:1066400015460B60DFF8B8902749DFF8B8B088F836
:1066500000300B60012C2F4655F804AF1ED90222E2
:106660004946504639F01FFA80B99AF80220003A9C
:1066700018BF012292441D490222504639F013FAF4
:1066800030B9012388F80030013CE3E70022F1E74C
:1066900049465046FAF7A4FDA8B9043700227868A5
:1066A000114628F0BDF90022114B11461860786898
:1066B00028F0B6F90F4B104918603046FFF708FF75
:1066C0000020BDE8F88F9AF800202D2AE6D19AF82C
:1066D0000120002AE2D05246594630462AF00CFFEB
:1066E000D2E700BFF8580024FC580024FF5D0808DA
:1066F00004590024005900241D65040811A9002430
:106700000EC40808025E08087FB50BAB0222059391
:106710000393054B029300231846CDE90033FDF7A0
:1067200049FE07B05DF804FB645F080807B50A4836
:1067300037F0BBFF60B10423084A074900930123E7
:106740001268074800F07AFF002003B05DF804FBF0
:106750006FF01200F9E700BFD0040808F82A080813
:106760007820080838B54468C4E90012A3604022C4
:106770004468234653F8405B626304F13802636265
:106780000023C4E9042308222363C4F8B83022623A
:10679000C4E90A33C4E90633AB682BB19B6C1BB167
:1067A0002246094928469847AB689B6A0BB12846A0
:1067B00098470022054904F1800038F00CFF0020C2
:1067C000C4F8B44038BD00BFD16704086912070897
:1067D0002DE9F047054686B00C4683685B6C03B133
:1067E0009847AB685B6B6BBB4FF0000A04F1240861
:1067F00004F12809218E4046238D626B5B1A4946BD
:106800009BB2D31A934228BF134605AA2AF0BDF8BB
:10681000064600283CD0AB6805999B6963B30246E5
:1068200028469847074650B33A46494640464FF0F7
:10683000010A2AF0E0F8B742DCD0D4E901310020A7
:10684000984703E0284698470028CDD1AB685B6A9B
:10685000002B34D128462AF0AFFC002836D1284638
:106860002AF093FC4FF47A72002304F18000CDE902
:10687000002327F0BBFD26E06FF05707D4E7024660
:10688000494640462AF0B7F8BAF1000FDED0D4E707
:1068900025490B6813F0060F07D0244B0222009005
:1068A000CDE901030346FFF72FFFAB689B69002B7F
:1068B000EAD001220DF1130128469847E4E7284663
:1068C00098470028C6D106B0BDE8F087628B04F176
:1068D0001007E38A04F11A0838469B1A226A4146D7
:1068E0009BB2934228BF134605AA2AF04EF80646EB
:1068F00098B1AB6805995B6963B102462846984731
:106900000246414638462AF076F80120D4E90131A2
:106910009847D8E76FF05702F3E728462AF035FC8E
:10692000C4F8B860F1E700BF68160024645F080887
:10693000004870477820080810B58168044618316F
:1069400001F0B2F9A1682046024A1831BDE81040B2
:1069500001F050B9A65F080838B58368044603F50E
:1069600080539B6FDB071FD4C0692BF037FB606837
:1069700003685B689847054620B9E0682BF09EFCE9
:10698000A3681D75A3685B6C13B129462046984720
:10699000A368002239F0E4FA03F58053C3F82021FC
:1069A000034B185802F076FA6FF00F05EAE700BFC4
:1069B0001000000001492AF092BC00BF05BD080884
:1069C000F7B5044680680D4600F580539B6F5A0763
:1069D00005D500212AF0C7FCE0682BF041FCE368F4
:1069E000DB6873B9002D3CD0A66806F1560738461F
:1069F0002AF082FC002836D0394606F65600FAF70F
:106A0000F9FBA2680DF106032946E06856322BF027
:106A10002AFC58B9A06800F656015630FAF7EAFB8E
:106A2000A06856302AF068FCADF8060020462BF02E
:106A3000D0F8A36803F580535B6F9B0603D50B4921
:106A400060692AF04CFC204600F028FFA268BDF8DF
:106A500006302046A2F85230A268A2F850302BF03F
:106A60001EF803B0F0BD86F85608CAE7532208089E
:106A70002DE9F04FA7B004465422002111A838F0A8
:106A800057FF00232046CDE90533A3685633029310
:106A90002BF0A6F820462AF0EAFF10B96069FFF74C
:106AA00089FFA06814220021002618304FF0FF371C
:106AB00038F03EFF20462AF081FFA168E068B24628
:106AC000B1F850200DF144085631B3463546B14671
:106AD0002BF000FC20462BF08FFC0396DDE90532FD
:106AE000012A6DD0132B6ED85FBBBBF1000F0AD00B
:106AF00020462BF0A2FCA268142311A956320DEBFC
:106B000003002AF0DAFDB9F1000F0CD099F811302A
:106B1000FE2B08D1059B26AA02EB830252F8542CC7
:106B20000AB101330593A068059D436A002B40F02C
:106B3000B680CEB1C3699E422DD000F118050D96E6
:106B400024E00223029A414606A82AF0B6FDD8F8AE
:106B5000042006990346029231B101290AD148B1B5
:106B60006D4A20462BF0EEF86FF00705284627B057
:106B7000BDE8F08F059B002B34D0D8F8000001F061
:106B8000B3F898B166B1A5680D9618350CAE0FCE66
:106B90000FC533682B6020460125FFF7CDFEE5E7E2
:106BA0005E4A012120462BF0CDF8DDE7059BCBB1F5
:106BB000D8F800202946204601F040FA022809D1E1
:106BC000059B132B91D9069B022B8ED1544B01218F
:106BD000544AC6E7032805D0059B4FF0010B01334B
:106BE00005937BE7039B33B907AAD8F80010484602
:106BF0002AF05AFE054608F10408013F9DB3EB68F0
:106C0000BBF1000F08D0F3B120462AF0E9FF20467F
:106C10002AF045FF444AC4E7ABB1A368AE46DDF8AD
:106C200014A003F1180CBEE80F00ACE80F00DEF86A
:106C30000030CCF80030AB682BB96B7CFE2B04BF66
:106C40002F7C07F1FF37D5F804C0BCF1000F08D046
:106C5000AE460CAEBEE80F000FC6DEF80030336063
:106C60006646A94603E0059B53B101230393069BA7
:106C700017B9022B7FF432AF059B013305932DE743
:106C8000A368DB6A13B1DB68002BEED1274B01212F
:106C9000274A20460093119B2BF054F8E5E790F823
:106CA0002830A5EB0A05BBB190F829104FF6FF720A
:106CB000FF2918BF0A469D4202D313449D420BD9B7
:106CC000836901211B4A20462BF03CF820466FF0D7
:106CD0001505FFF731FE49E7012141F20C162AF0B4
:106CE00036FBA06830442AF059FBA36811AA294654
:106CF0005B6A204602EB8A0298470546A0684FF07F
:106D0000FF324FF0FF3330442AF0E7FA0021A06849
:106D10002AF01DFB2AE700BFB45F0808C85F080817
:106D20002960080844580808E65F08081560080844
:106D30001A6308084D60080810B5022283680446EB
:106D40001A7583689B6CCBB92AF09EFA836803F5A9
:106D500080539B6FDB040CD50321094B094A2AF0B1
:106D6000F1FFA0686FF4805100F5835018302AF0CD
:106D7000A5FA2046BDE8104000F01EBF10BD00BFC0
:106D800068600808AB5B08082DE9F04F044680688E
:106D9000B1B0012100F5835018302AF080FAA368C1
:106DA0001B7D022B20D100230993A36860689E6C91
:106DB00003681D6909AB16B310221BA9A847099BDC
:106DC00093B10121A0682AF0C2FA099A1BA92046B2
:106DD000B0470021A0682AF0BAFAA3689B6C002B88
:106DE000E3D12046FFF7A8FFA0686FF0010100F58E
:106DF0008350183031B0BDE8F04F2AF05FBA01225D
:106E00000DF12301A847099B002BEDD09DF923200C
:106E10009DF82330002AA068C7DB427D032A00F2D8
:106E20000283DFE812F004007F02970200030D2BBB
:106E300000F5805266D00A2B44D0B2F87810092BA6
:106E40006FF3CA01A2F8781071D02AD8002B00F095
:106E50000681082BA06800F0ED81024602F5805003
:106E6000426F920740F1FB80013B162B00F2F78046
:106E7000DFE813F0C00200020402FC01BA021602AD
:106E8000F500F500F500F5001A021E02F5003302C8
:106E9000F5003802F500F500F500F5003A02F500BE
:106EA00050021B2BA0683FD07F2B00F0D081A3F1B4
:106EB000200102465E29D1D801212AF054FA9DF81A
:106EC0002310BAE0916FC1F3C70121B1916FC1F3F3
:106ED000C7010A29C1D1B2F8781063F3CA01A2F838
:106EE0007810A568B5F85010B1B928462AF03BFAD9
:106EF000E0682BF0B5F96069FFF75CFD2046FFF70D
:106F00001BFF52E7916FC1F3C7010029E3D0916FD6
:106F1000C1F3C7010D29DDE705F580552046FFF7D0
:106F2000A7FDC5F82401E9E70123437597E0A068B0
:106F300000F580535B6F9B0740F1918001212AF09F
:106F400012FAA06840F2FF73B0F850209A4200F0A5
:106F50008680B0F8522000F1560100F65600002558
:106F600038F0BEFCA3681BA90BA8B3F85220134449
:106F700083F856581423A26802F656022AF09DFBA5
:106F80000B9914296BD830AB03EB810343F8545CA5
:106F9000A368B3F85220002A53D0134493F8553015
:106FA000202B02D0093B042B4BD800294CD10025C3
:106FB0000A9530AA0A9B002602EB8303B346B0462B
:106FC00053F854AC374650462AF096F9814616AA33
:106FD0003946284600F0C0FB0346002843D1012E65
:106FE00069D130AA0A9B02EB830353F8540C2AF0B0
:106FF00083F9A268064641461832284600F0ACFBE9
:10700000056828462AF078F9864205D0821BA9191E
:10701000204692B22AF0DFFEA068B0F85230034456
:1070200093F85630202B35D0093B042B32D900F58C
:1070300080535B6FDF0732D42021204600F082FDB1
:107040000DE00129B3D9013900200CAB1BAA009334
:107050000AAB01902AF054FC05460028A9D16069CA
:107060002AF0CBFAA1E61B684A465146184603931C
:1070700038F019FD60B9039B1846FAF7C3F8584574
:1070800038BF5846002E08BFB84601361FFA80FBAD
:1070900001379CE7012120462AF035FDDFE700217A
:1070A0002AF06CF92021204600F04CFD0121A06857
:1070B0002AF064F9D3E70490D1D930AB0A9AC146DB
:1070C00003EB820252F8543C184603932AF014F959
:1070D000049BA2680590A2F840300496A268494635
:1070E000284609F10109183200F036FB039BD0F85D
:1070F00000A04BB1BAF1000F06D0059A19465046D0
:1071000038F0D1FC0028E9D1A168BAF1000F4FD1C5
:10711000A1F840A0049B013B0493DFD1606908F112
:10712000010AFFF747FC204600F046FD30AA0A9B03
:1071300002EB830353F8540C2AF0DEF8414611AAFF
:107140008146284600F008FB0746A06840F2FF721F
:10715000396800F6560038F0B8FC3B684FF6FF7708
:107160000393B84616AA514628460AF1010B00F0CF
:10717000F3FA002852D0A1680022036801F65501F5
:1071800011F801EF985C704503D110B1013242450E
:10719000F6D1B9F1000F01D04A4507DBBA4206F13A
:1071A000FF36A8BF3A46012E97B237D0DA46D9E764
:1071B0009E4806912AF0A0F8069900EB0B074A8F2B
:1071C000BFB20791121A504692FBF7F292B20692A2
:1071D0002AF092F807993F1A069AB1F84000BFB218
:1071E00000F1010CA1F840C0B0FBF2F102FB11006C
:1071F00080B260B98D4B06218D4A2046CDF800A0A3
:107200002AF0A0FD3946204600F032FB82E75346C3
:10721000884A062120462AF095FDF3E7002F3FF427
:107220001EAFA7EB09020399204692B249442AF007
:10723000D2FD14E700F580535B6F9E077FF50FAF1B
:1072400001212AF090F820462AF0E6FD07E700F534
:1072500080535B6F9D077FF502AF01212AF083F811
:10726000A36803F580535B6F1907ECD420462AF01E
:10727000B4FDF4E620462AF0BCFCF0E620462AF0F5
:10728000AFFC20462AF0F3FB10B96069FFF792FBD0
:10729000A06801212AF067F82046FFF74DFDDEE6E1
:1072A00020462AF0AFFCDAE620462AF0B6FCD6E605
:1072B000436F9F0603D5604960692AF010F8A36800
:1072C00003F580535B6F9E0603D55C4960692AF025
:1072D00006F8204600F070FCC1E600212046FFF7CA
:1072E0006FFBBCE60121F9E720462AF072FC20463C
:1072F00029F0CAFF0121A0682AF035F8A36803F538
:1073000080535B6F9D067FF5AAAE4D49606929F0F9
:10731000E6FFA4E6204600F03FFB0121A0682AF02A
:1073200022F89CE65B2B01D10223FEE500F580509C
:10733000426F900706D5622B08D14FF0FF312046EF
:107340002AF009FCA36800225A7588E6662BF9D159
:107350000121F4E700224275A26802F58051496FCD
:1073600089077FF522AD313B1B2B3FF678AE01A19B
:1073700051F823F0F1730408FD7304081374040832
:10738000E57304085F7004085F7004085F70040808
:107390005F7004085F7004085F7004085F70040881
:1073A0005F7004085F7004085F7004085F70040871
:1073B0005F700408E5720408DB720408A172040817
:1073C000757204085F700408E97304085F700408AC
:1073D000F57304085F7004085F7004085F700408A8
:1073E000017404080323537520462AF0F9FB36E69E
:1073F0000323537520462AF0ECFB30E60323537534
:10740000A06800F58053596F01F0010181F001017E
:107410004EE603235375A36803F580535B6F9B0708
:107420007FF51DAE22E700237FE500BFAC550808BD
:10743000AC600808AB5B0808582208085D22080801
:10744000532208082DE9F84304468068154600F5E4
:1074500083501830002938D04FF4804129F01FFFA5
:10746000A3680021DD64606803689B689847002872
:1074700052D1204629F0B3FF00284DD1274E284F86
:10748000DFF8A480A06800F585501C304FF0FF3273
:107490004FF0FF33032141F20C1927F03BF805466A
:1074A000A068BDB14FF4FA720023484429F015FFDB
:1074B00090BB20462B461B4A01212AF043FCA068C2
:1074C0004844BDE8F84329F069BF6FF4804129F0D2
:1074D000F5FEC5E74FF0FF334FF0FF32484429F087
:1074E000FCFE32460221204629F05AFF3A46294640
:1074F000204629F055FF20464246012129F050FF41
:10750000606803685B6903B19847A06800F588501C
:107510000C3029F043FFB5E7BDE8F883596904084A
:10752000896D0408B26008080513070810B5044601
:107530000A4929F0E1FF0A49204629F0DDFF2046EB
:10754000084929F0D9FF2046074929F0D5FF2046F0
:10755000064A002100F04EFB002010BDC96008085B
:107560000761080866610808BA61080854620808DB
:10757000F8B51E4617460A462949044629F0BCFFBD
:107580003EB301253A782749204629F0B5FF6A071E
:1075900003D12549204629F0AFFFAE421ED97A5DBE
:1075A0002046204929F0A8FF0135102DEFD11F49B1
:1075B000204629F0A1FFB6B901251B49204629F034
:1075C0009BFFAE422B4610D81749204629F094FF66
:1075D00015E001251649204629F08EFF1449204662
:1075E00029F08AFFE0E700252B46FA5C2046114986
:1075F000A2F120035F2B28BF2E2229F07DFF013549
:10760000102D06D06B07DCD10749204629F074FF06
:10761000D7E720460849BDE8F84029F06DBF00BF14
:107620006A620808A55508085ABF0808AF55080837
:10763000AB5508088E620808AA8F08082DE9F047A4
:10764000044680689846894600F5805388B0154600
:10765000D3F82011002964D141F2281238F068F9DA
:10766000E0682AF0AFFEA06800F588500C3041F2C7
:10767000BC0741F27C0637F021FABA46A0683044D4
:1076800038F0FEF8A0680022012183191036384432
:10769000143738F0C7F85645F0D1A3690026022107
:1076A0001E6066F38205A06800F58350183029F04B
:1076B000F6FDA368502220465A871822A3681A872D
:1076C000216829F043FFA368174A494603F5805310
:1076D0005D67606803681D682346A8470546E0B9F2
:1076E000A36801221A75D4E90A0100220023049537
:1076F0000094CDE906230E234FF400420393109B20
:10770000CDE90183094B25F0EFFEA36803F5805313
:10771000C3F82001616A25F019FE284608B0BDE8CB
:10772000F0876FF07705F8E737130708457404080A
:1077300010B5044613460A460146064801F0CEFF3E
:1077400023691B7923B12046BDE8104029F055BFBD
:1077500010BD00BF1316070838B50B46154648B9CB
:107760001449154A521AB3EB920F05D251F823501F
:10777000284638BD84680CB90025F9E70F4A9442C1
:107780000AD30F4A944207D21846226829469047E6
:107790002B68002BECD1EFE70A4A944202D30A4A45
:1077A000944205D3246814225343E518E358F0E7C4
:1077B0000133F8E7A8200808DC2008080822080898
:1077C00010220808DC20080808220808F7B503780A
:1077D000044616462D2B05D16FF0150300203360AB
:1077E00003B0F0BD00230C4F38F0BAFB0546C3517F
:1077F0000A46204601A927F013F9EB59222B02D1A2
:107800006FF02103EAE7002BE6D1019BA342E3D00E
:107810001B78002BE4D0DFE714000000836803F539
:1078200080535B6F9B0603D5024940692AF000B97B
:10783000704700BF6322080801492AF0F9B800BF69
:1078400005BD08080A1E0EDC0FD04223816801F531
:107850008051496F890608D5002A04494069B8BF9C
:1078600052422AF0E5B84123F0E770478A620808DF
:107870000A1E0EDC0FD04423816801F58051496F48
:10788000890608D5002A04494069B8BF52422AF047
:10789000CFB84323F0E770478A6208082DE9F04724
:1078A00085680446DFF8689005F15600F9F7AAFCF0
:1078B000002386B295F83C709846A268558FED1B60
:1078C000B54209DB002E1FDD563360690F491A44AB
:1078D000BDE8F0472AF0ACB81D44563349462A4467
:1078E00092F856A082F85680A26860691A442AF07D
:1078F0009FF8A3682B4483F856A0A3685B8FDB1B1B
:107900000027F61A2B46D8E7BDE8F087AB5B0808DE
:107910004458080808290A4618D8836893F83E1086
:10792000914213D083F83E20082A836803F58053E0
:107930005B6F05D0990609D5054940692AF078B8EA
:107940009B0603D5034940692AF072B8704700BF0F
:10795000916208086822080838B50D46097804467F
:10796000FFF7D8FF6A78072A12D8A36893F83F1068
:1079700091420DD083F83F20A36803F580535B6FDD
:107980009B0605D560690349BDE838402AF050B828
:1079900038BD00BF9A620808F8B583680446B3F89A
:1079A0005020002A57D0B3F85210002953D0553137
:1079B00003F156050B441846A84206D3014611F8B8
:1079C0000169202E3ED0A8423ED286B2471C9DB20D
:1079D000AB1B9BB2591CD21A0144384637F08EFFBC
:1079E000A268711B2046B2F8503013FA81F309B235
:1079F000A2F85030A368B3F850201344002283F853
:107A000056202AF080F8A36803F580535B6F9A062E
:107A100003D5114960692AF00BF83B460F4A08214B
:107A200020462AF08FF92046FFF7F8FEA36803F5F9
:107A300080535B6F9B060ED560690949BDE8F8402D
:107A400029F0F6BF0846B7E7014611F80169202E74
:107A5000BBD00846B7E7F8BD6D220808AB5B080845
:107A6000712208082DE9F84F04460F4690460AB1E6
:107A7000FFF7D4FEA66806F58053B6F852505B6F48
:107A80005B0724D505F1560030442B4EF9F7BAFBBD
:107A90000546B5B9A368B3F85020A3F85220A068F2
:107AA00029F0D3FF30B1B8F1000F00D017B16069F1
:107AB000FFF7C2FE7942204609B2BDE8F84F2AF02E
:107AC00022B831466069013D29F0B2FFE1E7304656
:107AD000AA46F9F797FBB6F85090738F19FA80F918
:107AE00015FA80F0B0FBF3F2B9FBF3F39A421BD026
:107AF000124D4845A368CDDA5A8F461CB0FBF2F30D
:107B000002FB130313B96069FFF796FEA3680AF13D
:107B1000010B20462A4653440821DA4693F8563092
:107B20002AF010F93046E4E75635054A0821204688
:107B300073192AF007F9ADE758BB08088E620808E8
:107B4000AB5B080813B5836804468DF8071003F58E
:107B50008052526FD00725D5B3F85210B3F8502099
:107B60008A421FD0481C9DF80720A3F852000B44FE
:107B700083F85620A36803F58053596F89070FD502
:107B80005B6F606913F0040F0A4918BF2A2229F0BD
:107B90004FFF204629F06BFF10B16069FFF74CFEE4
:107BA00002B010BD01220DF1070120462AF0D7F8DE
:107BB000F6E700BF8E62080810B504468368094ADC
:107BC00002212AF0BFF8A36803F580535B6F9B077F
:107BD00007D52046FFF762FE2046BDE8104029F099
:107BE0006DBF10BDAB5B080801492AF000BA00BFA9
:107BF00005BD08082DE9F04F0E46002189B0044666
:107C000017460D4603AA304601F10108FFF7A4FD0F
:107C1000B0B995B127B13A46082120462AF092F82A
:107C200000211E4FDFF87890DFF878A003AA3046D5
:107C300001F10108FFF790FD60B909B0BDE8F08FD0
:107C4000006810B1F9F7DEFA80B28542414638BFCC
:107C50000546D7E703688BB11A787AB1D0F804B03B
:107C60004A4608212046CDE900533B462AF06AF8EF
:107C7000BBF1000F04D16069FFF7B6FF4146D5E7BD
:107C8000524620463B4608212AF05CF8AA1D594678
:107C9000204692B22AF0B8F9F0E700BFB8620808AF
:107CA000A3620808A0550808F7B50F6805460E46F8
:107CB000A7B13846F9F7A6FA84B2094B2846094A13
:107CC000082100933B462AF03DF8E21C71682846E3
:107CD00092B203B0BDE8F0402AF096B93C46ECE71A
:107CE000B4620808AD60080810B507490446F9F702
:107CF00077FA38B105492046F9F772FAB0FA80F000
:107D0000400910BD0120FCE7AA620808AD6208081E
:107D100010B58368044603F580535B6F9B0603D55B
:107D2000054940692AF0E7F9A368502200205A87E4
:107D30001822A3681A8710BD7522080808B5836940
:107D400002491A6829F0D8FB002008BDBB62080868
:107D50002DE9F3410E4905460E4C29F0CDFB0E4EA0
:107D60000022DFF83880B44202F1010703D300207B
:107D700002B0BDE8F081636A92B2414628460093A2
:107D8000303454F8283C29F0B7FB3A46EBE700BF03
:107D9000CB62080878200808A8200808E3620808D1
:107DA000024908B529F0D2FB002008BD79BB0808BC
:107DB00073B5044600250D4EA2680DF1060301219E
:107DC000E06802F656022AF04EFABDF80600A368F3
:107DD00040B12A4603F6560331462046013529F0C4
:107DE0008BFBE9E783F8560802B070BDF46208081F
:107DF00010B5044629F0F1FB03490246204629F05C
:107E00007BFB002010BD00BFFB5D0808022907B501
:107E10000BD153680C4900930C4B126829F088FB76
:107E20006FF0150003B05DF804FB8368084A03F5A2
:107E3000805308495B6F13F0020F074B18BF1A46B7
:107E400029F05AFB0020EDE71763080802630808D1
:107E5000FE62080820630808098F080810B58368C7
:107E6000044603F580535B6F9A0603D507494069C2
:107E70002AF041F9A36803F580535B6F9B0603D595
:107E8000034960692AF037F9002010BD7C220808F8
:107E9000812208080129F0B5044685B00AD053684C
:107EA00060490093604B126829F042FB6FF01500A7
:107EB00005B0F0BD836803F580535B6F990603D569
:107EC0005A4940692AF017F96FF0F9012046FFF787
:107ED000B9FCFA2120460025FFF7CAFCA0684FF440
:107EE0000062294600F656008DF80B504FF47A7662
:107EF00037F01EFD4E4960692AF0FDF8606929F0EF
:107F00007CFB606801220DF10B0103681F6903AB64
:107F1000B847039BF3B9013E4FF47A7036F0B5FBD6
:107F2000B6B2002EEDD1A36803F580535B6F9B06BC
:107F300003D5404960692AF0DEF8A3685022204644
:107F40003D495A871822A3681A8729F0E3FA6FF08F
:107F50000700ADE79DF80B20A3681B2A55D093F8C6
:107F600056181B29CDD1522A4FD15A19002382F815
:107F70005638A66896F857285B2A2DD106F6570082
:107F8000022510F8011F2A4601353B29ADB226D142
:107F900040F2FF718A42C6D002F6560216FA82F10A
:107FA000002211F8010F20BBFA2A86F85608A168B2
:107FB00028BFFA22FA2B4A8728BFFA23A268138720
:107FC000A36803F580535B6F9A0603D5194960696E
:107FD0002AF091F800206BE786F85638A3E703EB08
:107FE00083033039B5F5006F01EB43018BB2C8D183
:107FF00099E7013502EB82023038ADB200EB420066
:10800000B5F5006F82B2CCD18DE72B440135ADB20E
:1080100083F85628092D7FF674AFA368002283F8F1
:10802000562880E7176308080263080887220808B3
:108030006B6308088B220808316308082DE9F04FAC
:10804000074689B01546894621B110462AF0C0F985
:1080500000285CD1032456E05C463CE029460AF641
:10806000560037F064FD0646002855D0F9F7CAF8E7
:10807000314682B2601C08F101080132304437F009
:108080003DFC22465946304637F02AFC4FF020038B
:108090003355BAF8543001331C44AAF85440002434
:1080A00001994B1C03AA48460193FFF755FB06466E
:1080B000F0B10022316828462AF00BFC0028EFD1ED
:1080C000D6F800B0D7F808A0BBF1000FC4D05846CE
:1080D000F9F798F884B2BAF854302344B3F5006F36
:1080E000BCDB01242B460D4A0321384629F02AFE29
:1080F000B8F1000F07D0B8682A4600F1540100F625
:10810000560029F0AAFB204609B0BDE8F08F4FF0D9
:10811000000802244146C4E70224E9E71968080878
:108120002DE9F047D0F808908CB01D468046D9F86C
:108130000C300F46164698470368202B11D9244966
:108140000B685C0708D0234B0293002301221846DA
:10815000CDE900332AF081F96FF015000CB0BDE8CD
:10816000F087002E05DA1A490B685807F4D01A4B2D
:10817000EAE746EA05045A1E14400ED014490A687C
:108180005207E9D003930122144B029300231846AF
:10819000CDE900332AF061F9DEE72022394604A850
:1081A00037F0C6FB2046AC42D8D2A5EB040AD9F87A
:1081B000047004AA3119BAF1200F404628BF4FF0CD
:1081C000200A5346B8470028C8DB5444EBE700BFF9
:1081D000EC1500246B68080891680808AE68080868
:1081E0002DE9F04F80468DB00C4600297CD04C4ED6
:1081F0003368580732D08B68002501220593284642
:108200004B6804930B6831460393464BCDE9005508
:1082100002932B462AF0BDF9336859071ED06369D3
:10822000012231462846059323690493E3680095AB
:1082300003933D4BCDE901532B462AF0AAF933684D
:108240005A070BD0E3690122314628460393374B86
:108250000095CDE901532B462AF09BF900252746CE
:10826000DFF8D8A0A946DFF8B8B033685B0718D0AC
:10827000FB6A012259460A93EB1C0993BB6A0893D7
:10828000AB1C07937B6A06936B1C05933B6ACDF886
:108290000090CDE903530023CDE9019A18462AF056
:1082A00078F904351037102DDFD1336858071BD00B
:1082B000236E00251A490122039328461C4BCDE961
:1082C000005502932B462AF064F9336859070BD006
:1082D000A3690122124928460393164B0095CDE964
:1082E00001532B462AF055F9B8F1010F10D1EFF3E5
:1082F00005830B490A6852070AD0103B4246039394
:108300000D4B029300231846CDE900332AF041F9C2
:10831000214640460DB0BDE8F04F24F00FB900BF34
:1083200038160024E06808080F6908083E69080844
:10833000906908089F690808CD6908084D69080810
:1083400008B5034B1B689847BDE8084000F014BA15
:108350006810002430BFFFF7FDBF00BF2DE9F041DA
:108360000B4E0546DFF83080324606EB0807CC1B83
:108370000849204637F0B4FAA019083C42460021CB
:1083800037F0D6FA07F10800C5F8A840BDE8F0813B
:108390000800000010220808080000002DE9F04F36
:1083A0009B468FB0536891468246884606934B6938
:1083B000DBF81C2007932AF066FC0AAB04464A4609
:1083C00041465046D9F800502AF0B1FC0AAB0746A6
:1083D00080B1B9490B685E0708D0B84B01220293FF
:1083E00000231846CDE900332AF0E7F838460FB0ED
:1083F000BDE8F08F9DF8342002F00F02032A01BF80
:10840000BDF836202820D8F8B41042430CBFD8F865
:108410003060D8F82C60504608BF8A58414618BFD3
:108420000A9A00934B46164409AACDE9016B03F062
:1084300009FC074670B1A0490B685D07D6D0A04B78
:1084400001220396029300231846CDE900332AF057
:10845000B4F8CBE79DF818006219322800F2778152
:1084600001A353F820F000BFED8304083D85040804
:1084700035850408BF8504084F8704084F87040822
:108480004F8704084F8704084F8704084F87040864
:10849000038604084F8704084F8704084F870408A1
:1084A0004F8704084F8704084F8704084F87040844
:1084B0004F8704084F8704084F8704084B87040838
:1084C0004B870408418704084F8704084F87040836
:1084D0004F8704084F8704083D8504083D8504083C
:1084E000038604084F8704084F8704084F87040851
:1084F0004F8704084F8704084F8704084F870408F4
:10850000358504084F870408698504084F870408E7
:108510007B850408C7850408C7850408C785040847
:10852000C7850408D5860408D5860408D5860408BE
:10853000D58604086359099A13441CE0DDF824C069
:108540006FF07C4E6159ACEB0203080203EBA01301
:1085500003F100700138704580F08680C3F3970303
:1085600001F07F410B4306E06259564B134043F044
:10857000D07343F47043635138E709986159A0EB15
:10858000020C41F31E03634413F1804F12D54A4994
:108590000B685C070BD005904B4B02930023CDE991
:1085A000036218460122CDE900332AF006F86FF085
:1085B00007071BE723F0004301F00041D2E7099BC6
:1085C0009A1A6359B8E761590B09C1F30B0603F412
:1085D00070433343099E06FA83F3A0F12D06012E62
:1085E0000CD92C2808BF1B14384A0A40C3F30B01CE
:1085F0001B010A4303F470231343BCE79B1A2E2884
:10860000F0E7605B40F6FE7851884FEA902EDDF887
:1086100024C008EA41084FEA0E6303F0807343EA7E
:108620000803DFF8AC8008EA003843EA08038EEA62
:1086300051388EEAD12E6FEA08086FEA0E0E08F064
:1086400001080EF0010E43EAC8536FF07E4843EA7A
:108650008E53ACEB020E43F31803734403F1FF1E79
:108660000EF57F4EC64506D313490B6858079ED0BA
:10867000CDF814C090E7C3F3093C00F47840C3F38D
:10868000006601F450414CEA000040EA8620605345
:10869000C3F34A00014383F4000083F48003C0F372
:1086A000C050C3F380537040734041EA403141EA07
:1086B000C32353809AE600BFE4150024E06908084C
:1086C000036A08080F0000F01D6A080800F0E0FFC8
:1086D00000F03F0034F805C051884FEA0C334FEAF0
:1086E0004C069BB206F400663343967833430E097A
:1086F00006F4E0663343099E06FA83F3A0F13106DF
:10870000012E1AD9302808BF1B142CF4816C01F4F7
:108710000F415E08C3F303302CF0070C06F48066AB
:10872000304340EA0C0CD8B21B01014324F805C0C9
:1087300003F4E0431943518058E69B1A3228E2E7DC
:108740006359079A1A44134615E7099B13E708492A
:108750000B685B073FF42BAF064B0122039002939B
:1087600000231846CDE9003329F027FF1FE700BF9B
:10877000E41500244D6A0808054B9A699B689A42E3
:1087800004D0044A536843F080535360704700BFDD
:10879000B8A8002400ED00E07FB5504C06460D4619
:1087A0002368580709D04E4B01222146029300232B
:1087B0001846CDE9003329F010FF4A4B9B6AD904D3
:1087C00078D523685A0709D0474B012243490293C1
:1087D00000231846CDE9003329F0FFFE1720414B56
:1087E0009B6A1B050DD52368590709D03F4B012211
:1087F0003A49029300231846CDE9003329F0EDFEF3
:108800001820384B9B6A9A0526D523685B0709D048
:10881000374B01223149029300231846CDE900333A
:1088200029F0DBFE2F4B9A6B9B6A180413D5236843
:1088300059070AD02F4B03920122029300232749A4
:108840001846CDE9003329F0C8FE26B1254A936ABF
:1088500023F4004393621920224B9B6A5B050DD5DC
:1088600023685E0709D0244B01221C490293002390
:108870001846CDE9003329F0B0FE1A20194A936A50
:1088800013F4807318D02368580709D01B4B0122BA
:108890001249029300231846CDE9003329F09DFECA
:1088A0001B20104A936A43F47F43936200232B708A
:1088B00004B070BD162092E7926A9104F1D5226847
:1088C000520708D00E4A184604490093CDE90132F8
:1088D000012229F082FE1C20E3E700BF38160024A5
:1088E000696A080800ED00E07F6A0808906A0808D5
:1088F000A36A0808BC6A0808D16A0808EC6A080874
:10890000046B08081FB5424C23685A0709D0414B35
:1089100001222146029300231846CDE9003329F0B5
:108920005CFE3D4B9B6A9B0170D52368580709D0BC
:108930003A4B01223649029300231846CDE9003311
:1089400029F04BFE1E20344B9B6AD9010DD52368BC
:108950005A0709D0324B01222D49029300231846B1
:10896000CDE9003329F039FE1F202B4B9B6A1B03F6
:108970000DD52368580709D02A4B012224490293B8
:1089800000231846CDE9003329F027FE2120224B91
:108990009B6A59030DD523685A0709D0224B01223F
:1089A0001B49029300231846CDE9003329F015FE38
:1089B0002220194B9B6A9B030DD52368590709D0C8
:1089C0001A4B01221249029300231846CDE90033C5
:1089D00029F003FE2320104B9B6ADA030DD5236890
:1089E0005B0709D0124B0122094902930023184664
:1089F000CDE9003329F0F1FD2420074A936A6FEA9C
:108A000003436FEA1343936204B010BD1D209AE73D
:108A100038160024336B080800ED00E04B6B0808A3
:108A20005E6B0808786B0808966B0808BB6B080833
:108A3000D56B08082DE9F043594D894685B080462D
:108A40002B681746590709D0564B01222946029335
:108A500000231846CDE9003329F0BFFD524B9B6A35
:108A6000DA064DD52B685B0709D0504B01224C49E3
:108A7000029300231846CDE9003329F0AEFD1124FE
:108A8000494B9B6A1E070DD52B68580709D0484BE8
:108A900001224349029300231846CDE9003329F00F
:108AA0009CFD1224404B9B6A99072BD52B685A07D3
:108AB00009D0404B01223A49029300231846CDE9E0
:108AC000003329F08AFD384B5E6B9B6A1B0663D529
:108AD0002B685C070AD0384B0122314902930023EE
:108AE00003961846CDE9003329F077FDB9F1000F60
:108AF00004D02D4A936A23F080039362132403E089
:108B00001024BDE76FF01506274B9B6AD8070DD5DB
:108B10002B68590709D0294B0122214902930023D0
:108B20001846CDE9003329F058FD14241E4B9B6AEA
:108B30009A060DD52B685B0709D0214B01221849F5
:108B4000029300231846CDE9003329F046FD152491
:108B5000154B9A6AD50602D49A6A90070AD55B68C3
:108B6000190507D54146304600F0C8FA10B180F328
:108B7000098802240C4B9A6A920603D55A6A22F499
:108B800000525A629A6A204642F0FF029A6200231B
:108B90003B7005B0BDE8F0836FF01506AEE700BF8F
:108BA00038160024006C080800ED00E0166C080878
:108BB000906A0808496C0808616C0808776C080816
:108BC000046B0808824BF0B55F68A3B0054600232C
:108BD000C7F3080483F31188BFF36F8F02F07F405F
:108BE000B0F17F4F0FD102F00C0008281BD179495A
:108BF0000A68500707D0784A18460093CDE9013239
:108C0000012229F0EAFC0026354600238DF81F30AA
:108C1000E31E092B00F2BD80DFE803F00BA7ABA336
:108C2000BBBBBBBBBBAF120746BF0D461E460126F2
:108C3000EBE7684C23685F0709D0684B01222146A7
:108C4000029300231846CDE9003329F0C6FC002129
:108C50005F488DF81F10C36A13F002030ED023681B
:108C6000580709D05E4B0091CDE901130B46012254
:108C70005849184629F0B1FC00244BE0C26A002A8A
:108C800007DA22685207F7D0564A0093CDE901323D
:108C9000EDE7C26A5700EFD52268500708D0524A64
:108CA00018464C490093CDE90132012229F095FC88
:108CB000474BA9695A6942F480725A61BFF34F8FDA
:108CC000BFF36F8F5A6931F8021C22F480725A6127
:108CD000BFF34F8FBFF36F8F4DF60272914209D0F1
:108CE0009A6AD2B27AB30DF11F0201212846FFF72A
:108CF000A1FE38E0236859070BD02B6801223549C3
:108D000003933A4B029300231846CDE9003329F030
:108D100064FC2C689DF81F309BB96822294608A87E
:108D200036F0DEFD0F9B002E4CD0C3F3080222B9B3
:108D30006FEA53236FEA43230F9308A92046FFF7F6
:108D40004FFA23B0F0BD9A6A12F47F4F05D00DF1AF
:108D50001F010120FFF720FD05E09B6AB3F5803F6E
:108D60008AD3FFF7CFFD0446D4E70DF11F0200219F
:108D7000BCE70DF11F010020ECE716490B685A070C
:108D80003FF47AAF1A4B012202930023CDE900335E
:108D90006FE710490B685B073FF46EAF17F4F87F7D
:108DA000144A154BA4F1100418BF13460122CDE953
:108DB0000334124B029300231846CDE9003329F007
:108DC0000CFC59E723F4FF7323F00103B4E700BF61
:108DD00000ED00E038160024C46C0808EF6C0808A9
:108DE000066D0808276D0808356D0808546D0808D9
:108DF000706D0808AB6C0808966C0808946D08083C
:108E0000044B5A6942F010025A615A6922F0080272
:108E10005A61704700ED00E0EFF30880EFF309813D
:108E200001B57246FFF7CEFE01BD00BF0E4880F3CC
:108E30000888102080F311880C484FF0AA014FF4E5
:108E4000086235F087FC09484FF40861401880F348
:108E50000988EFF314800221084380F31488BFF3DC
:108E60006F8F00F0D5F80000800C032400820224EC
:108E7000BFF34F8F0549064BCA6802F4E062134303
:108E8000CB60BFF34F8F00BFFDE700BF00ED00E0F8
:108E90000400FA05084B9B6883420BD1EFF305836E
:108EA00043B1064B5A6842F080525A605A6A22F423
:108EB00000425A6224F098BEB8A8002400ED00E0F9
:108EC00024498A6882F8F5E04FF030001044EFF34F
:108ED000098C80E8F01F1EF0100F03D102F1B400DE
:108EE00080EC108A102080F31288BFF36F8F1A4F26
:108EF0004FF000668A698A603E60D2F8A800174C7D
:108F0000206092F9F5E0D2F8AC000023C2F8AC3052
:108F100080F311881EF0100F03D00023E1EE103A09
:108F200003E002F1B40090EC108AEFF3148323F015
:108F3000040383F31488BFF36F8F04B5104600F069
:108F40002BFABDE8044002F1300090E8F01F8CF3EA
:108F500009887047B8A8002404ED00E0946A002452
:108F60001EF0040F0CBFEFF30880EFF30980816956
:108F700011F8021C0229FFD001B5724629F019FB35
:108F800001BD00BF00B2002807DB0123410900F04A
:108F90001F00024A834042F82130704700E100E0A0
:108FA00000B200280CDB4309012200F01F00054934
:108FB0002033824041F82320BFF34F8FBFF36F8FE0
:108FC000704700BF00E100E04209054B00F01F00C0
:108FD00053F82220012303FA00F01040704700BF2D
:108FE00000E100E000B2013100284FEA0111C9B2EE
:108FF00006DB00F1604000F5614080F80013704727
:1090000000F00F00014B1954704700BF14ED00E051
:10901000154A08B522F07F02144B9A60BFF34F8FB8
:10902000BFF36F8FD3F8882022F47002C3F8882032
:10903000D3F8882042F4A002C3F888204FF04042C1
:10904000C3F83422BFF34F8FBFF36F8F0023E1EEDD
:10905000103A23F061FB25F011F800F0BDF829F07B
:10906000E7FA23F09FFB00BF0000040800ED00E0DA
:1090700042F8203C203A009B0A495360019B21F0B2
:1090800001019360029B9161D3604FF08073D361C3
:1090900000230265C0F8AC304FF47D43C0F8F430D3
:1090A000704700BFBD3A0408037B13F0020F124B58
:1090B00003D190F8F520D20611D45A6B42F08042C9
:1090C0005A63D0F8F43019075CBF43F00803C0F8C6
:1090D000F430037B43F002030373802070475A6B24
:1090E00022F080425A63D0F8F4301A0744BF23F0CC
:1090F0000803C0F8F430F0E700EF00E00A4A034646
:10910000906878B113F1160FD0F8980005D0A0F14F
:1091100080029A4205D8834203D2814228BF0020B0
:1091200070470020704700BFB8A80024104B9B6810
:1091300083421AD1EFF30580B8B9EFF31181102201
:1091400082F31288BFF36F8F1A7B22F002021A7328
:10915000EFF3148323F0040383F31488BFF36F8FBA
:1091600081F31188BFF36F8F70476FF01500704760
:10917000B8A8002415460E46002208B5E1EE102AD4
:10918000EFF3148222F0040282F31488BFF36F8F8E
:10919000BFF36F8F094A0A4B9060D0F8A8201A607D
:1091A00000F0FAF82C4686F309880020054B984712
:1091B0002046002100220023034C2047B8A80024A9
:1091C000946A002409260708BD3A0408014B1022BE
:1091D0001A61704700ED00E0002304481021C21816
:1091E0000133962B82F80013F9D1704700E100E0BB
:1091F00008B5EFF30583064A103B02EBC30152F8B2
:10920000330049688847BDE80840FFF7B5BA00BF9A
:1092100050090808154A70B5536913F4803323D1F7
:10922000C2F88430BFF34F8FD2F8803043F6E07439
:10923000C3F3C900C3F34E335B0103EA04060146DE
:1092400046EA81750139C2F86052F9D2203B13F128
:10925000200FF2D1BFF34F8F536943F48033536132
:10926000BFF34F8FBFF36F8F70BD00BF00ED00E005
:10927000134A002370B5C2F88430BFF34F8F53698F
:1092800023F480335361BFF34F8FD2F8803043F61D
:10929000E074C3F3C900C3F34E335B0103EA040671
:1092A000014646EA81750139C2F87452F9D2203B71
:1092B00013F1200FF2D1BFF34F8FBFF36F8F70BD4B
:1092C00000ED00E0002910DD00F01F030B44BFF3A8
:1092D0004F8F07490344C1F8680220301A1A002A48
:1092E000F9DCBFF34F8FBFF36F8F0020704700BFD3
:1092F00000ED00E00B4B5A6912F4003211D1BFF3BC
:109300004F8FBFF36F8FC3F85022BFF34F8FBFF360
:109310006F8F5A6942F400325A61BFF34F8FBFF327
:109320006F8F704700ED00E0BFF34F8FBFF36F8F7B
:10933000064B5A6922F400325A610022C3F85022C7
:10934000BFF34F8FBFF36F8F704700BF00ED00E09A
:10935000002910DD00F01F030B44BFF34F8F0749B6
:109360000344C1F8580220301A1A002AF9DCBFF36E
:109370004F8FBFF36F8F0020704700BF00ED00E0FC
:10938000024B0221024A034800F0A0B80000082462
:10939000000000245C2E080810B50446FFF784FE88
:1093A00003460648D4F898200121D21AC0E90023C8
:1093B000034B8360BDE8104000F092B8986A002427
:1093C00000000B151FB5154AD2F89030C3F30723E0
:1093D000013B984212D912490B685B0709D0114B27
:1093E00001220390029300231846CDE9003329F0AF
:1093F00030F96FF0150005B05DF804FBC2F8980075
:109400000B6823F01F03034343F01003C2F89C30A2
:109410008B6843F00103C2F8A030ECE700ED00E0F8
:109420002C160024AB6D0808F0B50E4689B01F4617
:1094300004460025B54215DA606850B3D7B1431E23
:10944000184212D014490B685B0709D0134B012254
:109450000395029300231846CDE9003329F0F9F86B
:109460006FF01502104609B0F0BD7F28EAD92168D7
:109470000B42E7D1236805A9059329F0DAF8A36820
:109480000343D0B20793FFF79DFF10F1160FE7D00B
:10949000421C01350C34CDE72C160024D16D080890
:1094A000044B0522C3F89420BFF34F8FBFF36F8F97
:1094B000704700BF00ED00E0BFF35F8F024B00225A
:1094C000C3F89420704700BF00ED00E010B5034CD6
:1094D00001232278FFF7A8FF207010BD32A90024D5
:1094E0000B4A08B500231278FFF79EFF10F1160F04
:1094F00007D0084A0021D2F89030C3F307239842DE
:1095000000DB08BDC2F898000130C2F8A010F2E7F5
:1095100032A9002400ED00E06A496B482DE9F043D0
:10952000D1F8903085B00268C3F307239A4200F265
:10953000C580FFF7C1FF4B69DB031ED50023C1F8CF
:109540008430BFF34F8FD1F8803043F6E075C3F31A
:10955000C904C3F34E335B0103EA0507224647EA19
:109560008276013AC1F87462F9D2203B13F1200FE0
:10957000F2D1BFF34F8FBFF36F8FD0E900410022CC
:109580005048A24201F10C011AD1504C6846002506
:109590004F4F2270FBF790F9DFF838810646DFF86D
:1095A0003891AE421FD1237800204649D1F890204F
:1095B000C2F3072293427BDB0020FFF771FF4CE0F0
:1095C000C0F8982051F80C3C23F01F0313430132DC
:1095D00043F01003C0F89C3051F8043C43F0010301
:1095E000C0F8A030CDE700984FEA051C00EB05114C
:1095F000CB683B40B3F5000F44D00AD8B3F5001F49
:109600002ED0B3F5800F34D0B3F5801F10D00135C4
:10961000C7E7B3F1807F3ED0B3F1007FF7D150F8B8
:109620000C30886829F005F84A6840F4802009E089
:1096300050F80C30886828F0FCFF40F088504A68E9
:1096400040F43020039001A92078CDE90123FFF7F1
:10965000B9FE002828DA6FF0150005B0BDE8F083E8
:1096600050F80C30886828F0E4FF4A6840EA0800A7
:10967000E8E750F80C30886828F0DBFF4A6840EAD9
:109680000900DFE750F80C30886828F0D2FF4A68FC
:1096900040F08270D6E750F80C30886828F0C9FF97
:1096A0004A6840F08870CDE7237801332370AEE735
:1096B000C1F898300133C1F8A00077E74FF0FF30D0
:1096C000CBE700BF00ED00E0B028080832A9002475
:1096D0000000F0FF0000081100000202F0B587B0A2
:1096E00007460E4614460021102268461D4636F0F5
:1096F0001FF902232A4621468DF802306846044BA2
:10970000CDE90476019325F08DFA07B0F0BD00BFD6
:1097100073260708024808B525F098F8FEE700BF51
:109720006550080808B5024B1B689847002008BD23
:10973000A46A0024034B044A1860937843F00203A0
:1097400093707047A46A00246C10002408B5054883
:1097500026F03AFF002383F31188BFF36F8F0423B1
:10976000184602DFF46D08080649074821F0070192
:10977000C1F1105208B502F5002226F020FE0020AB
:1097800008BD00BFFB6F0524A86A00244FF0FF321C
:109790004FF0FF33014823F0B5B900BF7C1000241F
:1097A000014823F027BA00BF7C10002438B50546D5
:1097B000FFF7ECFF082108482A4626F0E8FC04469B
:1097C00028B925B1054B0C2236F0CAFB1A50FFF719
:1097D000E7FF204638BD00BFA86A0024140000003F
:1097E00038B504460D46FFF7D1FF082221462B4627
:1097F000074826F042FD044628B925B1054B0C2246
:1098000036F0AEFB1A50FFF7CBFF204638BD00BF45
:10981000A86A00241400000010B50446FFF7B6FF44
:109820000348214626F069FCBDE81040FFF7B8BFA9
:10983000A86A002470B5A0FB01543CB92846FFF784
:10984000B5FF064640B90026304670BD054B0C22D8
:1098500036F086FB1A50F6E72A46214636F068F8BD
:10986000F2E700BF1400000038B5074C0025204681
:1098700035F024F9013504F1140035F080FB24346F
:10988000052DF4D1002038BDB46A002408B500F0DD
:10989000B7F80A4901220023416109490361C0E97F
:1098A00000220A6007490A60074A1360074A1360EA
:1098B000074AC0E90233136008BD00BF79BB08083E
:1098C000AC100024A8100024706B00246C6B0024E2
:1098D000686B00242DE9F04107460E46154600F05E
:1098E0008FF8C36804461BB943691A78002A41D12E
:1098F0000023E3606368BB4256F8232008DB324B49
:109900006361204600F062F84FF0FF30BDE8F0815F
:10991000511C616192F80080B8F12D0FEFD1911CBC
:10992000616151782D29A16004D192786AB901331F
:109930006360E4E749B9244B41462846636136F049
:10994000A5F80028DDD0C4F80880D4F8088028469F
:10995000414636F09BF8B8F13A0F636900D070B910
:109960001B7813B9636801336360204600F02EF85A
:109970003F20CBE75A1C42611B788360E5E74278C1
:109980003A2A0BD0002222611B7813B96368013395
:109990006360204600F01AF8A068B7E7187862689C
:1099A000094928B901329742626004DD56F8223035
:1099B000C4E90431EAE7616120462D783A2DD5D11A
:1099C00000F004F82846A1E779BB08080268074BB5
:1099D0001A604268064B1A608268064B1A60C268B9
:1099E000054B1A600269054B1A607047AC100024E1
:1099F000A8100024706B00246C6B0024686B00249A
:109A0000004870479010002430B50346EFF31181F1
:109A1000102282F31288BFF36F8F00220C4C04EBEC
:109A20000210057B15F0020F0CD143F0020325F064
:109A3000030203F003031343037381F31188BFF39D
:109A40006F8F30BD0132102AE9D10020F5E700BF49
:109A5000746B0024134640F20112914210B5044683
:109A60000AD040F20712914210D0B1F5807F14D194
:109A700001F008F800280DE0D3E9001200F096FF8D
:109A80000028F7D1204600F0B5FFF3E7196800F091
:109A9000D5FF002808DA434200E05F23034A36F08E
:109AA0005FFA13504FF0FF3010BD00BF14000000EC
:109AB00008B500F057FF031E06DA5B42034A36F092
:109AC0004FFA13504FF0FF33184608BD1400000042
:109AD00008B500F023FF031E06DA5B42034A36F0A6
:109AE0003FFA13504FF0FF33184608BD1400000032
:109AF0002DE9F84391464B118A10804603F020036C
:109B0000CE1002F010020C4606F0400613431E432E
:109B100001F00303012B29D0022B2AD00BB946F008
:109B20000106FAF7A1F8071E1DDB0020FFF76CFF06
:109B30000546C8B30023C0E90033037263061BD493
:109B4000F2B24146284600F00DFE041E23DA2B7BBC
:109B50006FF341032B733846644226F059FD144BD2
:109B600036F0FEF91C504FF0FF371AE046F00206BF
:109B7000D7E746F00306D4E709F00302414642F076
:109B8000100200F0EFFD041EE1DB284600F0A0FE0D
:109B9000041ED5DADBE70023064A29463846FAF7E1
:109BA000A9F83846BDE8F8836FF01704D3E700BF83
:109BB00014000000B0100024012830B50C4609D074
:109BC000042817D100230022C1E9002300238B6061
:109BD000002030BDEFF31185102383F31288BFF30B
:109BE0006F8F084B0FCB84E80F0085F31188BFF30C
:109BF0006F8FEDE7044B162236F0B2F91A504FF092
:109C0000FF30E6E7D03F002414000000012830B503
:109C10000C4685B01FD0042821D100230022CDE9B5
:109C200000230023029335F08FFC42F210720023D0
:109C3000144DF7F7BDFA009BC018019B43EB0101DF
:109C4000029B05FB0232104B9A42A260C4E900015C
:109C50000ED800200AE06946FFF7AEFFE3E70B4BA2
:109C6000162236F07DF91A504FF0FF3005B030BDA6
:109C70000130074B41F100011344C4E90001A36026
:109C8000E7E700BFA0860100FFC99A3B140000006F
:109C9000003665C438B5054D00240134284635F03A
:109CA0006EF90835052CF8D1002038BD746C0024FD
:109CB00038B5054D00240134284634F0FFFE143534
:109CC000052CF8D1002038BD9C6C00240B4B0C4AAD
:109CD00030B51C460025191BB1F5986F01D900203D
:109CE00030BD03F580715068C3E94020016003F581
:109CF000987303F8085C5160EDE700BFE03F002473
:109D0000C010002470B541690446857A0B4E59B1E4
:109D1000437ADB0706D4302303FB05639B6A1B6889
:109D20009B6898470023636105EB4505214606EBD8
:109D30000510BDE8704034F09EBF00BF5C180024E1
:109D4000827A3021064B01FB0233DA6A93F8223023
:109D5000801A1B3323F00303B0FBF3F0704700BFFE
:109D60005C18002438B53024827A064B04FB023399
:109D70009B6AD3E901240C601568FFF7E1FF04FB3F
:109D8000005038BD5C1800242DE9F04385B005462D
:109D900090461C466846039135F0D8FBDDE9006724
:109DA000EFF31189102383F31288BFF36F8F2B8C8D
:109DB000002B43D0EA8B9A4225D900220023284663
:109DC00022F068FF0446F0B189F31188BFF36F8F6A
:109DD000039B002B43D032463B46684635F0DAFB06
:109DE000A27A3021264B204601FB023303A99B6A4D
:109DF0001B681D68DDE90023A847606180BB204621
:109E0000FFF780FF26E0298C4B1E2B8489F31188F5
:109E1000BFF36F8F95F82230EA8B1B33EC6A521A2E
:109E200023F0030302FB0344154B164AEB1A1B11E4
:109E30005343A37295F82230E372C9E789F311887E
:109E4000BFF36F8F23464246284622F023FF044685
:109E50000028BDD10024204605B0BDE8F083636131
:109E600001230025E27A04F1180023812946039B8F
:109E70006560638235F05CFD63692582E360EAE733
:109E80005C180024ABAAAAAA70B50C4C302500B906
:109E900070BD037A4668013BDBB20372002BF7D139
:109EA000C3604360837A05FB03435B6A13B1984741
:109EB0003046ECE7FFF726FFFAE700BF5C18002406
:109EC000F0B5EFF31184102383F31288BFF36F8F83
:109ED000036BDD0740F18380B1F5817F44D00BD85F
:109EE000032930D0042936D05F233F4A36F038F8B2
:109EF00013504FF0FF3029E040F203139942F3D1A1
:109F0000D2E900329988CD070AD5D0E90A1529434C
:109F1000D98818BF41F00101D9801168143111604E
:109F2000998849071ED5D0E90A51023571F1FF31F0
:109F3000D98834BF0120002041EA8001D98013680C
:109F4000143313600EE044F20200184084F31188C9
:109F5000BFF36F8FF0BD126824490A4241D10B4014
:109F6000134303630020F1E7D2E900539168AA8804
:109F7000D70718D51A68914201D10C23B5E71061B3
:109F800001271A68567B67F3050656731A68967B95
:109F90006FF3451696731A68D6686FF39436D660D9
:109FA0001A6814321A60AA885607DBD51A689142DB
:109FB000E3D01030106101201A68517B60F3050175
:109FC00051731A68917B6FF3451191731A68D168C8
:109FD0006FF39431D1601A6814321A60C2E7092312
:109FE00083E7162381E700BF14000000FDBFFFFFD9
:109FF0002DE9F341072A1E464FF0000304460D46A3
:10A00000CDE900330BD961B90E23364A4FF0FF3446
:10A0100035F0A6FF1350204602B0BDE8F0811623AC
:10A02000F3E7EFF311874FF0100888F31288BFF3BE
:10A030006F8F036B5B040ED5B047002850DA4342A4
:10A04000284A4FF0FF3435F08BFF135087F3118807
:10A05000BFF36F8FDFE734F096FF08B10B23EFE714
:10A0600001AB6A4620492046F9F7AEFD87F3118817
:10A07000BFF36F8F00984FF0FF324FF0FF3322F0A5
:10A0800041FDEFF3118788F31288BFF36F8F2946E4
:10A090002046B04710F10B0F024612D0F0B15242E9
:10A0A000104B4FF0FF3435F05BFF1A5087F31188E7
:10A0B000BFF36F8F019823F0B5F8009822F09AFD56
:10A0C000A9E787F31188BFF36F8FDDE900104FF028
:10A0D000FF324FF0FF3323F003F9D2E70824E5E71E
:10A0E0000824B3E714000000842E0808014BFFF792
:10A0F0007FBF00BF852A0708014BFFF779BF00BF6C
:10A10000F12A0708002373B50546CDE9003334F082
:10A110003AFF044648B1214B0B224FF0FF3435F093
:10A120001FFF1A50204602B070BD01AB6A461C49A1
:10A130002846F9F749FD00984FF0FF324FF0FF3302
:10A1400022F0E0FCEFF31186102383F31288BFF3B3
:10A150006F8F2B6BDB0711D4104B09224FF0FF34AC
:10A1600035F0FEFE1A5086F31188BFF36F8F019809
:10A1700023F07EF8009822F03DFDD3E7094B012142
:10A18000094AEB1A0948DB105A4326F0C8FB0022A3
:10A1900000232C63C5E90A23E5E700BF1400000093
:10A1A000842E0808D0450024B76DDBB6D8100024F3
:10A1B0002DE9F34721F480478046894627F00207BE
:10A1C00057B1234B162235F0CBFE1A504FF0FF3516
:10A1D000284602B0BDE8F08701AA01211D4826F0FB
:10A1E0004CFB002804DA1A4B0C2235F0B9FEECE7E0
:10A1F000019C3823DFF864A05C43F9F735FD051EA8
:10A2000004EB0A0605DA019A0121124826F087FBC1
:10A21000DCE749F00103103433635444C6E90A878C
:10A22000204635F02DFB304635F02AFBB8F1000F03
:10A2300003D03946304624F0C5F90021204624F0E9
:10A24000C1F90023044A31462846F9F753FDBFE718
:10A2500014000000D8100024842E0808D0450024E3
:10A2600010B509220C460749F9F790FC30B1064BAE
:10A2700008222146FFF7BCFEC01710BD4FF0FF308B
:10A28000FBE700BF842E0808F12A070807B5094933
:10A29000CDE900230922F9F779FC40B1064B0822E9
:10A2A0006946FFF7A5FEC01703B05DF804FB4FF049
:10A2B000FF30F9E7842E0808852A07082DE9F04FBA
:10A2C0009DB0834614461D4608A84FF0000906912C
:10A2D00035F03CF9DA46DDF818804E46CDF80C90A2
:10A2E000DDE90823CDE904230DAB0A93B8F1000F93
:10A2F0001FD1002E77D0B5F1FF3F08BFB4F1FF3F6B
:10A300004FF0FF3006D0A04278EB050864D30A2056
:10A31000B4FBF0F0069B4FF4827201904946009323
:10A320005B46039828F014FC074638461DB0BDE88C
:10A33000F08FDAF80000002849DB0CAA0BA9F9F726
:10A3400079FC0746002842D00C984FF0FF324FF0BE
:10A35000FF3322F0D7FB1CAB4FF4817239460193D7
:10A360000AAB0B980093534628F0F2FB10F1780FDC
:10A3700003461AD10023002208A835F0E7F8DDE9EA
:10A380000834CDE904340024254623460C9807936D
:10A3900022F030FC079B002B19DA5B42484A35F06B
:10A3A000DFFD4FF0FF371350BFE710F1120FEDD173
:10A3B000039B2BB90B9BB946039300230126E5E7CA
:10A3C000384604F081F803460028F3D1F6E70AF195
:10A3D000080A08F1FF3889E70A22002320462946A7
:10A3E000F6F7E6FE96E7DDE9042308A8DFF8D88053
:10A3F00035F0D0F8DDE9084522462B460DAC0A9928
:10A40000091B891008FB01F1204624F083F800F1B4
:10A410000B030B2B04D82B4F1F4117F0010701D062
:10A420004342BBE70A94B946069D5C4695B9B9F12B
:10A43000000F3FF47AAF002F7FF477AF08A8DDE973
:10A44000042335F0A7F8DDE908452B4625432246CD
:10A45000D4D16AE72068E68000282ADB0CAA0BA981
:10A46000F9F7E8FB824618B92023E380013720E0A2
:10A470000C984FF0FF324FF0FF3322F043FB0AAB52
:10A48000514640F20312009323460B9828F060FBDC
:10A4900082460C9822F0AEFB1AF10B0F0CD0BAF1E9
:10A4A000000F02D0CAF1000378E7B4F90630002BA0
:10A4B000DCD10834013DB9E74FF00109F9E700BFED
:10A4C000140000007EF7FFFFCDCCCCCC2DE9F04F7F
:10A4D00089B016461D460F46129CD1B1D1F800E056
:10A4E000CEB1D6F80090C5B1D5F800C04EEA090249
:10A4F00052EA0C025DD0002101238846134227D086
:10A50000B8F1020F0BDD5D4B0C2235F029FD1A501E
:10A5100049E08E46E4E7B146E5E7AC46E6E713EAF4
:10A520000E0F0DF1200A14BF0120002013EA090FBD
:10A530000AEBC80A08F1010818BF40F0040013EA4A
:10A540000C0F4AF8181C18BF40F002002AF8140C2F
:10A5500001315B002029D1D16CB3494A206863687E
:10A56000A0FB020102FB03114FF47A72A368B3FB54
:10A57000F2F3C0184FF064024FF0000341F1000104
:10A580000029BCBF00200146633041F10001F6F70D
:10A590000FFE02460B46414602A8FFF78FFEB0F1C0
:10A5A000FF3F82460BD14FF0FF34204609B0BDE893
:10A5B000F08F9046D0E74FF0FF321346EBE717B12C
:10A5C000384628F0DEFA16B1304628F0DAFA15B12E
:10A5D000284628F0D6FA00240DF10809009435E049
:10A5E000DA0707D537B1394658460193013428F0C8
:10A5F000CBFA019B03F01A025B0717D576B13146FF
:10A600005846019228F0C0FA019A631C9AB385B3A8
:10A610000234294628F0B8FA314602E07AB175B121
:10A6200029465846013428F0AFFA08E03AB125B17E
:10A6300001342946584628F0A7FA002EECD10AF139
:10A64000FF3A009B09F1080901330093009B9845EC
:10A65000ABD0BAF1000FA8DDB9F90630002BF0D06D
:10A660009906D9F800B0BBD5044B092235F078FC27
:10A670004DE71C46D0E71C46E1E700BF1400000090
:10A6800040420F0010B50A4C204634F00EF860B17D
:10A6900022692046A168136843F040031360054A0D
:10A6A0000B680621BDE8104018476FF0120010BD7E
:10A6B000B402080801000A0002460B46014822F0D5
:10A6C00021BA00BFA0170024014822F093BA00BFAE
:10A6D000A01700242DE9F74F824608460F46904602
:10A6E000F6F790FD4FF0FF3183464FF0FF30FFF754
:10A6F000E3FF1B4B4FF000091C684E469C4208BF0D
:10A7000000245B685CB9FFF7DFFF36B3CAF800606E
:10A71000B8F1000F1DD1002003B0BDE8F08FA5698E
:10A72000A94512D8AB4510D3012D03D97A5D2F2A44
:10A7300000D052B92A46E1683846019335F0B3F9A2
:10A740000028019B04BFA94626469C42DBD0246812
:10A75000D8E7B369C8F80030DDE76FF00100DBE748
:10A76000E81000242DE9F043054687B016460F4651
:10A7700039B10846F6F746FD012802D93B782F2B60
:10A7800012D04C490B68580708D04B4B012202935A
:10A7900000231846CDE9003328F0FEF96FF01504C8
:10A7A000204607B0BDE8F083D5F80480B8F1000F6B
:10A7B00079D14246394605A8FFF78CFF041E0EDA10
:10A7C0003C490B685A07EBD03C4B01224046CDF880
:10A7D0000080CDE90183434628F0DEF9E0E7DDF8AB
:10A7E000148098F820309B0702D516F0120F5DD127
:10A7F000D8F81C20136813B316F0400924D016F0C3
:10A8000002030ED12B490A68540707D02C4A184678
:10A810000093CDE90132012228F0BEF96FF00C045B
:10A82000BEE7536973B923490A68500707D0254A20
:10A8300018460093CDE90132012228F0ADF96FF0FE
:10A840008504ADE74FF00109C5F804803246D8F819
:10A850001C30394628461B689847041E10DA1549F3
:10A860000B685A0709D0184B039402930023012266
:10A870001846CDE9003328F08FF900236B608FE78D
:10A880002E72B9F1000F8BD0D8F81C300021284669
:10A890005B699847041E83DA06490B685B07ECD0B6
:10A8A0000A4B0394E1E76FF00F0479E76FF01D04A2
:10A8B00076E700BFF81500246F6E0808836E08085D
:10A8C0009B6E0808C96E0808E96E0808FE6E080845
:10A8D00030B5446885B005469CB1E369DB69B3B126
:10A8E0009847041E10DA0B490B685B0709D00A4B26
:10A8F00001220394029300231846CDE9003328F087
:10A900004BF9204605B030BD00236B60F9E76FF0CE
:10A910008504F6E7F81500241A6F08081FB5436888
:10A92000B3B1DB695B68B3B19847041E0DDA0B491C
:10A930000B685B0709D00A4B0122039402930023A2
:10A940001846CDE9003328F027F9204604B010BDA1
:10A950006FF00804F9E76FF08504F6E7F8150024B6
:10A96000306F08081FB54368B3B1DB699B68B3B1AA
:10A970009847041E0DDA0B490B685B0709D00A4B98
:10A9800001220394029300231846CDE9003328F0F6
:10A9900003F9204604B010BD6FF00804F9E76FF02A
:10A9A0008504F6E7F8150024456F08081FB54368CD
:10A9B000B3B1DB69DB68B3B19847041E0DDA0B490C
:10A9C0000B685B0709D00A4B012203940293002312
:10A9D0001846CDE9003328F0DFF8204604B010BD5A
:10A9E0006FF00804F9E76FF08504F6E7F815002426
:10A9F0005B6F08081FB54368B3B1DB691B69B3B16E
:10AA00009847041E0DDA0B490B685B0709D00A4B07
:10AA100001220394029300231846CDE9003328F065
:10AA2000BBF8204604B010BD6FF00804F9E76FF0E2
:10AA30008504F6E7F8150024706F08081FB5436811
:10AA4000B3B1DB695B69B3B19847041E0DDA0B49FA
:10AA50000B685B0709D00A4B012203940293002381
:10AA60001846CDE9003328F097F8204604B010BD11
:10AA70006FF00804F9E76FF08504F6E7F815002495
:10AA8000856F08081FB54368B3B1DB699B69B3B133
:10AA90009847041E0DDA0B490B685B0709D00A4B77
:10AAA00001220394029300231846CDE9003328F0D5
:10AAB00073F8204604B010BD6FF00804F9E76FF09A
:10AAC0008504F6E7F81500249E6F080870B50E4659
:10AAD00086B0054630B1F6F795FB012802D92B78F0
:10AAE0002F2B0FD022490B685C0708D0214B012285
:10AAF000029300231846CDE9003328F04DF86FF09B
:10AB0000150413E00022294605A8FFF7E3FD041E03
:10AB10000FDA17490B68580708D0174B0122029328
:10AB200000231846CDE9003328F036F8204606B059
:10AB300070BD0598C3691B6CB3B13246294698476E
:10AB4000821C0446F2D00028F0DA09490B685B0742
:10AB5000ECD00A4B01220390029300231846CDE962
:10AB6000003328F019F8E1E76FF08504DEE700BF55
:10AB7000F8150024B36F0808836E0808CE6F080824
:10AB8000F7B506460D460D488AB2314683681B6804
:10AB90009847002810DA00240CE02F1B042F28BF50
:10ABA000042712F05DFA019030193C443A4601A99D
:10ABB00034F096FEA542F0D803B0F0BD8804080832
:10ABC00010B503460548826814688AB21946A04742
:10ABD0000028B4BF6FF00400002010BD88040808EE
:10ABE000014822F007B800BFF01000242DE9F04121
:10ABF00084B005460E4604AF00231A4601F096F9CC
:10AC0000041E11DA1E490B685A0709D01D4B012298
:10AC10000394029300231846CDE9003327F0CBFFBD
:10AC20002046BD46BDE8F08124F00303DA1D22F082
:10AC30000702ADEB020D0DF11008284642463146E1
:10AC400001F074F9051E05DBA4080025A54211DBFF
:10AC50000024E5E70A490B685B0709D00A4B01228B
:10AC60000395029300231846CDE9003327F0A3FF94
:10AC70002C46D5E758F8253001359847E6E700BF60
:10AC80000C160024EF6F08080C70080838B505464C
:10AC90004FF0FF334FF0FF32084821F033FF084BED
:10ACA0001C682CB10F222946201D34F0FCFE18B977
:10ACB000FFF796FF204638BD2468F2E7F010002425
:10ACC000046D0024F8B506460F464FF0FF334FF0F1
:10ACD000FF32094821F016FF084B1D6825B92C46A4
:10ACE000FFF77EFF2046F8BD39462846B0470446A8
:10ACF0000028F5D12D68F1E7F0100024046D002440
:10AD00002DE9F0410E46044690B107680025AF4298
:10AD100011D1002409E00835BD4206D23146286829
:10AD2000F6F75EFA0028F6D16C682046BDE8F0819F
:10AD3000084D094FF0E76368314653F8350003EBDF
:10AD4000C508F6F74DFA10B9D8F80440EDE701351B
:10AD5000DDE700BF10130808782008082DE9FF413F
:10AD60001446054608460F469846FFF78FFF2060B9
:10AD70004FF0FF324FF0FF33264821F0C3FE266824
:10AD800056B1D6F88C506B1CC6F88C30FFF728FFF4
:10AD9000284604B0BDE8F08100230022BC211E48F3
:10ADA00033F038FD0346206068B91C490A68520731
:10ADB00006D01B4A0090CDE90102012227F0FBFEDC
:10ADC0006FF00B05E2E701464246284600F088F99D
:10ADD000051E05DA2168104833F026FD2660D5E708
:10ADE00020680F223946043034F06FFE2368DE7489
:10ADF0002268D2F88C300133C2F88C30094A2368BB
:10AE00001E60516811B9C2E90033BFE70B6053609F
:10AE1000BCE700BFF0100024FC1600240C16002430
:10AE20002D700808046D002470B5064604684FF0C4
:10AE3000FF334FF0FF32244821F064FED4F88C3009
:10AE40005D1E012BC4F88C5003D0FFF7C9FE2846C5
:10AE500070BD1E4B00211A6852B1944230D1226855
:10AE600041BB59681A608C4200D15A6000232360AC
:10AE7000204627F04DFF00233360FFF7B1FE94F822
:10AE8000B83023B1D4F8B410114833F0CDFC2046CB
:10AE900000F0EAF8D4F880100D4833F0C5FCD4F87F
:10AEA00088100B4833F0C0FC0948214633F0BCFC45
:10AEB0000020CDE70A605A68944208BF5960D5E780
:10AEC00011461268C8E700BFF0100024046D00248A
:10AED000FC1600247FB504460D46164627F086FE74
:10AEE00000280FDA0E490A68520709D00D4B03906B
:10AEF0000293002301221846CDE9003327F05BFEC0
:10AF000004B070BD3046A847204627F072FE0028E6
:10AF1000F6DA03490B685B07F2D0034B0390E7E7CF
:10AF20000C16002456700808787008087FB50BAB23
:10AF3000012205930393054B029300231846CDE9A4
:10AF40000033F9F737FA07B05DF804FB9D70080885
:10AF50002DE9F04F174600F14805282289B08146B7
:10AF60000E4602FB07556A69002A49D001EB8708A3
:10AF70002C6AC8F84C2093F801B0BBF1000F6AD1DD
:10AF800094424FF0010A4FF00003344838BF144692
:10AF90000022202C38BF2024013CB4FA84F4C4F1F0
:10AFA00020040AFA04F4CDE900232146224633F0B6
:10AFB000F0FB0346C8F8140098B929490A685507F8
:10AFC00009D0284A03940090CDE90102CDE9044755
:10AFD0005246FFF7ABFF6FF00B05284609B0BDE8FE
:10AFE000F08FB26F22440446B2676B686A69082B1F
:10AFF00008D1594634F09CFC3E44012386F8403089
:10B000000025EAE79246AA682B6992070AD5ED69FE
:10B01000594607932A462C4434F08AFC079BAAEB36
:10B02000050A2B44D9F8082019464846904705469A
:10B0300040B9D9F80430524621464846984705465B
:10B040000028D9D0D8F81410044833F0EDFB0023C1
:10B05000C8F81430C1E76FF00D05BEE7FC160024F8
:10B060000C1600249D7008082DE9F04100F13F0600
:10B0700000F1140500F14004084F4FF0000816F8E5
:10B08000013F2BB12968384633F0CEFBC5F800806C
:10B090000435A542F3D1BDE8F08100BFFC160024C1
:10B0A000014600220023014833F0B4BBFC16002403
:10B0B00010B5D0F8003204466BB18B6FD1F8B020D8
:10B0C000A3EBC2038B67D0F80012044833F0ACFB4B
:10B0D0000023C4F80032002010BD00BFFC1600247D
:10B0E0002DE9F04F99B000260D46044611AB01271B
:10B0F00031462846B24208BF1A4613960B92BC222C
:10B10000CDE911668DF8447034F012FC2368C4F860
:10B110000062A3B120469847834680B1B0490B68CE
:10B12000580700F0CF80AF4BCDF80CB00096CDE9BA
:10B13000016333460122184627F095FDC2E0002145
:10B14000204627F089FD834668B1A5490B685A0758
:10B150003DD0A54B029301220023CDE900331846D0
:10B1600027F081FD33E004F11406342220463146F5
:10B1700027F070FD834628B199490B685B0726D0FC
:10B180009A4BE7E704229A49304634F048FC0746D8
:10B1900080B193490B685F0717D0964B0122584640
:10B1A0000393954BCDE901B310230093334627F069
:10B1B0005AFD0AE0A38C23F00202012A1FFA82F84A
:10B1C00019D087490A6856070DD16FF0070B8449DB
:10B1D0000B68580776D0894BCDF80CB0029300234A
:10B1E000CDE90033A6E70393854B01220097CDE913
:10B1F00001733B46DBE7B4F84230282B06D0784990
:10B200000A685207E1D003937E4BEEE7B4F844603E
:10B21000C5F8B060F6003046FFF742FF0346C4F8B9
:10B22000000278B96E490A68570702D16FF00B0B1C
:10B23000CDE7754A03960093CDE90132424627F0E7
:10B2400012FDF3E7AB6F0B2138463344AB673B4647
:10B25000D5F8B0209A4250D8616B204627F0FEFC0A
:10B260000646C5F8B400002852D0002385F8B8304F
:10B2700004F148034FF4DC720021B4F846901846FC
:10B280000D9334F055FB4FF0000E4FF0FF3A4FF0A6
:10B29000280BF046D5F8B030734501D9032F73D190
:10B2A000D4F864313BB1D4F83C3123B1D4F8143133
:10B2B000002B40F0F8804A4F3B685A0740F0D68098
:10B2C0006FF0070B294620460026FFF7F1FED5F860
:10B2D00080104E4833F0A8FAC5E91F66BBF1000F95
:10B2E00000F0BB832846FFF7BFFED5F8881047481B
:10B2F00033F09AFAC5E92166AFE3D4F8002202F8E8
:10B300003310D4F8002202EBC302013350609FE7F0
:10B31000D5F8B03028224FF0010802FB03F985F878
:10B32000B8804846FFF7BCFE0346C5F8B40040B9F4
:10B330002B490A6852073FF479AF354ACDF80C9093
:10B3400079E7616B204627F087FC834658B1244992
:10B350000B685B073FF43BAF2E4B42460096CDE9AE
:10B3600001633346FBE64A46D5F8B410204627F081
:10B3700071FC834600283FF47BAF19490B685F07D7
:10B380003FF425AF244BE8E7D5F8B4600BFB0E661D
:10B390007368022B1ED1A38C012B16D1B24604F583
:10B3A000887CBAE80F00ACE80F00BAE80F00ACE800
:10B3B0000F009AE8030005228CE80300D4F800325D
:10B3C00003F80820D6F818A001370EF1010E08F195
:10B3D00008085FE70B2B21D1A38C032BDDE700BF0F
:10B3E0000C160024D3700808F870080816710808B5
:10B3F0005A75080830710808AB5B080826720808FF
:10B40000527108086F7108088E710808FC16002434
:10B41000B7710808E471080807720808032BD4D133
:10B42000F14511D104F5B07C0FCEACE80F000FCE82
:10B43000ACE80F0096E8030007228CE80300D4F87C
:10B44000003203F80820BFE7D645BED104F59C7C46
:10B450000FCEACE80F000FCEACE80F0096E803006B
:10B4600006228CE80300D4F80032EAE70026964B67
:10B4700001223946029330463346CDE9006627F073
:10B48000F2FB3B685B073FF41BAF6FF00703012241
:10B490003946304603938D4B0096CDE90163334620
:10B4A00027F0E1FB0CE70B9A2946204627F0A4FB86
:10B4B000834640BB8046D5F8B03043452CD8224661
:10B4C00023464FF0000CD96C002900F05881D86D4C
:10B4D000002800F05481996EA78C9E6D0139032FCE
:10B4E00001EA060140F046815F6DB94240F24081B9
:10B4F00077490B685F0700F0B880764BCDF80CC039
:10B5000002930023C8E072490B6858073FF4DAAE93
:10B51000714BCDF80CB061E6D4F800922823D5F831
:10B52000B4204FEAC80A19F8381003FB08F30B29B6
:10B5300002EB0307D3582A6B1FD1D3187E686749E3
:10B5400018460C93F5F74CFE012E0BD0083E082E42
:10B5500011D8082E0FD8DFE806F04A0E0E0E0E0E98
:10B5600039133D00BB685A073CD4DB0736D40028AA
:10B5700018BF022607E000283DD008F101089AE72D
:10B58000002818BF0A2608BF0426BB689807F4D510
:10B5900079690029F1D0A6F10802022A2DD87B6A28
:10B5A000042B01D1890728D049490B685A075CD080
:10B5B0000C9BCDF810800393494B0293002301228A
:10B5C0001846CDE9003327F04EFB4EE0002818BFA7
:10B5D0000926D8E7002818BF0826D4E7002818BF96
:10B5E0000126D0E7B0FA80F67609B600CDE700284C
:10B5F00018BF0326C7E70426C7E70D9B09F80A60B2
:10B600004FF0280909FB06390B9B5B685BB9D9F839
:10B6100004307BB907F1280357F8042B9F4249F8FF
:10B62000042BF9D1A9E738460E9298470E9A0028C4
:10B63000EDD0A2E7B868D9F8081080EA010313F04A
:10B6400007031DD0224F3B685B070ED00C9B0122E5
:10B6500003900696CDE90413224B3946029300234A
:10B660001846CDE9003327F0FEFA6FF0070B1849B2
:10B670000B685E073FF426AE1B4BCDF80CB0ADE572
:10B68000032E10D0D2B2022A34D811490A685707C3
:10B69000EBD0164A0396029201221846CDE90033F8
:10B6A00027F0E1FAE1E70A490A68500700F05B81F8
:10B6B0000F4A184600936FF0850BCDE90132012245
:10B6C00027F0D1FAD3E700BF4C720808817208084E
:10B6D0000C160024B1730808AD720808D872080867
:10B6E000E672080805730808537408086B730808A5
:10B6F0003C730808B4F824E0D7F80CC0BEF1030F7F
:10B70000D9F80CA03869D9F810100ED1ACEB0A0E9C
:10B71000421A964509D0AA4908684207A5D00C9A52
:10B7200004960392A74A029249E781427B690A463E
:10B730003E6A28BF02461844D9F81430C9F81020D0
:10B740001944D9F82030D44594BFC9F80CC0C9F8C1
:10B750000CA088422CBFC2EB0002C2EB01029E4249
:10B760002CBFC9F82060C9F82030C9F8142004E7BC
:10B770007F1A5F65761A084459669E65D8650CF194
:10B78000010C2833BCF10B0F7FF49DAE0021134652
:10B79000CDE90C1101310C9E0846013E0E960B2896
:10B7A0007FD10B2902F12802F1D12821D5F8B03040
:10B7B0005B4500F2C3800B9A2946204627F02EFAFB
:10B7C0008346002840F0D280D4F82471D4F8349114
:10B7D0003F09E867D4F8208105D082460AF1010AC2
:10B7E000574500F3CC80EE6FF6003046FFF758FC6B
:10B7F0000346C5F88000002840F0EC8070490A68D4
:10B80000520740F032816FF00B0B5BE50D9E042E6A
:10B8100042D0042800F08F80A68C032E39D1166DFB
:10B82000B70736D59E6FB60733D5566ED2F854801B
:10B83000D3F88C7008EB0609DE6F3744B94507D89A
:10B840000EEB080A0AF1FF3A574507D9B94520D14E
:10B850000CEB060A0AF1FF3AD1451AD858490B6891
:10B860005A073FF402AFF0446644069008F1FF33F4
:10B87000013ECDE904930C9B0393534BCDE907762E
:10B880000293002301221846CDE9003327F0EBF99B
:10B89000EBE60D9E032E1FD1013028337FE72833BE
:10B8A0000420D66C002EF7D0D2F85CE0BEF1000F79
:10B8B000F2D05E6F002EEFD0D3F884C0BCF1000F41
:10B8C000EAD00E9E012EA1D8042834D0A68C032ED7
:10B8D00002D1166DB607A5D40328E0D0D2F858805F
:10B8E000566ED3F88090D3F88C7046444F44BE42D5
:10B8F00007D80EEB080A0AF1FF3A574507D9BE42AE
:10B90000CAD10CEB090A0AF1FF3A5645C4D82C49B2
:10B910000B685B073FF4A9AECC44C64406900CF11B
:10B92000FF33CDE907730EF1FF33CDE904630C9BC0
:10B930000393264BA4E728330520B2E7D4F800325E
:10B9400003EBCB0013F83B300B2B09D0D5F8B42018
:10B9500001FB034301FB0B229B6D1269D31A436069
:10B960000BF1010B22E76FF0850BABE414490B6878
:10B9700058073FF4A7AC164BCDF80CB02EE4C844E2
:10B980002046414627F068F90646002840F03B81F2
:10B990004A4614A9204627F05DF90646002840F0E3
:10B9A00032819DF85C3003F00F02013A012A3FF624
:10B9B00015AF1B09012B02BFEB6F0133EB670DE7DE
:10B9C0000C1600247F730808D47308081174080843
:10B9D000767408083246002133F0AAFFAB6F334477
:10B9E000AB67D4F834310D93D4E948231B090C928A
:10B9F0000F9345D10B9B1B78002B40F0C780D4F8E8
:10BA0000FC00C3080728C5F8843013D920F00700CC
:10BA10006E6AFFF745FB0346C5F88800002800F072
:10BA2000C880083600270B9B5A78D5F884309F428F
:10BA3000C0F0C9800B9B5B7813B9284627F009F941
:10BA40000B9B1B7A002B3FF43DACD5F8801075485A
:10BA500032F0EAFE0023C5E91F3323690BB120460B
:10BA60009847584619B0BDE8F08F6FF00B0203926B
:10BA70006D4A0093CDE90132012227F0F4F8C2E6C5
:10BA80000027BA460AF1010A0F9B5345B2DD204652
:10BA9000DDE90C32134419460C9327F0DDF8002839
:10BAA00040F0AF800D9A14A9204627F0D3F8002863
:10BAB00040F0A7809DF85C30BDF85E9003F00F0267
:10BAC000013A012ADED81B09012BDBD1B9F1000FA5
:10BAD000D8D0FB001499D5F880200E93EB6A0B4464
:10BAE00042F837302822D5F8B43002FB09380B9BD6
:10BAF0005B78D8F80C609BB10B9B5B6863B9A38C37
:10BB00000E9A012BD5F8803018BF00261344159AE1
:10BB100032445A600137B5E7404698470028EED0D6
:10BB20004A462946204627F0AEF8034600BBD8F81F
:10BB30001010204627F092F80346C8B93B490A681E
:10BB400057070BD16FF0850B38490B685E073FF440
:10BB5000B9AB374BCDF80CB0FFF740BB354ACDF849
:10BB60000C900090CDE90102012227F07CF8E9E772
:10BB7000A28C1599012A0E98D5F8802014BF764220
:10BB80000026024431440B445360C3E70B9A294614
:10BB9000204600F0D5F8064600283FF430AF234990
:10BBA0000B68580702D1B346FFF78CBB224B0396B4
:10BBB0002FE01E490A6852073FF425AE6FF00B02D2
:10BBC00003921E4A55E756F8081C7AB956F8080C35
:10BBD000D5F88830083643F83700D5F8883056F85D
:10BBE0000C2C03EBC70301375A601CE7204627F0F3
:10BBF00077F8011EEADD204627F030F80028E7D16B
:10BC0000E4E78346A0E709490B685B07CBD00C4B00
:10BC100003960293002301221846CDE9003327F052
:10BC200022F8C0E7FC160024C27408080C16002491
:10BC30000B750808F47408082A7508084175080887
:10BC4000957408082DE9F04198465B688AB00F4664
:10BC50001B0A1546DDE9104604D12B6000200AB00E
:10BC6000BDE8F081E289002A3DD131461046FFF758
:10BC700047F804462860C8B9079007A9CDE90860CD
:10BC80002B48FFF71FF8099A079B2A6072B107F14A
:10BC90008C0252F8041F8B42E0D001BB243447F8D9
:10BCA0002430D3F88C200132C3F88C202B68002B71
:10BCB000D4D120490A6852070ED0129A18469269C8
:10BCC0000592D8F800200093CDE903621A4ACDE925
:10BCD0000132012226F0F4FF6FF03C00BFE701348F
:10BCE000082CD6D1BAE74FF6F1739A4201D16368B6
:10BCF000B3E7B0F84430934208D9B2F57F4F05D28C
:10BD000026F0C1FF636818442860A7E709490B685B
:10BD10005B070AD0094B02930023CDE903221846A2
:10BD20000122CDE9003326F0CBFF6FF0070096E744
:10BD3000A92C07080C1600245E750808AD750808C4
:10BD40002DE9F04F04468DB00D46914600274FF087
:10BD5000280AD5F8B010B94216D805F1100605F139
:10BD60003C0756F8040F30B1B16BFDF7ABFAB16B7D
:10BD70003068FDF7EDFABE42F3D1D9F80430002B5C
:10BD800040F0B28000201EE0D5F8B4300AFB073B3B
:10BD9000DBF80420042A19D0092A68D1DBF8242012
:10BDA000082A24D053490B685D070AD0524B0293EE
:10BDB0000023CDE9032718460122CDE9003326F000
:10BDC0007FFF6FF007000DB0BDE8F08F49490B68A9
:10BDD0005C0709D0494B01220397029300231846C0
:10BDE000CDE9003326F06CFF6FF08500EBE7DBF860
:10BDF0001C208A4214D33F490B685807E1D008231E
:10BE00000693DBF814300397CDE904233C4B012261
:10BE1000029300231846CDE9003326F051FFD0E706
:10BE2000DBF8148018F00706E5D10AFB02339B68A3
:10BE300099071CD5D4F8003213F832300B2B0ED1F1
:10BE40002C490B685B07BCD02E4B30460392012275
:10BE50000096CDE90163334626F032FFB1E74FEAA1
:10BE6000D8082946204626F00EFF464501D1013765
:10BE70006FE7DBF824102046DBF81020A36801FBF5
:10BE80000621984700289ED1DBF8242009A92046E6
:10BE900063689847002896D15B4609AA2946204640
:10BEA000FCF77CFA00288ED10136DEE7D5F8B470B5
:10BEB000D9F804300AFB08773846984768B1E66835
:10BEC0001EB139692046B047064679693046FDF70C
:10BED000F9F979693046FDF73BFA08F10108D5F820
:10BEE000B0309845E2D34DE74FF000084FF0280AF4
:10BEF000F5E700BF0C160024FA7508082876080834
:10BF00004E760808947608087FB50BAB012205939E
:10BF10000393054B029300231846CDE90033F8F74D
:10BF200049FA07B05DF804FBE48E0808F0B50F4647
:10BF300087B016460546002845D041B1D0E91B24FC
:10BF40001444EEB19C420AD96FF00B0035E0446F07
:10BF5000B2B19C42F8D8C16B2246304607E0416B33
:10BF6000304633F0BDFCA96BD5E91B02304433F0F9
:10BF7000B7FC6969EA6C0023A5080A44AB4201D109
:10BF800020461AE056F82300884218D20F490A6862
:10BF9000520710D00E4A0F4CCDE904300E4B002F43
:10BFA00018BF224602930023039201221846CDE9CE
:10BFB0000033FFF7A9FF6FF00D0007B0F0BD90420E
:10BFC000E4D20133DAE76FF01500F6E70C1600242F
:10BFD000148F08080C8F0808E48E080830B585B067
:10BFE00000250C46019001A90748CDE90255FEF74E
:10BFF00069FE039B03B104332582C4E90035C4E91B
:10C00000025505B030BD00BF172E0708F8B505462C
:10C0100050681646FEF73AFE044638B9284672685C
:10C02000114925F069FA6FF00100F8BD021D0F49B2
:10C03000284600260E4F25F05FFA0E49284625F0C7
:10C040005BFAD4F88430B34201D80020EDE7D4F88D
:10C0500088203946284602EBC60352F836200136BE
:10C060005B6825F049FAECE72D8F08083F8F080838
:10C07000798F0808568F080807B50549019025F003
:10C080003BFA01A90348FEF71DFE03B05DF804FB6F
:10C09000888F080899C0040810B50C46836F021DEC
:10C0A0000249206825F028FA002010BDAD8F08084D
:10C0B0002DE9F041D2E90168ADF5087D044640461E
:10C0C000F5F7A0F805463046F5F79CF80F280AD991
:10C0D00020460F22234925F00FFA6FF015000DF5C9
:10C0E000087DBDE8F081B5F5804F09D920464FF4B1
:10C0F00000536A081C4925F0FFF96FF00B00EEE7CA
:10C100001A4F4FF40053294640463A4624F0D1FADC
:10C110004FF404720546002104A833F009FC144BC7
:10C120006A463146059304A8124B0693124B0793B7
:10C130000023CDE90133039301238DF8043001ABD3
:10C14000CDE98575FEF70AFE034638B9009B0B4919
:10C150001A1D204625F0D0F90020C0E732460849D4
:10C16000F7E700BFBE8F0808E68F0808001B002411
:10C17000572D0708812D0708952D07081B900808E3
:10C18000479008082DE9F041ADF5107D054690680F
:10C19000164605A9FEF79AFC044650B10346B2685C
:10C1A0002049284625F0C4F920460DF5107DBDE84C
:10C1B000F0819DF81470D6F808803FB142461A49C4
:10C1C000284625F0B5F96FF00704EDE74FF4067245
:10C1D00039460AA833F0ACFB144B01AA71680A93E4
:10C1E0000AA8134BCDF830820B93124B04970C9393
:10C1F000114B0E930123CDE902778DF8083002AB85
:10C20000FEF7ACFD031E019A05DA04320B492846FD
:10C2100025F072F9D7E7134609490432284625F07C
:10C220006BF9C1E775900808A09008089D2D0708D4
:10C23000C32D0708E72D0708FD2D070847900808BC
:10C240001B90080838B5054650681446FEF71EFDD9
:10C2500038B928466268054925F04EF96FF00100AB
:10C2600038BDA16826F0B7FC0020F9E7AF900808B8
:10C2700037B5054650681446FEF708FD019040B9F1
:10C2800028466268084925F037F96FF0010003B0CD
:10C2900030BD01A8FEF7C8FD28466268034925F0B5
:10C2A0002BF90020F3E700BFAF900808C5900808FD
:10C2B00070B590B00A4B6C4603F1400622461868F0
:10C2C000083353F8041C2546B34203C52C46F6D167
:10C2D00040230021034805F065FC10B070BD00BF8D
:10C2E00033A90024090014F10048704733A9002441
:10C2F000034A044B1168928819609A80FFF7D8BFEF
:10C30000D092080833A900242DE9F04F824693B05B
:10C3100008461C46154662B1D2E90138B8F1020F51
:10C3200000F218815A0705D56FF0030013B0BDE87D
:10C33000F08F9046002838D00A22002122F0FAFA25
:10C340004FF6FE73421E06469A4200F20681BAF18B
:10C35000000F4BD1002DE7D06F6817F00107E3D035
:10C36000D5F808E0BEF1010F2AD8030204F1240831
:10C37000BE46082243EA2023C4F828A0E384012310
:10C38000A38404F12C0300202362C4F808E084F89D
:10C390002C002060C4E90628EB68022B0ABF0227A4
:10C3A00006231123C4E90373C0E7BAF1000F1CD1BF
:10C3B0006B4B162233F0D4FD1A506FF00A00B5E72C
:10C3C000BEF1020FB0D1674B04F1280C04F1240830
:10C3D0000FCB8CE80F0033021822A4F824E043EAC4
:10C3E0002623E38404F12C03CDE7064637020795A4
:10C3F0000025119447EA2627ADF83C50BFB2ADF8AE
:10C400004050ADF83E704FF0FF32294608A832F098
:10C4100067FCB8F1020F13D16FF00800BDF83C10B3
:10C42000002344249AB2914200F28E8000287FF4C7
:10C430007DAF119B442202FB013343F8440C75E7A6
:10C4400044F62062002304A844F6206433F07EF80A
:10C45000AB46DDE904986FF00903A3427BEB0503CB
:10C460003FD304F109060A22B6FBF2F60AF018F9E6
:10C4700007AB0122514601933B4B0296009310AB50
:10C480002BF0C1F80246002852D116F1630FA5BF68
:10C4900006F164030A22134683FB022308A820F056
:10C4A00067FC0B3033D14A46434604A833F072F898
:10C4B000DDE90423134320D0241904A86D4122464A
:10C4C0002B4633F043F8049B9945059B78EB030317
:10C4D000C1D24A46434604A833F05CF8DDE904457E
:10C4E000B9E714F109004FF00A024FF0000345F1DB
:10C4F0000001F4F75DFE0646B8E7BDF840400AF0DB
:10C50000CFF821462BF07CF86FF002000EE70E9B6F
:10C51000653308D14A46434604A833F03BF8DDE9C9
:10C5200004231343C8D10E98C31C7FF477AFEBE705
:10C5300010F1600F3FF470AF5242094B33F010FD21
:10C540001A506FF00A0069E7119A04FB03220133C5
:10C55000D78467E76FF00800E8E66FF00100E5E6D2
:10C5600014000000503008083F2E07082DE9F04164
:10C5700005460E461746134CDFF85080444508D355
:10C58000114B6A2233F0ECFC1A504FF0FF30BDE83B
:10C59000F0812368AB4200D08BB9A3683A4631469C
:10C5A0002846984758B1084B002233F0D9FC314651
:10C5B000C2503A46E3682846BDE8F04118471034B7
:10C5C000DCE700BF4C110808140000007C110808CB
:10C5D00037B50D4601AA6946F7F72CFB044660B152
:10C5E000009B1B695BB986230D4A4FF0FF3433F083
:10C5F000B7FC1350204603B030BD0923F4E74FF0D9
:10C60000FF3201984FF0FF3326F0E7FC009B2946EC
:10C6100020461B6998470446019826F0E0FCE9E7AC
:10C620001400000073B50D461646694601AAF7F7D7
:10C6300001FB0446B0B1009B5B69DBB14FF0FF32F8
:10C640004FF0FF33019826F0C8FC009B204632468D
:10C650005B69294698470446019826F0C0FC2046AD
:10C6600002B070BD0923044A33F07AFC4FF0FF3466
:10C670001350F4E75F23F6E71400000073B50D468E
:10C680001646694601AAF7F7D5FA0446B0B1009BF1
:10C690009B69DBB14FF0FF324FF0FF33019826F07A
:10C6A0009CFC009B204632469B69294698470446DD
:10C6B000019826F094FC204602B070BD0923044A7C
:10C6C00033F04EFC4FF0FF341350F4E75F23F6E7EE
:10C6D0001400000037B50D4601AA6946F7F7AAFA1B
:10C6E0000446A8B1009BDB69D3B14FF0FF324FF095
:10C6F000FF33019826F071FC009B20462946DB6938
:10C7000098470446019826F06AFC204603B030BDE5
:10C710000923044A33F024FC4FF0FF341350F4E7AC
:10C720005F23F6E71400000073B50D461646694610
:10C7300001AAF7F77FFA0446B0B1009B1B6ADBB190
:10C740004FF0FF324FF0FF33019826F046FC009B7C
:10C75000204632461B6A294698470446019826F02F
:10C760003EFC204602B070BD0923044A33F0F8FBBA
:10C770004FF0FF341350F4E75F23F6E71400000096
:10C780002DE9FF410D46164602A903AA1F46F7F7F9
:10C7900051FA0446E8B1029B5B6A13B34FF0FF32D3
:10C7A0004FF0FF33039826F018FC0B9B20463246CF
:10C7B000019329460A9B0093029BD3F824803B46B1
:10C7C000C0470446039826F00AFC204604B0BDE8A2
:10C7D000F0810923044A33F0C3FB4FF0FF341350B8
:10C7E000F3E75F23F6E700BF1400000073B50D46C2
:10C7F0001646694601AAF7F71DFA0446B0B1009B38
:10C800005B6BDBB14FF0FF324FF0FF33019826F046
:10C81000E4FB009B204632465B6B29469847044662
:10C82000019826F0DCFB204602B070BD0923044AC3
:10C8300033F096FB4FF0FF341350F4E75F23F6E735
:10C84000140000002DE9FF410D46164602A903AA77
:10C850001F46F7F7EFF90446E8B1029B9B6A13B352
:10C860004FF0FF324FF0FF33039826F0B6FB0B9BDF
:10C8700020463246019329460A9B0093029BD3F837
:10C8800028803B46C0470446039826F0A8FB204674
:10C8900004B0BDE8F0810923044A33F061FB4FF096
:10C8A000FF341350F3E75F23F6E700BF14000000E6
:10C8B00073B50D461646694601AAF7F7BBF904465B
:10C8C000B0B1009B9B6BDBB14FF0FF324FF0FF33F9
:10C8D000019826F082FB009B204632469B6B29463E
:10C8E00098470446019826F07AFB204602B070BDB6
:10C8F0000923044A33F034FB4FF0FF341350F4E7BC
:10C900005F23F6E71400000073B50D46164669462E
:10C9100001AAF7F78FF9044648B90E4B09224FF0E8
:10C92000FF3433F01DFB1A50204602B070BD019851
:10C930004FF0FF324FF0FF3326F04FFB21463346D6
:10C940002A46009826F03AFB0446019826F047FB59
:10C95000EAE700BF1400000073B50D4616466946AD
:10C9600001AAF7F767F9044648B90E4B09224FF0C0
:10C97000FF3433F0F5FA1A50204602B070BD01982A
:10C980004FF0FF324FF0FF3326F027FB009B32467B
:10C990002946DB68204698470446019826F01FFB8D
:10C9A000EAE700BF140000002DE9FF410D461646DE
:10C9B00002A903AA1F46F7F73DF90446D8B1029B26
:10C9C000DB6A03B34FF0FF324FF0FF33039826F0DA
:10C9D00004FB0A9B2046324600932946029BD3F86B
:10C9E0002C803B46C0470446039826F0F8FA2046C0
:10C9F00004B0BDE8F0810923044A33F0B1FA4FF0E6
:10CA0000FF341350F3E75F23F6E700BF1400000084
:10CA10002DE9FF410D46164602A903AA1F46F7F766
:10CA200009F90446D8B1029B1B6B03B34FF0FF32E8
:10CA30004FF0FF33039826F0D0FA0A9B2046324687
:10CA400000932946029BD3F830803B46C0470446FA
:10CA5000039826F0C4FA204604B0BDE8F08109230B
:10CA6000044A33F07DFA4FF0FF341350F3E75F23AD
:10CA7000F6E700BF1400000073B50D461646694680
:10CA800001AAF7F7D7F80446B0B1009BDB6BDBB126
:10CA90004FF0FF324FF0FF33019826F09EFA009BD3
:10CAA00020463246DB6B294698470446019826F01B
:10CAB00096FA204602B070BD0923044A33F050FABA
:10CAC0004FF0FF341350F4E75F23F6E71400000043
:10CAD00073B50D461646694601AAF7F7ABF804464A
:10CAE000B0B1009B1B6CDBB14FF0FF324FF0FF3356
:10CAF000019826F072FA009B204632461B6C2946AC
:10CB000098470446019826F06AFA204602B070BDA4
:10CB10000923044A33F024FA4FF0FF341350F4E7AA
:10CB20005F23F6E71400000010B5044609B10C2A93
:10CB300007D016230F4A33F013FA13504FF0FF308B
:10CB400010BD0B68002BF4D0886860B126F06CFA39
:10CB500038B994F99000002809DC04F04DF8002859
:10CB6000E7D05823E6E7081D27F0E0FCEEE726F0C3
:10CB70005BFAF4E714000000F7B507460E461446CA
:10CB8000F7F772F8051E18DB3CB97B1E012B04D8A1
:10CB9000022E17D0012E08BF0624F1B201ABA2B2BB
:10CBA000B8B205F03BF9061E0EDA2846764223F0AD
:10CBB0002FFD114B33F0D4F91E504FF0FF352846AE
:10CBC00003B0F0BD1124E8E7019800234360C3657A
:10CBD000603032F003F801987C3032F0D0F9062C46
:10CBE00002D1019827F058FF4FF44043034A0199BE
:10CBF0002846F7F77FF8E2E714000000382F08080E
:10CC000037B5069D0446E3B90093002200230E4980
:10CC100005F0ECF904F1600031F0E0FF04F17C0074
:10CC200032F0ADF9214605F1600032F019F82046E6
:10CC300027F032FF05F17C0003B0BDE8304020F062
:10CC4000F1BA03B030BD00BF3F3007082DE9F04115
:10CC500088B00C460646109FDDE90E5858EA0501DB
:10CC600013D014F1690F02D014F10B0F0DD16846E7
:10CC700032F090FCDDE9002313430ED114F1690F6B
:10CC80000CBF6FF00B046FF0680464422F4B33F05D
:10CC900067F91C504FF0FF304DE0B8F1FF3F08BF7F
:10CCA000B5F1FF3F0AD0B8F1000F16D10A23B5FB4A
:10CCB000F3F03B68834294BF3B603860D6F8840051
:10CCC00008B11FF097FF14F1690F0DD138680A21E0
:10CCD000A0FB010132F032FA23E00A2200232846A9
:10CCE0004146F4F765FAE4E70B341AD1B6F88E4002
:10CCF000C4F38114012CE9D196F9900026F094F93F
:10CD000030462AF0A4F800220346022103A832F09C
:10CD100089FD3A680A23A2FB0323214603A821F0D8
:10CD2000F9FB3B685B00642B28BF64233B60D6F8AB
:10CD3000840018B9002008B0BDE8F0814FF0FF3240
:10CD40004FF0FF331FF0DEFEF4E700BF14000000D9
:10CD5000F8B540F203130446994200F08E80B1F515
:10CD6000827F0ED2042923D0B1F5817F2BD00329F5
:10CD700019D06F4B5F2233F0F3F81A504FF0FF30A9
:10CD800015E045F21B43994200F0C48045F221436F
:10CD9000994200F0BD8040F205139942E9D1136831
:10CDA000C0F884300DE0C06DC0F340008003F8BDD2
:10CDB0001268C36D550423F0020301D543F002034A
:10CDC000E3650020F3E7D2E9001597688B88D80760
:10CDD0001BD52B689F4202D16FF00B00E7E704F1EF
:10CDE000600204201A612B685A7B60F305025A73B3
:10CDF0002B689A7B6FF345129A732B68DA686FF38E
:10CE00009432DA602B6814332B608B885A072CD548
:10CE1000B4F88E30C3F38113012B02D06FF077008A
:10CE2000C5E794F9900026F0FFF82E68B742D3D0FA
:10CE3000B4F88E302046C3F34103012B1AD12AF0F7
:10CE400009F8306102212B685A7B61F305025A739D
:10CE50002B689A7B6FF345129A732B68DA686FF32D
:10CE60009432DA602B6814332B60E36D13F0050FF6
:10CE7000A7D0D3E729F0EBFFE3E7D2E90056AB8870
:10CE8000DB070ED53368DB6813F4EE1F02D1C36DE8
:10CE9000DF0703D5EB8843F00103EB8033681433DD
:10CEA0003360AB8858071ED5B4F88E30C3F38113B6
:10CEB000012B28D194F9900026F0B6F83368DB688E
:10CEC00013F4FE1F0CD0E36DD90709D4B4F88E30EB
:10CED000C3F34103022B02BFEB8843F00403EB8052
:10CEE000336814333360E36D5A0742BFEB8843F075
:10CEF0000803EB80E36DDB077FF563AFEB8843F05E
:10CF00001003EB805DE7EB8843F00403EB80EAE776
:10CF1000C36D53E70023146819461A4626F0F3F848
:10CF20006FF00043984294BF2060236049E700BF40
:10CF30001400000013B5B0F88E3000210446002222
:10CF4000C3F341030091032B4FF0000319D128F0E4
:10CF5000A3F8042320466360E36D43F00403E36514
:10CF600026F0AEF8204605F019F8031E06DA5B42FB
:10CF7000054A32F0F5FF13504FF0FF33184602B068
:10CF800010BD05F033F8E4E71400000037B505469E
:10CF90000C4611BBB0F88E3000220091C3F3410360
:10CFA000032B4FF000030DD128F076F8031E0CDAA6
:10CFB0005B420F4A32F0D4FF13504FF0FF3420464B
:10CFC00003B030BD05F012F8F0E7EB6D284643F0F2
:10CFD0000103EB6526F074F8F1E74C1E32F0C0FF58
:10CFE000034B012C94BF862216221A50E5E700BF9E
:10CFF0001400000013B5044627F089FD031E07DA6C
:10D000005B420D4A32F0ACFF13504FF0FF3006E0A8
:10D01000B4F88E30C3F38113022B02D0002002B08B
:10D0200010BD63680022054920460093002304F0E8
:10D03000DDFF031EF2DAE3E7140000003F300708CB
:10D040002DE9F043B0F88E30174685B00446C3F39F
:10D0500041020E46022A38D0012AC56D0DD132F0A8
:10D060007FFF15F0040F264B14BF626878221A5018
:10D070004FF0FF3005B0BDE8F08315F00205C3F3B3
:10D08000811342681DBF4FF000084FF000091D4D8D
:10D0900047F2305808BF4FF00009012B17D100921A
:10D0A00000230022184904F0A1FF002801DA4342BE
:10D0B00017E063683A463146204602932B46CDE995
:10D0C000008927F04EFF0028F1DB0020D2E72B4635
:10D0D00002923A46CDE9008927F043FF031E05DAA4
:10D0E0005B42074A32F03CFF1350C1E763680022FD
:10D0F000054920460093002304F078FFE3E700BFD2
:10D10000140000002D3007083F30070813B504460F
:10D1100027F09CFD031E08DA5B420A4A32F020FF2A
:10D1200013504FF0FF3002B010BD0022002306491B
:10D130002046009427F0B0FF002801DA4342ECE7D4
:10D140000020F0E71400000001CC04082DE9F04FA6
:10D150005B068FB016464FF0FF384FF0FF394FF0A7
:10D160000A0204460D46189F0B92CDE90C8903D4A0
:10D17000C36D13F002034BD000220023CDE90C2332
:10D1800008A832F0E3F908A8DDE90C23DDE90889F5
:10D1900032F0DCF92C492046DDE90823CDE90623ED
:10D1A000636800220093002304F020FF031E36DB97
:10D1B0004FF0000A0DF12C0B6168DDE90C23002F04
:10D1C00037D0049120462946CDF804A0CDE90223AA
:10D1D000199B324600933B4627F0EDFF002825DAE5
:10D1E0000146CDF808B02046DDE90C23CDE9002347
:10D1F00042464B46FFF72AFD002817DB08A8DDE969
:10D20000062332F0C7F9DDE90823CDE90C23D3E783
:10D210000CAA052105F01AF80C4A0023B0E75B427E
:10D220000B4A32F09DFE13504FF0FF300FB0BDE8B7
:10D23000F08FCDE9002302913B4632462946204635
:10D2400027F05BFFCAE700BF3F300708A086010058
:10D25000140000002DE9F0474FF0FF338CB0154665
:10D260004FF0FF3204460E46CDE90A230A23099304
:10D270006B0603D4C36D13F0020339D000220023E0
:10D28000CDE90A2306A8002732F060F906A80DF1BF
:10D29000240ADDE90A23DDE9068932F057F9DDE9E0
:10D2A0000623CDE90423DDE90A233146204602970F
:10D2B000CDE9002300232A4627F058FF00281EDA74
:10D2C0000146CDF808A02046DDE90A23CDE9002378
:10D2D00042464B46FFF7BAFC002810DB06A8DDE902
:10D2E000042332F057F9DDE90623CDE90A23DAE712
:10D2F0000AAA052104F0AAFF024A0023C2E70CB0E3
:10D30000BDE8F087A0860100F7B5C36D04460F465F
:10D3100016469D0714D44FF0FF334FF0FF32694695
:10D32000CDE9002325F082FF031E09DA5B42394A6A
:10D3300032F016FE13504FF0FF35284603B0F0BD13
:10D34000002204F1600000231FF0A4FC044628B969
:10D35000304B0B2232F004FE1A50ECE7F6F784FC57
:10D36000051E06DA204625F0ABFE204604F016FE28
:10D37000E1E704F1600031F0AFFCA8B190F837307C
:10D38000990711D5E36D284643F00103E36523F0C7
:10D390003FF9204625F094FE204604F0FFFD1D4B8A
:10D3A000712232F0DDFDD7E7B4F88E305A0508D58A
:10D3B000184B712232F0D4FD1A50284623F028F978
:10D3C000D0E723F40073A4F88E3077B16EB13268E1
:10D3D00004F128013846082A28BF082232F080FAD2
:10D3E000238D012B09D1082333604FF440430A4AAF
:10D3F00021462846F6F77EFC9FE7022B01D1182331
:10D40000F2E7284623F004F9024B862232F0A8FD09
:10D410001A50A7E714000000382F08082DE9F04F34
:10D420008FB01F464FF0FF330C4603924FF0FF3290
:10D430000646CDE90423189B5906DDE9195A03D4A1
:10D44000C36D13F0020330D000220023CDE9042382
:10D45000189B06F1600B13F00203DDE904890193C8
:10D4600037D01022002109A832F062FA0423CDF847
:10D4700034B08DF8313001214B46424609A821F0E5
:10D4800049F800F10B0103460B2918D88D4A0A41CF
:10D49000D20714D4584631F01BFC8046F8B98A4BA9
:10D4A0000B2232F05DFD1A500EE004AA042104F0B4
:10D4B000CDFE04A9304625F0B9FE031EC8DA5B4252
:10D4C000814A32F04DFD13504FF0FF300FB0BDE8F0
:10D4D000F08F42464B4658461FF0DCFBDDE7D0E9B3
:10D4E00003930093002D4FD0BAF1000F4CD0B6F843
:10D4F0008C30DAF80060029328F076F998F837203B
:10D50000C2F302122A8098F83720C2F30212012ACD
:10D5100060D100231422072ECDE909323FD90DF145
:10D52000240B4046594628F03BFB064610B96FF0E5
:10D53000680236E00A99404628F0A5F90028F6D19D
:10D5400098F83A10404628F09EF90028EFD1F1688B
:10D550009DF808206960112A34D107AA594609921A
:10D5600008220A92404628F01BFB0028DFD00288E0
:10D57000009B6A80C8F80C90C8F810302A88012AED
:10D580002BD10822CAF80020002C64D0E2680AB12E
:10D59000A26832BB4C4B0C2232F0E2FC83E76FF006
:10D5A0001502009B5242C8F80C90C8F8103046494A
:10D5B00032F0D6FC019B0A50002B85D1404628F062
:10D5C0007CF881E7062A05D1142207A9CDF81CB002
:10D5D0000892C7E76FF08502E3E7022A6FD11822AD
:10D5E000D0E740463E4628F0CAF9874205464FF04C
:10D5F000000B28BF0646B246BAF1000F0FD1AF426A
:10D6000003D2A26942F02002A2612269002A4ED010
:10D61000606978B30F2848D8C4F814A02AE0A2683B
:10D6200052F80B1002EB0B0021B9274B162232F0F7
:10D6300097FC38E7426840460BF1080B524528BF7B
:10D640005246029228F035F9029A08B16922AEE7F3
:10D65000AAEB020AD0E740463E4628F090F98742FE
:10D660000546039928BF06464046324628F021F970
:10D670000028EBD1019BE3B9404628F01EF8189B27
:10D6800013F0200F0CBF304628461FE78A440731AD
:10D6900021F00707103717448742BDD821F0070152
:10D6A0000A4411680029F1D1B6E71044F9E7626134
:10D6B000E0E7009BC8F80C90C8F81030DFE786223E
:10D6C00075E700BF7EF7FFFF140000002DE9F04F63
:10D6D00017468DB01E464FF0FF324FF0FF330D4618
:10D6E0000446DDF85880CDE90823B0F88E30D9071C
:10D6F00040F1A880C3F34103022B40F0A58018F04D
:10D70000400F02D1C36D9A071BD500220023CDE93B
:10D710000823002E40D008F4807BDDE90823CDE902
:10D720000576CDE90A23CDB1C7B9EB688BB96FF0A7
:10D7300015004342454A32F013FC4FF0FF361350B8
:10D740002AE013F00503E4D108AA042104F07EFDC9
:10D75000DFE7AB681A685B6805920793002702A8A9
:10D76000DDE90A2331F0F2FE3E46DDE90223CDE990
:10D770000023069B63B3E36D13F0040010D06068D0
:10D780004042002820EAE076D3DB18F0020F03D1F4
:10D790003146204627F039FD30460DB0BDE8F08F08
:10D7A000DB07EED4DDE90AA95AEA090312D1C5B9AB
:10D7B000434606AA05A9204625F0A5FC831950EA90
:10D7C00003063DD15AEA090918D0BBF1000F31D147
:10D7D0003046D6E70AA9204625F028FD0028E6DADB
:10D7E000CFE7434607AA05A9204625F08CFC06444E
:10D7F00050EA060305D15AEA090302D16FF00A0084
:10D8000097E7AA68FB0052F8371001440591069982
:10D81000091A069107990029D7D10137E9688F4283
:10D82000D6D00833D118D2584B68059207930AB165
:10D83000002BD6D10AA8DDE9002331F0ABFE98E732
:10D840001E46C2E7092375E7802373E71400000032
:10D85000F0B585B01C461346DDE90A6702B3B0F89F
:10D860008E20C2F38112022A08D10A4600940021B8
:10D87000CDE90167FFF7D2FD05B0F0BD012A07D160
:10D880000A4600210A9405B0BDE8F040FFF71EBF2C
:10D89000044B862232F064FB1A504FF0FF30EBE766
:10D8A0001046E9E714000000F0B5B0F88E4085B0EE
:10D8B000C4F3811499B18E68D6B10023D1F80CC09D
:10D8C00004361D46AC4517D1022C1AD10C1D02940A
:10D8D0000C68CDE900240022FFF7A0FD06E0162326
:10D8E0000B4A32F03DFB13504FF0FF3005B0F0BD56
:10D8F0000C23F5E78623F3E756F8357001353B44F2
:10D90000E0E7012CF6D100920022FFF7DFFEEDE701
:10D910001400000073B50D461C461146069B062DEB
:10D9200046D005DC002D4BD0012D0DD06D238EE0AF
:10D93000292DFBD1122A00F38380102A00F3908056
:10D94000F4D122460F210AE00F2A2ED00DDC032A43
:10D950001DD0042A15D0022AE8D12246092104F05C
:10D9600075FC00281BDA434271E0262A1AD0272AC8
:10D97000DCD11B68042B69D1B0F88E30C3F3C2032D
:10D9800003E01B68042B61D14368236007E0B0F813
:10D990008E20C2F381121B68042B57D12260002015
:10D9A00002B070BDB0F88C20F5E722460A21D6E718
:10D9B000012ABBD1224602B0BDE8704029F020BA4E
:10D9C0000E2A3AD006DC012A3DD0022AAED12246E8
:10D9D0001021C4E7202A04D0212AA7D122460D21F4
:10D9E000BDE7B0F88E20C2F3C202012A36D104226C
:10D9F0001B68019294B1934210D10DEB02031321E5
:10DA00006A4604F023FC00280CDA4342164A4FF021
:10DA1000FF3532F0A5FA13502846C1E71623F5E783
:10DA20000223F3E7009808B92060F5E726F0CBFB66
:10DA30000028F5D043682360EEE7224614218EE7E4
:10DA4000432A7FF473AF2246082188E71623064A4B
:10DA500032F086FA13504FF0FF30A1E76A23F6E761
:10DA600022460E217BE700BF1400000073B50E466E
:10DA70001C4605461146062E069B70D005DC002E7E
:10DA800075D0012E26D06D2354E0292EFBD11A2A01
:10DA900000F3C0800F2AF6DDA2F110010A29F2D8A6
:10DAA00001A252F821F000BF19DC040821DC0408AF
:10DAB00027DC040887DA040887DA040887DA040810
:10DAC00087DA040887DA040887DA040887DA0408A2
:10DAD000E3DA04080F2A22D006DC022A17D00D2A26
:10DAE000D1D1002002B070BD192ACCD1B0F88E205F
:10DAF000C2F3C2010139012951D81BB1002C50D009
:10DB0000217879B922F40062A5F88E20E9E722464F
:10DB1000092104F00BFB0028E3DA43420AE0224625
:10DB20000A21F6E7082B3CD1204603F085FC031EB2
:10DB300007DA5B423D4A32F013FA13504FF0FF30E0
:10DB4000D0E725F071FA70B3B5F88E3043F4006376
:10DB5000A5F88E3003F098FB85F89000C1E7012A04
:10DB600091D1224602B0BDE8704029F01DB9212AAA
:10DB70004AD008DC022A4AD0202A16D0012A82D1B3
:10DB800022460821C5E7A2F1230101293FF67BAF18
:10DB90001A46214602B0BDE87040FEF7C5BF6A23B1
:10DBA000C8E71623C6E71323C4E700961CB10C2B65
:10DBB00003D0082B16D016231EE0A06890B125F0E4
:10DBC00033FA0090009808B103F05EFB0423019043
:10DBD000132128460DEB030204F0A8FA002811DAFD
:10DBE000434209E06368002BECD06946201D03F036
:10DBF000E5F80028E6D102230C4A4FF0FF3632F058
:10DC0000AFF9135030466DE722460D2181E72246D9
:10DC100010217EE7432AB2E722460F21284678E703
:10DC200022461321FAE722460E21F7E714000000EE
:10DC300013B503461446084669B162B1B3F88E20A5
:10DC4000D1050AD48023134A32F08AF913504FF0D9
:10DC5000FF3002B010BD1623F5E7C2F38111012990
:10DC600003D1C2F34102022AECD11A8D012AF2D16A
:10DC7000ADF8002069465A8DDB6AADF802202268B3
:10DC80000193082A28BF082231F02AFE0823002029
:10DC90002360DEE714000000F0B51546028C85B065
:10DCA0000E46012A4FF0000423D1436ACDE9024415
:10DCB000EBB1082301AA0DEB0301019327F0BBFA96
:10DCC000031E07DA5B420E4A32F04AF913504FF056
:10DCD000FF300AE0019F02A92A683046BA4228BFF5
:10DCE0003A4631F0FDFD20462F6005B0F0BD162309
:10DCF000E9E7034B162232F033F91A50E7E700BF89
:10DD00001400000010B5044618B3134B984220D3FA
:10DD100003F59B6398421CD20379DB0719D500F504
:10DD2000A27030F0E1FB04F1700030F090FB04F5DC
:10DD3000D47030F0ACF804F54F7030F0A8F804F56A
:10DD40009A602FF04AFF237900206FF300032371BC
:10DD500010BD6FF00800FBE72046002408B503461D
:10DD600051B10B4413F8013C33B9044931F0DFFEE3
:10DD7000003818BF012008BD0020FCE7D792080832
:10DD80002DE9F04F43798BB004460E46012B14BFAA
:10DD90004FF001084FF0000805D06FF085052846C8
:10DDA0000BB0BDE8F08F002500F1700904F5A277F3
:10DDB0000146684B4846684A009530F0C1FA2B4648
:10DDC0004246314638461DF0B1FC054610B16FF0B1
:10DDD0000B05E4E7042138461DF0CEFA36B994F875
:10DDE00058301BB95D4948461DF08EFA94F9591018
:10DDF0004B1C02D0384630F09EFA4FF0000800224B
:10DE00005749384630F099FAC24601F077FE04F1DE
:10DE10002C03CDF810800593236C98453CDA059BC4
:10DE20004FF0000B53F8042F5E46CDE9053204F5A0
:10DE30009A6307933146069801F046FE064628B9D4
:10DE4000BBF1000F78D008F10108E5E73378013B1A
:10DE5000042B1FD8DFE803F003484B57640004F598
:10DE6000D47394F95A10D6E902B241B1114658461A
:10DE700009930892FFF772FFDDE9082320B15946A4
:10DE800018461BF051F903E05946184630F034F8B3
:10DE9000002845D06FF0150501F03AFE002D7FF403
:10DEA0007EAF049B4BB104F5D47138462A4630F05E
:10DEB00051FA2C49384630F04BFABAF1000F3ED1F6
:10DEC000636C23B104F14401384630F03FFA39461F
:10DED00048461DF013FD054600287FF478AF2379EE
:10DEE00043F0020323715AE704F54F73B9E70023A7
:10DEF000079802931A4B019300230093D6E902126C
:10DF000019F048FDC4E70521706801F0C7FD20B98C
:10DF10006FF0010501F0FCFD41E701F0F9FD3CE780
:10DF20003378012B06D0022B08BF4FF0010A4FF0C7
:10DF3000010B7FE70493FAE76FF00105ACE704F506
:10DF40009A6204F54F7138461DF0B8F90028B7D031
:10DF50003DE700BF9DDF040869DF040879BB0808BE
:10DF6000293307081048080807B500680023CDE9E1
:10DF700000334023FEF704FC002808DA054B31F09B
:10DF8000EFFF1B5804480B2B18BF6FF04D0003B078
:10DF90005DF804FB140000008097FFFF07B50068E0
:10DFA0000023CDE900334023FEF74CFC002808DABB
:10DFB000054B31F0D5FF1B5804480B2B18BF6FF0F1
:10DFC0004B0003B05DF804FB140000000097FFFF56
:10DFD00008B54FF49B620021064831F0A9FC1822D5
:10DFE0000021054831F0A4FC044830F067FD002012
:10DFF00008BD00BF20460024084600240C6D002404
:10E00000F8B54FF0FF364FF0FF37214C32463B4614
:10E01000204825F054FA257915F0010532D14FF446
:10E020009B622946204631F083FC2379194843F04E
:10E0300001032371FF2384F859304FF0FF33C4E903
:10E040001867C4E91A67236025F03BFA01222946C4
:10E0500004F1100030F044FE04F1700030F032F9A9
:10E0600004F5A27030F03CFA04F5D4702FF00AFFEA
:10E0700004F54F702FF006FF04F59A602FF0A9FD0C
:10E080002046F8BD034825F01CFA0020F9E700BF40
:10E09000204600240C6D00242DE9F04107460E4671
:10E0A00014461FFA82F8F5F7DFFD051E1CDB7B1E08
:10E0B000012B0FD8A4F58074032C18D8012E19D188
:10E0C000FFF79EFF0446C0B9184B0C2231F048FF01
:10E0D0001A5006E06FF069035B42144A31F040FFCA
:10E0E0001350284622F094FA4FF0FF351BE06FF0F2
:10E0F0007A03F1E76FF06A03EEE70622314638460D
:10E10000FEF734FA002803DA2046FFF7FBFDE8E7C4
:10E1100020604FF44043064A21462846A4F8068072
:10E120006671F5F7E7FD2846BDE8F08114000000B0
:10E130007C2F080804292DE9F04F05468DB00E46C6
:10E1400014461AD802291CD909AA08A90068F5F7AB
:10E1500071FD0546D0B99C4B092231F001FF4FF00B
:10E16000FF341A5027E06FF481773E44022E26D800
:10E17000DFE816F07D00DD001E00A1F58173032BA2
:10E18000F1D9914B5F2231F0EBFEE8E74FF0FF321F
:10E190004FF0FF33099825F092F9089B224631464B
:10E1A000DB68284698470446099825F08AF902E07A
:10E1B00023680024AB6220460DB0BDE8F08FD4E99F
:10E1C0000076D4F80890B7F9048018F0010F21D038
:10E1D000697902291ED195F95B30DBB9A869C8B904
:10E1E000336805F110021A6133685A7B61F3050246
:10E1F0005A7333689A7B60F345129A733368DA680E
:10E2000060F39432DA60336814333360BB8823F0F0
:10E210000103BB8009AA08A92868F5F70BFD04468D
:10E2200010B34FF0FF324FF0FF33099825F047F954
:10E2300021463B464FF481720898CDE9006925F0EC
:10E2400043F8044668B9BB88DE070AD52B7958071E
:10E2500007D405F170002FF0FCFE002818BF6FF006
:10E260007704A7F804809FE76FF00804F9E7D4E982
:10E27000006709AA08A92868B6F90480F5F7DAFC4E
:10E280000446002850D04FF0FF334FF0FF3209987A
:10E2900025F015F9B388D90721D53B6805F110029F
:10E2A000196991421BD103F11402DB6813F4FE1FBC
:10E2B00010D0214633460898CDE900724FF48172A0
:10E2C00025F002F8044660B310F1780F08BF6FF034
:10E2D0000A0469E73A60B38823F00103B38021465A
:10E2E000334640F203120898009724F0EDFF0446ED
:10E2F000A0B9B388DA0711D53146284625F038F899
:10E3000010F10B0F0AD1B6F906303BB93B6853F850
:10E31000082C64F39432044643F8082CA6F80480D1
:10E3200042E76FF00A043FE76FF0080443E7D4E9DF
:10E330000079D4F808A0002509AE31F005F90A22C9
:10E340002C460023F2F734FF0390A94517DC002286
:10E3500008A93868F5F76EFC0546002838D11A4B35
:10E36000162231F0FDFD1A5009AA002399457FF7C6
:10E3700022AF52F8041B47F833100133F6E757F881
:10E3800035000022114946F82500F5F7FFFB8346CA
:10E3900098B13B1D33F83530DB070AD503795807B0
:10E3A000C3F3800804D40BF170002FF052FE30B993
:10E3B0000024DBF8003047F835300135C5E76FF051
:10E3C0007704C246F5E700BF140000007C2F080860
:10E3D000BB1DD046049300231A46994527DC3B46D3
:10E3E0004FF4827229460898CDE9009824F06CFF1A
:10E3F000041EB9DB00233E469B461C46D9451BDC68
:10E40000002BB1D0002CAFD1BAF1000FACD0E2DDBF
:10E4100031F09AF8039B0A220AEB03080023F2F773
:10E42000C7FEA8EB0008B8F1000FD4DC9CE7049904
:10E4300021F833200133D0E7059309AB00222149AD
:10E4400053F82B00F5F7A2FB059B0546002833D0B7
:10E45000B288D10730D54279022A24D190F95B20C5
:10E460000ABB027912070CD56420002130F066FE49
:10E47000F38823F00103F38001230BF1010B08362D
:10E48000BCE782697AB9006840230DF11F01CDE92C
:10E4900000220122FEF7D6F90028BEBFF38843F020
:10E4A0000803F380E4E731462846059324F060FF33
:10E4B0000B30059B08BF0123B6F90620002ADCD0EB
:10E4C0000134DAE77C2F080850B1064B984206D396
:10E4D00003F59B6398422CBF002001207047002069
:10E4E000704700BF2046002438B500230546703031
:10E4F00040F8683C1BF0DEFD2846FFF703FC0446AD
:10E50000286824F076FD40B9002C06DA6442034BFB
:10E5100031F026FD1C504FF0FF3038BD14000000D4
:10E520002DE9F0430446A1B00D4616460321002212
:10E53000006824F0D8FEB0F10008C0F2C58018F4DD
:10E54000804705D028F480420421206824F0CBFEC7
:10E55000206832462946FEF791F8002809DB27B1EA
:10E5600042460421206824F0BEFE6379012B03D0CB
:10E57000002021B0BDE8F08300212046FFF700FC19
:10E58000031E49DB00230DF108080293A360C8F8BD
:10E59000043094F85C3083B332462946DFF8349176
:10E5A000404631F09DF904A82FF088FED9F81010EC
:10E5B000B9F80830BDF80820E1B193421AD1012B17
:10E5C00018D1BDF80A20B9F80A309A4212D1D9F808
:10E5D0000C30039A9A420DD1D9F8142004A81DF0EA
:10E5E00015F8002820DAD9F8100015F0DDFC00231A
:10E5F000C9F8103004A82FF017FF002347F230525B
:10E60000204624F075FF031E14DA13F10B0F03D11B
:10E61000002F08BF6FF073035B422D4A31F0A0FC5E
:10E6200013504FF0FF30A4E704A904F170001CF070
:10E63000B5FFDFE7002794F85C300297C8F8047054
:10E64000002B95D032462946404631F049F904A8BE
:10E650002FF034FE04A904F170001CF0BBFFB84297
:10E660001EDB1C4C206910B115F09EFC27610022B6
:10E6700001AB04A811461CF091FE0199012015F090
:10E680008DFC0146206158B101AB019A04A81CF031
:10E6900085FE002808DA206915F086FC0023236136
:10E6A00004A82FF0C1FE63E7019B636130F04CFFCB
:10E6B00000230A22F2F77CFD074BC4E9000198E829
:10E6C000030083E80300EBE76FF0040051E700BFAD
:10E6D000140000000846002410460024F8B5044643
:10E6E0000D461746F5F7C0FA061E1EDBA06A24F099
:10E6F000E8FE20683A462946FEF716F807464FF02E
:10E70000FF324FF0FF33A06A24F0D9FE002F10DA59
:10E71000274B31F025FC1C5864423046644221F0FE
:10E7200077FF234B31F01CFC1C504FF0FF36304676
:10E73000F8BDFFF765FC0546B8B3E38800F1300289
:10E7400004F17001C3806379437104F1300353F81D
:10E75000040B8B4242F8040BF9D195F858302BB1D9
:10E76000D4F8301105F170001CF0CEFD4FF4404399
:10E77000104A29463046F5F7BDFA012128462F6098
:10E78000FFF7FEFA041E09DB002347F23052284649
:10E79000AB60002324F0ACFE041EC8DA2846FFF765
:10E7A000B1FA384624F025FCB7E76FF00B04F8E720
:10E7B000140000007C2F08082DE9F04F8846836084
:10E7C0001946437985B00446012B914658D100681B
:10E7D00024F097FDE36805461BB92379DB060AD5CB
:10E7E00071232A4A31F0BCFB13504FF0FF3B5846CF
:10E7F00005B0BDE8F08F10BB00220023684604F18D
:10E80000700ACDE90223DDE9022330F09FFEDDE945
:10E8100000674A46414650461BF014FCB0F1000B1D
:10E82000E5DA2BF0800313F5D24F05D01BF5CA4F64
:10E8300002D01BF5E04F1AD125B90B23D1E7D4E95B
:10E840001823DBE732463B4602A830F0A3FEDDE9A1
:10E8500002321343F1D002A824F01BFD5A460146B0
:10E86000206824F030FE0028D3D04342B9E7204688
:10E8700024F05EFD10B10C23E360B2E77123FBE7E7
:10E88000024B862231F06CFB1A50AEE714000000F8
:10E890002DE9F347814692460C4659BB184B162288
:10E8A0004FF0FF3631F05CFB1A50304602B0BDE845
:10E8B000F087A36803EBC708D8F804302BB1002514
:10E8C000D8F80420954205D32E440137E368BB42B3
:10E8D000EFD8EAE76368521BD8F800104846019366
:10E8E0002368294400935346FFF766FF011E04DBAB
:10E8F0000D44E5E700273E46E8E70E46D5E700BFB2
:10E90000140000002DE9F04F90469A0789B00446A4
:10E910008A461F4607D5444B862231F021FB1A5008
:10E920004FF0FF3531E083604379012BF3D1394655
:10E93000006824F0E6FCE5688146002D5FD123796C
:10E94000DB0622D428BB0022002304A807F480772A
:10E95000002504F1700BCDE90623DDE9062330F034
:10E96000F5FDDDE90423CDE90023A8EB05020AEB60
:10E97000050158461BF0DAFA061E4BDA16F5F14F80
:10E980000AD1237943F010032371284609B0BDE86A
:10E99000F08FD4E91A23D8E716F5CF4FF1D026F03F
:10E9A000800313F5D24F08D016F5CA4F05D016F5DF
:10E9B000E04F02D016F5F64F29D1B9F1000F23D060
:10E9C00006A8DDE9002330F0E5FDDDE9063213435A
:10E9D0001AD006A824F05DFC0390A06A24F071FD13
:10E9E00032460399206824F06EFD06464FF0FF3250
:10E9F0004FF0FF33A06A24F062FD6EB175420A4BFE
:10EA000031F0AEFA1D508BE76FF00A06F6E76FF0B3
:10EA10000406F3E7B9D03544002DA6D0002FB4D0BA
:10EA2000A845A2D8B1E700BF1400000070B5049C4F
:10EA30001D4603B13CB91623374A31F091FA135001
:10EA40004FF0FF3070BD012913D1262A05D1C388AC
:10EA50002268042AEFD12B6029E0042A02D1C3687E
:10EA6000002BF5D100682B460494BDE87040FDF7FB
:10EA70009BBFB1F58D7FF5D1013A0B2A44D8DFE871
:10EA800002F006431830434340434343433B23686B
:10EA9000990736D1ABB3066C00F130012846B600B9
:10EAA0009E4228BF1E46324630F01AFF26600020E4
:10EAB000C8E723689A0724D11BB3436C7BB91AF0CB
:10EAC000C7FB23689A08002350F8231021B145F8AA
:10EAD000231001339A42F7D19B002360E7E74430CB
:10EAE000EFE72368042B0CD170302FF049FC78B18C
:10EAF0002FF015FA2860DAE7226890F85C30042AD3
:10EB0000A9D06FF0150301E06FF06C035B4293E74F
:10EB10006FF07F03FAE700BF1400000070B50E46E7
:10EB2000154604461946012E049A50D1152D26D1BA
:10EB3000102A40F0D7808A68D3E9003053EA0001F8
:10EB400008D13AB94FF0FF324FF0FF33C4E9182330
:10EB5000002070BD6A49A3FB013501FB0055D117A8
:10EB6000633241F1000198184FF064024FF0000346
:10EB700045EB0101F2F71CFBC4E91801E8E7142D8D
:10EB800028D1102A40F0AE80D3E900269B6852EAD3
:10EB9000060107D133B94FF0FF324FF0FF33C0E920
:10EBA0001A23D5E75648DD176333A2FB002145F150
:10EBB000000500FB061198184FF064024FF00003A7
:10EBC00041EB0501F2F7F4FAC4E91A01C0E7B6F522
:10EBD0008D7F08D0206804920B462A463146BDE856
:10EBE0007040FDF715BF013D0C2D00F2858001A39B
:10EBF00053F825F029EC040845EC040857EC040808
:10EC0000F9EC040885EC0408A9EC0408E5EC040818
:10EC1000F9EC0408F9EC040897EC040851EB04083B
:10EC2000BBEC0408CFEC040800295BD0900759D155
:10EC3000132A4FEA920555D804F1300030F050FE07
:10EC4000256485E770301CF05FFB00284AD1012362
:10EC500084F858307CE7002944D012F0030641D1F3
:10EC6000132A4FEA92053DD800F1440304EB8505D1
:10EC7000184630F035FE6E64014604F5A2702FF0A0
:10EC800065FB65E771B3042A2CD10B68022B29D8E8
:10EC900080F859305CE729B3042A23D10B68012B93
:10ECA00020D880F85A3053E7E1B1042A1AD10B6812
:10ECB000012B17D880F85B304AE799B1042A11D1AB
:10ECC0000B685A1E5342534180F85C3040E70D4BAD
:10ECD000186908B115F068F918220021094830F0C8
:10ECE00027FE35E76FF015035B42074A31F038F92C
:10ECF00013504FF0FF302CE76FF06C03F4E700BFC8
:10ED000040420F0008460024140000002DE9F8439B
:10ED100007460E46904699464FF0FF334FF0FF32BC
:10ED20002B481DF0EFFE2B4B1B78ABB94FF0FF3299
:10ED30004FF0FF33264928481EF0D2FA274B9F4256
:10ED400040D3274B9F423DD27B681EBB31461420E7
:10ED50004FF0FF3435460DE0032BEFD06FF0040485
:10ED600012E000FB01F23B68013113445C603B6838
:10ED700013441D817B689942F3DB1A490024012268
:10ED800000230868FBF782FA11481DF033FF204684
:10ED9000BDE8F883984518DC00254FF0140CA84511
:10EDA000EBDD0CFB05F23C6806EBC50301351444B2
:10EDB00093E80300043484E803003B681344C3F879
:10EDC0000C90ECE76FF00104DEE76FF00B04DBE77B
:10EDD0003C17002473A90024541800247C1108084F
:10EDE00088110808206D00242DE9F04F534B85B0A1
:10EDF000DFF85C81A8EB03020B2A40F29680002624
:10EE0000434506F1010725D3032F00F28E80002130
:10EE10004B4DDFF838910846AF61FBF7C9F9041E86
:10EE20007DDB032389F8003046484FF0140A1EF0BA
:10EE30001FFA01232C60AB804FF0FF334FF0FF32FD
:10EE400041481DF05FFE3D4B43451BD2D3F804C043
:10EE5000002413E09A680C33176053F8082C16440A
:10EE6000CEE79A68186812680AFB0400224401344D
:10EE700005EBC202D0E9010182E80300A445F0DC01
:10EE80000C33E1E730481DF0B5FE4FF0FF32394654
:10EE90002B4823F06CFE002841DD294C4FF0010B7C
:10EEA000B3450CDD0028F0D0B5F90630002BECD0CE
:10EEB00002A92868FBF7D4F90023EB80BCE7D4F85B
:10EEC00008C0BCF1000F26DBB4F90E30002B22DDA8
:10EED0001A4B09E01A680AFB002251688C4509D0D8
:10EEE00001307045F6DB0C334345A5D2D3F804E07E
:10EEF0000020F6E71361131DD4E9020183E8030043
:10EF00004FF0FF31A3681046A160019324F081FB0C
:10EF1000019B0020A3600BF1010B0834C0E7022322
:10EF200089F8003005B0BDE8F08F084B01221A7057
:10EF3000044805B0BDE8F04F1EF09AB97C110808EE
:10EF4000206D0024541800243C17002473A90024C9
:10EF50008811080800B589B0002200230A490B482F
:10EF6000CDE9062300230E22CDE90133CDE90323A9
:10EF700000934FF4A062064B1EF0B6FA054909B0A3
:10EF80005DF804EB1EF0E2B9001B0224F84A0024ED
:10EF9000E9ED0408F392080800B5036A012B054B5C
:10EFA00014BF1622862230F0DBFF1A504FF0FF30DC
:10EFB0005DF804FB14000000044B5F2200B530F044
:10EFC000CFFF1A504FF0FF305DF804FB1400000033
:10EFD00070B5174C164694F82430DB070CD4F4F7C0
:10EFE00043FE051E0ADA1C23124A4FF0FF3530F0AB
:10EFF000B7FF1350284670BD0223F5E794F824307C
:10F000004FF47A722146266243F0010384F82430DB
:10F010000023C4E904234FF0FF324FF0FF33C4E96B
:10F0200006234FF44043044AF4F764FEE2E700BFCE
:10F03000F04B002414000000C02F0808652910B50B
:10F04000044610461A46029B0BD152B14BB12168BF
:10F0500049B90223094A30F083FF13504FF0FF30C3
:10F0600010BD1623F6E7064CA042FAD100F03CFF93
:10F07000002801DA4342EDE70020F1E71400000028
:10F0800005000852652910B5044610461A46029B31
:10F090000BD152B14BB1216849B902230A4A30F071
:10F0A0005FFF13504FF0FF3010BD1623F6E7074CFB
:10F0B000A042FAD11B6801F053F8002801DA43425C
:10F0C000ECE70020F0E700BF140000000B0008523E
:10F0D000102A38B504460D461CD1486858B101F0D5
:10F0E00079FD206040B90D4B022230F039FF1A50F3
:10F0F0004FF0FF3038BD2060AB686360236A012B9E
:10F1000006D1EB682268A36012B143F08043A3608C
:10F110000020EFE76FF01500ECE700BF14000000DF
:10F120002DE9F0475B0692464FF000028AB0044694
:10F130000D46129F07AE0492D0E9068944BF90465F
:10F14000C146206806ABD4F808C00096CDE9028914
:10F15000A0B905AA04A9604625F046FC10F1740F79
:10F160001FD0002813DA43421F4A4FF0FF3430F01B
:10F17000F7FE135020460AB0BDE8F08704AA6146A6
:10F1800025F03EFC23680593E8E77A23ECE7A268C4
:10F19000049B934307D0B9F1FF3F08BFB8F1FF3F8D
:10F1A000CFD00B23E0E757B1059808B102F06CF817
:10F1B00078606368BB6005233B80049BFB60069915
:10F1C00081B1079A02F108045445DED805F1080020
:10F1D00030F086FB0123CDE9083408AB03CB28606F
:10F1E0006960C7E70C46F5E71400000000B5036A44
:10F1F000012B054B14BF1622862230F0B1FE1A50A7
:10F200004FF0FF305DF804FB14000000044B7F2238
:10F2100000B530F0A5FE1A504FF0FF305DF804FB4A
:10F2200014000000044B162200B530F099FE1A506D
:10F230004FF0FF305DF804FB14000000044B5F2228
:10F2400000B530F08DFE1A504FF0FF305DF804FB32
:10F2500014000000044B6D2200B530F081FE1A50FE
:10F260004FF0FF305DF804FB14000000044B6D22EA
:10F2700000B530F075FE1A504FF0FF305DF804FB1A
:10F280001400000008B500220549F4F77FFC28B1FE
:10F29000838C828D006B9B1A9BB2C01A08BD00BF85
:10F2A000043008080022044908B5F4F76FFC003860
:10F2B00018BF012008BD00BF043008082DE9F8433D
:10F2C0000546E0B3064656F8440B431C04D1002122
:10F2D000304624F0C8F925E000221A49F4F756FC1C
:10F2E000044618B94FF0FF332B60F0E700F108092E
:10F2F0004FF0FF324FF0FF334FF0FF38484624F015
:10F30000AEF90746C0B92046394640F8348B24F0A0
:10F31000AAF930463946C5F8008024F0A4F94846D9
:10F3200024F09FF928469422002130F001FB284662
:10F33000BDE8F84330F0C4BAC5F80080C7E7BDE8BF
:10F34000F88300BF04300808044B7F2200B530F07A
:10F3500007FE1A504FF0FF305DF804FB1400000068
:10F360002DE9F04F884689B09146044608B101B1B5
:10F3700052B94C4B162230F0F3FD1A504FF0FF35C6
:10F38000284609B0BDE8F08F00F1080700220023ED
:10F39000384624F064F96668002806F0010612DA9F
:10F3A00036BB4FF0FF324FF0FF33384624F057F9A9
:10F3B000002805DA43423B4A30F0D2FD1350DDE726
:10F3C000666806F001062068FFF76CFFE28C638D2B
:10F3D00005469A4246D138B166B1324B0B2230F025
:10F3E000BFFD4FF0FF351A50384624F03AF9C7E711
:10F3F0000B23E0E72FF0C7FD0028EED101964FF078
:10F40000FF360199029669BB102203A830F090FAEA
:10F410004FF0010B9DF8193004F1340A38466BF3B4
:10F420000503CDF81CA08DF8193024F01AF94FF01F
:10F43000FF3259464FF0FF3303A81FF06BF84FF02F
:10F44000FF324FF0FF33384624F009F902AA01A930
:10F45000504630F01DFA019B002BD2D0029BE3B145
:10F460005B45CED14A46414604F1200021F0FCFA2A
:10F47000E28C638D06469A4207D12068FFF712FF9F
:10F4800018B104F1340030F000FA25B1012104F183
:10F49000440024F0E8F83546A6E7024B202230F07D
:10F4A0005FFD9EE7140000002DE9F04F0E4689B085
:10F4B0001746054608B101B152B96D4B162230F01E
:10F4C0004FFD1A504FF0FF36304609B0BDE8F08FBF
:10F4D00000F1080800230022404624F0C0F86B68C1
:10F4E000002803F0010914DAB9F1000F23D14FF01D
:10F4F000FF324FF0FF33404624F0B1F8002805DA20
:10F5000043425B4A30F02CFD1350DBE76B6803F09D
:10F510000109002257492868F4F738FB044660B90E
:10F52000534B202230F01CFD1A504FF0FF3640465E
:10F5300024F097F8C8E70B23E3E700F1080A00225C
:10F540000023504624F08BF8002830DAB9F1000F80
:10F5500027D14FF0FF324FF0FF33504624F07FF8B1
:10F56000002801DA43421DE02868FFF78BFE30B324
:10F5700031463A4604F1200021F056FA0646286842
:10F58000FFF780FE18B904F1440030F07EF9012144
:10F5900004F1340024F067F804F1080024F061F865
:10F5A000C5E70B23324A30F0DBFC1350BDE7286877
:10F5B000FFF768FE0028DBD1B9F1000F52D12FF020
:10F5C000E2FC00284ED14FF0FF3B0190DDF80490A3
:10F5D00004F1080ACDF808B0B9F1000FC8D1102223
:10F5E000494603A8443430F0A3F99DF819300121AD
:10F5F0005046079461F305038DF8193024F031F873
:10F600004FF0FF324FF0FF33012103A81EF082FFBD
:10F610000028A7DB4A4617492868F4F7B7FA0446DA
:10F6200000283FF47DAF4FF0FF324FF0FF3308303A
:10F6300024F015F8002895DB02AA01A904F1440082
:10F6400030F026F9019B002BC0D0029B13B1012B97
:10F650008ED0BBE7064B202230F082FC4FF0FF3605
:10F660001A5099E7024B0B2230F07AFCF6E700BF04
:10F6700014000000043008082DE9F0410E4607464A
:10F6800000B141B9214B162230F06AFC1A504FF0FC
:10F69000FF30BDE8F0810068FFF704FE804610B13E
:10F6A0003868FFF7EFFD00237C68F1681D4699423A
:10F6B00007D1B8F1000F0BD1144B202230F050FCD1
:10F6C000E4E7B26802EBC302013352681544EEE787
:10F6D0002DB1854205D80024F368A34209D82846F5
:10F6E000D7E714F00104F7D0084B7A2230F038FC49
:10F6F000CCE7B368384603EBC40253F834105268C1
:10F70000FFF7D2FE0130C2D00134E5E7140000005B
:10F710002DE9F7430D461646044650B9894B16228B
:10F720004FF0FF3430F01CFC1A50204603B0BDE807
:10F73000F08300F108074FF0FF334FF0FF323846F7
:10F7400023F08DFF40F203139D4200F09280B5F547
:10F75000827F0ED2042D1ED0B5F5817F2ED0032DD1
:10F7600011D0784B5F2230F0FBFB4FF0FF341A5082
:10F770000DE045F21B439D4219D045F221439D42C5
:10F78000EFD163680BE06468A40304F48044384656
:10F7900023F067FFC9E732686368510404D543F07A
:10F7A000010363600024F2E723F00103F9E7E38C2F
:10F7B000618D32685B1A9BB21360F3E7D6E900589B
:10F7C000B668AB88DA070DD52068FFF76BFD002817
:10F7D00000F0B180D8F800309E4200F0AF8004F114
:10F7E00034021A61AD8815F0040540D02068FFF797
:10F7F00059FD0546002800F09E80D8F800309E4252
:10F8000000F09C80002250492068F4F7BFF94FF0C7
:10F81000FF3206464FF0FF33083023F020FF041E6E
:10F82000B5DBD8F8003006F144021A61D8F8003090
:10F8300001215A7B61F305025A73D8F800309A7B94
:10F840006FF345129A73D8F80030DA686FF3943288
:10F85000DA60D8F800301433C8F80030002EA1D098
:10F86000002D9FD006F1080023F0FBFE9AE72E46FC
:10F87000DCE7D6E90058AE8816F0040608D0206808
:10F88000FFF710FD064628B9EB8843F01003EB8024
:10F89000B14616E000222C492068F4F777F94FF0C2
:10F8A000FF3281464FF0FF33083023F0D8FE0028A6
:10F8B00021DB2068FFF7E6FC78B1EB8843F0040316
:10F8C000EB80AB88DB0727D52068FFF7EBFCA0B9FE
:10F8D000EB8843F00103EB801EE0009001AA69462B
:10F8E00009F144002FF0D4FF009B002BE9D0EB88F6
:10F8F00043F01003E4E70026E3E7E28C638D9A42CD
:10F90000E6D10023009301AA694604F134002FF0E8
:10F91000BFFF009B002BDBD1D8F800301433C8F8B0
:10F920000030B9F1000F3FF43DAF002E3FF43AAF85
:10F9300009F1080098E76FF0770428E76FF00B04EF
:10F9400025E700BF14000000043008082DE9F34744
:10F9500006281E464FF000031546CDE900330AD0B5
:10F96000444B6A2230F0FCFA1A504FF0FF3528461B
:10F9700002B0BDE8F087012904D03E4B6B2230F085
:10F98000EFFAF1E722B13B4B7B2230F0E9FAEBE7EB
:10F9900026B9384B0E2230F0E3FAE5E7E846174681
:10F9A000DFF8D49094202FF092FF044698B9314BA1
:10F9B0000C2230F0D5FA1A5002AB03EB8707002374
:10F9C00047F8083C0098FFF779FC0198FFF776FCB0
:10F9D000CBE70127E6E79022002104302FF0A8FFB3
:10F9E00020464FF0FF3340F8083B012211462FF02C
:10F9F00077F904F1540323620023C4E90933E36275
:10FA00004023236304F1340004F1440A2FF038FF4B
:10FA100050462FF035FF0121504623F024FEF4F725
:10FA200023F903462060013308D1124B172230F02E
:10FA300097FA1A502046FFF741FCBDE74FF44043C8
:10FA40004A462146F4F756F948F8044B002FC0D037
:10FA5000DDE900473B6822683A6044F8083B2046ED
:10FA6000336023F0FEFD3B682046736023F0F9FD10
:10FA70007DE700BF140000000430080808B54022EC
:10FA8000002104482FF054FF03482FF017F80020FE
:10FA900008BD00BF506D00243C6D0024094B30B5FB
:10FAA0001A4600241D788D4205D15D68854202D139
:10FAB00002EB041030BD01341033042CF2D10020CD
:10FAC000F8E700BF506D00240B4B10B531B1103179
:10FAD000CA1A1211032A03D9002008E01946F7E7D1
:10FAE0000C782CB14C68844202D103EB021010BD9B
:10FAF00001321031EEE700BF506D00244FF0FF32AD
:10FB00004FF0FF3301481CF0FDBF00BF3C6D0024E7
:10FB100001481DF06FB800BF3C6D00242DE9F8438B
:10FB200006460F4690469946FFF7E8FF39463046AD
:10FB3000FFF7B4FF0446A0B90B4B210103EB0412FD
:10FB40005D5C45B956605F54C2E90289FFF7E0FF8A
:10FB50002846BDE8F8830134042CEED16FF00B0584
:10FB6000F4E76FF01005F1E7506D00242DE9F04146
:10FB7000D1F8088005460C46D8F80C3013B902209D
:10FB8000BDE8F081B8F810200D2AF8D9D3F8061096
:10FB90004FF0030C9E890620C4F82610598972BACA
:10FBA00084F82500618504F12E0184F824C097B201
:10FBB000D3F800E0C4F82EE09B8884F82D000846B6
:10FBC000638684F82CC0A28623F0A6FD94F82E301C
:10FBD00003F0010385B1D5F800C0BCF1000F0BD0D4
:10FBE0009CF81120062A07D148B943B90CF112003C
:10FBF0002FF015FF18B1C2E708B9002BBFD00E21B6
:10FC000008F10C0022F027FFA3688BB9214B224A90
:10FC100022499342B3D29889B84207D158688842A2
:10FC200004D1D3F80880B8F1000F03D11033F0E706
:10FC30005B68EAE7224639462846C04700289FD03D
:10FC400002289CD048F688639E4299D094F83730B9
:10FC5000C3F30213012B13D1A368DB685B885BBA83
:10FC60009BB22D2B8CD8A268002A89D0118A994288
:10FC700032BF5B1A13820023526838BF9BB2F3E78E
:10FC8000022B7FF47DAFA368DB689B885BBA2833C7
:10FC9000E6E700BF2C1108084C110808FC190024E5
:10FCA0000048704713930808F0B58DB01546044618
:10FCB0000E463022002168462FF03AFE01232046EE
:10FCC0008DF807508DF8003023F0F5FC0546876865
:10FCD000CCB12368BBB15A680C4B9A4213D1204671
:10FCE00023F0EEFCC3040ED56FB13C695CB13388E0
:10FCF000012B08D10DF10101301D23F079FD6A4679
:10FD00000A212846A0470DB0F0BD00BFFC19002411
:10FD10002DE9F047814623F0CEFC8A8E0E46D0F8BE
:10FD200008A057BABFB2BAF1000F00F0A680DAF807
:10FD30001C3023B96FF085052846BDE8F08791F89F
:10FD40003730C3F30213012B52D1B2F5006F4FD1FC
:10FD50008B688D69DC6801F0FBFD036822699A42BB
:10FD600000F0918004F11001284600F0ADFF00285A
:10FD700040F08980B368D9681031084623F08EFCC2
:10FD8000024600287FD1304600F088FB0446002858
:10FD900076D086422ED0304625F08FFCA78E7FBAD3
:10FDA000BFB2002FC6D094F82D304BB9374B1A682C
:10FDB000C4F82D209A889B79A4F8312084F8333038
:10FDC0004FF47A7200230E21204602F0F3FA8046A7
:10FDD00090B96FF00B05B7F5C16FADD1304625F086
:10FDE0004CFCA3684846D968103100F089FD36E024
:10FDF0003446D6E70827D6E750F80C5F0E2122F0EC
:10FE000011FEB7F5C16F2ED094F83730C3F302134B
:10FE1000012B28D1A368DA681032104623F03EFC8B
:10FE200008B32946104623F0E3FCD4F826304146B7
:10FE30002046C5F80630638DAF816B8125F064FCE8
:10FE4000204625F0D1FC4846DAF81C30214623F044
:10FE500032FC984705460028BDD1A3684BB920461F
:10FE600025F02BFC68E7D4F82E302B60638EAB8036
:10FE7000DBE71A8A5B681544F0E76FF001055BE782
:10FE80006FF00B0558E734468DE700BF069308086E
:10FE900038B501230546114923F008FC03760446D2
:10FEA000456104302EF0FBFF284623F009FC420593
:10FEB000284642BF237E43F00403237623F000FC50
:10FEC000C30404D5064A0021064800F0A7FE00F04E
:10FED0002BFD637E43F00203637638BDA737070826
:10FEE000A9FC0408906D00242DE9F04380468DB0F4
:10FEF000144699460E46002900F02A810B68002B13
:10FF000000F026811D68302200216846AF682FF07E
:10FF10000FFD002F00F019813B6923B96FF08500B8
:10FF20000DB0BDE8F083002C00F08580B9F1300FF2
:10FF300040F08180884B4344122B7CD8DFE813F0DB
:10FF4000130024004A00550064007E00A500B8009C
:10FF5000CD007B007B007B007B007B007B00DA0018
:10FF6000EA007B00F7000821284623F081FC0028E6
:10FF7000D4D0237800218DF8003030683B6900B17F
:10FF800000686A469847CBE7237853B1102128468A
:10FF900023F06EFC0028C1D001238DF80030012130
:10FFA000EBE763784BB12021284623F061FC002861
:10FFB000B4D001238DF80130F1E7A378002B3AD0BB
:10FFC0004021284623F054FC0028A7D001238DF8B7
:10FFD0000230E4E78021284623F04AFC00289DD027
:10FFE000237802218DF80030C7E70021304623F046
:10FFF0004DFC10B16FF00C0092E720680321A3883C
:020000040805ED
:100000000090ADF80430B8E74FF40071284623F0B3
:100010002FFC002882D0237953B1023B012B0AD94F
:1000200020686B46616803C3A06804211860A4E7D8
:10003000A368642BF4D96FF0150071E74FF4003119
:10004000284623F015FC00283FF468AF6379012BA4
:10005000F1D02379032B0AD1404B226A9A42EAD885
:10006000D4E904128B424FF000039341E3D36A4674
:1000700004F130052068083454F8041C1346AC42DF
:1000800003C31A46F6D1052177E74FF480212846AD
:1000900023F0EEFB00283FF441AF2379042BCAD0B4
:1000A00020686B46616803C3A0680621186064E796
:1000B0004FF40021284623F0DBFB00283FF42EAF4D
:1000C000304623F0EFFB002894D120686B4661682E
:1000D00003C3A068072118604FE74FF480612846EA
:1000E00023F0C6FB00283FF419AF237808218DF8D0
:1000F000003042E7304623F0D5FB00287FF47AAF8A
:1001000020680C21A288A3790090ADF804208DF816
:10011000063032E74FF48011284623F0A9FB00286F
:100120003FF4FCAE23780D218DF8003025E74FF425
:100130008051284623F09CFB00283FF4EFAE616815
:100140006B46206803C30A2117E76FF00100E7E65A
:1001500000239B68FFDE00BFFFFFF7ADFFC99A3B9E
:100160002DE9F04307468DB014469846002900F06B
:1001700017810B68002B00F013811D6830220021CD
:100180006846AE682FF0D4FB002E00F00381D6F84D
:100190001490B9F1000F04D16FF085000DB0BDE8E7
:1001A000F083002C00F0F980B8F1300F40F0F580BA
:1001B0007D4B3B44082B00F2F080DFE813F0090090
:1001C0001B0037003C008400B900EE00EE00D700B1
:1001D0004FF40061284623F04BFB0028DCD0736904
:1001E0006A460921284698470028D7D1009B2360FA
:1001F0000020D3E74FF40071284623F039FB002894
:10020000CAD023686A4604212846009323798DF8D2
:100210000430736998470028C0D19DF80430042B3E
:10022000E6D8DFE803F0797979799F006A460B21F7
:100230002846C847D8E74FF40031284623F018FB7A
:100240000028A9D02379052122682846012B009295
:1002500008BF238AA28808BFADF81030ADF804208B
:100260006A4673699847002898D19DF80430032B9B
:10027000BED8DFE803F07721510206AD04F1180281
:100280000AAF2E462B46083203CBBB4242F8080C7D
:1002900042F8041C1D46F5D102AD04F108022B46BC
:1002A000083203CBB34242F8080C42F8041C1D4646
:1002B000F5D10A9BA3629BE702AB03CBA060186851
:1002C000E160206194E74FF48021284623F0D0FAC2
:1002D00000283FF461AF23686A4606212846009350
:1002E00023798DF804307369984700287FF456AF5E
:1002F0009DF80430052B3FF67BAF01A252F823F0A6
:10030000650305081903050819030508F101050827
:10031000650305081F030508029BA36068E79DF8B5
:100320000830227AC3F3010363F3010222725FE70C
:100330004FF40021284623F09BFA00283FF42CAF0D
:1003400063686A4607212846019323788DF80030B8
:100350007369984700287FF421AF9DF80030002B87
:100360007FF446AF9DF80830237241E74FF48011C7
:10037000284623F07DFA00283FF40EAF73696A46E1
:100380000D212846984700287FF408AF9DF80030DB
:1003900023702DE76FF0010000E76FF01500FDE618
:1003A00000239B68FFDE00BFF6FFF7AD0023014688
:1003B00001481A4601F0F6BB010008D200230146AD
:1003C00001481A4601F0EEBB020008D208B5084BFE
:1003D0005A683AB11B68002123B19A4204D10448FB
:1003E00023F075FA104608BD19461B68F4E700BFF4
:1003F000B06D00242DE9F84323F092FA4FF0FF335B
:1004000006464FF0FF32214823F0B4FA204B1C6817
:100410005CB12568C6F5FA69DFF874801D4F34B900
:100420001A48BDE8F84323F0D2BA2546F2E76268DD
:1004300009EB0203002B21DC0121204623F0D5FA31
:1004400022460021404623F042FA002323607B68C5
:1004500033B9C7E9004435B12B682C461D46DEE7A9
:100460001C607C60F7E72B46F7E702F5FA620A2387
:10047000A2FB032308481CF0CFFED1E7921B12F524
:10048000FA6FF2D100221346F4E700BF9C6D0024FE
:10049000B86D0024C06D0024184C00242DE9F04FE5
:1004A000894687B09046064620B90025284607B001
:1004B000BDE8F08F8368002BF7D05AB9806923F02C
:1004C0005DFE38B9B3699B6823B103F13C09DB6B6E
:1004D000002BEAD0764D4FF0FF324FF0FF337548D6
:1004E00023F048FA00232F684A46059305ABB1690B
:1004F000384623F05EFA044658BBDFF8C8A103462D
:10050000DAF8000023F055FA0546002842D16A487F
:100510000468002C3AD02246294623F0D8F9B36962
:100520000393B8F1000F43D14FF47A7200231C21DA
:100530000398CDE900234346424602F067F805469A
:10054000B8BB002C00F0998021465B4823F0B8F935
:1005500093E0B84207D002460599284623F0B7F940
:10056000214623F0ADF95348354623F030FAA06810
:1005700023F0BDF9811C06F1240023F0FDF904F1FC
:10058000100106F12C0023F0F7F98FE7FFF71EFFAB
:100590000446C4E7304625F070F8014605F118001E
:1005A0002EF087FB0028BAD0424823F010FA7CE7EF
:1005B000354640F606030122A8681C21AB8605F1EA
:1005C000240B95F837300C3062F3061385F837307A
:1005D00022F028FAAB68DF68002C56D0304625F0B0
:1005E0004CF8314604F118002EF03AFBAB69A360D9
:1005F000D9F80030E360A06823F079F9811C5846EF
:1006000023F0BAF900232360DAF80430CBBBCAE93F
:10061000004423F085F9606028482EF075FF0843F8
:1006200005D144F62062002325481CF0F5FDFFF7B4
:1006300037FB014605F12C00012223F09DF908212A
:1006400000237A70B97006213B7039710421FB7068
:100650007971BB71FA71C7F81230FB82D9F800309A
:10066000BB61D5F82630BB606B8DBB81ACB9B3687C
:10067000D8680C300368C7F80E300E4823F0A7F98D
:1006800014E71C60CAF80440C3E7039823F02FF96D
:10069000811C584623F070F9C9E7A3684146986861
:1006A00023F073F90028E5D1C7F80E00E5E700BF95
:1006B000B06D00249C6D0024C06D0024284C0024E3
:1006C000184C0024B86D00242DE9F74F05460F465D
:1006D000164698469DF8309023F041F938B94FF00E
:1006E000FF324FF0FF3305F1740023F043F9DFF8D8
:1006F0003CA14FF0FF324FF0FF33484823F03AF966
:100700000023DAF800B03A460193294601AB584677
:1007100023F04FF9044680BBBBF1000F02D14048E3
:100720002EF00DFCB8F1000F0BD03E4801AB3A465D
:100730002946006823F03DF918B133680361B38896
:100740008382B9F1000F0FD00023364829463A467C
:10075000019301AB006823F02CF9014600283FD03B
:1007600033680361B38883822C4823F030F928462C
:1007700003B0BDE8F04F23F02CB902460199504672
:1007800023F0A5F8DAF8003013B925482EF0D7FB8E
:10079000336804F11807214622482361B388A382F5
:1007A00023F08EF8A369002BDED04FF0FF334FF01B
:1007B000FF3238461CF06EFA836806462C30D96842
:1007C00023F0DAF83DB32B682BB35B68314628463B
:1007D0005B6898470028E5DA304624F06EFFE1E7D1
:1007E000114804688CB1224623F071F823F098F880
:1007F000C4E901053B68E360336821460948236189
:10080000B388A38223F05CF8AEE7FFF7DFFD044670
:100810000028EBD1A8E700235B68FFDE9C6D002475
:10082000184C0024B06D0024C06D0024B86D002465
:100830002DE9F843DFF8C08005464FF0FF324FF056
:10084000FF332A4823F096F8D8F8004024B12668F0
:100850000027DFF8A89094B9254F3C682CB1266892
:100860004FF00008DFF8949024BB3B6813B921488F
:100870002EF065FB1D48BDE8F84323F0A8B82346D9
:1008800015B1A268AA420DD10021204623F0ADF88F
:1008900039464046224623F01AF82146484623F0BE
:1008A0000FF83B4626B1326834461F461646D2E75B
:1008B0003246F9E7234615B1A268AA420DD10121BB
:1008C000204623F092F841463846224622F0FFFFA8
:1008D0002146484622F0F4FF434626B132683446AA
:1008E00098461646C0E73246F9E700BF9C6D0024E3
:1008F000B86D0024184C0024B06D0024C06D002495
:100900000A460146074808B50023006823F051F85D
:1009100020B1012123F069F8002008BD6FF001002B
:10092000FBE700BFB86D002438B5124D2B7803BB30
:10093000114A124CC2E90033114AC4E90033C2E93A
:10094000003310482EF04AF90F49204622F0B8FF34
:1009500001F14C002EF042F920460C4922F0B0FF84
:100960000B490C482EF0DDFA0B482EF0A7F80123B6
:100970002B7038BD74A90024B86D0024C06D00240C
:10098000B06D0024E06D0024C86D0024FC6D0024CF
:10099000F5030508184C00249C6D002403680448E6
:1009A0001BBA1B0C1B041B1A58425841704700BF4E
:1009B0000000FEA9174B70B58CB0054623F08EFAE7
:1009C00083420C46164602D001200CB070BD28466A
:1009D00023F089FA8368002BF6D0DB68002BF3D074
:1009E00098470442F0D02846C4F1100123F07BFA66
:1009F0008368C9B25B690BB90020E6E76A4698478D
:100A00000028F9D1009B36EA030314BF012000201F
:100A1000DBE700BFFC1900244FF0FF334FF0FF323B
:100A200070B50546184823F0B7FA184B196879B124
:100A30000A684FF0FF334FF47A7659B95A1C1BD12C
:100A400013482EF07CFA1048BDE8704023F0ADBA90
:100A50000A46EEE7CC69098C641B06FB01410029BC
:100A600009DD8B4228BF0B461AB1106811460246B9
:100A7000E3E71046FAE700230A220548A3FB022316
:100A80001CF0CAFBDFE700BF50170024946E00245F
:100A9000484C00242DE9F341044615460E4698467D
:100AA00023F07CFAA26882B9002732E051400E069A
:100AB0002BD403F10802D2B201334900DBB2C9B230
:100AC000934222D0080620D4F6E7936915491940CD
:100AD000154B9942E8D11388012BE5D1171D3846F3
:100AE000FFF75CFF4045DFD15368013ED26901A8A2
:100AF00013400193002316F8011F10F8012B9142B7
:100B0000D4D10833DBB2202BF5D12A789A42CBD846
:100B10002B7004F1600023F048FA384602B0BDE8BB
:100B2000F08100BF00FF0200000102002DE9F04744
:100B3000254E23F002FA4FF0FF3280464FF0FF338C
:100B4000224823F029FA34682CB1002527684FF495
:100B50007A7AA9463CB94046FFF75EFF1B48BDE8DC
:100B6000F04723F022BAE3692246218CA3EB080365
:100B70000AFB0133002B19DCA388012B06D11023BB
:100B800004F10802A169124801F00CF823689DB92C
:100B900072683360944200D1736094F822302A4620
:100BA000C4F8009069F3000384F8223057B13B6821
:100BB0003C4615461F46CDE72B6073689C4208BF34
:100BC0007560EAE73B46F3E7946E00245017002473
:100BD000060004E0002809DD431E9022044802FBC1
:100BE0000300044B984228BF002070470020704744
:100BF00050190024E0190024054B064A934205D001
:100C0000054A1068002808BF184670470020704742
:100C100050190024E01900249C6E0024F8B5044605
:100C20000D4D4FF0FF330D4816464FF0FF320F4683
:100C300023F0B2F92146284623F035F92B682360CA
:100C40006B682C6003B96C600448C4E90176BDE8A8
:100C5000F84023F0AAB900BF3C6E002450170024CE
:100C600038B504460D4623F099F90621204623F0B5
:100C700058F910B3A36843B105B12B60002504F106
:100C8000600023F092F9284638BD4FF0FF324FF054
:100C9000FF330B4823F080F90A4B5A6C3AB9A36032
:100CA0005C6405B12B60064823F07FF9E6E7044851
:100CB0006FF0020523F079F9E1E76FF08505DEE7D3
:100CC000501700244C6E002470B50D4668B1BDE885
:100CD000704023F0B8B92946204623F0B4F918B97A
:100CE0009034B442F7D3002070BD014C014EF8E7B8
:100CF00050190024E019002400232DE9F341054692
:100D00000E468DF8073000294ED00846FFF746FE04
:100D1000034628BBFDB10DF107022846FFF7BAFED6
:100D200004460CE0384600230DF107023146FFF778
:100D3000B1FE9037002818BF04464745F2D3A4BB44
:100D40000121284623F03CFA044670BB02B0BDE8FE
:100D5000F04100F0F9BD2C46164FDFF85C80ECE75F
:100D6000EDB10121284623F028FAD9E720460123D6
:100D70000DF107023146FFF78DFE9034002818BFB1
:100D800007464445F2D3FFF737FF314601230DF103
:100D90000702FFF77FFE044638B93C46CFE72F46EF
:100DA000044CDFF81480ECE70C46204602B0BDE8A6
:100DB000F08100BF50190024E0190024F8B5064660
:100DC0000D46114C114FBC4201D3002419E02046BE
:100DD00023F0E4F8A36804F160001BB9903423F019
:100DE000E4F8F0E79A7E9207F8D51A88012AF5D13F
:100DF000326859689142F1D105B12C601C4623F04C
:100E0000D4F82046F8BD00BF50190024E019002492
:100E10002DE9F7430646884691461D4623F0BEF865
:100E200001A9304606F16007FFF71AFF00282CDB06
:100E3000B468A37E99071ED5D8F800106268914265
:100E400019D1DA0610D404F11403BFF35B8F53E811
:100E5000001F013143E80012002AF8D1BFF35B8F75
:100E6000A37E43F01003A376384623F09EF8204675
:100E700003B0BDE8F083B9F1020F019C02D1237EDB
:100E8000042B04D0A37E9B0701D50024ECE7002CA3
:100E9000EAD0A37E01220F4823F01203228043F000
:100EA0001203A376D8F80030A17E6360B5FA85F30B
:100EB00062615B09627684F8189063F300016FF059
:100EC0007F43E3610423A1763146E21800F06AFE15
:100ED000CAE700BF010004E0F8B505460E4623F05E
:100EE0005DF800212846FFF7BBFE002823DB3368AE
:100EF00003F0F003E02B1ED1AC68C4B905F160002B
:100F000023F053F82046F8BD43F00103224604F1D4
:100F10002007294684F838300123084823843C46BA
:100F2000336842F8243F042300F03CFEE6E794F8DF
:100F30003830DA07E8D50024E0E700BF030004E01A
:100F4000F8B506460D46154C154FBC4207D245B1C3
:100F50002B6833B1A34204D09034BC42F8D30024B0
:100F600019E0204623F01AF8A36804F160001BB9C9
:100F7000903423F01AF8E8E793F83820D207F7D531
:100F80001EB1596A32689142F2D105B12C6003F169
:100F9000200423F00AF82046F8BD00BF50190024B1
:100FA000E019002473B50368002104469D7E22F0F9
:100FB000B8FF002840D102262368002B00F09A8059
:100FC0009E7623689B7EB34240F09480062E61D1CA
:100FD000062D00F08F800821204622F0B6FF002366
:100FE000214645481A4600F0DDFD204622F08CFFE0
:100FF00010F008057ED1204622F0D0FF3146204671
:1010000022F08FFF00283AD001A92046FFF728FEE2
:10101000002834DB019B2846294603F134020546AB
:1010200001B304F1600022F0C0FF65B32B6853B335
:10103000143B43B35B69FAE7204622F054FF2DF0DE
:1010400034FB68B10921204622F06BFF0028B2D0A2
:101050000A21204622F065FFC0F10606F6B2ABE792
:101060000326A9E793F83810CE07DAD58907D8D434
:101070000121586308B91046D1E71546D1E704F1BC
:10108000600022F092FF0621204602B0BDE87040C9
:1010900022F047BF062D2DD10821204622F068FFFF
:1010A0000023214615481A4600F07CFD204622F018
:1010B0002BFF02071ED4204622F070FF294620464F
:1010C00022F02FFF30B904F1600002B0BDE870409B
:1010D00022F06BBF01A92046FFF7C2FD0028F2DB1A
:1010E000019991F83830DB07EDD52031204623F007
:1010F00005F9E8E702B070BD020001D0010001D09F
:101100002DE9F843054688461746994622F04FFFD9
:10111000044618B96FF01500BDE8F883BFF35B8F84
:10112000666904F11402BFF35B8F002EF2D0701ECB
:10113000BFF35B8F52E8003FB34203D142E80001A6
:101140000029F7D1BFF35B8FE8D1012E05DDB9F19E
:10115000000FE1D0C9F80040DEE7A37EB8F1010F2F
:101160006FF34103A37601D00020D5E7002FFBD019
:10117000284622F013FFAB682BB10423294604480C
:10118000E21800F00FFD05F1600022F00EFFEBE722
:10119000020004E0F8B54FF0FF33054617460E484D
:1011A0004FF0FF320E4622F0F7FE0C4B1B680BB1DE
:1011B0001C6823B90848BDE8F84022F0F6BE5B6819
:1011C0003A463146284698471CB1226823461446C1
:1011D000EFE72246FAE700BF50170024446E0024D0
:1011E0000023F7B504460D46CDE90033002943D06E
:1011F000244B1B6853B195F82D202E31062A3BD87D
:101200000DF102008DF801202EF06AFB0921204625
:101210006F6922F086FE88B30D21204622F081FE00
:1012200038B94FF0FF324FF0FF3304F1740022F071
:10123000B3FE2046294622F051FE436820469847D7
:101240000D210646204622F06CFE18B904F1740008
:1012500022F0ABFE002E02DA284624F02EFA1FB14F
:101260003146384622F044FE9DF8013023B1324623
:1012700069462046FFF78EFF03B0F0BD6FF072069F
:10128000EAE700BF446E0024074B984208D3074AA0
:10129000904205D2C01A064B0011584301307047E6
:1012A0004FF0FF30704700BF50190024E0190024B0
:1012B000398EE338F8B505460E46054C054FBC425D
:1012C00000D3F8BD204631469034A847F7E700BF69
:1012D00050190024E019002438B5054622F05EFEBE
:1012E0000021284622F01DFE40BB284622F0F6FDD4
:1012F000044680B1846874B1284622F0F4FD2DF0D4
:10130000D4F9F0B12846012122F0E8FD836828468F
:101310009847041E0CDB0021284622F016FE00230D
:10132000094829461A4600F03DFC2846FFF73AFED8
:1013300005F1600022F039FE204638BD6FF07704D9
:10134000F6E76FF00504F3E7040001D038B5054671
:1013500022F024FE0021284622F0E3FDE8B12846D1
:1013600022F0BCFD044628B184681CB12846A04781
:10137000041E0CDB0021284622F0FAFD0023084859
:1013800029461A4600F00EFC2846FFF70BFE05F131
:10139000600022F00AFE204638BD6FF07704F6E7C1
:1013A000030001D00A4A08B5034622F097FD8242A5
:1013B00008D14BB11B683BB19B68987E431E5842D5
:1013C000584108BD0020FCE700239B7EFFDE00BFE4
:1013D000FC1900242DE9F0410D460646F8B1F1B1A3
:1013E0000846EFF70FFF08281CD8114F441CDFF800
:1013F0004480474508D32246294606F150002EF086
:101400006FFA0020BDE8F081B74206D02246294697
:1014100007F150002EF003FB38B19037E9E76FF089
:101420001500EFE76FF05A00ECE76FF07700E9E79F
:1014300050190024E019002470B50546B8B10D4CD0
:101440000D4EB44202D36FF0010070BD2846EFF795
:10145000D9FE2946024604F150002EF024FB20B9A3
:101460002046BDE87040FFF70FBF9034E9E76FF00A
:101470001500EAE750190024E01900242DE9F04393
:10148000394C0025394F85B0DFF810814FF0FF321D
:10149000374E4FF0FF33374822F07EFD24F0B3FB88
:1014A000BC4213D365B1344B4FF4A0723349344876
:1014B000A3F840202DF035FD324B0022C3E9002275
:1014C0002C4805B0BDE8F04322F06FBD0022204655
:1014D000C4E9142284F8582022F005FDD0F80890C1
:1014E000B9F1000F18D0D9F80030ABB10621204671
:1014F00022F02BFD04F160002DF0E0FA04F17400FD
:101500002DF0DCFAD9F800302046984794F888305E
:1015100023F0030384F8883094F8503083B92046D0
:10152000FFF740FF78B1184A1368591C1160174A39
:10153000092101A81DF0AAF901A92046FFF74AFFD9
:1015400001359034ACE7204622F0C8FC804505D137
:101550000F4A1368591C11600E4AE9E733685A1C98
:1015600032600D4AE4E700BF50190024E01900245E
:10157000306E0024501700244C6E00242D0B0508FB
:10158000484C0024946E0024386E00241D930808F3
:10159000346E0024249308082A930808FC190024B8
:1015A00038B5074C074DAC4200D338BD0321204667
:1015B00022F0B7FC10B92046FFF78EFE9034F2E718
:1015C00050190024E01900242DE9F04F02288BB0B7
:1015D0004FF0000482460D460592CDE908445AD1E9
:1015E0000B68069143B94A68002A4BD14C894FF6E3
:1015F000FF73E11A4C424C4108A8002305F1100783
:10160000024605EB43010E88002E3DD00133013226
:10161000082BF6D14FF0FF384FF0010B002710F8E0
:10162000013B5B4588BFB84607F1010788BF9B4671
:10163000082FF4D13A23BBF1010F029308BF4FF0FA
:10164000FF3800230493059800210026042F63D15E
:10165000049B9A5D7ABB0346302203F8022B029A60
:10166000427018460136B742F0DC059B984214D010
:10167000BAF1010F4FF0000340F08A8000F8013CFE
:1016800005980BE01C46B7E7167802310136B942DF
:101690001670B8D1BAE7012803D000200BB0BDE81E
:1016A000F08F2E2304274FF0FF3883462546049100
:1016B00002930694C7E703924FF009090022DFF86E
:1016C000D4C001900792DDF80CE0BEFBFCF20CFBED
:1016D00012E3079A9145039301DBE64509D3019B89
:1016E000CDF81C90BEFBFCFE0EF1300E03F801EBB2
:1016F000019309F1FF390A22B9F1FF3FBCFBF2FC6B
:10170000E1D1019B4FF000021A701B1A50FA83F0CE
:10171000029B00F8013BA5E76CB1052E0BDD05F13E
:101720000C0304274FF0010A04933A2300F8013B0D
:101730002E23029389E7B0450ED111B9B8F1000FFD
:1017400002D13A2300F8013B3A23002100F8013B83
:101750000BF1FF331E4485E711B13A2300F8013B3A
:10176000069B33F816305BBA13F47F4FC3F307219F
:101770005FFA83F90AD00023612222F02BFF0123B4
:101780004946612222F026FF01216BE70B46F7E76D
:10179000037075E700CA9A3B01282DE9F8430C460F
:1017A000164637D100234C1E136019461A461D46B3
:1017B00014F8010F18B12E281BD101339BB2012957
:1017C00009D9092A03D9032907D1632A05D86FF05B
:1017D0001500BDE8F8830029F9D0FF2AF7D8725523
:1017E00022781AB10135EDB2042D10D1032B7BD034
:1017F000EDE73038C7B2092FE9D80131C9B2042961
:10180000E5D002EB820200EB420082B2D0E7002278
:101810001146CDE70228DAD12E2120462EF036F9E6
:10182000237800280CBF082706273A2B08BF01346D
:101830002046EFF7E7FC00224249824223DB0025E5
:10184000A8462378002BC2D03A2B41D01022002189
:1018500020461DF06FF8814610220021C9F30729A8
:1018600020461DF067F849EA002926F815903A212C
:1018700020462EF00BF9D8B1441C0135AF42E0DC14
:10188000062F31D133E0A35CA3F13005092D09D92E
:10189000462B09D82D2B9AD92E3BDBB221FA03F324
:1018A000DB0794D50132C8E7613B052BFAD98EE7F7
:1018B0007B1EAB428BDC0135AF4288DC062F13D197
:1018C00085E706EB450306F8158083F801800135AE
:1018D000BD42F6DB3A2120462EF013F9A0421DD17D
:1018E000062F03D06378EBB9002072E701340B3682
:1018F00000252378002B3FF46AAF00210A222046FE
:101900001DF018F82E2106F8010F20462EF0BEF823
:10191000A8B10135441C042DEBD1E5E7062F08BF23
:1019200000F1FF307D1E013010F8013D3A2B02D14D
:10193000013DFFF44CAFA042F6D101349DE7032DE9
:1019400055E700BF0110F801004870474C30080807
:1019500000487047483008082DE9F0474A4F96B0D4
:101960004A4D03AE00220023384631461BF066F88C
:1019700010B116B0BDE8F087DFF818814FF0FF32E4
:10198000DFF814914FF0FF3341481BF0BBF8C84516
:101990000DD32C682CB14FF0000AD4F80090D0463B
:1019A0002CBB3B4822F0D1FF1CF070F8D9E714980B
:1019B000D8F8003080EA030280EA0301C2F3017222
:1019C000C1F30A410A430FD182B222B19AB212B1D5
:1019D00003409BB243B1D8F80830324615990093C2
:1019E000139BD8F80440A04708F10C08CFE7149BDC
:1019F000226983EA020183EA0200C1F30171C0F3A4
:101A00000A40014325D199B221B191B211B11340DD
:101A10009BB2F3B1139B23B3A660139B1201E36047
:101A2000636828D5996911B1159A914211D1149A18
:101A30002261159A9A612268BAF1000F13D16B687E
:101A40002A609C4200D16A606068C4F800801BF084
:101A500053F9B9F1000F14D0D9F800304C4699462B
:101A60009EE7A360DAE7CAF800206B689C4208BFD3
:101A7000C5F804A0E8E7DDE914122046A24698471D
:101A8000E7E74B46EAE700BF20180024EC6E00248D
:101A9000B41700247C1108087C1108080C4B0021A5
:101AA0001A6802B9704782420FD1026839B9596881
:101AB0001A60884200D15A600023036070470A60B0
:101AC0005A68904208BF5960F6E711461268E8E785
:101AD000EC6E00240023124912481A4610B5124C2D
:101AE0000B60A0420BD303B10A60104B1B685BB1C3
:101AF0001A68086800244BB904B1086010BD50F89A
:101B00000C3B1A430123ECE71A46F2E71B69184322
:101B100022B11468134622460124ECE71446F9E783
:101B2000F46E00247C1108087C110808EC6E002477
:101B300010B504464FF0FF324FF0FF330B481AF058
:101B4000E1FF2046FFF7AAFF094B1A6822605A6896
:101B50001C6002B95C60074A2369116803480B43A3
:101B60001360BDE8104022F0F0BE00BFB41700249F
:101B7000EC6E0024F46E002438B50446084D4FF096
:101B8000FF334FF0FF3228461AF0BCFF2046FFF724
:101B900085FFFFF79FFF2846BDE8384022F0D5BEFD
:101BA000B41700242DE9F0411E46224B1746040FBE
:101BB0001B68020C0546884624EA137422EA134285
:101BC00020EA030304F00304C2F30A029BB21443A5
:101BD0001C432DD14FF0FF324FF0FF3316481AF05F
:101BE00091FF164B4C22214618462DF0A1FE0346CC
:101BF00047B13EB1402E16D8324639462DF070FE20
:101C000003460664C3E911580C49642200230C48BA
:101C10001AF0B4FE084822F098FE0A490A48BDE8C6
:101C2000F0412DF067B90448BDE8F04122F08DBEC7
:101C3000BDE8F081F46E0024C8170024A06E0024D3
:101C40002018002404110024784C00241FB5FFF74D
:101C500041FF0023094C0393094B204602932DF0CA
:101C600059F902AB4FF400520649204600934FF059
:101C7000FF331BF035FA04B010BD00BF784C0024D0
:101C800030930808802002242DE9F347294C0E46A2
:101C9000174698460025A246B4F88E30DB0721D5BA
:101CA000236B98421ED194234FF0FF325D434FF0D7
:101CB000FF3305F10C040AEB05095444204622F0D9
:101CC000BCFEB069FFF7E0FA89F89000C6F81490FE
:101CD000D9F83430C3B9204622F0B1FE022002B058
:101CE000BDE8F08701359434062DD5D14FF0FF3291
:101CF0004FF0FF330C2022F0A0FEB069FFF7C4FACA
:101D0000002383F89030FFDE05F1440050441AF0C0
:101D1000F3FF204622F093FE00240A9B48460094DD
:101D20003A4601933146D9F834504346A8472046F5
:101D3000D5E700BF106F00242DE9F84F364C9846C8
:101D400005460E4617460A9B9DF82CA004F55E79C1
:101D50009DF830B0B4F88E20D10705D494344C45AA
:101D6000F8D10020BDE8F88F0DB1A542F6D0B4F847
:101D70008C10B942F2D1618C4145EFD1120528D4C3
:101D80001A88012AEAD1626A002AE7D0218C012947
:101D9000E4D112680AB1596831BBBBF1000F03D01E
:101DA00094F88A100029D9D1BAF1000F0ED0B4F8F6
:101DB0008E10C1F38110012803D1C1F34101032921
:101DC00004D0002ACAD15A68002AC7D16FF0100087
:101DD000C8E7002ED4D094F990000A9322F031FE87
:101DE00086420A9BBAD1CBE78A42B7D1BBF1000F3A
:101DF00003D094F88A20002AB0D1BAF1000FE5D0C0
:101E0000B4F88E20C2F38112012ADFD1226C92F83D
:101E100038220A2ADAD1A1E7106F002402282DE91E
:101E2000F84F8A461446984605D860B96FF06904A1
:101E30002046BDE8F88F033801288CBF6FF0690495
:101E40006FF05F04F4E7022800F09980022906D0C1
:101E5000032907D0012922D06FF06A04E8E7112A8C
:101E600040F09080B8F1000F00F08F804FF0FF330A
:101E70004FF0FF32464800251AF07AFF454B1E46C8
:101E8000B3F88E1011F001010BD001359433062DFB
:101E9000F6D16FF001043E481AF02EFFC8E7062A7B
:101EA000DEE7942202FB05F706EB070948462DF012
:101EB0003FFDFEF7A1FE062C55D09420FF23002104
:101EC0004FF0010C00FB056282F89030324BA2F813
:101ED0008E10BFF35B8F3B4453E800EF43E800CB29
:101EE000BBF1000FF8D1BFF35B8FB2F88E300AF16F
:101EF000FF32022A3DD900FB0565194307F128038B
:101F00004846A5F88C4041F008010024F218A5F8D5
:101F10008E10F45007F12003546006EB030AF450CE
:101F20005146CAF8044022F08EFDAAF8020018B308
:101F30004023012185F8913085F8921007F1440083
:101F40004FF0FF3230442CF0CBFE07F10C00304450
:101F50002CF0B4FDB5F88E3043F00103A5F88E30B7
:101F6000C8F8009097E7484601F0DAF80028A4DAAC
:101F70008FE74FEA8A11BEE76FF06F048BE76FF0CF
:101F80005F0455E76FF07A0452E76FF015044FE7EE
:101F9000F86E0024106F0024186F002470B50446FA
:101FA000F0B1114B98421BD303F55E73984217D2E0
:101FB00000F10C0600254FF0FF324FF0FF333046A2
:101FC00022F03BFD2046E563C4E90D5501F054FBCA
:101FD000204622F06FFD304622F031FD284670BDCC
:101FE0006FF01500FBE700BF106F00242DE9F04FE4
:101FF0009846B0F88E3089B00446DE078B4691468D
:10200000DDF848A040F18C8000F10C074FF0FF3361
:102010004FF0FF32384622F010FDB4F88C30112B0F
:1020200073D10023B4F88E00266BCDF81A30ADF8CA
:102030001E30C0F3C203ADF818309EB3628D10F4A9
:102040008073C4F834B0304652BA18BF04F1280384
:10205000354992B20092524600F01CFD0546002D13
:1020600019DB59EA080316D0443420461AF0A6FEBC
:10207000384622F0E4FC4A46434620461AF078FEF1
:102080000B304FF0FF324FF0FF33384608BF6FF090
:10209000730522F0D2FC384622F0D1FC284609B064
:1020A000BDE8F08F204622F0B3FD05460028D6D1CA
:1020B000B4F88E30C3F3C203012B23D1636A13B18A
:1020C0001B68079306AB628CB4F88E5052BAB4F812
:1020D0008C00C5F3C201ED0504F13005C4F834B03D
:1020E00092B248BF04F12806CDE904A50E4D019235
:1020F000CDE90245628D52BA92B20092324600F0AA
:102100007BFBABE733463246DEE7062B05D1524672
:102110005946204624F0E6FBA0E76FF06A05BAE7CF
:102120006FF00805BAE700BF891C05082DE9F041EA
:10213000884615461E460446002800F08180424B22
:1021400098427DD303F55E73984279D200F10C0773
:102150004FF0FF324FF0FF33384622F06EFC08F1AB
:10216000FF31142913D8DFE801F05F5F5F5F5F5F25
:102170005F0B212C5F5F1D5F5F195F5F3F365F0064
:10218000002D57D0012E55D82B7884F888300024A4
:10219000384622F054FC2046BDE8F0812B6884F8D4
:1021A0009130F4E72B6884F89230F0E7002D41D0AD
:1021B000042E3FD12B68003B18BF012384F88930DF
:1021C000E5E7BDB3042E35D12B68003B18BF0123D2
:1021D00084F88A30DBE7B4F88E30C3F3C203012BF6
:1021E000D5D16FF05E04D3E7B4F88E302D68C3F319
:1021F000C202012A1BD1042E1CD1C3F38113022B6E
:1022000018D115B984F88B50C1E76B1EFE2B11D87D
:102210002846FEF7DFFC80B1062122F002FC0028F0
:10222000F0D16FF06A04B3E76FF08504B0E76FF0A8
:102230006904ADE76FF01504AAE76FF00104A7E7A2
:102240006FF01504A7E700BF106F00242DE9F041DF
:102250000C4616461D468046002800F091804A4BE9
:102260009842C0F08D8003F55E73984280F08880BC
:1022700000F10C074FF0FF324FF0FF33384622F0E9
:10228000DCFB611E142914D8DFE801F06E6E6E6E5F
:102290006E6E6E0B242E6E6E216E6E1A6E6E4E3149
:1022A0006E0098F88830002E61D033700DB1012394
:1022B0002B600024384622F0C2FB2046BDE8F081A6
:1022C00098F891303360002DF3D00423F0E798F8AC
:1022D0009230F7E798F88930002E48D015B12A6877
:1022E000042A44D13360E4E798F88A30F4E7B8F878
:1022F0008E3013F4006409D098F9900022F0A1FB0D
:1023000010B1006800B1008B3060DCE7C3F3C2039A
:10231000012B2FD108F12C0021F071FF10B10368BF
:1023200003B11C8B2046EFE7B8F88E30C3F3C2022E
:10233000012A1FD198F88B000028E5D11B0510D584
:1023400098F9900022F07DFB0621034622F069FBFC
:1023500098B11846FEF798FF0028D5DC6FF001040D
:10236000A8E7FEF749FCEFE76FF08504A2E76FF0FE
:1023700015049FE76FF069049CE76FF06A0499E722
:102380006FF0150499E700BF106F00244FF0FF3283
:10239000012101482CF0A4BCF86E0024014601483C
:1023A00023F054B9EC1800240146014823F04EB93B
:1023B0001C19002410B404460846064964688C427F
:1023C00003D15DF8044BFFF7E9BF5DF8044BFFF75D
:1023D000EBBF00BF8416002473B5054616461C46A5
:1023E0002CF0D1FD08B10026344601A9324623461F
:1023F00028461AF07DFA014690B9019C40222046F9
:102400002DF096FA074A0123204695426560236223
:1024100008BF84F83C3023F0E7F9204602B070BDD5
:102420000024FAE7C416002402460B460148FFF7D1
:10243000D3BF00BFC416002402460B460148FFF775
:10244000CBBF00BF84160024F7B506461C460F46D6
:10245000E9B115462CF097FD08B100252C460F4B2D
:1024600000220F483946CDE900540E4C7568A5424C
:1024700008BF184622F0FCFF044658B1014630461A
:1024800023F0B8F9204620F07CFA80234382002014
:1024900003B0F0BD6FF00B00FAE700BF1C19002479
:1024A000EC180024C41600242DE9F34DDDE90AAB35
:1024B0000446164698460F4629B923B990F8373096
:1024C00013F0700F4AD02CF05EFD18B14FF0000AE7
:1024D0004FF0000B204623F021F994F837500246C4
:1024E00080B915F0700FC5F302100DD0414622F0EF
:1024F000ADFFA3693918C5F302153BB9012D0AD008
:102500000B460DE00020F4E71046F2E7186848B3E8
:10251000012D038B2AD1B3F5107F38BF4FF4107310
:102520009B1A6568164F32469942164828BF1946CD
:10253000154BCDE900ABBD4208BF184622F098FF0D
:102540000146C8B1204623F055F93EB1A068314696
:102550000C3020F063FA204623F046F9002002B048
:10256000BDE8F08D012DCBD10346D4E7456807487F
:102570008542C5D10E33D3E76FF00B00EFE700BF04
:10258000C4160024EC1800241C190024FC19002493
:102590002DE9F743DDE90A89044616460D4639B9A7
:1025A00032B990F8373013F0700FC3F3021026D011
:1025B0002CF0E9FC18B14FF000084FF00009A069B9
:1025C00050B93346002229462046CDE90A8903B096
:1025D000BDE8F043FFF768BF62680B4B9A42F0D149
:1025E00003687BB15B681F69002FEAD033462A4637
:1025F0002146CDE90089B84710F1860FE1D003B03C
:10260000BDE8F0831B69FFDEC416002430B585B039
:10261000DDE90845009313460A4601460348CDE923
:10262000024523F0F8F805B030BD00BFC416002401
:1026300030B585B0DDE90845009313460A460146EA
:102640000348CDE9024523F0E6F805B030BD00BFF0
:10265000841600244FF4907208B5034B02FB00303F
:102660002CF0FEFA002008BD904D00240828024BF3
:1026700028BF0020185C70474293080830B58BB023
:10268000164C20462CF0AAFA4FF0FF324FF0FF33E1
:10269000002504F1200000941149CDE906234FF0F4
:1026A000FF334FF40052CDE90335CDE901550D4B11
:1026B0001AF01AFF044678B12B460B4A082108A8E5
:1026C0001CF0E4F808A920461AF040FE20460BB0A2
:1026D000BDE830401BF05EBA0BB030BD904D002419
:1026E00000410224E75B0708399308082DE9F3410C
:1026F0000746884616464FF0FF334FF0FF32144826
:102700006FF001051AF0FEF9124B1C6834B910483D
:102710001AF070FA284602B0BDE8F081227C3378C6
:102720009A4213D1637C72789A4200D073B9A3683D
:1027300013B1BA69934209D1E3684246394620464B
:10274000009333466568A847051EE0DB2468DDE793
:102750006417002488720024F8B50F4616461D46FB
:102760000446D0B1CBB1142200212DF0E1F8656010
:10277000277466744FF0FF324FF0FF3308481AF0A9
:10278000C1F9084B1A6822605A681C6002B95C6083
:1027900003481AF02FFA0020F8BD6FF01500FBE790
:1027A000641700248872002402460B4601481AF080
:1027B000A9B900BF1417002401481AF01BBA00BFC2
:1027C000141700242822002110B504462DF0B0F87B
:1027D0004FF0FF304FF0FF31FFF7E6FF054B1A686F
:1027E00022605A681C6002B95C60BDE81040FFF7C7
:1027F000E3BF00BF987200242DE9F04F87B01F4659
:1028000080461446BDF84030129DBDF844B0029198
:10281000039365B395F99000FEF7DCF90646284668
:1028200022F035F901904FF0FF304FF0FF31FFF704
:10283000BBFF784A1268002A00F08680D2F8009028
:102840009BFA9BFA1FFA8AF304939AB9FFF7B4FF35
:102850004FF0FF304FF0FF31FFF7A6FF6E4A1668CA
:10286000002E75D16FF00104FFF7A6FF4CE02E4655
:102870000195D8E7108C40451AD192F82200029BAE
:10288000984215D192F8230000F00403C7B17BB140
:10289000B7F800C0BCF1010F0AD1B2F80CC0BCF10E
:1028A000010F05D1D7F804E0D2F810C0E64509D0F1
:1028B000B9F1000F4AD0D9F800004A468146C4E772
:1028C000002BF5D1B2F80EC0049B9C45F0D100F06E
:1028D0000200ECB10028EBD020880128E8D19088D4
:1028E0000128E5D1D4F804C090688445E0D1039B69
:1028F000B2F806C058BA80B28445D9D19269B2B94B
:102900006FF06F04FFF758FF204607B0BDE8F08F67
:102910000028CDD1019B002BE9D090690028E6D09A
:10292000059222F0B4F8059A0028E0D0C0E7002E06
:10293000E6D0B2F88E000305E2D592F99000FEF7DA
:1029400049F98642B4D1DBE7914679E74846B4E7D6
:10295000516830688E42106008BF506000223260BB
:10296000FFF72AFFC7B13A88012A0FD13A68F2600F
:102970007A6832617A68003A18BF0122920142F007
:10298000040254B121883B88994206D030466FF04A
:102990001504FFF717FFB7E73A46BBF1000F03D066
:1029A00042F01002A6F80EA0139B214686F82320C1
:1029B00030467361149B039AF361029BA6F8208052
:1029C00086F82230B56123F02AF904460028DDD1CB
:1029D000159B03B11E6096F823304FF0FF304FF087
:1029E000FF3143F0010386F82330FFF7DDFE094B8A
:1029F0001A6832605A681E6002B95E60FFF7DCFE3A
:102A0000284622F047F896F8243060F3000386F851
:102A1000243079E790720024987200241B4B98426E
:102A200010B504462BD3A033984228D890F8233011
:102A3000DB0727D54FF0FF314FF0FF30FFF7B4FE33
:102A4000134B00211A6852B1944215D1226869B91A
:102A500059681A608C4200D15A6000232360FFF746
:102A6000ABFE2046FFF7AEFE002010BD0A605A689C
:102A7000944208BF5960F0E711461268E3E76FF02F
:102A80001500F2E76FF00100EFE700BFA07200242D
:102A900090720024F0B40D4D0F4616461946A84218
:102AA000BDF810200BD3A035A84208D890F82330E9
:102AB000DB0708D54761C661F0BC23F0B0B86FF002
:102AC0001500F0BC70476FF00100FAE7A072002417
:102AD0002DE9F04F89B005460E469046049390F8D4
:102AE0003730D0F81890C3F302130693013B012B43
:102AF00003D9022009B0BDE8F08F112A42D1049B0E
:102B00001B681A880392B3F802B0069B012B57D1B9
:102B10003768002107F10C042046FEF74FF9824682
:102B200000283BD0039B5B45E3D031680B6903F081
:102B3000F003E02B47D010314846FEF7C5F802906D
:102B40004FF000094FF0FF304FF0FF31FFF72CFE40
:102B500000276E4BBA461C684FF0FF330793002CDA
:102B600036D1BAF1000F40F0A380FFF725FEB9F18E
:102B7000000F00F0BA80002FBBD0284622F09DFD48
:102B80000020B7E7062A04D1049B1B68002BB8D1AC
:102B9000AFE74FF0000BCDF80CB0B6E7FEF7D8FE6C
:102BA000FA6803689A42BDD021465046FEF78CF879
:102BB0003368DA681B699A42B4D00028B5D0B1E70F
:102BC00000230293BCE700234FF001090293B9E709
:102BD000A369002B3FD194F82230002B4AD1238CDB
:102BE000434545D1E38813B1039A934240D1E38929
:102BF0000BB15B453CD194F8233099070ED595F87D
:102C00003720A188C2F30212914231D1012905D1A6
:102C1000A2681AB13168C9688A4229D15A070ED50B
:102C200095F83720A189C2F30212914220D10129DF
:102C300005D122691AB1316809698A4218D103F0B5
:102C40007803079A9A4213DAB9F1000F16D11BB232
:102C5000A24607930CE0B3F88E201005BBD5AA69F5
:102C600093F990000592FDF7B5FF059A8242B2D024
:102C7000246874E7069A9A42B1D0F9E74FF47A7261
:102C80000023284622F045FF059010B9FFF794FD78
:102C90002FE7E3693246059920460093049B676954
:102CA000B847022802D1059822F007FD4F46DFE71A
:102CB000DAF81440DAF81CB0FFF77EFDB9F1000F26
:102CC00011D0002F7FF459AF002C3FF412AF049BBA
:102CD000324629465046CDF800B0A047831E5842E0
:102CE0005841400006E7002CF1D1029B002B7FF4F5
:102CF00000AFB8F1060F03D1284623F06CFDF8E6CB
:102D000003222846114623F083F8F2E6907200244D
:102D10000A4A002310B5C2E90033094A1846114691
:102D20001446013328320860042B02D008461146AD
:102D3000F7E7044B044AC3E9002410BD9072002455
:102D4000A07200249872002418730024024B002201
:102D500008210248FFF700BDC75C07084073002444
:102D600038B5044622F089FC0B4B1D685DB1204646
:102D7000A847002802DA204622F09FFC2046BDE842
:102D8000384022F09ABC2CF0FEF8421E204665F135
:102D9000000320F09FFFECE75873002410B500F506
:102DA000E474084920462CF0BCF8074B0A2221465F
:102DB0001B68064823EAE373BDE8104083FB022347
:102DC0001AF0FCB95167070864730024B04E002460
:102DD0002DE9F04190F859320446DB071ED500F189
:102DE000980704F1280638462CF0A9F84FF0FF3276
:102DF0004FF0FF33304623F0E6FA04F1180023F0D9
:102E000063FA054630465DB923F021FCA26972B928
:102E100094F8593262F3000384F85932BDE8F08126
:102E200023F015FCA5F11C0022F047FCEEE7092376
:102E3000B4F84E2239460548C4F82C320A23BDE8BE
:102E4000F041A2FB03231AF0B9B900BFB04E002431
:102E500010B50446FFF7BCFF04F5E4702CF06FF8E2
:102E600043F69822002304F5947102481AF0A6F95B
:102E70000A2010BDB04E002470B500F128060446AB
:102E80004FF0FF324FF0FF33304623F09CFAA56934
:102E9000002D4BD030461C3D23F0D9FB94F859321D
:102EA000D80716D4284623F0C2FA437B102B31D022
:102EB00003F0EF02082A2DD05A072BD428464FF4EE
:102EC0007A72002322F025FE054600284AD1002010
:102ED00070BDD4F82C32002B5AD04FF47A720023F4
:102EE000284622F016FE30B1FFF73AFFD4F82C3214
:102EF000013BC4F82C3294F85932D907E7D5B4F81D
:102F00004E320A22A3FB022304F1980121481AF051
:102F100055F9DCE730464FF0FF324FF0FF3323F036
:102F200052FA04F1180023F0CFF918B9304623F013
:102F30008EFBCCE7A0F11C05304623F088FB284629
:102F400023F01CFA06462846FFF70AFF94F8593288
:102F5000DB07D4D4002EBAD0A369002BB7D000224F
:102F60000023D1E723F00AFA06462846FFF7F8FEC9
:102F700004F1A8002CF0C8FA0843E7D10923C4F8EB
:102F80002C3294F8593243F0010384F85932DDE7CA
:102F900001209DE7B04E00242DE9F8430546A0F539
:102FA000DC74A0F5A67700220023384619F072FEE3
:102FB000064600287ED1A5F5C8774FF0FF334FF0C5
:102FC000FF32384623F0FFF96368186B18B1FFF73A
:102FD00025FD63681E63206950B194F85932DB0601
:102FE00006D5002305F14402B4F8F811FEF788F87D
:102FF00000236268A5F59078A5F5D0791364404662
:1030000084F838322BF09BFF4FF0FF324FF0FF3344
:10301000384623F0D8F9484623F056F90646384694
:10302000002E4AD123F013FBA5F1C0002BF087FF3F
:10303000A06822F042FBE06822F03FFBA5F190007F
:103040002BF07DFF05F110002BF079FFA5F160005A
:103050002BF075FFA5F130002BF071FF40462BF0EF
:103060006EFFA5F1F0002BF06AFF384623F0EFFA6F
:10307000606821F01FFD4FF0FF324FF0FF3317481B
:10308000666023F0A0F9164B1A6852B1944221D120
:103090002268CEB959681A608C4200D15A60002368
:1030A00023600E4823F0D3FA21460E48BDE8F843CA
:1030B0002BF0F0BB22F001FB75E723F0C8FAA6F174
:1030C0001C0022F0FAFA9FE732605A68944208BF67
:1030D0005E60E4E716461268D7E700BFDC170024FD
:1030E0005C730024A416002400F50D73BFF35B8FFE
:1030F000D0F83422BFF35B8FBFF35B8F53E8002F10
:10310000013A43E800210029F8D1BFF35B8F22B9CF
:1031100000F5DC7101482BF0EDBE7047B04E002485
:10312000002337B5054601930022002301A9564824
:1031300019F0DEFB0446002840F08C8001464FF475
:10314000187201982CF0F4FB4FF47A700021FFF70D
:1031500073F9019BD860002800F085804FF47A70E5
:103160000021FFF761F9019B986000287BD003F1F3
:1031700028002BF0A3FC01986C302BF02FFD019858
:103180003C304FF0FF3221462BF0AAFD019854301D
:10319000012211462BF0A4FD019801223B4980F841
:1031A000574280F838224FF00622C0F83C42C0E96E
:1031B00091224FF4C062A0F84C2290F8592222F0DC
:1031C0001A0280F859224FF6FF72C0E90644A0F8AF
:1031D000502298302BF0A5FE01982D4900F59470EF
:1031E0002BF09FFE01982B4900F5E4702BF099FE1F
:1031F00001982949F8302BF094FE01982749C830EE
:103200002BF08FFE0198264900F5AC702BF089FE5B
:103210000198244900F5C4702BF083FE01982249DF
:1032200000F5DC702BF03BFE019800F50D7023F0EB
:1032300029FA4FF0FF324FF0FF331C4823F0C3F858
:10324000019B1B4A1C60516851B9C2E90033174801
:1032500023F0FDF9019B9BB96FF00B0003B030BD6B
:103260000B605360F3E7019BD86820B122F025FA88
:10327000019B0022DA60019903482BF00BFBEBE77E
:103280005D6000202B64E9E7A41600241967070895
:103290005D670708696707083D3705085366070833
:1032A000D53505082B690708992F0508DC17002478
:1032B0005C73002470B5044688B0036C0020CDE92F
:1032C00006001BB96FF0150008B070BD93F8380206
:1032D0000128F7D11962B4F88E30C3F3C203012B71
:1032E000ADF81830EED1636A0BB11B680793638C9D
:1032F000658D62605EBA206B6DBAADF81A30FFF76B
:103300008DFBB4F88E2004F13003B4F88C00B6B213
:10331000ADB212F480729DF8181018BF04F12802A3
:10332000CDE90443044BCDE90056CDE9024306AB99
:10333000FFF762FAC8E700BFF94A0508F0B589B09F
:10334000184A194F0E4603AB01A9044601931423F2
:10335000029390F83730C3F30213022B08BF1746CD
:1033600022F01EFC0546C8B100233946037443749D
:10337000A06921F0D3F800B956B10621204621F00A
:103380002CFA288294F8383043F0080384F8383057
:1033900001A9204622F022FC09B0F0BD6FF06800C0
:1033A000FAE700BF000420000100200070B590F88B
:1033B00037300E46114A0446C3F3021310498069A0
:1033C000022B08BF114621F0ADF840B93146204626
:1033D00022F0E6FB054648B90025284670BD0621C7
:1033E000204621F0FAF90028F0D0F5E731462046D2
:1033F00022F0F4FB0028F0D0EEE700BF000420002C
:10340000010020002DE9F04F9A4690F892308BB0E1
:10341000044613F0010F43680F464FF47A704FF0E3
:1034200000011546B3F88E204FF00603CDE90001E8
:10343000C2F3C20214BF182114212069FFF7E6F875
:103440000646002800F0BF8025B1A96822F0D2F915
:103450000023AB6096F83730C3F30213012B40F022
:10346000888004F5057304F5FE723146606821F02A
:103470000EFC051E06DA304622F01FF928460BB076
:10348000BDE8F08F0DF10C090DF114084FF0140B8D
:1034900030464946CDF80C80CDF810B022F080FBC4
:1034A000054610B96FF06805E5E75A4600212CF093
:1034B0003FFAB4F8FA312B80B4F812326B8005224F
:1034C0002B7B62F307132B7394F892306F7303F026
:1034D000010313442A7B63F307122A73B4F84832BA
:1034E0005BBAEB819AFA8AFAC5F804A017F01007C4
:1034F00003D0D4F840321BBAAB604946304622F0C4
:103500006DFB051EB7DB94F89230DB071AD5042358
:1035100041463046CDF81490069322F041FB054613
:103520000028BFD0204623F0E3F983B21BBA43F44E
:10353000806343F002032B604146304622F04EFB8D
:10354000051E98DB304622F04FF996F83730C3F36A
:103550000213012B0DD10621304622F09BFD051EE2
:1035600089DB1A4B1A683AB130460BB0BDE8F04F10
:1035700010476FF015057EE7F26106F11C03E26962
:1035800092B9C4E906331FB1B4F84832A4F8443202
:10359000304622F0F3FE50B10022002304F19801DE
:1035A0000B4819F0DBFD69E71360E361EBE72046A8
:1035B000FFF762FC00283FF461AF6FF07301204613
:1035C00023F06CF85AE76FF0680557E7587300244A
:1035D000B04E0024F8B5A0F59877A0F5AC754FF083
:1035E000FF324FF0FF330646384622F0ECFED5F8A6
:1035F0003C3200221021013B2846FFF703FF2846FA
:1036000022F0A8FEB5F84C425CBB95F85832B5F8EC
:103610004E223E2B9CBF013385F8583295F8583224
:10362000124DA3F12000C3F120019C4002FA00F0EA
:1036300022FA01F19A4000230443501E44EA010497
:1036400044F1FF3185420A4873EB01013CBF1C463F
:10365000084A0A23A2FB032103FB0413314619F095
:10366000ADFD3846BDE8F84022F0F1BFBFD40100FF
:10367000B04E0024C0D4010070B5046C002C55D0AD
:1036800004F128054FF0FF334FF0FF32284622F0B7
:103690009AFE94F83832033B012B3AD8D4F82862CA
:1036A000BEB194F859320A2204F1F801214843F0DE
:1036B000040384F85932B4F84E32A3FB022319F004
:1036C0007DFD284622F0C3FF2046FFF70DFD0020B8
:1036D00070BD194B0A2204F5E47116481B6823EAF1
:1036E000E37383FB022319F069FDD4F83C22D4F87C
:1036F00030321121204613443246FFF783FE20B9B1
:10370000D4F83C320133C4F83C32052384F8383213
:10371000D7E794F859329A07D3D56FF3410384F869
:10372000593204F13C0019F049FBCAE76FF001007F
:10373000CEE700BFB04E002464730024F8B5A0F1BA
:10374000D00604464FF0FF33A0F1F8054FF0FF32EA
:10375000304622F038FE94F85E31082B09D9304605
:1037600022F075FF28466FF07301BDE8F84022F0A3
:1037700095BF002B54D114F86C3C2846DA074CBF97
:1037800034F8707C4FF4067723F0B2F8B84240F377
:10379000848014F86C3CDB0740F1848034F8703C82
:1037A0005B00D4F8382102EBD272B3EB620F4FEA20
:1037B000620013DD14F86C3C2846DF074CBF34F878
:1037C000707C4FF4067723F093F8B8426DDD14F85F
:1037D0006C3CD8076DD534F8700C400080B214F8FA
:1037E0006C3CA4F85A012846D9074CBF34F8707CC9
:1037F0004FF4067723F07CF8B8425DDD14F86C3C9A
:10380000DA075DD534F8700CA4F85801284622F088
:1038100065FD28B100220023A4F1A40022F0ACFD34
:1038200001230027284684F84131C4F8387123F079
:1038300091F894F85E110131C9B284F85E11002844
:1038400041D194F861315B0742D5D4F83071002F33
:103850003ED1294B0A2204F1D00128481B6823EAF3
:10386000E37383FB022319F0A9FC0523D4F8442158
:10387000112184F840312846D4F8383113443A46AF
:10388000FFF7C0FD20B9D4F844310133C4F8443106
:103890003046BDE8F84022F0DABE284623F028F88A
:1038A00043007EE74FF486637BE7284623F020F849
:1038B00093E74FF4866092E7284623F019F8A3E7D0
:1038C0004FF40670A0E73D3002D184F84171DFE784
:1038D0000829B4F856310DDD0A222146074883FB3A
:1038E000022319F06BFCD3E703EB630301328A4236
:1038F000FADBF1E70022FAE764730024B04E0024FB
:10390000424B2DE9F74FD3F8009004460D46174679
:10391000B9F1000F04D0C847022003B0BDE8F08F12
:1039200043685B6B002BF7D0C368D2F800A09B689C
:10393000002B68D0DA68002A65D01B8A002B62D081
:10394000084622F074FDE268436891681BBA8E69EC
:1039500008460AEB030B0193ABEB0602009222F040
:1039600041FD009A8046019B82423DD232B14644DD
:1039700011462846A6EB0B0821F01BFFE368A86858
:1039800099681FF00FF8E368002204F1C8009A60FC
:103990002BF0D5FA3B68284643443B6021F024FFD6
:1039A00095F83730A86843F0010385F8373022F0E6
:1039B00019FD3968411A284621F065FF396820460B
:1039C000494223F0A0F8B4F844323A6804F16C009C
:1039D00029469A4296BF9B1A00239BB2A4F8443210
:1039E0002BF03EF9002098E7A6EB0A06F61A002E07
:1039F00009DC0846F6F748FAE36804F1C800C3F8A2
:103A000008902BF09CFA4FF00008C3E75473002491
:103A1000F8B504460025204622F06FFC061E08DD9E
:103A200094F8593219070FD5204622F093FF051E4E
:103A3000F1DAD4F8283204F1F80604F5847023BBD7
:103A40002BF062FD2846F8BDD4F83032002BEBDDB8
:103A500094F88C302046DA074CBFB4F888704FF4E5
:103A6000067722F045FFB84208DD94F88C30DB077A
:103A700008D5B4F888008642D6DADAE7204622F084
:103A800037FFF8E74FF40670F5E72BF03DFD0843EC
:103A9000D8D10023B4F84E223146044884F8563277
:103AA0000A23A2FB032319F089FBCBE7B04E0024C5
:103AB0002DE9F04F044697B00D46B9B90F460026E0
:103AC000B04604F128034FF0FF3205934FF0FF3367
:103AD000059822F078FC94F83832B3B9022605989C
:103AE00022F0B5FD304617B0BDE8F08F084600273C
:103AF00022F09DFC80460028E1D0067B477B3609FA
:103B000007F03F07053EB600DBE7B8F1000F27D00E
:103B100098F80C304F2B6FD80421204622F000FF7C
:103B20006FF0670A012302260293676807B13F6BB3
:103B300004F16C090598D4F8148022F088FD002F58
:103B400040F0E886029B002BCCD094F83832002B52
:103B5000C8D00B2BC6D05146204622F09FFDC1E7AE
:103B600017F0FF095FD1002E00F0E3802846D5E969
:103B700003BA21F039FE95F83A3095F83610284608
:103B80001944143121F07FFE282E32460CA928BF9B
:103B90002822284621F08DFE0028C5E903BA94F8B2
:103BA0008C3023F0030384F88C3003DB31460CABFC
:103BB000002966DC002EAFDDB8F1000F21D12846C8
:103BC00022F0ACFC8146002302269A46049302931D
:103BD00094F83832CDF82C90013B092B00F231815A
:103BE000DFE813F0B20099011E0100025205D90569
:103BF0002805FD052E05430617F0FF0930D1002EDC
:103C0000B4D194F83832013B012B6AD941462046A1
:103C100022F091FB002864D0B9F1000F61D019F0B7
:103C2000020F5ED078E719F0040F9CD04146204681
:103C300022F081FB029000283FF450AF94F85932F3
:103C400043F020039A0784F859320DD4002D00F078
:103C500059866FF0670A284621F02FFD002664E799
:103C600019F0040FE2D1CAE798F80D30142BEDD10A
:103C7000002D00F04C8628466FF06E0A21F01DFDE5
:103C8000ECE71878002895D0012828D001293FF4C6
:103C900043AF5A78012A7FF63FAF9142FFF63CAF1F
:103CA000022804D0032810D01344891A80E7042A7C
:103CB0007FF432AF588840BAA4F8880094F88C009A
:103CC00040F0010084F88C00EEE7032A7FF424AF73
:103CD00094F88C00A4F88A2040F00200F2E7024633
:103CE000E2E7B8F80E3004F5AC76B4F84A225BBAD5
:103CF00030469BB2934228BF1346A4F84C32EBB92E
:103D00002BF01BF950B9B4F84E220A2384F858025C
:103D10003146A2FB0323B14819F050FA204622F0A5
:103D2000DDFA034604F154005BB10022002322F0C7
:103D300023FB002D7FF443AFA94644E72BF0FFF8A7
:103D4000ECE718F0D9FFF4E7FBB2022B3DD10027D6
:103D500094F892301221204643F0010384F8923007
:103D6000D4F84032D8F80420013312BA1344C4F80E
:103D7000403222F0D5FD94F892300A2204F5E47125
:103D80006FF30003954884F89230D4F83C32013345
:103D9000C4F83C32924B1B6823EAE37383FB022393
:103DA00019F00CFA002D00F0A5854FF003093E46EE
:103DB000284621F082FC049B84F83892002B40F0C6
:103DC000EF800025A846A94602E794F89230002229
:103DD0000221204643F0010384F89230D4F83C32AB
:103DE000FFF710FB0028C0F2768594F892304FF070
:103DF000020904F50D706FF3000384F89230D4F8D3
:103E00003C320133C4F83C3222F03CFC002DD2D0CD
:103E1000002E40F05084284621F04FFC00F0AEBC4C
:103E200017F0FF020DD0D8F80830D4F83C121BBAB6
:103E30008B4206D1D8F80430D4F840121BBA8B421A
:103E400003D0002D40F0C7806FE6D306F9D502F00D
:103E5000EF07D4F82090B9F1000F20D0D9F82080D6
:103E6000D9F8049004F5E4702BF069F82046FEF7C9
:103E7000AFFF04F50D7022F005FC6268B2F88E30D9
:103E800023F0060343F00403A2F88E3000232362DC
:103E9000B8F1000F05D16068FFF7EEFBD1E7C84627
:103EA000E0E7D4F810020CAAD4F81412666803C232
:103EB0000CAA03CAB062F162B9F88E206068C2F33E
:103EC000C202CDF8009000F12801022A14BF082296
:103ED0001822C047204622F026FF0B9B002B00F043
:103EE000F2840BAA29462046FFF70AFDD4F8403297
:103EF0000B9A0646102120461344C4F840322EB9CE
:103F000022F00EFD4FF00409002654E74FF004099B
:103F100022F006FD4FE717F0FF0256D0B8F1000F70
:103F200053D0D8F80830D4F83C121BBA8B424CD18D
:103F300012F0120F49D002F0ED072046FEF748FFBD
:103F4000D8F80420D4F8403212BA0B9E013313443F
:103F5000C4F840326EB10BAA29462046FFF7D0FCC8
:103F6000D4F84032061E0B9A08BF00251344C4F84B
:103F70004032626820464FF00409B2F88E3023F0D8
:103F8000060343F00403A2F88E3022F0CCFE102189
:103F9000204622F0C5FC002D40F0A28484F838921F
:103FA00094F859326FF3410384F85932636A2BB1A4
:103FB00060680021426898470023636204F13C0076
:103FC00018F09AFE01230493FBE6002D3FF4ADADFB
:103FD000284622F000FC4FF0000919E7B04E0024FB
:103FE00064730024B8F1000F00F0628217F0FF0341
:103FF000039343D0D8F80430D4F840221BBA93423C
:104000003CD1039BD80739D503F0FE070B9E3EB188
:1040100029460BAA2046FFF773FC061E08BF0025A1
:104020000B9B5A1CD4F840321344C4F8403217F0AA
:10403000FF031CD0D9061AD503F0EF07D8F80830D3
:10404000D4F83C221BBA9A1A002A01DDC4F83C328B
:10405000112120464FF0090922F062FCD4F83C32CD
:1040600020460133C4F83C32FEF798FECEE610211C
:1040700020464FF0070922F053FCC7E6D8F8083075
:10408000D4F83C221BBA934240F0A380D4F82832E3
:10409000002B00F0C480B9F1000F28D194F85732FA
:1040A0002046B4F850B2032B28BF0323013384F811
:1040B000573294F88C30DA074CBFB4F888304FF49C
:1040C0000673069322F014FC069B984240F3A080EE
:1040D00094F88C30DB0740F19F80B4F8880083446B
:1040E0004FF6FF739B45A8BF9B46A4F850B294F8C7
:1040F0003932002B6DD194F85722032A69D1D4F8B4
:1041000030B22046C4F8303222F024FCB4F85432E5
:10411000C4F830B2002B52D194F88C30D807204626
:104120004CBFB4F888B04FF4067B22F0E1FB584551
:1041300078DD94F88C30D90779D5B4F888305B00F5
:10414000D4F8302202EBD272B3EB620F4FEA620076
:1041500013DD94F88C302046DA074CBFB4F888B0F1
:104160004FF4067B22F0C4FB584563DD94F88C3095
:10417000DB0763D5B4F88800400080B294F88C3037
:10418000A4F85202D80720464CBFB4F888B04FF4C8
:10419000067B22F0ADFB584553DD94F88C30D907EF
:1041A00053D5B4F8880000EB400080B2B4F8523226
:1041B0001844D4F83032A4F85002A4F854322046FF
:1041C00022F08CF828B10022002304F1540022F0E0
:1041D000D3F8D8F808301BBA0693D4F83C320793CA
:1041E000DDE90632A3EB020BBBF1000F40F328819F
:1041F000D4F828225A452BD20421204622F090FBE5
:1042000001230293002D40F06F836FF0670A8CE466
:10421000204622F06DFB62E74FF406705FE784F8FA
:10422000573264E7204622F063FB430088E74FF4EF
:10423000866385E7204622F05BFB9DE74FF48660AE
:104240009CE7204622F054FBADE74FF4C960ADE790
:104250005946A068CDF820B022F0CCF80028CBDB7E
:104260000022089B2046B4F8506284F8572294F844
:104270008C2012F0010F14BFB4F888204FF406729E
:10428000CDE9083222F034FB099A089B90422EDDDA
:1042900094F88C20D20740F15E83B4F888209345CF
:1042A0000ED3B4F888302046089322F021FB089BF7
:1042B00098422ADD94F88C30D8072BD5B4F8883092
:1042C000B4F854224ABBB4F85022B4F852129142C6
:1042D0009EBF03FB032303F1FF3393FBF2F34FF67F
:1042E000FF7233449342A8BF13469BB21CE02046A2
:1042F000089322F0FDFA8345089BE1D394F88C30B3
:10430000DB07CED44FF40673CDE7204622F0F0FA57
:104310000346D5E74FF40673D2E7934561D30023F4
:10432000A4F85432B4F85232A4F850322046DDE9F1
:1043300006239A1AD4F828321344C4F82832D4F841
:1043400030325B452CBF9B180023C4F8303221F07B
:10435000C5FF18B904F1540018F0CEFCD4F83C3273
:1043600000265B4484F85662C4F83C3294F8393233
:10437000012B04D12046C4F8306221F0EBFFD4F8C1
:10438000283284F839624BB1B4F84E320A2204F173
:10439000F801A948A3FB022318F010FF94F8593242
:1043A00059072BD5D4F8283243BB2046FEF710FD21
:1043B000A24B0A2204F5E4711B689F4823EAE373C9
:1043C00083FB022318F0FAFE1121204622F0A8FAFE
:1043D000D4F83C320133C4F83C325DB94FF00509E2
:1043E00092E51FFA8BF1B4F85032521A5B1AA4F816
:1043F00054227AE7284621F060F9EFE794F8393241
:10440000012B13D02046FFF703FB061E0EDA16F130
:10441000690F0BD00421204622F082FA15B12846FC
:1044200021F04BF90123B246029317E4204621F014
:1044300055FF28B10022002304F1540021F09CFF15
:10444000D8F80480D4F8403298FA88F8984551D1C9
:10445000B9F1000F00F0E380039B002B3FD013F075
:10446000080803D003F0F7074FF001080B9B002B5F
:1044700000F0DB8029460BAA2046FFF741FAD4F86A
:1044800040320B9A064620461344C4F8403222F0CC
:10449000F5FA04F5C47110B9B8F1000F22D14FF448
:1044A0007A720023644818F059FE002E08BF0025D8
:1044B000D4F828322BB904F1F80084F856322AF0E7
:1044C0003EFD204621F00AFF034604F15400002B74
:1044D00000F0AD800022002321F04EFFB1E4DDF8B2
:1044E0000C80C3E708462AF02AFD1021204622F05E
:1044F00017FADAE7A3EB0803002B04DD10212046AE
:1045000022F00EFA8BE0B9F1000F00F08480A86869
:1045100021F068FFA0EB0901284621F06BFF00287D
:10452000ECDBAB68198A5E684144C3F8188026BB8F
:10453000E068D0F808B0BBF1000F23D0DBF80C30F6
:1045400003B3BBF81030EBB1DBF818305846C91A8A
:1045500021F048FF814229D358461EF012FA8369A0
:10456000018AA3EB0803994519443DD98945C5D370
:10457000E3689868F5F788FC23E0338AB161194451
:104580007668D4E7A96821F035F9002304F1C8065C
:10459000AB6030462AF0D1FC0028AFD144F620624F
:1045A00000233146244818F009FEA7E78945A5D91C
:1045B00011B1284621F0FDF8E368A86899681EF05B
:1045C000F1F9E368AA689A60E3684FF001080022F5
:1045D00098680346A3B9B8F1000FD6D1F5F754FC9B
:1045E000E368C3F80880D0E7894587D911B1E0684E
:1045F00021F0DFF8E368A96898681EF0D3F9E3E7D3
:1046000099691EB1914218BF4FF000081A8A1E46E0
:104610005B680A44DEE7039B0BB1DA0701D400268E
:1046200046E7039B03F0FE0768E7022640E718F021
:1046300063FB06E401210CE5B04E00246473002402
:10464000B8F1000F3FF4FDAB17F0FF023FF4F9ABF8
:10465000D8F80830D4F83C121BBA8B427FF4F1AB87
:10466000102A7FF4EEAB2046FEF7B2FB04F5E470AF
:104670002AF065FC15B1284621F01FF801234FF000
:10468000000A0293FFF7EABAB8F1000F3FF4D9AB82
:1046900000234A464146204621F097FE984210DD0D
:1046A0002046FEF7D5FB04218146204622F038F94A
:1046B000002D7FF4ADABB9F1000F7FF47CABFFF7B9
:1046C00034BA17F0FF0230D0D8F80810D4F83C0202
:1046D00009BA81422CD112F0100927D002F0EF075D
:1046E0004FF0010B00264FF006092046FEF770FB45
:1046F00017F0FF000B9A32D0D8F80430D4F84012EB
:104700001BBA13448B422AD1C30728D500F0FE07F9
:10471000D4F8403220460133C4F84032BBF1000FD8
:1047200009D0FEF795FB814621E09146CB46DFE7B5
:104730009B469946DCE7FEF74BFBD4F83C325A46E1
:104740001121013B2046FEF75DFE002D00F0D780D1
:1047500028464FF0080920F0B0FFFFF7D5BB002A2C
:10476000A6D02046BBF1000F0AD0FEF731FB102186
:10477000204622F0D5F8002D7FF44DAB00269AE7B5
:10478000FEF726FBD4F83C325A4611212046013B65
:10479000FEF738FEEFE7B8F1000F3FF452AB00230D
:1047A0004A464146204621F010FE98423FF778AF36
:1047B00017F0FF0200F08280D8F80430D4F84012DD
:1047C0001BBA4B448B4279D1D00777D502F0FE0754
:1047D000D4F8403220460133C4F84032A1E7B8F1A2
:1047E000000F3FF42EAB01234A464146204621F0FC
:1047F000ECFD00283FF754AF17F0FF032AD0D8F89C
:104800000820D4F83C1212BA8A4226D113F01009BB
:1048100021D003F0EF0720464FF0010BFEF718FB05
:104820000026814617F0FF000B9A1AD0D8F8041022
:10483000531C09BA0B44D4F840128B4211D1C10762
:104840000FD500F0FE072046FEF7C2FABBF1000FBD
:1048500098D08CE79946CB46E4E74FF0000BD94659
:10486000E0E7002A3FF424AFEDE7B8F1000F3FF492
:10487000E8AA01234A464146204621F0A6FD002829
:1048800005DD0421204622F04BF8FFF7DABA17F0D5
:10489000FF0213D0D8F80430D4F840121BBA013309
:1048A0008B420BD1D30709D51021204622F038F8CE
:1048B00055B3284620F001FFFFF7D0B9B9F1000F3A
:1048C0003FF4BFAAF0E7002D3FF41CAB284620F0D0
:1048D000F4FEFFF717BB012382460293FFF7B1BA3C
:1048E00001230493FFF794BA4FF000096FF0670AB1
:1048F000FFF78EBA4FF003092E46FFF75CBA4FF070
:104900000809F9E76FF0670A2E46FFF70EB96FF056
:104910006E0AF9E7BFF35B8FD4F83432BFF35B8FD5
:10492000002B7FF70FA900220023484618F0B2F9A8
:10493000054600283FF406A9002329463846CDF84D
:1049400000801A46FDF7A0F90228E3D1284620F09E
:10495000B4FEFFF7F4B8BBF5067FBFF4D3ACAFE409
:104960002DE9F04F89B00546046C884693461E46F3
:10497000BDF8487090F99000DDE914A9FCF72AF918
:104980002061204621F0E6FCB5F88E30C3F3C20367
:10499000012B5AD0022B00F0A980042107A8F6F7BA
:1049A000EFF8079B7FBA76BAC4F83C3205F13003C2
:1049B000B5F88E10B6B2BFB2424621F0060141F002
:1049C000020189B2A5F88E10C1F3C20100960197C9
:1049D000CDE90453474BCDE902535B46B5F88C0053
:1049E000FDF70AFF061E2CDB04F5FE72B4F8F81181
:1049F00020691FF0D3FC94F8593204F50D700021A2
:104A000043F0100384F85932169B6362179B6B6066
:104A100094F8593243F0020384F8593221F032FEFF
:104A20002046FFF745F894F838320BB10B2B2CD108
:104A300094F85932990653D56FF06E062046FEF76A
:104A400053FB304609B0BDE8F08F0022A4F8F831DE
:104A5000A4F81032C4F8FC21C4F81422A4F812629D
:104A6000A4F8FA71DBF8043043B995F99000FCF72B
:104A7000B1F808F10401FCF73FF90368C4F8FC3110
:104A8000D8F80430C4F8143287E75AEA090201D191
:104A9000042B28D152464B4604F13C0021F06CFC1B
:104AA000B8B194F83832042B13D094F859329A07DD
:104AB00008D56FF341036FF07301204684F8593233
:104AC00021F0ECFD94F859329B06B5D46FF07306D3
:104AD000B4E794F859326FF3410384F85932ADE7E3
:104AE0006FF07F06AAE76FF07606A7E76FF015066E
:104AF000A7E700BFF94A05082DE9F0418AB04FF059
:104B0000FF334FF0FF326A480D46DDF8408021F058
:104B10005AFC684B1C681CB126681CB9274617E074
:104B20002646FAE70022294604F5FC7021F033FD01
:104B300028B9002E54D1334634461E46EDE70122F3
:104B4000294604F5047021F026FD07460028F0D020
:104B5000574821F07CFD17B1002C40F0A180284679
:104B600021F065FC467BB30733D516F0100630D133
:104B700095F8377006AB06220121C7F30217D8F863
:104B8000408006963846CDE90866FDF747F90028CB
:104B90001FDB069B1C6CAB692046236121F0DAFB0E
:104BA00095F8373062682946C3F30213042B98BF87
:104BB000DE00B2F88E301E43A2F88E6004F5047653
:104BC0000122304621F0BFFC00280BDA0698FDF7E1
:104BD000E5F9284621F0FFFD02200AB0BDE8F0818A
:104BE0003368A9E70022294604F5FC7021F0ABFCEC
:104BF0000028EBDB3368069A936273681784D362EC
:104C0000B2F88E3043F48073A2F88E30C3F3C2033F
:104C1000012BADF8203002D1D4F8FC3109930822E1
:104C200008A906981FF073FF0028CFDB069AB2F898
:104C30008E30C3F3C203012B04BFB4F8FA3153849E
:104C4000042107A8F5F79CFF069A079B3946062022
:104C5000C4F83C3202F13003CDE90423164BCDE910
:104C60000223B4F8FA3128325BBA9BB20193B4F84C
:104C700012325BBA9BB2009308ABFDF7BDFD002872
:104C8000A4DB04F5FE72B4F8101220691FF086FB55
:104C900094F85932C4F8208043F0100384F8593254
:104CA000294620460AB0BDE8F041FEF701BF00BF2B
:104CB000DC1700245C730024F94A050813B50024AE
:104CC0006FF00D034FF400520C490D48009418F09A
:104CD00007FA09212346C8220139134402EB620274
:104CE000FAD1C833074A03EB63031360064904484B
:104CF00002B0BDE8104018F029BB00BF806102245B
:104D0000B04E0024647300244A930808F0B50823C9
:104D100085B0204A0E46039302A990F83730044626
:104D20001D4FC3F30213CDF808D0022B08BF17465E
:104D300020F036FF054650B3A26800231ABB94F852
:104D40003A1094F836200A4439469B1A5BBAAB8075
:104D5000A0691FF0E3FB00B97EB1112120461FF0CE
:104D60003CFD4FF6FF73002818BF0346EB8094F814
:104D7000383043F0080384F8383002A9204620F088
:104D80002DFF05B0F0BD118A52680B44D6E76FF0D5
:104D90006800F6E70004400001004000F8B590F814
:104DA000373004461E4A0F46C3F302131D4E022B32
:104DB00008BF164620F0F4FE054610B90025284627
:104DC000F8BD3946204620F009FF03460028F5D1FA
:104DD000AA88A16852BA92B2B1B994F8361094F880
:104DE0003A0001445B1A9A42E8D13146A0691FF0AB
:104DF00099FB0028E3D0EB8853B994F83730C3F31C
:104E00000213012BDBD0D9E7088A49680344E3E7A2
:104E1000112120461FF0E1FC0028D0D0CEE700BFD2
:104E20000004400001004000124B1A889B78028069
:104E30008370114B70B51968D1B10A68032319B991
:104E4000033B0E4A136070BD0C7A1D18014611F821
:104E5000016BA64205D08D42F9D1092B01DCC45467
:104E600001331AB1146811462246E8E71446FAE7FE
:104E70000323E5E7539308086C7300246873002448
:104E800070B504460D4622F01BF800222561002370
:104E9000C4E902010248BDE8704018F0BDB900BF86
:104EA000C84F002470B5D0E90A32044600F110055D
:104EB0000AB95A08C262226B3AB940F26B314FF418
:104EC0007A725943B1FBF2F12163D4E90B1291429A
:104ED00001D29A4209D35A08E26240F26B3253433C
:104EE0004FF47A72B3FBF2F323630623E16A284698
:104EF00084F84030FFF7C4FF2A4621464023024889
:104F0000BDE87040FCF74EBE080004E002460B46C8
:104F1000014817F0F7BD00BF78170024014817F0CB
:104F200069BE00BF7817002438B501F140530D4623
:104F30001446A3F10113012B33D84FF0FF304FF08B
:104F4000FF31FFF7E3FF174B04F110021B681BB999
:104F5000BDE83840FFF7E2BF93420ED01B68F6E78A
:104F600094F84030062BF3D1012304F13801204698
:104F7000A4F840301FF030FAEAE70B4B9D42EFD027
:104F800021F09EFF01384FF000034FF0000261F165
:104F9000000123620023C4E90601044818F03CF92B
:104FA000D6E738BD88730024010001D0C84F002423
:104FB000002373B51A4604460D4601461B48FCF70C
:104FC000F1FD4FF0FF304FF0FF31FFF79FFF94F8F6
:104FD000403013BB012384F8403004210DEB010065
:104FE000F5F7CEFD019A626235B10923B2FBF3F306
:104FF00003EBC303D21A551C0D4E336813B90D4889
:10500000FCF796FD002304F11000236173684BB98F
:10501000C6E900002946FFF733FF02B0BDE8704043
:10502000FFF77CBF18607060F4E700BF070004E082
:1050300088730024747300242DE9F04F95B01E4648
:105040008846914609AB05469DF87CB004932C2315
:105050009DF880A00593F7F747F90290ECF7D2F896
:10506000074616B9FCF770FC0646BBF1000F0CBFF3
:10507000F421FA21BAF1000F00D00631B8F1010F86
:1050800001BF634B1B680533C9180FB1BB1C194422
:105090004FF47A7200232846CDE900231123012220
:1050A000FDF7B4FA0446002800F0A280FF231E9A00
:1050B000314680F8393020F0DCFF002840F0958040
:1050C0004FF486424FF48841204621F0C6FE0390FB
:1050D000002840F08A8004A9204620F061FD039B4F
:1050E00006462A22194602302AF022FC0123337098
:1050F0007370002D00F087802B68002B00F08380F8
:105100005B7C06F11C00B3706B6A1BBA7360B9F16B
:10511000000F02D0D9F80030F3602968002975D05B
:105120004A7C12312AF0DCFB04A9204620F056FD0F
:105130000146002859D14022204620F0AFFB01460D
:10514000002852D18022204620F0A8FB00284CD114
:1051500004223049204620F008FD002845D106AB46
:105160000122352120468DF8188021F0EEFE00281E
:105170003BD0BBF1000F2FD1BAF1000F07D005F1E2
:10518000380304223221204621F0DFFE68B3B8F153
:10519000010F0CD106A8FFF747FE1D4B37211A68F7
:1051A000034620460332D2B221F0CFFEE8B10FBB56
:1051B000FF23012206A920468DF8183020F0D5FCE7
:1051C00098B9204620F010FB1121204620F062FF04
:1051D000204615B0BDE8F08F05F1340304223621D6
:1051E000204621F0B2FE0028C6D1204620F065FA04
:1051F0000024EDE7029BFAB20C21204621F0A5FE27
:105200000028D5D1F1E700235B78FFDE4B78FCE77F
:1052100068730024579308082DE9F04F85B021F0FA
:105220004FFE05460E464FF0FF304FF0FF31FFF7BF
:105230006DFE784B1C68BCB1D4F800804FF0FF378E
:105240004FF47A7994B9FFF769FE7B1C00F0DF8098
:105250004FF47A7370485F430A23A7FB032305B01A
:10526000BDE8F04F17F0D8BFA046E7E72069D4E9C2
:10527000023109FB00F0C01841F10001854276EBD4
:1052800001030EDA401B40F2E7334FF47A7261EB10
:105290000601C0184FF0000341F10001EBF738FFA1
:1052A00040B9A4F1100A0021504621F037FE68B938
:1052B0004FF0FF30874228BF0746B8F1000F00F0DB
:1052C000A480D8F8003044469846BBE708215046F1
:1052D00021F024FE0028EBD094F83030013B062B5F
:1052E000E6D8DFE803F01C2428506F30040063691F
:1052F00001336361FCF72CFB0023012200900421A1
:105300005046CDE901321A46FFF796FE834630B18A
:1053100021F00FFE002802DA584620F0CEF90023D3
:10532000C4E90633C4E90833A36202232386504646
:1053300021F02DFEBEE794F83130022BEFD8504615
:1053400021F050FEB6E74FF47A73E0695843D4E990
:105350000231C01841F10001854276EB01030FDAFA
:10536000401B40F2E7334FF47A7261EB0601C0183C
:105370004FF0000341F10001EBF7CAFE002899D17C
:1053800004232386DBE74FF47A73206A5843D4E979
:105390000231C01841F10001854276EB01030FDABA
:1053A000401B40F2E7334FF47A7261EB0601C018FC
:1053B0004FF0000341F10001EBF7AAFE0028BED137
:1053C0000523DEE74FF47A73A0695843D4E902312C
:1053D000C01841F10001854276EB01030FDA401B52
:1053E00040F2E7334FF47A7261EB0601C0184FF0D8
:1053F000000341F10001EBF78BFE00289FD104F17F
:10540000280150461EF0E8FF89E743465BE705B0F8
:10541000BDE8F08F88730024C84F00242DE9F04FB9
:1054200099B00D4691460DAB07932C23089320B9F4
:105430000224204619B0BDE8F08F0029F8D08C690D
:10544000002CF5D08E680023002E40F08180472B81
:10545000EED9284620F0C8F91C21284620F013FA7E
:105460000028E5D107A9284620F09AFB80460028AD
:10547000DED04FF0FF304FF0FF31FFF747FD98F8D7
:105480000030022B40F0F580D8F80430626A1BBA75
:105490009A4240F0EE80216808F11C00002900F0DB
:1054A000BB814E7C123132462AF0B9FA002840F016
:1054B000E08098F80230B34240F0DB80089928463B
:1054C00020F0E1F9C021284620F0DDF9002840F065
:1054D000D080042206A9284620F0EBF9002840F0ED
:1054E000C880042206A9AA482AF099FA074600288B
:1054F00040F0BF808346CDE9000001220DF1170185
:10550000284620F0D6F90646002840F0B2809DF8E3
:105510001730FF2B20D1022F40F01D81009B23B9B3
:105520000BA920460B931EF0BEFED9F80030DB68B5
:10553000A36494F84030022B40F0458103232046B9
:10554000A4F84030D8F81030A36321F04BFD3AE1C5
:10555000328A7668134477E701220DF11601284656
:1055600020F0A7F9002840F08480EB6802932B69B3
:105570000393884B1E68AEB1D6F800A09DF8173093
:105580009DF8162086B93B2B07D8322B30D8032B39
:1055900050D0062B66D0012B42D01146284620F071
:1055A00072F9C6E0B246E9E7317A994212D1F3685E
:1055B000284631699A4228BF1A4620F07AF9002815
:1055C00057D1736830463A469DF816109C462346DC
:1055D0006646B047029BEB60039B2B61BAF1000F5C
:1055E00004D0DAF8003056469A46C7E75346FAE741
:1055F000333B082BD1D801A151F823F0CD56050833
:105600009B5505083B570508255705089B55050878
:105610009B5505089B550508E956050807570508D9
:10562000042A26D10BA9284620F043F908BB0B9B7E
:10563000E36362E791071CD1032A1AD904220BA95C
:10564000284620F036F9A0B99DF8161028460439EE
:1056500020F019F968B90BA920461EF024FE012399
:1056600000934AE709ABCDE90B369307CDE909660C
:1056700003D00224FFF752FCDBE6072A02D85FEAD8
:10568000920A09D004220AA9284620F012F900281B
:10569000EFD14FF0010A00E00B969DF81610284656
:1056A000A1EB8A0120F0EFF80028E2D100F0F8FF2A
:1056B000BAF1000F02D00123ADF824300BAA00216B
:1056C00000F07AFF0028BFF618AFD2E7042AD0D145
:1056D00004F12801284620F0F5F80028C9D1A36A72
:1056E000002B7FF40AAFC4E7042AC2D104F12C01D5
:1056F000284620F0E7F80028BBD1E36A002BB8D099
:1057000001230193F9E6042AB3D104F130012846BC
:1057100020F0D8F80028ACD1236B002BA9D04FF093
:10572000010BEAE6042AA4D104F13401284620F052
:10573000C0F800283FF4E1AE9BE7012A99D100238D
:105740000BA928468DF82C3020F0B3F8002890D112
:105750009DF82C70D1E6052F2FD194F840301A1FF8
:10576000012A19D9D9F80020032BD268A2642AD1C2
:1057700004F13806A36A022220463146FBF748FBB3
:1057800008B304F13C02314620461EF051FD0DE005
:10579000579308086C730024019B03B9E362BBF1C3
:1057A000000F07D0D9F80030DB68A3642046FFF76C
:1057B00079FB08E0C4F830B0F4E7D9F80030062FE0
:1057C000DB68A36404D0284600241FF076FF51E76D
:1057D00094F84030032B0DD9043B012BF3D804F18E
:1057E000380120461EF0F8FDA663C4E90A66C4E944
:1057F0000C660DE0042204F1480104F144002AF093
:105800000EF90028DFD1A063C4E90A00C4E90C0046
:105810000223A4F84030D6E77378FFDE1FB50446B4
:10582000B0B14368A3B14FF0FF304FF0FF31FFF745
:105830006DFB094B1A6822605A681C6002B95C60F3
:1058400001A8FFF7F1FAFFF769FB002004B010BDD3
:105850006FF01500FAE700BF6C73002410B588B034
:10586000FCF772F80368079300240E4B012006AA88
:105870002146ADF81800CDE901434423CDE90344A6
:105880000093234621F006FB002809DB0648074960
:1058900029F047FB064B074A20465A60064A1A6120
:1058A00008B010BD1D540508C84F00241952050842
:1058B00074730024294F0508030001D02DE9F04F2F
:1058C000042789B0C36806464268029753F822400D
:1058D00004F130084FF0FF324FF0FF33404617F02D
:1058E00011F9706802AD04AB272201210095F7F78A
:1058F0005BF8B6F80A9019F028090CD070680121FD
:1059000005AB3A460095F7F74FF8404617F072F9A5
:1059100009B0BDE8F08F049B2348012B14BF182366
:1059200008230393D4E912231DF027F80546002825
:10593000EBD050F80CBFD6F804A01DF09CF802463E
:1059400003AB06AF5946504601934B460097F6F716
:1059500079FF00281BDBB0F5007F0246716828BF85
:105960004FF400720328039BEE6810DDF07800F01E
:105970000F0005280BD0B678207BF6090BD1022842
:105980000BD1CDE90052A6693A462046B0472846D9
:10599000F4F77AFAB9E70128F2E7E06A0028F6D0CE
:1059A000CDE900528669EFE75C180024F8B504469B
:1059B0004C4E4FF0FF334FF0FF324B4817F0A2F838
:1059C00033681D4615B933B9194605E0AC4200F0FD
:1059D00086802D68F6E71968002273B9002A7ED107
:1059E000002D44D0EB6A002B79D113463F49EC627D
:1059F000226A9A4226DC00252BE0E068DF687840C6
:105A000030F47F4007D1A76A986A874203D11F8A82
:105A1000208A874212D065B9277B187B874208D03D
:105A2000E789D889874204D11F8A208A874208BF24
:105A30001D4629B108680B460146CEE70122F8E76A
:105A40000846F8E7E26952F833200F2A06DD6FF0C6
:105A50002105254817F0CEF82846F8BD002A04DBBA
:105A600051F8220008B941F822400133C0E741F261
:105A700088320023606AC4E91223E389012B14BF32
:105A80001822082204F10E01F6F7CCFD002805DAF1
:105A9000174B2AF065FA1D586D42DAE71348E562A4
:105AA000D4E90712AA420DDC6068104BF9F72EF911
:105AB000051ECEDB3368236073683460002BC8D1C9
:105AC0007460C6E751F835300F2BC0DC002B04DBC7
:105AD00050F823200AB940F823400135E0E76FF081
:105AE0007705B6E7D07300248C1700249073002448
:105AF0001400000010B504464FF0FF324FF0FF33A2
:105B00001D4816F0FFFF1D4B00211A6852B1944248
:105B100023D12268D9B959681A608C4200D15A60E1
:105B2000002323606068002319461A46F9F7EEF84F
:105B30004FF0FF331249636200231846226A9A42EB
:105B40000EDC00240C4817F055F8204610BD0A6002
:105B50005A68944208BF5960E2E711461268D5E7D7
:105B6000E26952F833200F2A03DC013341F82200A6
:105B7000E4E76FF02104E5E78C170024D0730024DC
:105B800090730024024B0022C3E90022704700BF3B
:105B9000D0730024F8B590F8E8500446002D3FD1AA
:105BA000012300F1700680F8E830304621F03FFC18
:105BB000A368002B20DB04F118073846FFF79AFF93
:105BC0002388022B2AD0201D1EF019FB0146082332
:105BD00022461548FBF7E6FFA0681DF00AFAA36805
:105BE000A26E38469A4204BF4FF0FF33A366FFF718
:105BF00081FF4FF0FF33A3600C4A30461368013B2E
:105C000023EAE37313604FF0FF334FF0FF3221F0CC
:105C100002FC0223002084F8E830F8BD2946D6E7CC
:105C20006FF00100F9E700BF080014F1E0730024F1
:105C3000682302464B4330B5C418C35A85B0012BC4
:105C40003ED1251D284621F0C3FB08B3E379FB2B89
:105C50001ED1237C43F001032374638813B94FF4EE
:105C600054536380682303FB01231A7CD20770D549
:105C70006168394A91426CD1D868FAF7ABFF0028C5
:105C800067D12146354805B0BDE83040FBF712BB6F
:105C9000682303FB0123187C6FF300001874284667
:105CA00021F096FB20B1E079A0F1FC056842684143
:105CB000682303FB01231D7C60F341051D74CCE7C1
:105CC0002379FF2B02D1E37CFB2B12D0682303FB4B
:105CD0000123187C6FF3000018742379FF2B33D055
:105CE0000020682303FB01231D7C60F341051D7424
:105CF00003E0237C43F001032374638813B94FF45A
:105D000054536380682303FB01252B7CDB0720D5DC
:105D10000D2200210DF1020029F00AFEFF231022BE
:105D200069468DF800300223201D8DF80130FB23D9
:105D30008DF80F3029F073FE58B9E868FAF74AFF7A
:105D400038B9214606489EE7E07CC51E6842684196
:105D5000C7E705B030BD00BFE00000FBE1730708F6
:105D6000C97407082DE9F04F984687B001234FF01A
:105D700000091746DDF844A0ADF808300446BDF828
:105D80004030CDF80C905BBAADF80A30002800F036
:105D9000D58090F8E830022B40F0D3804FF0FF33ED
:105DA0008360836619B10E1F56F8045F6DB957B34F
:105DB0003B6843B31A6822605A686260BAF1000F08
:105DC0001DD0DAF80030E36019E02521284629F0DB
:105DD0005DFE834678B3451BE6D0407818B10BF1E1
:105DE0000100FBF729FBE0602246C4F80090294639
:105DF000C4F8049030681EF08DFD0028D4D0002136
:105E00002046FFF715FF2688002E00F08180022E25
:105E10007ED0012E40F09880112202213046F6F704
:105E2000A5FB051E0DDA4B4B2AF09AF81858404294
:105E300007B0BDE8F08F2846EBF7E4F90546584671
:105E4000D1E7E268A560002A3EDC2388022B6CD0F3
:105E5000201D1EF0D4F90546211D2846FAF74CFFF7
:105E6000A3680122A16E8B4204D00029BCBFA366A7
:105E7000A4F86C203849E3632388216304F16801A6
:105E8000012B84F82420C4E90D12C4E907845ED1F3
:105E900002AB03CBC4F8260004F11800C4F82A10A2
:105EA000FFF784FD002842DA10F1780FC0D12B4AA9
:105EB0000020136884F8E8000133136041F288324F
:105EC0000023C4E92223B3E7254904AB08684968E5
:105ED00003C31046FAF77EFE082204A91EF05EFBFB
:105EE00000280FDB0823192231462846009304AB13
:105EF000F6F78EFD00280EDA164B2AF031F81B5803
:105F0000002B08DDA0681DF074F84FF0FF33A3608C
:105F10006FF015008CE7E068FAF75CFE2388054611
:105F2000022B9DD0002897D192E7002598E70823FF
:105F3000224629460B48FBF735FEB8E76FF0010013
:105F400076E76FF0590073E76FF0690070E76FF064
:105F500085006DE71400000029600508E073002447
:105F60008F220808070014F1002307B5CDE900339C
:105F7000024B21F021FB03B05DF804FB7C11080803
:105F80002DE9F3470746884699461446002A41D032
:105F9000D0E9222323481CF0F0FC054600B3064656
:105FA00056F80CAF30461CF066FD234602465146BB
:105FB0000DF1060021F0CAF8041E06DA2846F3F7B0
:105FC00063FF204602B0BDE8F087BDF806403046CA
:105FD0001CF051FD0134844205DB2846F3F754FFE1
:105FE0006FF00B04EDE7BDF8061030461CF01AFD0B
:105FF000494630461CF025FDBDF80630EA684FF6EC
:10600000FF7102334AF2010019F0C8FE0446284627
:10601000F3F73AFF22464146384602B0BDE8F04762
:1060200021F007BA8C1800242DE9F04F866895B04E
:106030004FF0FF3206F1700303934FF0FF330398E4
:1060400021F0E9F996F8E840002C40F09381C3482C
:10605000D6E922231CF091FC8046002800F08C81B8
:106060001E9B242221460BA8D3F80C901F9BCDF831
:106070001890B3F5007F28BF4FF40073ADF82830B7
:1060800029F056FC1F9B032B40F26C8199F80330DA
:10609000B9F8005003F00F036FBA052BBFB217D148
:1060A00000246FF0030522463946304621F0A1F95D
:1060B000041EC0F2428158232846002103FB0464D9
:1060C0009034224621F08DF9204621F0A6F934E1E2
:1060D00099F80230DB0900F02F81394606A821F03B
:1060E000ADF8031E05DA5B429D4A29F039FF1350D3
:1060F00011E0069B9B88B3F5807F0FD0002DCFD198
:1061000006A821F0FCF80C306FD1954B0C2200242E
:1061100029F026FF1A506FF00A05C4E706A821F0FF
:10612000EEF8002861DA0C30EFD0002DB8D1069BD4
:106130009B881BB9BDF82430ADF8263000244FF001
:10614000FF354FF00C0BA246A1468DF81340069A7E
:10615000D3885BBA9BB29A454DDB6B1C15D1BDF859
:106160002430D4182046EBF74DF82246C31C4FF6D6
:10617000FF714AF2010019F011FE39460246044649
:10618000304621F036F9051E66DBB9F1000F40F00C
:10619000C480079B133340F0E7804046BDF820A041
:1061A00050F80C9F1CF067FC06AB024608F110018A
:1061B0004846CDF800A021F0CFF8031E93DB58220B
:1061C0003946304602FB056292F8DC30D2F8D8201E
:1061D000FFF7D6FE22463946304621F00AF9051E61
:1061E00080F2CD806FF00205A7E0069B9B885BBA2A
:1061F0003B439BB29DE70DF1130305AA594606A840
:1062000020F0DBFF031EFFF66EAF079B13F1150FA7
:1062100005D013337FF445AFBDF820B073E06A1C9E
:1062200028D1BDF82430069C1C442046EAF7EAFF3A
:1062300023462118994214D1C31C22464FF6FF7100
:106240004AF2010019F0AAFD3946024604463046DA
:1062500021F0CFF8051E0DDA414B022229F080FE15
:1062600022E01A78A2F14105192D98BF203203F8D7
:10627000012BDFE7582303FB056393F8DC30012B88
:1062800014D19DF81330012B61D101238DF83830E2
:10629000ADF82C3008230D93BDF82230032B1DD808
:1062A0002F4B7A2229F05CFE1A5034E71C2B08D1C0
:1062B0009DF813301C2B0CBF6FF005056FF008051F
:1062C000F1E6FF2B46D19DF81330012BDDD01C2BBE
:1062D00014BF6FF008056FF00505E4E6BDF8203047
:1062E000BDF82820191D9142DADC069A09F101094E
:1062F0000BA96FF06300D358582202FB05620C9380
:10630000903221F06EF8BDF820300AF1010ABDF894
:1063100022201344ADF8263019E7012D27DC58233D
:106320006FF06600002103FB056590352A4621F0D9
:1063300058F8284621F071F800254046F3F7A4FDEF
:10634000039821F074F8284615B0BDE8F08F6FF07F
:106350000805A8E66FF00505A5E600BFBC180024F7
:106360001400000027469BE66FF004059BE66FF0E3
:10637000660598E60025E3E76FF00905E0E7B368F6
:10638000002BFFF62FAF1E9850F80C9F1CF073FBEC
:1063900029461F9B4A46CDE90008304621F095F872
:1063A000051ECADAB7E600BF2DE9F04F91B0894665
:1063B00090461E46DDF868A004461C9D68B161B198
:1063C000BAF1000F09D06B1C0AD025EAE5750A273F
:1063D00085FB075755EA070303D16FF015052EE03B
:1063E0002F460DF1140B4846EAF70CFF01465A46BA
:1063F00048461EF08FFAA8B307AB242200211846A6
:1064000029F096FAB8F1010F03461CD1BDF814200B
:10641000022A24D0082200259BE8030083E8030019
:1064200019466FF0630009928DF828801B9AADF829
:106430001C80D0471B9A00216FF06600D047284689
:1064400011B0BDE8F08FB8F11C0F0BD1BDF81430BE
:10645000012B14BF6FF069056FF05F05EFE76FF078
:106460005F05ECE704F1700B4FF0FF334FF0FF32A4
:10647000584620F0D0FF94F8E830002B40F08F8091
:10648000D4F8C4305BB1D4F8D830002B40F08A8007
:1064900004F1900028F051FD002840F083801B9B00
:1064A000C4F8D89004F19009C4F8C83000233F49DB
:1064B0004846A4F8E030C4F8C4A084F8DC80C4F8EE
:1064C000C040C4E9345728F02CFD3948D4E92223D0
:1064D0001CF053FA0746002857D03648D4E9222347
:1064E0001CF04BFA804600283CD0C168FF22D4F84B
:1064F000D830103020F02AFE051E42DB022107A80A
:10650000F4F73EFBBDF81C30A4F8DE3006B1338052
:10651000A368002B1EDB3D4655F80C2F284603923E
:106520001CF0A9FA824628461CF0A5FA5346039AA5
:106530000021CDE90008204620F0C7FF002809DA35
:106540006FF00105484620F068FF2EBB3846F3F790
:106550009BFC03E000253846F3F796FC4046F3F732
:1065600093FC0AE0484620F058FF0EB1A6F80080E0
:106570003846F3F789FC6FF00B05584620F057FFBB
:106580005DE7484620F049FFDFE7484620F045FF39
:10659000002EF0D03780EEE700233380D6E76FF08F
:1065A0001505EAE76FF00A05E7E700BF8F740708F3
:1065B0008C180024BC1800242DE9FF410F46164614
:1065C0000446002866D000F170084FF0FF324FF00B
:1065D000FF33404620F01FFFB7B9002E53D0336879
:1065E000002B52D01A880025012A25D12288012AA1
:1065F00022D15A6863689A421ED1404620F017FFA4
:10660000284604B0BDE8F0813D68002DE5D028465D
:10661000EAF7F8FD02AA014628461EF07BF9002899
:10662000DBD0BDF80830039A012B05D12388012B5C
:1066300002D163689A42D0D094F8E810012926D09C
:1066400051B10023324639462046CDE90033134B81
:10665000FFF788FB0546D0E7D4F8C43063B1D4F81F
:10666000D8304BB104F190056FF064002A4620F059
:10667000B8FE284620F0D1FE2046FFF78BFA0546EB
:106680000028DED0B9E73546B7E71D46B5E76FF01D
:106690000F05B2E76FF00105B2E700BF7C110808F3
:1066A00000487047F84F002403490022034B4A601A
:1066B0000B60FFF759BC00BFD87300245B93080838
:1066C0000148FFF7F1BF00BFF84F00242DE9F0416A
:1066D000054600244FF001084FF0B0460E4F2A78CF
:1066E0001319DBB208FA03F0D6F8883030EA030356
:1066F0000AD152FA84F3C6F8880057F833201AB149
:1067000007EBC3035968904701346A78E3B29A42B1
:10671000E5D2BDE8F08100BFE8730024044B03EB31
:1067200040000023013320F8022B9942FADC704725
:10673000301500244FF48013094A0A4910B5D2F8E5
:10674000A40088420BD0581CF9D0013BF7D183F349
:106750001188BFF36F8F0424204602DFEFE710BDDE
:10676000006402580003008007B5062201210020C2
:10677000FFF7D4FF002206201146F2F733FC012177
:1067800007220846FFF7CAFF002207201146F2F74A
:1067900029FC082201210220FFF7C0FF0022082067
:1067A0001146F2F71FFC092201210320FFF7B6FF73
:1067B000002209201146F2F715FC0A2201210420CB
:1067C000FFF7ACFF00220A201146F2F70BFC05216F
:1067D00017220846FFF7A2FF002217201146F2F702
:1067E00001FC282206210A20FFF798FF002228201A
:1067F0001146F2F7F7FB0223F4220748CDE9002304
:1068000083681B6823B16946984703B05DF804FBB1
:106810006FF05700F9E700BFDC010808034680B1BC
:10682000B0FA80F2C2F11F02D2B2074931F9120068
:106830004FF0B042D2F880100B43C2F88030F2F72C
:10684000A1BBFF22F1E700BF3015002438B50D468B
:106850000446FFF76FFF032D0DD8DFE805F00211A6
:1068600016204FF0B0431A6822EA04021A605A68F0
:1068700022EA04025A600E4B4FF440725A6238BD4D
:106880004FF0B0431A682243F0E74FF0B0435A6824
:1068900022435A601A6822EA04021A60EBE74FF0BA
:1068A000B0431A6822431A605A6814435C60E2E7F6
:1068B0000064025830B5B0B1B0FA80F3C3F11F03E1
:1068C000DBB20B4850F833408C4204D100EBC305D7
:1068D0006D68954205D044B940F8331000EBC30011
:1068E0004260002030BDFF23EBE76FF00F00F9E7B7
:1068F000E873002460B1B0FA80F3C3F11F03DBB288
:10690000044A002142F8331002EBC3025160704781
:10691000FF23F5E7E873002438B500F003030F25E3
:106920000C4604339B009D4045EA9005FFF702FFAB
:1069300005F003032A0C92FAA2F29B00B2FA82F24B
:1069400003F1B04302F01F02D3F8081494404FF44F
:10695000407221EA15410C43C3F80844014B5A62C6
:1069600038BD00BF0064025800F003020F23043258
:1069700092009340094A43EA900000F00303023377
:1069800052F82320030C93FAA3F3B3FA83F302EA39
:10699000104003F01F03D840704700BF00040058A8
:1069A00020F08002032A0DDC074B10F0800F03F16A
:1069B000B00108BF18464FF02C0318BF084603FB70
:1069C000020070470020704750790024014809F008
:1069D000B7BB00BF68740024F0B587B09D4C20465B
:1069E00027F063FE034678B99B490A68560706D02C
:1069F0009A4A0090CDE90102012220F01DFE6FF0BD
:106A00001504204607B0F0BD22692046A16813682E
:106A100043F010031360924A0B680421984705461F
:106A200078B18D490B685D0708D08E4B0293002327
:106A300001221846CDE9003320F0FEFD6FF004047A
:106A4000DFE7894C204627F030FE034668B98249CB
:106A50000A68540706D0854A0090CDE90102012258
:106A600020F0EAFD6FF01204CBE7A668B3692BB9FA
:106A700079490B685A07E1D07D4BD7E72A467D4913
:106A8000204698470028F3D133682BB972490B6828
:106A90005B07D3D0784BC9E7784920469847002850
:106AA000F4D1F3682BB96C490B685F07C6D0744BFF
:106AB000BCE705AA6F49204698470028F3D1059BFB
:106AC000704A934210D064490A68560709D003936C
:106AD00001226D4B029300231846CDE9003320F0CC
:106AE000ABFD6FF085048CE7684B694DD3F8D82077
:106AF000684C42F08062584E674FC3F8D820D3F8F4
:106B0000D83003F080630493049B644B2B60042310
:106B10002B710023AB73EB804FF4A0732B81E368E0
:106B200043F08073E360E36823F00073E360E3689D
:106B300013F0806312D1326802F00702022A07D9EB
:106B40000322314618460093CDE9013720F074FD49
:106B500000214FF47A7028F0F1FAE8E705AA002145
:106B60004F4822F007F8041E07DB059B0022197925
:106B7000186804F0FBFF041E0FDA37490B685D0745
:106B80003FF43FAF474B0122039402930023184682
:106B9000CDE9003320F050FD33E73D4823F042FEBD
:106BA000044678B12C490B6858073FF447AF3E4B79
:106BB000039402930023CDE900330122184620F00C
:106BC0003BFD3BE7324823F0D0FE064658B1224950
:106BD0000B685A073FF432AF344B03900094CDE971
:106BE00001432346E9E72A4823F09FFE044658B1B3
:106BF00019490B685B073FF421AF2D4B03900096BA
:106C0000CDE901633346D8E7402385F8EC0485F8E5
:106C10009C05A021A5F8E834A5F89835254D1C4819
:106C2000A5F2AC5624F01CF810222146A5F2AC5077
:106C300023F0F7FF0122013428462C35114628F0B5
:106C40004FF8042C38D04FF48D72E1B2304623F067
:106C5000E8FFEFE7D802080878160024A99308088F
:106C600001000A00C5930808DC010808E29308083F
:106C70000194080834310808239408082C310808C6
:106C80003E940808006CDC02629408080044025834
:106C900068740024004802587E94080800000440EC
:106CA000BC30080891940808AF940808C3940808F9
:106CB000D7940808147A002400224D20002411469D
:106CC000F2F790F94D20F2F75DF99AE6014BC3F81F
:106CD000E40470476874002410B5014686B0044689
:106CE0000B4823F068FE80B10A490B685B070AD0A5
:106CF000094B012202930023CDE90340CDE9003383
:106D0000184620F099FC6FF0040006B010BD00BFDB
:106D10006874002478160024EC94080801061346D1
:106D200010B5044686B014D5802800D1B2B11A49F6
:106D30000B685A0709D0194B0122039402930023D0
:106D40001846CDE9003320F077FC6FF0150006B04F
:106D500010BDB2F5007F28BF4FF4007324F080020D
:106D60000F482146520202F5C962024423F09DFEFB
:106D70000028ECD008490B685B070AD0094B0122B8
:106D800002930023CDE90340CDE90033184620F0FB
:106D900053FC6FF00400DAE7781600241295080817
:106DA00068740024249508081FB502060C4600D418
:106DB00089B90C490B685B0709D00B4B0122039082
:106DC000029300231846CDE9003320F035FC6FF024
:106DD000150004B010BD0146044823F084FE206075
:106DE0000020F6E77816002412950808687400243D
:106DF0001FB50379027893B9510610D00D490A687E
:106E0000520707D00C4A029201221846CDE90033FE
:106E100020F012FC4FF0FF3005B05DF804FB12F0DB
:106E20007C00F9D003490B685B07F3D0034B029356
:106E30000023E9E7781600244A95080869950808B0
:106E400030B587B00546FFF7ABFD0446D0B1294603
:106E50000E4823F06AFE90B10D490B685B070AD01B
:106E60000C4B012202930023CDE90350CDE90033FE
:106E7000184620F0E1FB6FF0040007B030BD01239D
:106E80006371FAE76FF01500F7E700BF687400243C
:106E9000781600248D95080830B587B00546FFF7B1
:106EA0007FFD0446D0B129460E4823F075FE90B10F
:106EB0000D490B685B070AD00C4B0122029300239B
:106EC000CDE90350CDE90033184620F0B5FB6FF053
:106ED000040007B030BD6071E060FAE76FF01500A4
:106EE000F7E700BF6874002478160024B4950808FA
:106EF00070B586B00446FFF753FD054640B3164E05
:106F0000214603790288304623F068FD90B1134989
:106F10000B685B070AD0124B012202930023CDE9D4
:106F20000340CDE90033184620F086FB6FF00400E3
:106F300006B070BD63B2002BFADD06EB44212A884F
:106F4000204601F5C96106B0BDE87040FFF7E6BE16
:106F50006FF01500ECE700BF687400247816002479
:106F6000DB95080810B586B00446FFF719FDB8B1E7
:106F700021460D4823F06BFD80B10C490B685B077F
:106F80000AD00B4B012202930023CDE90340CDE947
:106F90000033184620F050FB6FF0040006B010BD1F
:106FA0006FF01500FAE700BF68740024781600241B
:106FB000FE9508082DE9F04387B004468946164639
:106FC0009846FFF7EDFC08B1250613D437490B6846
:106FD000580709D0364B0122039402930023184628
:106FE000CDE9003320F028FB6FF01505284607B0E7
:106FF000BDE8F08300F1140700220023384615F0A5
:10700000B7FE054680B129490B685A0709D0294BBC
:1070100001220390029300231846CDE9003320F0AB
:107020000BFB6FF00A05E1E727F0ADFF10B94D202B
:10703000F1F7B6FF802C02D1402E28BF40264A46E9
:10704000334621461C4823F056FD0246D0B117496D
:107050000B685B070AD0194B012202930023CDE98C
:107060000340CDE90033184620F0E6FA384615F023
:1070700043FE27F088FF10B94D20F1F783FF6FF032
:107080000405B3E7802C04D11EB101462046FFF76A
:1070900045FE27F078FF10B94D20F1F773FFB8F1E6
:1070A000000FA3D0C8F80060A0E700BF7816002446
:1070B000129508082296080868740024409608086B
:1070C0002DE9F04385B005460E4691469846FFF7F8
:1070D00067FC044678B928490B685E0708D0274B3F
:1070E000012203950090CDE90103034620F0A4FAA4
:1070F0006FF0150028E02906C7680CD51E490B68FB
:107100005A07F5D01E4B012203950293002318461F
:10711000CDE90033EAE7D6B16D0203694F4519495D
:1071200005F5C965304628BF4F461D443A462944F7
:1071300028F0D6FBE368DB1BE36023693B44236153
:10714000B8F1000F14D1002005B0BDE8F083B9F10B
:10715000000FF5D008490B685B07F1D00A4B0122FC
:1071600030460096CDE90163334620F065FAE7E743
:10717000C8F80070E7E700BF781600246796080893
:107180007B960808687400249C9608081FB504467E
:10719000FFF706FC08B1220610D50F490B685B0704
:1071A00009D00E4B01220394029300231846CDE927
:1071B000003320F041FA6FF0150002E0C36813B10C
:1071C000002004B010BD06490288204601EB44218E
:1071D000FFF7A4FDF4E700BF78160024AC9608087A
:1071E000B07A00241FB51B4823F08AFB80B11A49EE
:1071F0000B685A0709D0194B012203900293002310
:107200001846CDE9003320F017FA6FF004041DE0B2
:10721000134883685B686BB90F490B685B07F4D050
:10722000104B0122029300231846CDE9003320F0D1
:1072300003FAEAE70C49984704460028ECD14D20B0
:10724000F1F7C2FE10B14D20F1F7AAFE204604B0BE
:1072500010BD00BF6874002478160024C596080885
:10726000DC010808DB9608082C31080810B5134C1F
:10727000002340228021204623F0B0FB002340223F
:107280002046194623F0AAFB04F2AC5015F034FD59
:1072900004F5BB6015F030FD04F2046015F02CFD20
:1072A00004F5C66015F028FDD4F8E43423B10021BC
:1072B0000120BDE81040184710BD00BF68740024CD
:1072C000034BD3F8E43413B1002102201847704770
:1072D00068740024034BD3F8E43413B10021042074
:1072E0001847704768740024034BD3F8E43413B193
:1072F000002105201847704768740024034BD3F819
:10730000E43413B100210620184770476874002444
:1073100070B50823104C002504F5C966D4F8A014F4
:10732000D4F89C04C4F8F434D4F8F034C4F8F85415
:1073300086E803007BB1294628469847B4F8A22482
:107340004AB194F99C34AB4205DB31462846BDE88E
:107350007040FFF7E3BC70BD68740024F0B50C7991
:1073600085B014F0200307D03F490B685E0712D0A8
:107370003E4B0293002308E00A78092A0FD03A49CD
:107380000A68550707D03A4A029201221846CDE909
:10739000003320F0ECF96FF0150005B0F0BD4A782D
:1073A000042A05D030490A685407F4D0314AEBE783
:1073B0004D8804F01F044068016815B343F6FF725E
:1073C00095422CD000F116062B4F36F8022F3A4387
:1073D00092B2954216D00133082BF6D122490B68A0
:1073E0005807D8D0254B0293002301221846CDE937
:1073F000003320F0BCF91C490B685B07CBD0204B55
:10740000B7E72B4690F928205AB1013AD2B2012AA7
:1074100028D915490B685A07BDD01A4BE3E7072353
:10742000F0E7012204EB4400092C4FF0070502FAB3
:1074300004F288BF1E3842EA846201F114048ABF54
:1074400042EA005242EA005242F00072D00DC2F30A
:10745000045200F0040095409340215821EA0501B0
:107460000B432350002098E7C81500240497080810
:107470002C9708084197080800C0FFFF5B97080891
:10748000B49708087E9708087FB5436805460469E5
:107490001E683368D9060ED510233A4933600B684D
:1074A0005A0708D0384B0122029300231846CDE931
:1074B000003320F05CF933685B0746D5D4F8A4307C
:1074C000326C991CC4F8A4101A8094F8B53094F862
:1074D000B4200133DBB29A4284F8B53035D10023B1
:1074E00084F8B530636FCBB3D4F88C30B4F89820FF
:1074F0003BB104F1740128469847012813D00228B3
:1075000025D0B4F89830B4F894209A421FD90133AA
:10751000A4F89830D4F8883053B9204604B0BDE8B8
:10752000704020F033B9D4F8A830C4F8A430F1E7A3
:10753000BFF35B8F54E8003F5A1E44E80021002946
:10754000F8D1012BBFF35B8FE7DC04B070BDD4F83A
:1075500088301BB104F1080028F049F8D4F8A030B5
:107560005B681A684FF6FF73A4F8B630D36943F02E
:107570000103D36104F1580004B0BDE8704015F078
:10758000BBBB00BFC8150024CA9708080148FFF715
:107590007BBF00BF840508080148FFF775BF00BF27
:1075A0006005080870B54368054686B01C6820462B
:1075B00020F031F96B681A682F4B91680B4043F04B
:1075C000004393609368002BFCDB6B682B48996841
:1075D0008368DB686BB92A490B6858070DD0294BC3
:1075E0000122029300231846CDE9003320F0BFF8B2
:1075F00003E005AA98470028EDDB059B5BB920490D
:107600000A68520707D0204A18460093CDE9013294
:10761000012220F0ACF8204620F0E0F8002826DB1C
:107620001A4B9C4225D01A4A94420CBF08221022C1
:10763000184B00214FF4800503EB8203D4F8C820D7
:1076400005FA01F01E6802F040423243C4F8C82037
:10765000A26822F480320243A2600F4AA668304238
:1076600001D1013AFAD1013104330629E6D106B03D
:1076700070BD0022DCE700BFC0FFFE3FDC01080850
:10768000C8150024439808085D98080800200240A7
:107690000021024000ECF11F710008002DE9F04FBD
:1076A000D0F8048087B006460769D8F80050DFF8A4
:1076B000ACB2584626F0F9FF034680B9A0490A68E3
:1076C000550706D09F4A0090CDE90102012220F023
:1076D0004EF86FF01204204607B0BDE8F08F4FF669
:1076E000FF73DBF808A0C7F8A060A7F8B630D6F89B
:1076F0000490DAF80030D9F80040D9F80810002BCF
:1077000033D05846984780BB8F4B9C4250D003F1F2
:10771000C0538E498E4A03F586438C4208BF1346F8
:107720009A68D9F8101022F47C120A439A60D9F8AA
:107730001030D9F8081023F40032B2F5803F03D09E
:10774000B3F5003F18BF0831DAF80C30002B31D107
:107750007B490B685C0708D07E4B02930023012213
:107760001846CDE9003320F002F805AA0021D8F828
:10777000140021F0FFF9041E08DB059B0022197993
:10778000186804F0F3F9041E80F2B680A11C00F022
:10779000B3806B490B685A079DD06F4B012203944D
:1077A000029300231846CDE900331FF0E0FF92E773
:1077B000674BB5E705AA694898470028C8D1D9F8AA
:1077C0001030B3F5A01F37D01ED8B3F5802F62D08C
:1077D00011D8B3F5003F5ED004D833F4803304D120
:1077E00001232AE0B3F5403F5BD055490B685807A9
:1077F000BBD05B4BB1E7B3F5402F4ED0B3F5801F44
:107800004DD0B3F5002FEFE7B3F5101F4BD00AD8DA
:10781000B3F5E01F49D0B3F5001F48D0B3F5C01F42
:10782000E3D10C2309E0B3F5201F42D0B3F5301F9C
:10783000DBD14FF4807300E00A234A4A116841F219
:107840000302B2EB114F2CBF012202225343059ACF
:10785000B2FBF3F3444A059393422CD9434A934233
:107860003ED9434A93423ED9424A93423ED9424A84
:1078700093423ED932490A6812F0060F3FF475AFC1
:10788000039302223D4B029300231846CDE90033B7
:107890001FF06DFF69E70223CFE70623CDE708233A
:1078A000CBE70423C9E74023C7E71023C5E720231C
:1078B000C3E78023C1E700232A4A126802F040523E
:1078C000B2F1805FA26815BF03F4407322F48072A6
:1078D00022F4407242EA930318BF1343A36044E7C3
:1078E0004FF48073E8E74FF40073E5E74FF4C063AB
:1078F000E2E74FF4E063DFE7AB6823F0204323F0D7
:107900003F03AB60AB6823F0104323F03F0343F029
:107910008053AB602B68DB04FCD5D8F8043003B18E
:1079200098473046FFF73EFEEB6823F47E63EB603A
:10793000BB6C1BB907F1400015F0DEF90024CAE664
:10794000C8150024E29308080020024000210240EC
:107950000023024071980808D1980808DC01080843
:10796000939808080010005C105E5F0020BCBE0009
:10797000002D310140787D0180F0FA02B1980808AD
:107980002DE9F04F07698BB006460D4607F140031D
:1079900007934FF0FF324FF0FF33079815F0E8F9E7
:1079A00073683469D3F80080AB68C4F8A4306F689A
:1079B0003846C4F8B070E9F72DFC002384F8B40011
:1079C00084F8B5306FB9BB490B685E0719D0BA4B64
:1079D0000097CDE901733B46012218461FF0C7FE10
:1079E0000FE0102816DDB3490A68550709D01022A8
:1079F000184600930392B14ACDE9013201221FF0EB
:107A0000B6FE6FF01504079815F076F920460BB016
:107A1000BDE8F08F72681068283292F903C06345A0
:107A20000ADB1BD1A3490B685C07EAD0A44B029385
:107A30000023CDE90033CFE752F8041F95F810E09A
:107A4000BEEBD14F34D15FFA81F9C1F30427C1F302
:107A5000423BC1F3024AB9F1FF0F2BD173684FF0DB
:107A60000009326908931B68D2F8B00003F1300BAB
:107A7000002837D194F8B4302A685B0012B192899B
:107A800002FB0333EA689A4280F0848089490868DF
:107A900040070AD0CDE903238A4B01220293002339
:107AA0001846CDE900331FF062FE6FF00B04AAE721
:107AB0000133B4E750F80930FB400BEA03039A4561
:107AC000CCD01FF0A8FE73680BFA07FB0AFA07FA7E
:107AD000196851F8093023EA0B0343EA0A0341F815
:107AE0000930BBE790FAA0F10122B1FA81F109292E
:107AF00001EB410C02FA01F288BFACF11E0C0992B5
:107B000042EA8162089988BF42EA0C5291F9291031
:107B100094BF42EA0C5242F0007201292AD1C2F30A
:107B2000130CC2F3846EBCF1000F29D101FA0EF2DE
:107B3000D9695FFA89FA1F271143634AD96152F85C
:107B40002A104FEA911C01F01F010CF00C0C8F4021
:107B50000EFA01FE5D495BF80C2051F82A1022EA6A
:107B6000070242EA0E024BF80C201A6B22F00F02B9
:107B70000A431A63099A09F1010920EA020077E72A
:107B800092FAA2F2B2FA82F2012102F01F0201FA85
:107B900002F2CDE771686A7C0868002A55D1036952
:107BA00023F4806323F003030361AB7C13B13046FD
:107BB000FFF7F8FC404604F174061FF00FFE102397
:107BC000AC46C8F80030D8F8043043F00403C8F8D5
:107BD0000430BCE80F000FC6DCF80030336000262C
:107BE00026672B68002B7BD004F188050FCB85E836
:107BF0000F006567A4F89860002871D0BFF35B8F11
:107C000054E8003F44E80062002AF9D1BFF35B8FDB
:107C1000D4F8880064220023633046F10001E9F7BC
:107C2000C7FA00220023CDE9000104F1080016F094
:107C3000DDFB4FF0FF324FF0FF3304F1580015F039
:107C400097F800B12067246FDDE60A2A2BD8036974
:107C500023F4806323F0030343F00103036191F9EC
:107C60002A30022BA1D11A4B4FF0010953F822A060
:107C700009FA02F9174B0269134003F58033B9EB97
:107C8000134F04D1036903F4F0739A458DD01FF0AC
:107C9000C2FD0269104B09F1FF39134043EA0A03A0
:107CA00043EA094380E703490B685B073FF4A9AE49
:107CB0000A4BBCE6C8150024EF9808080499080888
:107CC0002D99080840990808B03208087032080851
:107CD000443208080000FF031FFE00FC65990808F5
:107CE00020461FF053FDA4E7002903690ADC1B6846
:107CF00013B100201360704743689968034BB3FBCE
:107D0000F1F3F6E76FF01500704700BF00CA9A3B29
:107D10007FB50BAB022205930393054B029300231F
:107D20001846CDE90033ECF745FB07B05DF804FBDE
:107D3000D0990808024B1868C0F38000704700BF54
:107D400000440258054B9B6A13F0030304D0022B36
:107D5000034818BF0020704702487047004402588B
:107D600040787D010090D00308B50C4B1B6903F0EF
:107D70003803102B10D0182B05D0002B084818BF43
:107D80000020400808BDFFF7DDFF0523B0FBF3F03E
:107D9000A02358434008F4E70248F2E700440258A1
:107DA0000090D00340787D01344B10B518680B88E3
:107DB000C3F30B030A2B25D813B96FF0850020E01D
:107DC000013B092BF9D801A050F823F0317E0508BA
:107DD000F57D0508377E05086B7E0508417E0508A0
:107DE0003D7E0508BB7D0508457E0508557E0508D6
:107DF000457E0508002010600B68B3F5805F36D221
:107E0000002010BDD42B0FD003F62873C3F30B034F
:107E10001C2BD2D8012404FA03F3194C234205D1B8
:107E200040F211142342C8D04008E4E78008E2E79A
:107E3000FFF79AFFDFE74FF4FA40DCE71148DAE793
:107E40001148D8E7FFF77EFF0523B0FBF3F0A0232E
:107E50005843E9E7FFF776FF0523B0FBF3F0A023D3
:107E600058430A23B0FBF3F0C5E70848C3E7C3F360
:107E700013330133B0FBF3F01060C1E708150024A1
:107E8000001011110090D003006CDC0240787D01DD
:107E90004FF48013094A0A4910B5D2F88C00884281
:107EA0000BD0581CF9D0013BF7D183F31188BFF3F5
:107EB0006F8F0424204602DFEFE710BD00640258F4
:107EC0000003008010B50B880C4603F62C73C3F337
:107ED0000B03202B13D8FFF7DBFF238861680020FA
:107EE000C3F30B0303F1B04303F511331A6822EA1D
:107EF00001021A604FF44072024BDA6010BD6FF05D
:107F00008500FBE70064025813B50B880C4603F6A6
:107F10002C73C3F30B03202B1DD8FFF7B9FF238865
:107F200061680020C3F30B0303F1B04303F5113381
:107F30001A680A431A604FF440722388C3F30B0394
:107F400003F1B04303F511331B680193019B034B0D
:107F5000DA6002B010BD6FF08500FAE700640258E5
:107F600037B5874CD4F8E03043F00073C4F8E03004
:107F7000D4F8E03003F000730193019BFFF788FF12
:107F8000236843F480232360236843F48033236011
:107F900023689B03FCD5FFF7CDFE012807D023689B
:107FA00043F001032360FFF7C5FE0128FBD1744BAA
:107FB0001A6822F018021A605A6F42F001025A67DA
:107FC0005A6F9507FCD51A6842F480521A606C4AC1
:107FD00013689C04FCD5136903F03803182B18D1DF
:107FE000FFF7A8FE012807D0136843F001031360D0
:107FF000FFF7A0FE0128FBD1614B1A6922F00702AE
:108000001A611A6912F0380FFBD19A6922F00F0237
:108010009A615B4B1A6822F080721A601A6822F02B
:1080200080621A601A6822F080521A609A6A22F0FE
:10803000030242F002029A629A6A22F47C7242F0CF
:1080400050029A62DA6A22F00C0242F00802DA6206
:10805000DA6A22F00202DA621A6B22F4FF7222F06C
:10806000010242F09F021A63DA6A22F00102DA6228
:108070001A6B22F47E4242F400721A63DA6A42F406
:108080008032DA621A6B22F4FE0242F410221A6382
:10809000DA6A42F40032DA621A6B22F0FE4242F0EF
:1080A00080721A63DA6A42F48022DA621A6842F055
:1080B00080721A601A689001FCD5324BDA6822F09F
:1080C0003F0242F01602DA609A6942F440429A6135
:1080D0009A699104FCD52C4DFFF746FE0446A84250
:1080E00002D82A4809F0FEFA254B9A6922F47062F8
:1080F0009A619A6922F00F0242F008029A61DA69E5
:1081000022F0700242F04002DA61DA6922F4E062A1
:1081100042F48062DA619A6922F0700242F0400211
:108120009A611A6A22F0700242F040021A621A69D9
:1081300022F0070242F003021A611A6902F03802C3
:10814000182AFAD1AC4202D9104809F0CBFA0D4BEB
:10815000DA6822F03F0242F01602DA609A6942F4CD
:1081600040429A619A699204FCD5094B4FF44072DF
:108170000020DA60074B084A1A6003B030BD00BF28
:108180000044025800480258FFC1EB0B00C2EB0B41
:1081900000640258081500240084D71710B5088819
:1081A0000C46C0F30B001FF082FB002823DBFFF717
:1081B0006FFE626893B2C2F38450C2F3054203F1CA
:1081C000B04300FA02F203F51133196821EA020202
:1081D0001A6061688BB2CA0EC1F3054103F1B04366
:1081E0008A4003F511331868024300201A604FF4E7
:1081F0004072014BDA6010BD0064025808B50748B0
:1082000026F053FA38B10648F1F794FA0448EBF730
:1082100041FC002008BD6FF01200FBE7D004080805
:10822000258205080A2838B50446074D04D1AB68F5
:108230000D2128465B689847AB68E1B202485B684D
:108240009847204638BD00BFD00408082DE9F0410A
:1082500043681446481E5A69D3F81080824212D9E6
:10826000DD69470105EB401600F0A8FB074B1B5CDE
:10827000002043445B689BB26360EB596370B37A40
:108280002370BDE8F0816FF01500FAE7799C0808CB
:108290007FB505464668254C204626F006FA03467B
:1082A00078B923490A68520706D0224A0090CDE9DE
:1082B000010201221FF04DFB6FF01204204604B0B2
:1082C00070BDA3681B687BB919490B685B0708D0B0
:1082D000194B0122029300231846CDE900331FF009
:1082E00038FB6FF00404E9E720463146984704461E
:1082F0000028E9D1B3682846984723462246716989
:108300008B4206D32B691A602B695A602B699A60DD
:10831000D4E7F16901EB43118A72F169307E01EB18
:108320004311184401334860E9E700BFDC01080845
:10833000D8150024E2930808629A08082DE9F04154
:10834000436801F100624C1E0746DD69013A1E696F
:108350005B6905EB4215A34227D995F80980B8F16E
:10836000000F04D00023AB720020BDE8F08121464D
:10837000304600F02BFC0028F6D0204600F01EFB13
:108380000B4B21461A5C3046935923F0100393514E
:1083900000F044FC214678681FF0FEFA2146304682
:1083A0001FF0E6FA85F80A80DEE76FF01500DCE7DB
:1083B000799C08082DE9F04F01F1006599B0D0F8DB
:1083C00004A00E46013D834607A8DAF81C906B0115
:1083D0001446DAF81080013E049322F0EFFEDAF83A
:1083E000143009EB4515B3420AD893490B685D0771
:1083F00055D0924B039602930023CDE900334AE017
:10840000A97A01F0FF0399B18B490B685C0709D089
:108410008B4B03960293002301221846CDE90033CB
:108420001FF097FA6FF00F07384619B0BDE8F08FCC
:108430003146404605931FF09BFA059B074638B12D
:108440007D490A685007EDD07E4A03960292E3E721
:108450003146DBF804001FF09FFA638803F47E6363
:10846000B3F57E6F08D10123AB726B72A369AB6168
:1084700063692F776B61D7E721694B69B3F5803F5B
:1084800010D36D490A68520709D003936E4B0097C9
:10849000CDE901733B46012218461FF05AFA6FF0EE
:1084A0001507C1E763785B0714D19AF80C308BB9D4
:1084B00061490A6854070AD0DBF800201846009387
:1084C0000392624ACDE9013201221FF042FA6FF0B5
:1084D0008507A9E7A288E38893420DD056490B6827
:1084E0005807DCD05A4B0293002301221846CDE9ED
:1084F00000331FF02EFAD2E7042B09D05A1E012AAE
:1085000006D94D490A685207C9D00393514B72E707
:108510000B7FC3F38012B2EBD31F05D046490B6823
:108520005F07BCD04C4BDEE70123049AAB72A36912
:10853000AB61637803F0070349F8023063696B614C
:10854000A388EB60E3882B6123691B7FC3F380134F
:108550002B7723691B6863B937490A6812F0060F45
:1085600007D03E4A18460093CDE9013202221FF09F
:10857000F0F923695B6863B92F490A6812F0060FA6
:1085800007D0374A18460093CDE9013202221FF086
:10859000E0F90499226959F80110136801290BBF09
:1085A00008930793536853680CBF07930893236895
:1085B000C3F3C333032B1AD8DFE803F021022316D9
:1085C0004FF480331193637803F00703012B1BD022
:1085D000022B4DD0002B53D017490A6855073FF4A2
:1085E0005EAF03931F4B06E74FF44033EAE71249AF
:1085F0000A6856073FF453AF03931B4BFBE6002377
:10860000E0E74FF40033DDE740230993137FC3F322
:108610008102C3F30113012A3FF459AF022A31D07A
:10862000002A42D004490B685C073FF438AF0323AB
:1086300003930E4BDFE600BFD8150024739A080899
:10864000979A0808AE9A0808CF9A0808E69A080888
:108650000A9B08082C9B0808509B0808869B080862
:10866000A59B0808D59B0808C29B0808E99B080839
:1086700000230993137FC3F30112C3F38103CAE7F5
:108680008023F6E70022012B0C923FF420AF022B4F
:108690000ED0002B00F088804E490B6858073FF43D
:1086A000FEAE032303934C4BA5E64FF48062EAE74A
:1086B00000230B9320462B7F1B020A93049B59F83F
:1086C00003309A1E534253412B72A288002A92FA19
:1086D000A2F3424AB3FA83F308BF4FF0FF3352F8D4
:1086E0002330E2880D93002A92FAA2F33C4AB3FAAF
:1086F00083F308BF4FF0FF3352F823300E93297AEB
:1087000000F09CFA14902046297A00F0C3FA2369FD
:108710001590587F00F00F0000F0E8FA139007A8BA
:108720001FF0D3FA2369800012902A7A002A3ED0E3
:10873000A2885B693046B3FBF2F30F932378294C90
:10874000109300F03BF907AA0146404608F0CCF927
:10875000304600F033F9225C52F8083043F0100341
:1087600042F808302B7F4BB1304600F027F9225CED
:1087700052F8083043F0080342F80830129B3046A4
:10878000042B16D100F01AF9235C304643445A6991
:1087900042F004025A6100F011F9235C43445A6923
:1087A00042F080025A613FE64FF4007381E7E288AD
:1087B000BFE700F003F9235C304643445A6922F0D6
:1087C00004025A6100F0FAF8235C43445A6922F02B
:1087D0008002E7E7D8150024049C080848330808FD
:1087E00054330808799C08082DE9F0430646406890
:1087F00085B00D46C469D0F8108004EB4114637A4B
:1088000033B9A37A23B905B0BDE8F0431FF0C4B86B
:1088100029464046D4F8049000F080F978B1637A94
:108820001BB92946404600F0CFF8A56901234A4606
:1088300061693046AC4605B0BDE8F0436047294663
:10884000404600F055F9074658B1237F03B9A3729B
:10885000637A1BB92946404600F0BCF8A56900239D
:10886000E5E72946404600F06FF91449034678B120
:108870000B68580708D0124B012238460097CDE903
:1088800001733B461FF065F8A5696FF00403CEE75E
:108890000A68520706D00B4A0090CDE90102012276
:1088A0001FF057F800232946A3727368186900F077
:1088B000E5F8294670681FF06FF8E5E7D815002441
:1088C0001F9C0808389C08082DE9F84F9946436812
:1088D00092464C1E5A691D69A24212D9D3F81CB0A7
:1088E0002146284667011FF043F806460BEB441863
:1088F00000285DD15BF80730012B07D033F002036D
:1089000033D06FF015063046BDE8F88FDFF8A8B019
:10891000204600F053F81BF8003020462B44C3F8E3
:108920000CA000F04BF81BF800302B44C3F8089063
:1089300098F808302046DFF880904BB300F03EF8FE
:1089400019F80010D8F80C3029440A984A68B0FB8E
:10895000F3F3120C120413434B6001232146284603
:1089600088F80A3000F024F9CDE7DFF84CB0204653
:1089700000F024F81BF8003020462B44C3F808A070
:1089800000F01CF81BF800302B44C3F80C90CFE724
:1089900000F014F819F80020D8F810102A440A98AA
:1089A0005368B0FBF1F71B0C1B041F435760D4E75F
:1089B0006FF00F06A7E700BF799C0808014B53F83A
:1089C00020007047A0340808014B53F821301847A5
:1089D00080340808014B53F82130184760340808E8
:1089E00008B5044B53F821309847003818BF0120D0
:1089F00008BD00BF4034080808B5044B53F82130C7
:108A00009847003818BF012008BD00BF203408086F
:108A1000014B53F82130184700340808014B53F834
:108A200021301847E0330808014B53F8213018472C
:108A3000C033080808B5044B53F821309847003874
:108A400018BF012008BD00BFA033080808B5044BBB
:108A500053F821309847003818BF012008BD00BFE7
:108A60008033080808B5044B53F821309847003884
:108A700018BF012008BD00BF603308082DE9F0478A
:108A8000DFF8689088B004460D46D9F8003003F04E
:108A90000703022B24D9FFF7AFFF294606462046DD
:108AA000FFF79EFF294607462046FFF7C3FF2946EA
:108AB00080462046FFF7CAFF294682462046FFF738
:108AC000D1FF094B03224946029300230396CDE9C7
:108AD00006A0CDE904781846CDE900331FF0D7F899
:108AE00008B0BDE8F08700BF819C0808DC150024B1
:108AF000084A10B552F82120074CA25C835813F0A5
:108B0000100304D0FFF778FF00F0010010BD1846F5
:108B1000FAE700BFA03408085F9D0808084A10B5AE
:108B200052F82120074CA25C835813F0080304D0AC
:108B3000FFF756FF00F0010010BD1846FAE700BF2E
:108B4000A03408085F9D08087FB5154B0546154AF7
:108B50000E4653F82130D35C03445B691A0603D4F4
:108B60000024204604B070BDFFF77CFF04460028B7
:108B7000F6D00D490B685B0708D00C4B012202931D
:108B800000231846CDE900331FF081F8314628460E
:108B9000FFF774FF314628461FF088F8E1E700BF71
:108BA000A03408085F9D0808DC150024A99C08086B
:108BB000044B054A53F82130D25C835843F001033B
:108BC00083507047A03408085F9D0808044B054A8D
:108BD00053F82130D35CC05800F00100704700BF4B
:108BE000A03408085F9D080838B50A4B04460A4AB5
:108BF00053F82130D25C835823F001038350204680
:108C0000FFF7E4FF05460028F9D12046FFF7E2FE12
:108C1000284638BDA03408085F9D0808054B064A61
:108C200053F82130D35C1844436923F08003436137
:108C3000704700BFA03408085F9D08081FB5C1B188
:108C40004389082B1CD016D8012B0ED0042B1AD028
:108C50000E490B685B0708D00D4B012202930023DD
:108C60001846CDE900331FF012F8002005B05DF87A
:108C700004FB0389E5E7102BEAD14FF0C070F5E75C
:108C80004FF08070F2E74FF40000EFE7DC150024AE
:108C9000B59C08081FB5C1B10389082B1CD016D894
:108CA000012B0ED0042B1AD00E490B685B0708D09D
:108CB0000D4B0122029300231846CDE900331EF02C
:108CC000E6FF002005B05DF804FB4389E5E7102BC3
:108CD000EAD14FF4C000F5E74FF48000F2E74FF41B
:108CE0000010EFE7DC150024EB9C08081FB50328F3
:108CF00009D8DFE800F016180206022005B05DF87A
:108D000004FB0320FAE709490B6813F0060F08D0AB
:108D1000074B0222029300231846CDE900331EF0D0
:108D2000B6FF0020EAE70120E8E700BFDC150024D9
:108D3000259D080830B50C464168164B85B016488D
:108D40008D68854218BF0023087BA04211D81349C3
:108D50000B685A0709D0124B039402930023012297
:108D60001846CDE900331EF0D7FF6FF0150005B0AF
:108D700030BD08691B6900EBC40150F83400097963
:108D800098470028F3D005490B685B07EDD0054BE9
:108D90000394E2E76035080800080240E01500246B
:108DA000679D0808819D08087FB50C464168174DEE
:108DB0008E681748AE4218BF00200D7BA54211D81F
:108DC00014490B685A0709D0134B039402930023EC
:108DD00001221846CDE900331EF09EFF6FF015000A
:108DE00004B070BD0D69089E05EBC40109790096B9
:108DF000C66855F83400B0470028F1D005490B6823
:108E00005B07EBD0054B0394E0E700BF000802408E
:108E100060350808E0150024679D0808AD9D080826
:108E20001FB542680C46164B16499068884218BF19
:108E30000023117BA14211D813490B685A0709D0AE
:108E4000124B03940293002301221846CDE900330C
:108E50001EF062FF6FF0150004B010BD12699B6830
:108E600002EBC40152F83400097998470028F3D086
:108E700005490B685B07EDD0054B0394E2E700BFA3
:108E80006035080800080240E0150024679D0808C6
:108E9000D29D08081FB542680C46164B16499068CB
:108EA000884218BF0023117BA14211D813490B68D7
:108EB0005A0709D0124B039402930023012218464B
:108EC000CDE900331EF028FF6FF0150004B010BD8F
:108ED00012695B6802EBC40152F8340009799847C3
:108EE0000028F3D005490B685B07EDD0054B0394D0
:108EF000E2E700BF6035080800080240E0150024E2
:108F0000679D0808F59D08087FB545680C46244B09
:108F1000A86824491678884218BF0023A97B687B7B
:108F20000144B14211DA20490B68580709D01F4BA0
:108F300003960293002301221846CDE900331EF068
:108F4000EBFE6FF0150004B070BD297BA14206D87E
:108F500015490B685A07F4D0154B0394E9E72869C3
:108F60001B6800EBC40150F834000979984768B1D8
:108F70000D490B685B07E4D00E4B012202930023DE
:108F80001846CDE900331EF0C7FEDAE7AA6852F8AA
:108F9000243023F0FF03334342F82430D3E700BFEB
:108FA0006035080800080240E0150024199E0808F2
:108FB000679D0808359E080830B585B045681C4C8B
:108FC000204625F072FB034668B91A490A68520721
:108FD00006D0194A0090CDE9010201221EF09CFE44
:108FE0006FF0120411E0A3681B688BB911490B687C
:108FF0005B0708D0114B0122029300231846CDE9EC
:1090000000331EF089FE6FF00404204605B030BD29
:1090100020462946984704460028E7D1AA68084B0D
:109020009A42F2D1074825F040FB0028EDD1D7E75E
:10903000DC010808E0150024E2930808629A080899
:1090400000080240900208080349044BD1F8802030
:109050009A42FBD1704700BF0064025800030080B1
:109060000A4810B50468FFF7EFFF236823F00403F4
:109070002360074B4068196883685B6803B19847B1
:10908000044B4FF440721A6010BD00BF2811002439
:10909000941100240064025838B50E4D0E4BD5E9EA
:1090A0000040196883681B6803B19847236843F040
:1090B00004032360236843F008032360FFF7C4FF21
:1090C0002B681A6842F004021A601A6842F008021B
:1090D0001A6038BD281100249411002408B5EFF35C
:1090E0001183102282F31288BFF36F8F60B90F4A89
:1090F000D2F880100E4A914206D083F31188BFF354
:109100006F8F6FF00A0008BD0A4A012092F84810DC
:1091100082F8480083F31188BFF36F8F21B9FFF7FE
:10912000BBFF5020EFF72EFF0020ECE70064025851
:109130000003008028110024F8B51646837890F8C3
:1091400003C0EFF31182102484F31288BFF36F8FF2
:10915000077890F801E0DB1B3C4603EA0C039E42D3
:1091600088BF9EB2BD190CEA0505057082F311880F
:10917000BFF36F8F8A198A421AD177450CD1EFF36A
:109180001182102181F31288BFF36F8F0178417033
:1091900082F31188BFF36F8F02799B1B9A4205D32C
:1091A00025F0F1FE60B1084813F094FF3046F8BD99
:1091B000051901346D7904EA0C0401F8015BDAE762
:1091C0000120FFF78BFFF1E7601100242DE9F84340
:1091D000134F0D46144607F1560807F1180914B944
:1091E0002046BDE8F8834FF0FF324FF0FF3338469A
:1091F00013F0BEFD224629464046FFF79DFF064676
:1092000030B94FF0FF324FF0FF33484613F0B0FD56
:10921000A41B3846354413F06FFDA4B2DFE700BF4E
:109220003011002438B5046945682148606025F094
:109230003CFAC8B36068296883681B6803B1984723
:10924000012204F10800114625F04AFD0122002107
:1092500004F12000002525F043FD164904F13800F3
:1092600025F01DFE07232A46294684F86130042391
:10927000502084F85E5084F862300F2384F85F50E9
:1092800084F84C300C2384F8605084F84D3084F816
:10929000495084F84A5084F84B50EFF7A3FE012060
:1092A000FFF71CFF284638BD6FF01200FBE700BF38
:1092B000DC010808397D0708154B1B68EFF31181A5
:1092C000102282F31288BFF36F8F5A68500605D4BC
:1092D0005A68D20713D46FF00A000BE06FF0400217
:1092E0005A600C22013A9868FCD15A685006EFD5B2
:1092F0006FF0040081F31188BFF36F8F70475A68D5
:109300005206F5D4986883B2002BE4D0C0B2F1E7DE
:1093100028110024D8072DE9F84F0F46144604D42D
:109320003148FFF709FFBDE8F88F002A4ED0EFF370
:109330001185102383F31288BFF36F8F5020EFF74E
:1093400043FE06465020EFF72BFE85F31188BFF34E
:109350006F8F264B1B6803F47F43B3F5407F22D009
:10936000B6F1000818BF4FF00108DFF88490FFF74E
:1093700093FED9F800305A68510717D45B685A0633
:1093800014D4DFF870A04FF4803B2546CAF888B1AA
:10939000D9F800305B68DB071AD4BFF34F8F20BFCA
:1093A00040BF20BFF4E74FF00108DEE70024FFF7DD
:1093B00083FFB8F1000F05D1FFF752FE0B4B4FF4BE
:1093C00040721A6016B15020EFF7DCFD2046AAE784
:1093D000FFF772FF0028CAF888B1D9DB013DADB2B2
:1093E0007855002DD4D1E4E77111002400640258AF
:1093F0002811002400E100E010B5FFF75DFF002810
:1094000029DB1B4CC0B294F84B3094F84A1094F806
:109410004C20591A32EA010116D194F8603094F8C0
:109420005F1094F86120591A32EA010114D15020DA
:10943000EFF7B6FDFFF714FE0E4B4FF440721A60C3
:10944000002384F848300EE0E11801331A4081F817
:109450004E0084F84B2010BDE11801331A4081F80A
:10946000630084F860200448BDE8104013F044BC59
:109470002811002400640258481100240048704755
:109480002C09080870B506698AB045684248C6F8D4
:10949000BC0025F00AF9034678B940490A68540728
:1094A00006D03F4A0090CDE9010201221EF070FC77
:1094B0006FF0120420460AB070BD291DD6F8BC001A
:1094C0001EF046FC044605F11401D6F8BC001EF05F
:1094D0003FFC044305F10C01D6F8BC001EF038FC3B
:1094E00004430FD02D490B685A0708D02D4B012299
:1094F000029300231846CDE900331EF049FC6FF0BB
:109500000404D7E7E86906AA21461FF033FB051ECD
:1095100007DB069B22461979186802F027FB051E17
:109520000EDA1E490B685B0708D01F4B012202931D
:1095300000231846CDE900331EF02AFC2C46B9E77B
:10954000802306F10C0534717371E123B3710C2192
:1095500006A801F0DDFF0C2106A816F01AFC059004
:109560009DF8163006A9BDF8142028467372331DE5
:10957000A6F80720336121F0F9F84FF4807306A9AB
:109580002846ADF81C308DF81A4006F0ABFD0021DE
:109590000A2025F0D3FD8DE7DC010808E81500243A
:1095A000E2930808B29E0808D29E080808B5094B45
:1095B00000201A46197B31B1013010330428F9D14B
:1095C00014F064FAF3E702EB0012012380B2137384
:1095D00008BD00BF408400242DE9F04F0546A5B02A
:1095E000002800F034810368002B00F03081D3F8AC
:1095F0000080D8F810603368002B40F08C804FF06A
:10960000010A306003230622311D28461AF06CFD42
:109610002846F6F73DFCD8F81090904B09F10C0461
:10962000C9F818308E4B2046C9F81C304FF4BF6380
:10963000C9F8203006F01AFC03286FD189490B685D
:109640005F0708D0884B0122029300231846CDE91A
:1096500000331EF09DFB002789F8F87809F1C0005F
:1096600025F02CFA4FF0FF32394609F1D40025F0ED
:1096700037FB4FF0FF32394609F1EC00DFF8E4B177
:1096800025F02EFB794B39463422184626F050F946
:10969000212240F8042C204606F0B4FB0BA92046FA
:1096A00020F06CFF1EF05DFB09900A971EF059FB3D
:1096B00081460AAB01220021204620F032FF1EF035
:1096C00050FB41F28833A0EB0900984274D80A9B02
:1096D0005807EED500220AAB2046114620F021FFA4
:1096E000002854D0DBF8003003F00703022B09D91F
:1096F0005F4B03225B49029300231846CDE90033F8
:109700001EF046FB1EF02DFB099BC01A41F2873369
:109710009842CAD966E04FF0000A73E700289AD051
:1097200050490B685C0709D0524B01220390029309
:1097300000231846CDE900331EF02AFB28461AF014
:1097400019FFBAF1000F00F08580D8F8043006F553
:1097500000641B6898470022002306F5C07120466C
:10976000CDF80080CDE9062300236FF00D02CDE98E
:109770000133CDE90323404B4FF4C06213F0B4FE34
:109780003E49204625B0BDE8F04F13F0DFBD0A9AF0
:1097900012F4805216D00AAB1F220021204620F07E
:1097A000C0FE0028AED10A9BD9044DD503F01C039E
:1097B000182B49D0082B0ED1002311934FF480436E
:1097C00010930FE04FF480531146204606F0EAFA5A
:1097D0000028E0D096E7142B10900ABF4FF40053F6
:1097E000119011930BA9204620F0B4FF68B11D49D8
:1097F0000B685A0709D0224B0122039002930023E1
:109800001846CDE900331EF0C3FA1E4A20461E4B0F
:1098100003F5BF61136003F53F631161136203F544
:10982000BF63136320F09FFC002887D00D490B68AD
:109830005B0783D0154B0122029300231846CDE924
:1098400000331EF0A5FA79E74FF40053B5E7002383
:109850001B69FFDE25B0BDE8F08F00BF00000430BB
:1098600060000430E8150024669F0808EC8300249B
:10987000959F08087D9F0808C1170408EC9F0808F9
:10988000B19F08084084002400010430D29F0808DA
:1098900000230C4A10B512F83310DC0069B90A4AEB
:1098A00042F8331022449180012191714FF4BF613D
:1098B000064A01FB0323036010BD0133042BEAD1E8
:1098C0000023F8E78684002480840024E018043014
:1098D00010B5084C121B084CD2106243074C04EB25
:1098E000C2029380036813B902600A6010BD0B685E
:1098F0001A60FAE7E01804303F6F93EE808400248A
:109900008288054B03EB021300221A739B68002B1D
:10991000FBD18371704700BF408400242DE9F04FD4
:109920000C468BB005694FF000088B68A3B9B8F5F9
:10993000BF5F15D97C490A68540707D07B4A18468F
:109940000093CDE9013201221EF022FA6FF00405E6
:1099500028460BB0BDE8F08F1A8A5B689044E5E7B3
:1099600005F1C0030793724E4FF0FF324FF0FF3303
:10997000079813F0C7F80023DA00089216F833208E
:10998000002A47D1DA006B4F6B4EC14607EB020A43
:10999000012247F833408AF80620FFF707FE06EB5E
:1099A000001BAAF80400B9F5BF6FDBF8001037D828
:1099B0004A4620461BF07DFF002840F0B280089BFD
:1099C00005F10C040990EC351F44BB88CBE90190EC
:1099D00006EB0316DFF87C91C9F80480C9F834A0BF
:1099E000C9F80860284613F0E9F94946204620F0F6
:1099F00008FC064698B34C49099A0B6813F0070F08
:109A000023D16FF004055046FFF77AFF079813F053
:109A1000F1F89DE70133042BAED114F037F8AAE733
:109A20004FF4BF6220461BF044FF002879D1FFF7B6
:109A3000BDFD4FF4BF6306EB0010A9F5BF69CBF87D
:109A40000430CBF808008346ADE73C4B0092CDE9EB
:109A500001231346012218461EF09AF9D1E7C822C5
:109A60002846002313F084F90546002855D02E4DD2
:109A70002B68580709D0324B012229463046009600
:109A8000CDE9016333461EF083F9204620F0AAFE9B
:109A9000E02812D12B6859070FD0204620F0A5FEF0
:109AA000284B049001220393274B1F490293002364
:109AB0001846CDE900331EF06BF9204620F098FEE1
:109AC00090B12B685A070FD0204620F091FE1D4B15
:109AD0000490012203931D4B13490293002318465F
:109AE000CDE900331EF054F9204620F084FE90B1F9
:109AF0002B685B070FD0204620F07DFE114B0490B1
:109B000001220393124B0849029300231846CDE922
:109B100000331EF03DF96FF00405204620F028FCCC
:109B200074E76FF068056EE7E8150024F49F0808F5
:109B300026840024208400244084002400A00808F7
:109B40001AA00808A8A0080845A008086AA00808E4
:109B500089A00808E88300242DE9F04307468BB06C
:109B600050F8105C00F134044FF0FF324FF0FF3337
:109B70002046002613F0FCF8D5F8049008AA01212D
:109B80004846D5F81080ADF81C60ADF81E60ADF801
:109B90002060ADF82260ADF82460ADF826601EF0BC
:109BA00050F9B042C0F2D380BDF8202098F841109F
:109BB00002F00403C2F38002914200F0C88088F8EA
:109BC000412003BB64490A6802F00702022A0ED84A
:109BD000204613F091F828461EF0D8F941F2883259
:109BE000002338460BB0BDE8F04313F015BB99F8DD
:109BF0000020184600930392584ACDE9013203220F
:109C00001EF0F7F8E4E707AA042168681EF019F9C6
:109C10000028C0F29C800DF11E02314668681EF0DB
:109C200010F90028C0F29380BDF81E203146686804
:109C300022F4806242F4905292B2ADF81E201EF0DF
:109C4000E7F80028C0F283802926013E7FD000215A
:109C50004FF47A7025F072FA08AA012168681EF0A4
:109C6000F0F8002873DB08AA012168681EF0E9F803
:109C700000286CDBBDF820309B06E6D50DF12202F2
:109C8000052168681EF0DDF8002860DB98F85C307C
:109C9000EBB109AA092168681EF0D3F8002856DB49
:109CA0000DF126020A2168681EF0CBF800284EDB71
:109CB000BDF8263098F85C209B08ADF8263032B10C
:109CC000BDF8242013409E0537D4D80537D4BDF8FD
:109CD0002220BDF81C301340D90532D41A0632D4E4
:109CE00013F0400F14BF022301231B4A88F84030B1
:109CF000126802F00702022A7FF66AAF13F0300FF3
:109D000099F8001021D113F00C0F1548154A08BF1F
:109D1000024613F02A0F1448144B18BF0346039150
:109D20000D49CDE90423124B032202930023184668
:109D3000CDE900331EF05DF84AE72023D5E7102374
:109D4000D3E70823D1E70423CFE70A4AE1E7204617
:109D500012F0D2FF42E700BF3C160024F2A0080830
:109D600019AE08080A660808E8A00808EDA0080867
:109D700003A108089EAF08082DE9F041044688B009
:109D800047680569012205F14400114624F0A8FF47
:109D900000232C606B60BE7866B17A684B4B53F839
:109DA000223085F84030012385F84130002008B08A
:109DB000BDE8F08185F84160B86883681B6803B12D
:109DC00098477978E1B94FF4004260681EF020F8B6
:109DD000002815DB4FF00D08B8F1010810D0002164
:109DE0004FF4FA7025F0AAF90DF11E020021606807
:109DF0001EF027F8002803DBBDF91E30002BEBDB3B
:109E00000DF11E02022160681EF01BF8002832DBF3
:109E10000DF11E0203216068BDF81E801EF011F8CE
:109E200000284FEA084826DBBDF81E30284943EADF
:109E300008030A68581C02F007020ED152B13B78A1
:109E400001220393234B029300231846CDE90033EC
:109E50001DF0CFFF6FF01500A9E7022A0BD904937C
:109E600003223B7803931C4B029300231846CDE951
:109E700000331DF0BEFF07AA012160681DF0E1FF5D
:109E800000280FDA012685F85C6010353F21204656
:109E90001DF0ECFF2846114925F043F82846FFF74E
:109EA0005BFE83E7BDF81C30DB05ECD50DF11E022F
:109EB0000F2160681DF0C5FF0028E3DBBDF81E60C0
:109EC00006F44056003E18BF0126DCE714360808A9
:109ED0003C16002428A1080843A10808599B05083E
:109EE000C3780F2B14D9C96B0B480B0E00EA9110E5
:109EF00013708B02090603F47C0301F0FE41034357
:109F000010680B430549014000200B431360704764
:109F10006FF08500704700BF00FF0300FF00008066
:109F200000487047AC3608082DE9F0412D4E1C461C
:109F300092B0054633688846174603F00703022BA4
:109F400009D9294B03223146029300231846CDE953
:109F500000331EF03FF93022002106A825F0E8FC6E
:109F60005A23082041F2883204A9CDE904384FF47D
:109F7000005307934FF48073CDE909034FF48063D6
:109F800028460B934FF08073CDE90D3420F062FF2B
:109F9000044690B133685A070AD0144B03900293D9
:109FA0000023CDE9003301220E4918461EF012F9B4
:109FB0006FF0040012B0BDE8F08141F288323946FA
:109FC000284620F0CEFF48B133685B07F0D0084B3D
:109FD00003900094CDE901432346E4E7C5F89000DF
:109FE000E8E700BFF01500247EA108088BA108084F
:109FF000AFA10808F0B500268B6285B00546C0F811
:10A000009060174620F06AFF044688B116490B6835
:10A010005A0709D0154B03900096CDE901633346EA
:10A02000012218461EF0D6F86FF0040005B0F0BD0E
:10A030003946284620F0F6FF50B10B490B685B0704
:10A04000F2D00B4B03900094CDE901432346E7E7A0
:10A050004FF0FF324FF0FF3305F1640012F088FE3D
:10A06000D5F89000E2E700BFF0150024C7A108086A
:10A07000EBA1080830B5002585B00446C0F8905023
:10A0800020F02CFF88B10E490B685B0709D00D4BFF
:10A090000122039028460095CDE901532B461EF07E
:10A0A00099F86FF0040005B030BD4FF0FF324FF06B
:10A0B000FF3304F1640012F05BFED4F89000F2E785
:10A0C000F0150024C7A10808F0B500268B6285B002
:10A0D0000546C0F89060174620F000FF044688B19E
:10A0E00016490B685A0709D0154B03900096CDE925
:10A0F00001633346012218461EF06CF86FF004002D
:10A1000005B0F0BD3946284620F0C4FF50B10B49D8
:10A110000B685B07F2D00B4B03900094CDE9014331
:10A120002346E7E74FF0FF324FF0FF3305F16400BD
:10A1300012F01EFED5F89000E2E700BFF0150024F3
:10A14000C7A10808EBA108082DE9F04F0D1E95B036
:10A1500006461446C0F28680D0F80490AA184FEA4A
:10A16000E5734FF00001D9F8100043F1000390426D
:10A1700071EB030376D3002C39D0382206A8D6F829
:10A18000108025F0D5FB4FF480724FF48063DFF828
:10A19000E4A04FF0FF3B4046CDE90C2398F8BF30D8
:10A1A00013F0010F0CBF4FF400534FF440530993C9
:10A1B0001EF01FF8514630690795FFF75BFFD9F88D
:10A1C00010300027A34216D1C72306A93069069391
:10A1D0000D97FFF74FFFD9F81030E41A30461EF004
:10A1E00079F8002CE6D130694C301DF0E3FF2046B1
:10A1F00015B0BDE8F08F08F1840308F18C0045EA42
:10A20000040C5A785AB10BFA02F13CEA010106D16A
:10A2100017B17978914202D21A781F46069202331A
:10A220008342EED147B106A93069FFF723FF7A7860
:10A23000012393401D44D0E70C490B685B0705D10F
:10A2400030466FF015041EF045F8CCE7084B0122AC
:10A2500038460097CDE90173CDE903453B461DF033
:10A26000B9FFEDE76FF01504C1E700BFF01500245A
:10A2700003A20808B43608082DE9F0470D1E8EB079
:10A28000074690461E4665DB4068AA194FEAE5730B
:10A290004FF00001006943F10003904271EB0303AA
:10A2A00058D3002E59D0342201A825F041FB38693B
:10A2B0004FF48073DFF8A890069390F8BF3013F046
:10A2C000010F0CBF4FF400534FF44053039390F829
:10A2D000BC30322B009314BF4FF440634FF48063C3
:10A2E00007934FF0407309931DF083FFB6F5807F0D
:10A2F000B2464FEA1522494628BF4FF4807A3869A2
:10A300000AEB0503013BB2EB132F1CBF5FFA85FA82
:10A31000CAF5807AFFF7AEFE044698B95346424626
:10A32000694638690195FFF765FE044650B938461D
:10A33000A6EB0A061DF0CEFFD0445544044608B9EA
:10A34000002ED3D138694C301DF034FF20460EB0BA
:10A35000BDE8F0876FF01504F8E73446F6E700BF74
:10A36000B43608082DE9F04FBDB0D0F804A0076955
:10A37000054628AA0021DAF818001EF0FBFB061E8D
:10A3800007DB289B00221979186801F0EFFB061EF5
:10A390000EDA3F490B685C0714D03E4B03960293DC
:10A3A000002301221846CDE900331DF013FF09E018
:10A3B000394E0AF10408D6F80890D9F800302BB9C4
:10A3C0006FF0040630463DB0BDE8F08F41463046A0
:10A3D000984704460028F3D1D9F80C30002BEFD071
:10A3E00011AA4146304698470028E9DB119A2046D9
:10A3F00003460130DAF81440B2FBF0F18C4203D28C
:10A40000B0F5807FF4D103467B603846DAF810203F
:10A4100092FAA2F3002AB3FA83F308BF4FF0FF3396
:10A42000013B3B6106F0F2F9012207F14C001146B5
:10A4300024F056FC0122002107F1640024F050FCB6
:10A44000DAF80C30284698470021182314AA286906
:10A45000FFF76AFD0E49064628B10B685807B1D0D0
:10A460000E4B03969BE7149A0D4C0B68A24203F027
:10A47000070319D043B10B4B039201220090CDE9A1
:10A48000010303461DF0A6FE6FF015069AE700BF14
:10A49000F01500241CA20808DC0108083BA20808EB
:10A4A0005346445050A20808022B16D99DF8563046
:10A4B0000322013307939DF8573006939DF85430DB
:10A4C00005939DF8553004932B6800900393A64B99
:10A4D000CDE9010303461DF07DFE9DF8563016AA16
:10A4E000DFF89092012B174697BF01331023DBB2A0
:10A4F000DB00D3180C930C9AD9F80030BA4203F061
:10A50000070300F06081FA79022B3C7844EA0224C8
:10A510001CD97B794946BA791B0243EA02433A794E
:10A52000134303220893FB7807937B780693BB7849
:10A53000CDE9044316ABFB1ADB1003938B4B02935C
:10A5400000231846CDE900331DF044FEB4F57F4FDB
:10A5500040F0C282FB7879799B00BA790902387998
:10A56000502B41EA024128AA28BF50230143286901
:10A57000FFF7DAFC0446002840F01781299BD5F844
:10A580001080002B6A6808F1840B80F2EA8023F0C7
:10A5900000430121A3F12004C3F1200001FA03F3D9
:10A5A00001FA04F421FA00F00443DB08126943EADB
:10A5B0004474D9F8003094420CD059071ED06C4B2B
:10A5C00001226C490293002303941846CDE900331D
:10A5D0001DF000FED9F8003003F00703022B0DD95F
:10A5E000240D0322494604942B680393624B029383
:10A5F00000231846CDE900331DF0ECFD00230124B3
:10A60000C8F88430CBF80430214601345A4628A8D3
:10A61000E4B20BF1020B1DF035FD052CF4D1FB78F3
:10A620000A2B89BF329B4FF48073C3F303120123BB
:10A6300088BF9340A8F88C30289BC3F34143012B7B
:10A6400040F00F8113AA28A93846FFF749FC0028DB
:10A6500033D19DF84C309A072FD09C07286906D536
:10A660004649FFF707FD0446002840F08F8034225A
:10A6700000211BA825F05CF9B7231AA928691A93B1
:10A680004FF480732093FFF7F5FC044600287DD13A
:10A6900098F8BF3043F0010388F8BF30D9F8003094
:10A6A00003F00703022B08D9354B032231490090F0
:10A6B000CDE9010303461DF08DFD40F204730DF159
:10A6C0003C0BADF83C30FF2388F88F3000231BF89B
:10A6D000014B28A90B93384610AB22461DF07BFC9A
:10A6E000002823DBD9F8003003F00703022B0DD933
:10A6F0009DF8403003224946CDE90343214B0293A4
:10A7000000231846CDE900331DF064FD9DF840306C
:10A710009DF8412088F8BD309DF8423088F88F4080
:10A7200088F8BE3012B1134488F8BE300B9B002B62
:10A7300000F0B08098F88F20D9F80030FF2A03F09D
:10A74000070340F0A9804BB10F4B01220949029346
:10A7500000231846CDE900331DF03CFD6FF0850461
:10A7600023E0013321E700BF68A208088AA2080895
:10A77000ABA20808F0150024C5A20808B4360808E2
:10A78000D7A208080DA3080836A30808D9F8003096
:10A790005A070AD0AA4B0122AA4902930023039424
:10A7A000CDE9003318461DF015FDA6490B685B077F
:10A7B00009D0A54B01220394029300231846CDE94A
:10A7C00000331DF007FD2F696B68B7F88C003A461F
:10A7D000196907F10805002392F884402CB192F81A
:10A7E00085400BB19C4200D2234602329542F3D100
:10A7F000944D2A6802F00702002B00F06F810124BB
:10A800009C40631E034208BF0446B1FBF4F804FBFE
:10A8100018136BB1022A0BD98C4B0322029300232D
:10A82000CDE9034118462946CDE900331DF0D2FC9D
:10A830002B6803F00703022BC7E91F847FF6C2AD24
:10A84000DAF8103003227F4904934FF0104303934A
:10A850007F4B029300231846CDE900331DF0BAFC6C
:10A86000B0E5022B7FF429AF98F8BF3043F0010325
:10A8700088F8BF30D9F8003003F00703022B7FF6C9
:10A880001CAF744B03226F49029300231846CDE995
:10A89000003310E701231AE7022B0DD99DF8403051
:10A8A0006849CDE903236C4B032202930023184629
:10A8B000CDE900331DF08EFC12AA28A938461DF000
:10A8C000F5FB00282EDAD9F8003013F0060F0AD075
:10A8D000624B02220390029300235A491846CDE9A5
:10A8E00000331DF077FCD9F8003003F00703022B8A
:10A8F0000CD998F88E30032252490393584B029397
:10A9000000231846CDE900331DF064FC2B6993F851
:10A910008E30062B00F2CD80DFE803F0CE7B0B807B
:10A920007B7B7B009DF84830C3F3420388F88E3070
:10A93000D9E74FF040084FF0010B0DF13B025946AB
:10A9400028461DF05DFC041E6DDB9DF83B3013EACC
:10A95000080F40F0B18043EA0803424928698DF8A6
:10A960003B30FFF787FB044600285AD11AAA012181
:10A9700028461DF045FC0446002852D19DF8683059
:10A980009B07F3D52B69002134221BA80D939DF85A
:10A990003B40139124F0CCFF01220D9BBBF1010F32
:10A9A0001A924FF4807220924FF08072239293F8A3
:10A9B0008E305BD1012B8DF84C406AD10DF14D02E8
:10A9C000022128461DF01CFC041E2CDB022313AAC6
:10A9D0000B930B9B1AA92869FFF70CFB041E22DBC3
:10A9E00028461DF077FC041E1DDB0DF13B02594685
:10A9F00028461DF005FC041E15DB9DF83B2018EAD7
:10AA0000020359D10F490868400747D16FF0040489
:10AA100009E04FF002084FF0020B8EE74FF080087C
:10AA2000F9E7002CAEDA07490B685A073FF4BDAED0
:10AA30000D4B0122039402930023CDE90033B1E6CC
:10AA4000F0A20808F01500241DA4080831A4080885
:10AA50007AA40808D7A2080859A3080885A30808FB
:10AA6000B0A30808B4360808ECA308083122012B6B
:10AA70008DF84D401A9202D0043B012B0BD813AA3B
:10AA8000012128461DF0BCFB041ECCDB01231A93D8
:10AA90009CE713AA9DE70DF14D029AE7CDE903B2B9
:10AAA000164A18460093CDE9013201221DF092FBAF
:10AAB000ACE76FF08504B6E7D9F8003003F0070380
:10AAC000022B09D90E4B03220E490293002318468C
:10AAD000CDE900331DF07EFB08370CE55AB16FF06D
:10AAE00085022946184600930392074ACDE90132B0
:10AAF00001221DF06FFB6FF0120663E4C8A3080883
:10AB00000BA40808F015002462A408080048704748
:10AB1000F836080830B5134D1348D5F8803800EAE8
:10AB20008320124BB0F5001F1C6813D274B9800C3F
:10AB30004FF4003418600120C3E9014095F88158B2
:10AB40005C61C5F108004004C3E9030503201060FF
:10AB50000B6030BD24B9400C18604FF400305860D1
:10AB60000120F4E700E0F11F00FCFF03A0840024B3
:10AB70007FB5054606691B4C204623F096FD03462B
:10AB800078B919490A68520706D0184A0090CDE9E9
:10AB9000010201221DF0D0FB6FF01204204604B028
:10ABA00070BDA368311D1B687BB90F490B685B073B
:10ABB00008D00F4B0122029300231846CDE9003341
:10ABC0001DF0BAFB6FF00404E8E7204698470446FE
:10ABD0000028EAD128690C300122114624F080F8BF
:10ABE000DCE700BFDC010808F4150024E293080844
:10ABF000E9A408081C4BF0B59D69540C1B4B09686F
:10AC00002646D3F880781A4B03EA47239A4214D297
:10AC1000002D09DB01F10C0201F110030121C0E953
:10AC20000041C0E90223F0BDB2F5801F10D201F14E
:10AC30000C0201F110030221F1E7B2F5801F0ED3DF
:10AC4000002DA4F1080401F5867201F58873F2DA8B
:10AC5000A6F1080401F5867201F58873DEE700238A
:10AC60001A4619461C46DAE70020005200E0F11FA0
:10AC700000FEFF0130B5046887B0256915F0C06F8C
:10AC800014D03249236E0A6812F0060F0ED0C3F3B7
:10AC90000E0302225B010493012303932C4B0293C6
:10ACA00000231846CDE900331DF046FB294B6361B4
:10ACB000294B2B4011D025490B6858070AD0274B48
:10ACC00001220495029300230392CDE90033184634
:10ACD0001DF032FB6FF0040028E0D4F8105115F09D
:10ACE000C06F13D01949D4F86021086810F0060F1E
:10ACF0000CD0C2F30E0216480093520104920222B5
:10AD0000CDE90130039218461DF016FB144BC4F830
:10AD10001431114B1D4208D0124A15EA020307D024
:10AD2000D4F814311343C4F81431002007B030BDF7
:10AD300006490A685207CDD0022204950093039277
:10AD4000064ACDE901320122C1E700BFF415002413
:10AD500000A508080F00EF1F0000EE151BA508084E
:10AD60000F00EF9F0000088008B54FF0FF334FF051
:10AD7000FF320C3011F0FCFF0349044BD1F888205E
:10AD80009A42FBD108BD00BF006402580003008056
:10AD900070B51546234A0C468AB0D2F8801806468C
:10ADA000214A02EA8122B2F5001F15D2B4F5801FB4
:10ADB00012D26119B1EB520F0ED91C490B6858071A
:10ADC00008D01B4B0122029300231846CDE9003323
:10ADD0001DF0B2FA002023E093B1E20610D013492F
:10ADE0000B685B07F6D020230122CDE90343114B0A
:10ADF000029300231846CDE900331DF09DFAE9E7E0
:10AE000007AA214630461DF0ACF90028E2D1691EA0
:10AE100007AA304621441DF0A4F9B0FA80F0400999
:10AE20000AB070BD00E0F11F00FCFF03F415002420
:10AE300031A5080858A508082DE9F0431C4687B03D
:10AE400000239046224607460E46FFF7A1FF034621
:10AE500088B921490A68520708D0204A0090CDE9F4
:10AE60000102CDE9036401221DF066FA6FF01500BE
:10AE700007B0BDE8F0836CB3EFF31189102383F3BF
:10AE80001288BFF36F8F012383F31388144D6B690E
:10AE900043F480736B61BFF34F8FBFF36F8F224614
:10AEA00006F10061404624F01BFD002383F3138864
:10AEB0006B6923F480736B61BFF34F8FBFF36F8FA8
:10AEC00089F31188BFF36F8F386907B0BDE8F0438D
:10AED000FFF7D0BE2046CBE7F4150024AAA508084A
:10AEE00000ED00E07FB5044624F02EFB0A2200238B
:10AEF000E6F75EF910F5FA56206941F10005FFF713
:10AF0000B9FE002803DA6FF0040004B070BD2369B5
:10AF10001B681A69520704D4D3F8100110F004001A
:10AF2000F3D024F011FB0A220023E6F741F9864210
:10AF300075EB0101EBDA08490B685807E3D04FF4D1
:10AF4000FA5301220393054B029300231846CDE9DF
:10AF500000331DF0F1F9D6E7F4150024D4A5080854
:10AF600010B503691C6819B1FFF7BCFF78B110BDBB
:10AF7000E368DA0717D4D4F80C31DB0711D50D4B91
:10AF8000C4F8043103F18833C4F8043109E0E368FC
:10AF900043F00103E360D4F80C3143F00103C4F83B
:10AFA0000C310020E3E7034B636003F188336360F7
:10AFB000E1E700BF230167452DE9F04F89B007465F
:10AFC0000D4690460A46016904A8FFF713FEDDE925
:10AFD00005368BB939490A68500708D0384A1846EF
:10AFE00003950093CDE9013201221DF0A5F96FF020
:10AFF000150009B0BDE8F08F346814F0010402D0E8
:10B000006FF00400F5E73846FFF76CFF0028F0DB2F
:10B0100005F1006505F120022B46D3E90001B1F1ED
:10B02000FF3F08BFB0F1FF3FEAD108339342F4D1AC
:10B03000336843F002033360BFF34F8FDFF87CB017
:10B0400008EB040158F804204B682919C1E90023D2
:10B05000BFF34F8F24F078FA0A220023E6F7A8F80E
:10B0600010F1640941F1000A079B1B685B0719D5C1
:10B0700024F06AFA0A220023E6F79AF881457AEB6F
:10B080000101F1DADBF800305A070BD0642301220A
:10B09000594603930B4B029300231846CDE9003326
:10B0A0001DF04AF90834202CCAD13846FFF71AFFA0
:10B0B000336823F0020333609BE700BFF4150024DC
:10B0C000E5A50808D4A50808013A2DE9F04106468F
:10B0D00088B0884600205518234F454517D342466F
:10B0E000316904A8FFF786FDDDE9053493B91F49EE
:10B0F0000A68520709D01E4A1846CDF80C80009302
:10B10000CDE9013201221DF017F96FF0150008B0EA
:10B11000BDE8F0812368DB0702D56FF00400F6E795
:10B120003046FFF7DFFE0028F1DB236823F4E063FD
:10B130002360049B22681B0203F4E063134343F083
:10B1400004032360236843F080032360BFF34F8F21
:10B150003046FFF7C7FE2368002803EA0703236091
:10B16000D5DB08F50038B8E7FBF8FFFFF41500243D
:10B17000E5A50808F0B5012387B006460F4614463A
:10B18000FFF706FE034688B92B490A68520708D024
:10B190002A4A0090CDE90102CDE9037401221DF095
:10B1A000CBF86FF01505284607B0F0BD002C41D054
:10B1B0003069FFF7D9FD00213046FFF7D1FE054683
:10B1C00060B101213046FFF7CBFE1D4B4FF44072BA
:10B1D0009A6030690C3011F08FFDE4E72246394661
:10B1E0003046FFF771FF174A05465369DB0319D54F
:10B1F00004F5FF34144904F5FF7407EA01033C44E5
:10B200000C40E41A002C0DDD03F10063BFF34F8FF7
:10B21000203CC2F85C322033002CF9DCBFF34F8FA6
:10B22000BFF36F8F01213046FFF79AFE002D08BF54
:10B230000546CAE72546B6E7F4150024FFA5080829
:10B240000064025800ED00E00000FEFF2DE9F0412F
:10B250001E4686B001239046324605460F46FFF74C
:10B2600097FD034690B91D490A68520708D01C4A49
:10B270000090CDE90102CDE9037601221DF05CF8D2
:10B280006FF01504204606B0BDE8F08126B32869AA
:10B29000FFF76AFD00212846FFF762FE044660B111
:10B2A00001212846FFF75CFE0E4B4FF440729A6076
:10B2B00028690C3011F020FDE4E733464246394658
:10B2C00028461DF048F8044601212846FFF748FEAD
:10B2D000002C08BF0446E7E73446D3E7F415002402
:10B2E0002AA60808006402582DE9F843D0F8048023
:10B2F0001746D0F810900D46D8F808001E461CF0EE
:10B300008FF9B7F5001F044616D1D8F80840284633
:10B31000FBF72AFB84420CD129461CF081F9044634
:10B320001CF081F92046FBF7E5FA00212046FBF7E7
:10B330008DFA0020BDE8F883B7F5800F20D0B6F174
:10B34000806F19D0B6F1C06F18D0B6F1007F1AD156
:10B3500002264A460F492046FBF7ACFAB0B9D8F8A6
:10B3600008102846FBF7D8FA20463146FBF76EFA5C
:10B370002046FBF753FADCE70126EAE70326E8E775
:10B380006FF08500D6E76FF01500D3E76FF00F0080
:10B39000D0E700BF018507084FF48013094A0A4926
:10B3A00010B5D2F8A00088420BD0581CF9D0013B50
:10B3B000F7D183F31188BFF36F8F0424204602DF97
:10B3C000EFE710BD006402580003008038B5436801
:10B3D0000C465D68FFF7E0FF4FF4407200206B6998
:10B3E00063406B61014B1A6238BD00BF00640258B4
:10B3F00070B543680D4614465E68FFF7CDFF4FF405
:10B400004072002073695C402C405C40014B7461C9
:10B410001A6270BD0064025838B50369044658606A
:10B420000A4D284623F041F960B1AB6861681B689A
:10B430000C3123B12846984700EAE07038BD6FF020
:10B440005700F9E76FF01200F8E700BFDC010808C9
:10B450002DE9F843164645680124884602F0300776
:10B4600099468C40FFF798FF6A68C6F38013C6F3CD
:10B47000C111C6F3412622EA040203FA08F3202F81
:10B4800043EA020304FA08F26B6002EB4200D5F8CB
:10B4900008C002FB01F102FB06F66FEA00032CEA8A
:10B4A000000C41EA0C01A960E96821EA000146EAC2
:10B4B0000106EE600FD1B8F1070F18D802FA08F1B3
:10B4C000286A01FA08F1C1EB011401FB09F120EA35
:10B4D00004000143296229683F090B4057434FF498
:10B4E00040721F43094B2F601A62BDE8F883240A9B
:10B4F000696A64436443C4EB041004FB09F921EA5C
:10B50000000141EA09016962E5E700BF00640258F1
:10B510001FB50C4B0C29D3F8082828BF0C2112BAF0
:10B520000C460192D3F8042812BA02920A46D3F8C4
:10B53000003801A91BBA039324F0D2F9204604B0C5
:10B5400010BD00BF00E0F11F1D4AD2F8D030D2F884
:10B55000D010C3F300634902D2F8D0104FEA43037E
:10B56000D2F8D02048BF43F00103490148BF43F05F
:10B5700010031201124A48BF43F01003D2F8D01052
:10B58000C900D2F8D010D2F8D02048BF43F0100341
:10B59000890048BF43F010039202094A48BF43F0B4
:10B5A0000403D2F8D0201102064A126948BF43F0C2
:10B5B0000803520648BF43F0800303600020704731
:10B5C0000044025800480258074A0020D2F8D03000
:10B5D00043F48033C2F8D030D2F8103443F400730F
:10B5E000C2F81034704700BF0044025830B50469F7
:10B5F0004068C0684568ED0107D543684A6823F490
:10B600007F0343EA0243436030BD246B1D4D14F0B9
:10B61000010F44682AD044F40064446044682C401C
:10B62000234343600B7A9C0728D43AB313785B0713
:10B6300024D4436843F0807343604368039A23F043
:10B6400000734360436823F480631343436043689B
:10B650004A6823F47F0343EA02434360036843F0EC
:10B6600001030360436843F40053CCE724F400640F
:10B67000446044682C4044EA4303D2E7436823F023
:10B680008073D9E700FCFFFF2DE9F04F476887B0D2
:10B690000C46D0F81080FB680025DFF854B1059304
:10B6A000FB69AB4218D8D8F83030C3F34203012B02
:10B6B0005BD0022B00F088804D490B685A0708D0F8
:10B6C0004C4B0293002301221846CDE900331CF0B5
:10B6D0007DFF6FF0150030E00C26D7F818A0464A21
:10B6E0006E430AEB0609D9F80430934233D027D8C9
:10B6F000424A934231D0424A934230D0DBF8003084
:10B70000590709D03F4B01223949029300231846BB
:10B71000CDE900331CF05AFF0023D8F83020C2F3E3
:10B720004202B2EB530F1ED15AF80630A3421AD18F
:10B73000D9F80830059A0020136107B0BDE8F08FF2
:10B74000314A93420DD002F5C31202F520629342B2
:10B75000D4D10A23E1E70623DFE70223DDE7042350
:10B76000DBE70823D9E701359AE741F25C2C4FF477
:10B770007A6740F2E2464FF4FA750221234B4A1EE3
:10B78000B4FBF2F2B3FBF2F2B7FBF2F00138FF28A0
:10B7900023D8BCFBF2FE0EF1FF3EBEF1FF0F1CD81A
:10B7A000B5FBF2F8B8F10F0F17D8B6FBF2F2013A79
:10B7B0000F2A12D802394EEA084343EA017343EADA
:10B7C000025343EA0023B5E740F2145C4FF41677C6
:10B7D0004FF4FA7640F27715CFE701311129CED137
:10B7E00003490B685B073FF474AF094B69E700BF7F
:10B7F0000816002491A8080840420F00A086010006
:10B80000801A060076A8080840E1330000CA9A3B77
:10B810000CA908081FB5026992F85C3083B90A497F
:10B820000A68520707D0094A18460093CDE9013249
:10B8300001221DF046F86FF0040005B05DF804FB2E
:10B84000136B00200B60F8E7041600243FA90808DA
:10B850007FB50B4642680169D26881F85E3033B922
:10B86000136823F44013136007B05DF804FB084924
:10B870000A685207F8D00493012203680393054B2A
:10B88000029300231846CDE900331DF01AF8EBE7C8
:10B89000041600245DA90808F0B50446436806694B
:10B8A0000F46214887B0DD680022596883680592F9
:10B8B000DB688BB91D490B685B0708D01C4B012264
:10B8C000029300231846CDE900331CF0FAFF6FF015
:10B8D0000404204607B0F0BD05AA98470028E9DB1C
:10B8E000376306F118074FF0FF324FF0FF33384649
:10B8F00011F03EFA2B68204623F001032B6096F8E6
:10B900005E10FFF7A5FF20460599FFF7BDFE96F8EC
:10B910005D3004461BB12B6843F001032B603846B1
:10B9200011F0EAF9D5E700BFDC010808041600248D
:10B9300071A908082DE9F043044687B047680569F6
:10B940004FF0FF3200214FF00009284623F0C8F9DC
:10B950003B682046984785F85C9085F85E90012208
:10B9600005F11800114623F0BBF94A4E304622F08B
:10B970009CFE034680B948490A68570706D0474AE3
:10B980000090CDE9010201221CF09BFF6FF0120430
:10B99000204607B0BDE8F083D4F8048005AA4946E4
:10B9A000D8F814001DF0E6F8002807DB059B4A468E
:10B9B0001979186800F0DAF800283BDA36490A6885
:10B9C000560709D0364B01220390029300231846F4
:10B9D000CDE900331CF075FF3B69324A93424CD0ED
:10B9E00040D8314A93424AD0304A934249D02A49FA
:10B9F0000B685A0708D02E4B0122029300231846E9
:10BA0000CDE900331CF05DFF0021204641F010011C
:10BA1000FFF742FF041E38DA1F490B685B07B7D0F7
:10BA2000244B0122029300231846CDE900331CF079
:10BA300048FFADE7B368D8F804101B686BB9164926
:10BA40000B685807C8D01C4B0122029300231846EC
:10BA5000CDE900331CF035FFBEE73046984700289B
:10BA6000BAD0ECE7154A93420DD002F5C31202F5A5
:10BA700020629342BBD10A21C7E70621C5E7022114
:10BA8000C3E70421C1E70821BFE70123002485F8AB
:10BA90005C307DE7DC01080804160024E293080806
:10BAA0009FA9080840420F00A0860100801A0600E6
:10BAB00076A80808D9A90808BDA9080840E13300FC
:10BAC00030B587B04568002105AAE8681DF052F836
:10BAD000041E07DB059B00221979186800F046F860
:10BAE000041E0EDA1C490B6858071DD01B4B03942B
:10BAF0000293002301221846CDE900331CF091FF88
:10BB000012E0174C204622F0D0FD034678B91249C6
:10BB10000A68520706D0134A0090CDE901020122BB
:10BB20001CF07FFF6FF01204204607B030BDA36801
:10BB300069681B6853B120469847041E09DA064914
:10BB40000B685B07F0D0084B0394D1E76FF0570404
:10BB5000F5E70024E8E700BF241600249BAA0808A4
:10BB6000DC010808E2930808B9AA08082DE9F047A3
:10BB7000044600EBC10600251C4FB44201D1002051
:10BB800014E02068C30600F01F0911D4656845F071
:10BB90002005C0F3481AC0F34420102823D857F8D2
:10BBA0002080B8F1000F0DD16FF01200BDE8F087D2
:10BBB000B9F1100F04D0B9F1110FEAD16568E8E7C7
:10BBC0003025E6E7404622F070FD0028ECD04B46D9
:10BBD0002A460AF00F0140461CF0A8FC002804F198
:10BBE0000804CADAE2E76FF01500DFE7803B0808D7
:10BBF000B1F5807F22D016D8102921D00FD8012985
:10BC000020D0042908BF012318BF08231049026A65
:10BC1000C85C02238340134023FA00F07047402998
:10BC200008BF0323F0E7B1F5805F0DD0B1F5803F89
:10BC30000CD0B1F5806F08BF0523E5E70423E5E7E5
:10BC40000223E3E70023E1E70623DFE70723DDE73D
:10BC5000EEAC08082DE9F0470F4601398CB0984644
:10BC600005291646BDF85030446810D997490B682D
:10BC70005C0709D0964B03970293002301221846D4
:10BC8000CDE900331CF0A1FF6FF0150018E0226829
:10BC9000B2F1804F17D08F48824214D0B6F5803F62
:10BCA00011D98A490B68580708D08B4B012202939F
:10BCB00000231846CDE900331CF087FF6FF08500A4
:10BCC0000CB0BDE8F0878548032F03F4807A50F864
:10BCD00021500BD9BAF1000F11D12846D146CEB967
:10BCE000136A23EA000313620020E9E77C4850F856
:10BCF0002190BAF1000F09D0B9F1000F08D17349B2
:10BD00000B685A07C0D0774B0397B5E72846E6E79C
:10BD10004846E4E7A7686FBB013ED2F820C003F0B5
:10BD2000010730EA0C0C4FEA470744D1B0F5807F99
:10BD300000F0C18032D8102800F0BF802AD8012836
:10BD400000F0BD80042808BF012318BF0823664DFA
:10BD5000106AED5C0223AB40AF4020EA03031F43AF
:10BD6000624B176253F82130414620689847236898
:10BD7000DE62B9E7102F02D108F1FF38CCE727F0D7
:10BD8000400CBCF1200F01D0402F97D14FEA58084A
:10BD90007608C2E7402808BF0323D6E7B0F5805FE6
:10BDA00000F08F80B0F5803F00F08D80B0F5806F9F
:10BDB00008BF0523C9E704A81FF09BFA602304937A
:10BDC0000123BAF1000F26D006932946099723686C
:10BDD0001B6A35EA03030CBF012300230593206887
:10BDE000FFF706FF0890CDF81C8004AA29462068BA
:10BDF00005F05CF810B335490B685B0708D03C4B85
:10BE00000122029300231846CDE900331CF0DDFE29
:10BE10006FF0040054E705930897B9F1000FE2D0E2
:10BE2000236849461B6A39EA03030CBF0123002338
:10BE300006932068FFF7DCFE0990D4E72268B5F589
:10BE4000807F136843F08003136022682BD01FD8D3
:10BE5000102D2AD018D8012D04D0042D08BF0120A0
:10BE600018BF0820234B1832195C234B5558185C17
:10BE7000082383402B4353502368DE6222685369B2
:10BE800043F0010353612FE7402D08BF0320E7E78C
:10BE9000B5F5805F0BD0B5F5803F0AD0B5F5806F62
:10BEA00008BF0520DCE70420DCE70220DAE70620F3
:10BEB000D8E70720D6E7042349E7022347E7002312
:10BEC00045E7062343E7072341E700BF5C1600244C
:10BED00065AB0808000C00407AAB0808F83C08087D
:10BEE000EC3C0808B3AB0808EEAC0808D43C0808E2
:10BEF000DAAB080800AD0808F7AC08082DE9F043F4
:10BF00008DB006694568544F384622F0CEFB034693
:10BF100080B952490A68560706D0514A0090CDE9C7
:10BF2000010201221CF051FE6FF0120420460DB0F8
:10BF3000BDE8F083D7F8089005F10C08D9F8003077
:10BF40009BB1414638469847041E11DA43490B68B5
:10BF50005D07EBD0434B0394029300230122184664
:10BF6000CDE900331CF031FEE0E76FF05704EDE758
:10BF7000D9F80C3043B304AA414638469847041E0A
:10BF800024DB394B05A81B6904F016FF079BD6E993
:10BF9000010133608368DB6803B1984705AA00217B
:10BFA00068691CF0E7FD041E07DB059B0022197978
:10BFB0001868FFF7DBFD041E0FDA28490B685A07E3
:10BFC000B4D02A4B0394C7E76FF0570423490B689A
:10BFD0005807ABD0264B0394BEE705A800241FF0FA
:10BFE0007FF96B6805A9ADF81430AB68CDE907445B
:10BFF0000693286804F004FF78B118490B685B07C2
:10C0000008D01C4B012220460094CDE90143234671
:10C010001CF0DBFD6FF0040488E72B68164A93429E
:10C020000FD002F5806293420BD002F5705293421A
:10C0300007D002F58062934203D002F580629342FA
:10C0400003D15A6C42F400425A642A6800241368EF
:10C0500043F00103136069E7DC0108085C16002463
:10C06000E293080804AC08080044025846AC0808EB
:10C0700024AC080864AC0808000001407FB50BAB95
:10C08000012205930393054B029300231846CDE943
:10C090000033E8F78FF907B05DF804FB09AD080835
:10C0A000F0B5446885B005461CF0B0FDA06A30B913
:10C0B0000021284605B0BDE8F0401CF020BE22F06B
:10C0C000F4FA034688B914490A68520709D0A26AEB
:10C0D000126800900392114ACDE901020122FFF794
:10C0E000CDFF6FF0120005B0F0BDE38DA06A94F8AB
:10C0F0002C1043F400320124066913F0010F876805
:10C10000336804FA01F414BF2343A34333603B684C
:10C1100098470028CCDAE6E76016002409AD080845
:10C1200043681B6803F1080252E8002F42F0010245
:10C1300003F1080040E800210029F3D1154A934299
:10C140001BD0A2F54C42934217D002F58062934275
:10C1500013D002F5806293420FD002F580629342C1
:10C160000BD002F54442934207D0A2F51C42934201
:10C1700003D002F58062934203D15A6842F0400234
:10C180005A6053E8002F42F4807243E800210029EE
:10C19000F7D170470010014043681B6803F10802A3
:10C1A00052E8002F22F0010203F1080040E80021CC
:10C1B0000029F3D1154A93421BD0A2F54C42934279
:10C1C00017D002F58062934213D002F58062934249
:10C1D0000FD002F5806293420BD002F544429342A5
:10C1E00007D0A2F51C42934203D002F5806293422D
:10C1F00003D15A6822F040025A6053E8002F22F41B
:10C20000807243E800210029F7D1704700100140F7
:10C2100030B502690C46436887B010681D68D9685C
:10C220008368DB6873B910490B685B0708D00F4B54
:10C230000122029300231846CDE900331DF0C5F812
:10C2400007B030BD05AA98470028ECDB2B6823F423
:10C2500000432B60002CF3D0059B03EB5403B3FB8E
:10C26000F4F39BB2EB60EBE77416002471A90808A5
:10C27000F8B50C46036941685D682379012B15D038
:10C280009F1E7E427E41B6026279022A96BF444FCB
:10C290004FF4005737F81270A279022A09D0042A05
:10C2A0002FD0003B18BF01231B0306E04FF4C066EC
:10C2B000EAE7B3FA83F35B091B07E2790968012A0D
:10C2C00014BF4FF0000C4FF4407CA5421CD10A680B
:10C2D00022F0805222F4B05232431A430A604B6873
:10C2E00023F440533B434B6043681A68936823F43C
:10C2F000407343EA0C0393602968BDE8F840FFF7F8
:10C3000087BF4FF48053D8E7D1F800E00EF4C06E39
:10C31000764506D0D1F800E02EF4C06E4EEA06064F
:10C320000E6041680E68716801F440518F4204D07C
:10C33000716821F440513943716041680E68316879
:10C3400001F010218B4204D0316821F010210B4301
:10C350003360436819688B6803F440739C4505D0CB
:10C360008B6823F4407343EA0C038B6043681B68BB
:10C370009968490405D5032A09D09A6822F48042B5
:10C3800004E0032A03D19A6842F480429A6021684B
:10C390002B68994203D0FFF73BFF23682B60F8BD61
:10C3A000104E08082DE9F04106464768046986B03A
:10C3B0007548206022F079F9034680B973490A680C
:10C3C000520706D0724A0093CDE9013201221CF0D7
:10C3D000FCFF6FF01204204606B0BDE8F081206833
:10C3E000F96883681B6883B9684B6FF057041B6852
:10C3F0005B07F0D0674B0122644902930023184683
:10C40000CDE900331CF0E1FF29E09847044610BB5A
:10C4100005AA0021386A1CF0ADFB041EDBDB059B7E
:10C42000002219791868FFF7A1FB041ED3DB756899
:10C4300033692C68D3F80480236823F00103236058
:10C44000686822F032F9034660B950490A68540717
:10C45000BFD0514AB7E74D4B1B685D07CAD1002CCE
:10C46000B9DBD5E7D5E901018368DB6803B19847FB
:10C4700054E8003F43F00C0344E80032002AF7D1AF
:10C4800041463046FFF7F4FE2B7D1BB1A36843F015
:10C490000803A3606B7D1BB1636843F400436360D2
:10C4A000AB7D1BB1636843F480336360EB7D1BB1EC
:10C4B000636843F4003363602B7E002B4ED0374B10
:10C4C0009C4231D0A3F54C439C422DD003F58063B0
:10C4D0009C4229D003F580639C4225D003F58063FC
:10C4E0009C4221D003F544439C421DD0A3F51C433C
:10C4F0009C4219D003F580639C4215D0284B9C4286
:10C5000012D022490B68580702D16FF0150462E778
:10C51000336801220393234B029300231846CDE98D
:10C5200000331CF052FFF0E773681A68936843F415
:10C530008043936023686A7E23F0787343EA425312
:10C5400023602368AA7E23F4F81343EA024323609E
:10C55000EB7E1BB1A36843F40043A3602B7F1BB1A8
:10C56000236843F000532360236843F001032360F2
:10C57000E3699A02FCD5E3695B02FCD57B6A30462D
:10C580000024984727E700BFDC0108087416002440
:10C59000E2930808A2AE0808C2AE080800100140E5
:10C5A000000C0058DDAE0808F8B5436802460E4698
:10C5B00091F805E01C68036908795D6801288B79AA
:10C5C0001FD1BEF1020F76D9022B1F464FF4C06176
:10C5D0004FF4005C00F08780042B7FD020B1C31E95
:10C5E000012B7DD94FF48050BCF5805F00F0858031
:10C5F000BCF5405F00F08380BCF1000F1CD101232B
:10C600001BE002280AD1BEF1020F60D9022B1F469F
:10C610004FF480610BD04FF4005CDDE7BEF1020FF8
:10C6200058D9022B1F4657D1002862D00021C31EC3
:10C63000012B55D9002002270323734550D11CF04C
:10C6400018FEB8424CD1F3791BB3012B59D12E4BB4
:10C650009C421ED0A3F54C439C421AD003F5806344
:10C660009C4216D003F580639C4212D003F5806390
:10C670009C420ED003F544439C420AD0A3F51C43D0
:10C680009C4206D003F580639C4202D01F4B9C4223
:10C6900026D123683146104623F001032360FFF7BB
:10C6A000E7FD236843F00103236096E8030085E873
:10C6B00003000020F8BD4FF4C061154F022B37F87E
:10C6C0001EC01F4688D170B94FF080508CE74FF4E0
:10C6D0008061F2E70021F0E700219CE7002881D08B
:10C6E0006FF08500E6E7C31E012BF9D90227002071
:10C6F0007AE701464FF080509EE700239DE7022332
:10C700009BE7032BA3D0EBE700100140000C00587F
:10C71000104E080810B50446406986B010F47870D1
:10C7200018D00D490B685A070BD00C4B012204900E
:10C7300003930B4B029300231846CDE900331DF001
:10C7400046F863695B0603D5A36943F04003A36120
:10C750006FF0040006B010BD6C160024CEB00808BF
:10C76000B5AF08082DE9F043054689B0066947686A
:10C77000DFF87481404621F098FF034680B95449A0
:10C780000A68520706D0534A0090CDE901020122FF
:10C790001DF01DF86FF01204204609B0BDE8F083CB
:10C7A000D8F80890B969D9F800308BB1404698475D
:10C7B000041E10DA46490B685F07EDD0464B029322
:10C7C000002301221846CDE900331DF000F8E3E70D
:10C7D0006FF05704EEE77B69012B12D9B969D9F8DC
:10C7E0001830083153B1002240469847041E08DA39
:10C7F00037490B685E07CFD0384BE0E76FF057043E
:10C80000F6E707AA002178681CF0B4F9041E07DBDC
:10C81000079B002219791868FFF7A8F9041E0EDAA1
:10C820002B490B685D07B7D02D4B0122039402936F
:10C8300000231846CDE900331CF0C9FFACE7BB6804
:10C84000284698470127B568D6E9023203EBC203B0
:10C850009D4204D3304600241CF0EBFF9CE728687F
:10C8600021F023FF034680B919490A68540791D083
:10C870002A7904922A68126800900392194ACDE935
:10C88000010201221CF0A3FF84E728682979EB88C4
:10C89000DA07D0F810C007FA01FED0F8088054BFBC
:10C8A00043F4B01383F4D013DCF8004023F4801277
:10C8B000DB074CBF44EA0E0424EA0E04CCF8004027
:10C8C000D8F800309847041EFFF666AF0835BBE77E
:10C8D0006C160024E2930808C0AF0808DBAF080814
:10C8E0001DA20808FDAF0808DC0108082DE9F04F7B
:10C8F000984693B0436882460F4606691D68914684
:10C9000006931AB9B8F1000F00F09982BB88990418
:10C9100000F109814FF0FF324FF0FF3306F11000B4
:10C9200010F026FA77609DF870300AACDFF800C589
:10C9300086F84C301D9B73641E9BB364DAF810308C
:10C94000DAF804B00793BCE80F000FC49CE80F00AE
:10C9500084E80F00079BDBF800401B689F42BB8800
:10C9600040F0ED801A0508D5B9F1000F00F0E48021
:10C970004FF4C12120461CF01CFEBB8842464946AC
:10C980003046C3F34513082B0CBF012302231CF0D0
:10C9900035FE2C68EB6804F4006403F4C0231C43E8
:10C9A000069B1B7FEBB1BB88DA071AD4002C40F042
:10C9B000B081494638461CF0E8FEB0F10009C0F2EB
:10C9C000C680414638461CF0E0FE0028C0F23582A1
:10C9D0008145B8BF81466B681B0C1B0443EA090301
:10C9E0006B602B6843F001032B60EB685B0200F186
:10C9F0009D81012021F049FEDAF810703868002886
:10CA000040F09D81069B1B7F1BB12B6943F00803FF
:10CA10002B612B6943F020032B612B6943F040030A
:10CA20002B612B6943F080032B612B6943F48073E6
:10CA30002B612B6943F400732B61B8F1000F03D015
:10CA40002B6943F001032B612B694FF4FA580A2735
:10CA500006F1280A43F002032B6196F84C30002BB4
:10CA600000F07A81B4F5C12F736E54D1069A146820
:10CA7000002B49D1F26E002A46D032689288D10745
:10CA800015D4D6F85CC01846604540F0B081C2F3BA
:10CA9000022293FBF2F102FB1131002940F0CA811E
:10CAA0006168B3FBF2F30A0C1204134363604FF4A2
:10CAB000C02120461CF07DFD236843F00103236064
:10CAC000E3685A0200F19A81012021F0DEFD069B05
:10CAD0001B7F002B40F09B81236943F020032361DF
:10CAE000236943F040032361236943F080032361FA
:10CAF000236943F480732361236943F40073236142
:10CB0000236943F0010323612B68EC6803F400639D
:10CB100004F4C0241C43736E002B9ED1F36E002BD3
:10CB20009BD1994656E1B369002B7FF4F3AE73684D
:10CB30009F427FF4EFAEF6E64FF4C0211AE7C3F34D
:10CB40004512082A0AD0102A08D06FF08509002360
:10CB5000736006F1100010F0CFF844E11B0405D516
:10CB6000E36823F4601343F40023E360AA48DBF88E
:10CB700014208368012ADBF81810DB6834D90831E7
:10CB80007BB9A6490B68580708D0A54B0293002330
:10CB900001221846CDE900331CF019FE6FF004099C
:10CBA000D5E709AA98470028EBDB099A01233868E2
:10CBB00022FA03F1814223D90133092BF8D1974995
:10CBC0000B685C070DD0130A52080593954B02932E
:10CBD0000023CDE90302CDE90033012218461CF001
:10CBE000F6FD6FF01509B2E72BB98C490B685A07AF
:10CBF000D4D08D4BCAE709AA98470028D5DAF4E7C4
:10CC0000226812A922F0010201EB83032260A268CC
:10CC100053F8243C22F0E0421343A360BB889B07F7
:10CC200003D4E36823F0007302E0E36843F0007389
:10CC3000E360BB8813F0040FE36814BF43F0807314
:10CC400023F08073E360B98811F4006104D0B9F176
:10CC5000000F52D04FF4C12120461CF0AAFCBB8823
:10CC600013F0100FE36814BF43F4000323F4000330
:10CC7000E360A36823F48003A360BA68BB88002A3A
:10CC80003ED0D80706D4E368D90003D4236843F420
:10CC900080532360E36823F0105343F08063E36024
:10CCA000BB8813F0010FE36814BF23F4800343F43F
:10CCB0008003E360BB88C3F34513082BA36823F00C
:10CCC0001F030CBF43F0070343F00F03A360E368A7
:10CCD000DBF8102023F00F031343E360E368DBF875
:10CCE0000C2023F0F00343EA0213E360A36823F46B
:10CCF000F073A360079B1F603FE64FF4C021ABE7D2
:10CD000013F0010FE36823F0105308BF43F0005302
:10CD1000C5E7B4F5C12F38460CBF494641461CF063
:10CD200034FD00288146BFF656AE10E72B6843F469
:10CD300000732B602B689F053FF55BAEFAE78368B5
:10CD4000002B3FF45FAE012108301CF050FD3B6822
:10CD5000186921F09AFC55E6706D1A46824225D179
:10CD60000022D6F85CC01146614526D1934238BFF7
:10CD7000134608FB03F233681B68B2FBF3F2C832B8
:10CD8000A2FB072350460FF0F3FFE8B123490B68DD
:10CD9000580708D0254B0122029300231846CDE9FD
:10CDA00000331CF014FD6FF07309D0E6316D01EB18
:10CDB000C201013249680B44D0E7B06D00EBC100FD
:10CDC000013140680244CFE7D6F84090B9F1000F36
:10CDD0003FF448AE96F84C30002B3FF4B8AEB9F1B2
:10CDE000000FFFF6B4AE484613B0BDE8F08FB16D4A
:10CDF00001EBC001013049680B4445E6236843F468
:10CE00000073236023689B053FF55EAEFAE7236954
:10CE100043F0080323615FE6DC0108086C16002478
:10CE200021B0080879B008084DB00808A8B0080873
:10CE3000242208082B68EB68D3E6814687E6C146C2
:10CE4000D1E700BF4FF0E0230F4910B59C691A6984
:10CE500008689B6902F480320C4934B993B90346DF
:10CE60004AB90A681044C01A10BD002B08BF034617
:10CE70000AB9A342F5D90A6802440A604FF0E022D9
:10CE80001269EEE70446F3E77C87002478870024E4
:10CE90000A4B1022002083F8232049F64042084B19
:10CEA0001A6049F63F42074B18604FF0E0235A6181
:10CEB00098611A6942F007021A61704700ED00E0BC
:10CEC0007C87002478870024684620F007018D467F
:10CED00019B5FFF7B7FF1149114B0868D3E90042B4
:10CEE000001942F10002C3E900020E4A00230B6060
:10CEF00049F64043D2E90041001BB0FBF3F0434345
:10CF00001B1941F10001C2E9003111F08FF9EBF773
:10CF100033FCBDE819408546704700BF7887002480
:10CF200050510024485100242DE9F041DFF8F080F1
:10CF300099B1421C0BD14FF0E022136923F0010399
:10CF400013614FF07F43C8F80030BDE8F081D8F896
:10CF50000060012807DC00270BE0431CD8F80060C4
:10CF6000F7D14FF4D17040F2A3139842A8BF1846EE
:10CF7000471EEFF31185102383F31288BFF36F8FE1
:10CF8000FFF760FF224C4FF0E0239969D4E90023BA
:10CF900080184FF0000243F10003C4E900031D4B69
:10CFA0001A601D4B1A68831A2ED449F6404C0CFBAC
:10CFB000073303F51C433F33B3FBFCF7131A40F66A
:10CFC000C4120CFB0733934238BF1346134A9342F3
:10CFD00028BF1346C8F800304FF0E022013B9069AB
:10CFE0005361002381429361A1EB0003D4E9001255
:10CFF00038BF9B195B1842F10002C4E9003285F387
:10D000001188BFF36F8FA0E740F6C413E2E700BFBB
:10D010005051002478870024485100248020FF00CC
:10D020007C87002438B5EFF31185102383F3128831
:10D03000BFF36F8F084B1C68084B1B68E41AFFF79F
:10D0400001FF85F31188BFF36F8F49F640432044F9
:10D05000B0FBF3F038BD00BF50510024485100240C
:10D0600038B5EFF31185102383F31288BFF36F8F68
:10D07000044B1C68FFF7E6FE85F31188BFF36F8F42
:10D08000204438BD5051002410B5EFF31184102313
:10D0900083F31288BFF36F8FFFF7D4FE054AD2E9FE
:10D0A0000031C01841F1000184F31188BFF36F8F84
:10D0B00010BD00BF5051002470B50F4C0646656886
:10D0C0003DB1E36923B1636BA3B10024204670BD79
:10D0D000012518233246022003FB0544E6F70EF92A
:10D0E000064B43F825000028EFD00023C4E90106D1
:10D0F000E360EBE70225ECE78C87002480870024BF
:10D100000C4B426819688A420CD059688A420BD08D
:10D11000996891420AD102220021416053F822000D
:10D12000E6F7E6B80022F7E70122F5E700234360BF
:10D13000704700BF80870024014B002013607047B8
:10D140008C4208082DE9F0478AB080460F46164603
:10D1500004240DF1180A4FF00209D8F80000B8F8BD
:10D1600004308DF818708DF819608DF82490CDE991
:10D1700007A99DF82420816842F002028DF824203E
:10D1800001228D6807A9A8470546A8B1013C0520E2
:10D190001CF070FD14F0FF04DFD109490B685B0738
:10D1A0000AD0084B012220460094CDE90143CDE985
:10D1B000036723461CF04DFD28460AB0BDE8F08702
:10D1C0007C1600242AB108082DE9F04F8DB00746DF
:10D1D0000E46904604240DF1170A4FF001094FF056
:10D1E000000B07223868BB888DF817608DF820B0D7
:10D1F0008DF82C20CDE906A9CDE909899DF82C20D0
:10D20000816842F002028DF82C2002228D6806A966
:10D21000A8470546A0B1013C05201CF02BFD14F0E9
:10D22000FF04DED108490B685B0709D0074B0122D8
:10D23000204603960094CDE9014323461CF009FDE6
:10D2400028460DB0BDE8F08F7C16002448B10808D0
:10D250002DE9F04F154604698BB08046102229460F
:10D26000204622F0DCFB002800F0C2806968002222
:10D270007B4B5868884208D1DE68A868864204D192
:10D280001E682868864200F0B78001321833062AEB
:10D29000EFD174490B685B0708D0734B01220293EE
:10D2A00000231846CDE900331CF0D3FC6FF0850451
:10D2B00020460BB0BDE8F08F06270DF12702842130
:10D2C0003046FFF781FF041EC0F2BB809DF8272087
:10D2D0008421304622F01F023A43FFF733FF041E39
:10D2E000C0F2AF804FF4967000211CF0C1FCD8F85A
:10D2F00004A0D5E9019BB9F5207F20D0B9F5C86F0E
:10D3000078D0B9F5A07F03D1032719E00227D4E72D
:10D3100054490B6858070AD0544B0122029300234A
:10D32000CDE9039B1846CDE900331CF092FC6FF069
:10D3300004044C490B685A07BAD04D4B87E00227CA
:10D340001FFA89F3504613FB07F506931FFA8BF378
:10D35000ADB217FB03F60793C5F5C862B6B202EB90
:10D36000D27206F10801C6F59663C2F34F0289B284
:10D3700003EBD373019105F11001C3F34F0389B29D
:10D38000009109211CF082FC041ED2DB0799B6FB38
:10D39000F7F3B5FBF7F20191A3EB0B030699A2EBB0
:10D3A0000902C3F34F030091C2F34F029121D8F851
:10D3B00004001CF06BFC041EBBDB012290215046D4
:10D3C000FFF7C0FE041EB4DB47EA0712992150465E
:10D3D000FFF7B8FE041EACDB0E229A215046FFF781
:10D3E000B1FE041EA5DB4FF4967000211CF040FC3A
:10D3F00000245DE70127A3E795E80F0084E80F000C
:10D40000D8F804600022FE212F683046FFF79AFE0C
:10D41000041E16DB174B9F423FF44EAF164B9F4244
:10D420003FF474AF0F490B685E0708D00E4B012222
:10D43000029300231846CDE900331CF00AFC6FF07C
:10D44000850408490B685D073FF432AF0B4B02932C
:10D45000002301221846CDE900331CF0FAFB27E730
:10D460008C4208087C16002465B10808A0B10808A1
:10D47000BDB10808524742505955595680B1080865
:10D480001A4B994237B5144606D00133994219D048
:10D490006FF0850003B030BD45680DF1070217211C
:10D4A0002846FFF791FE0028F4DB9DF8072022F0C4
:10D4B0000302002C18BF42F0010217212846FFF793
:10D4C00041FEE7E745680DF1070217212846FFF7FF
:10D4D0007BFE0028DEDB003C9DF8072018BF0124FE
:10D4E00022F0030242EA4402E7E700BF1409980071
:10D4F0002DE9F041446805468CB0206821F0D5F84C
:10D50000034680B963490A68520706D0624A009010
:10D51000CDE9010201221CF09CFB6FF012042046B1
:10D520000CB0BDE8F081A06821F0BFF8034680B9D7
:10D5300058490A685707F0D0A268126804922A680E
:10D5400000930392554ACDE9013201221CF081FB80
:10D55000E3E7206921F0A9F8034628B94D490A6894
:10D560005607DAD02269E8E76E684FF4B01106F189
:10D5700008001CF04BFB04460028D0D16420002199
:10D580001CF076FB4FF4D01106F110001CF03EFBAE
:10D5900004460028C3D10A2000211CF069FB337D1A
:10D5A00030690121994003691B68194283680CBFE7
:10D5B0001B69DB6898470A2000211CF059FB6E6844
:10D5C0000DF11F02F0213046FFF7FEFD041E3FDA89
:10D5D000E4B2002CA3D18022FE2168680026FFF768
:10D5E000B1FD4FF496701CF045FB2D4CD5F804802E
:10D5F00040F25F27627840462178FFF7A3FD0028BC
:10D6000003DB01360234BE42F4D1264A4FF4A07344
:10D61000F0212846CDE908234FF4207308AACDE96C
:10D620000A136FF00301FFF713FE044600283FF4CE
:10D6300076AF18490B685B073FF471AF1A4B0122B4
:10D64000029300231846CDE900331CF002FB66E785
:10D6500008AAF1213046FFF7B7FD041EB8DB9DF89C
:10D660002030552B03D19DF81F20212AB3D0094922
:10D670000A6812F0060FAED0049302229DF81F3004
:10D6800003930A4B029300231846CDE900331CF0A4
:10D69000E0FAA0E77C160024DAB10808F2B1080825
:10D6A00085B208085247425036B208080DB2080841
:10D6B00070B51368254C4568A342006914D033D86F
:10D6C00004F17A4404F5750404F20B54A3420BD020
:10D6D00028D81F4CA34207D004F13E7404F505344A
:10D6E00004F54074A3422ED121F0020404342AD15F
:10D6F000D2E902647443B4F5162F24D8C0F89C30E4
:10D70000D368C0F8A8309368C0F8A0305368C0F858
:10D71000A430286983681B680BB1984708B16FF083
:10D72000040070BD0B4CDDE70B4CA342DCD004F5CC
:10D730007F340134A342D7D0A4F1C264A4F107140A
:10D74000A4F56064CEE76FF01500EAE74742524760
:10D75000424138314752424758595556002B1FB560
:10D760000C460DDA09490B685B0709D0084B039298
:10D770000122029300231846CDE900331CF06FFB11
:10D78000204604B0BDE8104001F020BC8016002403
:10D7900043B708082DE9F04F8FB0D0F80490D0F8C7
:10D7A0001080064607AA0021D9F80C001BF0E2F908
:10D7B000041E994D07DB079B002219791868FEF7B4
:10D7C000D5F9041E11DA2B685D070AD0934B0122AC
:10D7D00091490293002303941846CDE900331CF0CD
:10D7E0003EFB20460FB0BDE8F08FD6F804B0376995
:10D7F000DBF8180020F059FF0346F8B92A685407EF
:10D800000FD16FF012042B685F07EAD0844B01221E
:10D810008149029300231846CDE900331CF01FFB19
:10D82000DFE7DBF8182029461268009003927D4A52
:10D83000CDE9010201221CF012FBE2E70BF1200C02
:10D8400007ACDFF8FCA1BCE80F000FC49CE80700A0
:10D8500084E80700BDF81E3007AACDF830A043F4D5
:10D860007E63ADF81E30DBE90601836801311B6879
:10D8700098470446002836D02B6858070DD0DBF8AF
:10D880001C300122294601330393674B0293002386
:10D890001846CDE900331CF0E2FA002CB3DB7768C0
:10D8A000624C204620F001FF0346002840F098809B
:10D8B0002A68560714D05E4A57490090CDE9010204
:10D8C00001221CF0CCFA2B68590709D0594B02935E
:10D8D0000023012250491846CDE900331CF0BFFA5D
:10D8E0006FF004047DE74B234FF480624FF48041D6
:10D8F000CAF80C00CAE901304FF48053CAE9042386
:10D900004FF480734C4ACAE906134FF40033CAE956
:10D910000830DBF81430934215D1DBF81C20D2B963
:10D92000464BC7F84CA004374548CAF80030CAF83F
:10D93000387000F0ABFD0028B1D02B685B0744D1F4
:10D940006FF004045FE73F4A93423CD1DBF81C20B0
:10D950002AB93D4BE5E7012A05D13C4BE1E7012A15
:10D9600005D13B4BDDE7022A05D13A4BD9E7022A24
:10D9700005D1394BD5E7032A05D1384BD1E7032A26
:10D9800005D1374BCDE7042A05D1364BC9E7042A28
:10D9900005D1354BC5E7052A05D1344BC1E7052A2A
:10D9A00005D1334BBDE7062A07D1324BB9E7324BDD
:10D9B0003249062A18BF0B46B3E7304B3049072AD5
:10D9C00008BF0B46ADE72D4BABE72E4B01221249AA
:10D9D000029300231846CDE900331CF040FAAFE76C
:10D9E000A3681B68A3B139462046984700284DDA42
:10D9F0002B685C073FF474AF234B01220390029322
:10DA0000002305491846CDE900331CF028FA5AE7EF
:10DA10006FF05700ECE700BF8016002467B70808D6
:10DA2000D7B7080887B708089FB70808DC010808B7
:10DA3000E293080818B808080000024010000240ED
:10DA4000E487002400040240100402402800024041
:10DA500028040240400002404004024058000240B6
:10DA600058040240700002407004024088000240E6
:10DA700088040240A0000240A0040240B804024012
:10DA8000B8000240C2B70808F2B70808404640F89C
:10DA9000646B21F0A3F808F1800021F09FF8D9F819
:10DAA00008303046984708F1040000F0C9F90446F0
:10DAB00028B12B685A073FF413AF0E4B07E74FF41A
:10DAC0007A70002121F03AFB2B685B0701D4002417
:10DAD00087E633680422084920460493074B0393E2
:10DAE000074B02930823CDE9004323461CF0B7F906
:10DAF000EDE700BF2FB8080880160024CAB8080850
:10DB00004BB808087FB50469456861BB2E69B368E6
:10DB10009B68E3B130469847B36805469B6923B1DB
:10DB200001226FF001013046984785B9201D00F0B1
:10DB30004BFA80B126490B685E0708D0254B00954B
:10DB4000CDE901532B46012218461CF088F96FF0ED
:10DB5000040004B070BDD4F8AC1004F1640021F0EE
:10DB60007FF80020F5E70022002304F164000FF0A5
:10DB700091F8C4F8AC0070B915490B685C0707D080
:10DB8000154B01220090CDE9010303461CF067F913
:10DB90006FF00B00DDE7C36800214268201D9B0881
:10DBA00000F092F948B10A490B685B07CFD00B4BE4
:10DBB00002930023CDE90033C5E7286983689B6899
:10DBC000002BC4D0012198470028CAD0BFE700BF6E
:10DBD0008016002459B808086DB808088EB80808DF
:10DBE0001FB509490B6813F0060F0AD0074B022234
:10DBF0000393074B029300231846CDE900331CF032
:10DC00002EF905B05DF804FB80160024FCB8080866
:10DC1000AB5B080830B585B0054600F00FFA00226E
:10DC2000002305F160000FF035F80446A0B914494F
:10DC30000B685B070AD5134B04220393124B029324
:10DC40000823CDE9000303461CF009F9284605B076
:10DC5000BDE830401CF052B921F076FC0A220023C6
:10DC6000E3F7A6FA2061D5F8A830E2685968606841
:10DC700021F036FE214605F17C0020F0F1FFE5E7BA
:10DC800080160024E0B80808A7B80808034A5368BB
:10DC900023F4600303435360704700BF000400583F
:10DCA000494B30B51A6902F03802102A00F088801A
:10DCB000182A0CD0002A40F085801A68434812F0D8
:10DCC000200F03D01B68C3F3C103D84030BD996A4D
:10DCD0009D6ADC6A15F47C7FC5F305105A6BF5D09C
:10DCE000C2F3CC0204F0010401F0030107EE900A34
:10DCF0006243B7EE006A0129B8EEE77A06EE902A91
:10DD0000FAEEE96A4ED002293ED000294AD11A68BB
:10DD1000920627D519682D4AC1F3C1011B6BCA4071
:10DD2000C3F3080307EE902AF8EEE75AC5EE877AA8
:10DD300007EE103AB8EEC77A37EE267A37EE067A53
:10DD400067EE877A204B1B6BC3F34623013307EE44
:10DD5000103AF8EEC76A87EEA67AFCEEC77A17EE9D
:10DD6000900AB3E71B6BC3F3080307EE903AF8EE93
:10DD7000E77A77EEA67A77EE867A9FED156AC6EE99
:10DD8000076A67EEA67ADDE71B6BC3F3080307EEAD
:10DD9000903AF8EEE77A77EEA67A77EE867A9FEDFC
:10DDA0000D6AECE71B6BC3F3080307EE903AF8EE3D
:10DDB000E77A77EEA67A77EE867A9FED076ADEE756
:10DDC000064883E7064881E7004402580090D003E4
:10DDD0000024744C20BCBE4B0024744A40787D0162
:10DDE00000093D0008B5FFF75BFF0B4A0B4993693B
:10DDF0009269C3F3032302F00F02CB5C03F01F030D
:10DE000020FA03F3885C064A00F01F0023FA00F0B2
:10DE10001060044A136008BD0044025847B908085E
:10DE20000415002408150024044B1B68C3F30313D6
:10DE3000072B14BF01200320704700BF00ED00E056
:10DE400010B5044600283AD090F835300BB91CF0D4
:10DE500054F8022384F83530A3690BB100236362C0
:10DE60002268184B11680B40136060696368226870
:10DE70000343E0681168034320690343A068034338
:10DE8000A0690343206A0343606A0343A06A034313
:10DE9000E06A0343206B03430B4313606368102B5A
:10DEA00002D1E26923689A6122680020D36843F0B6
:10DEB0001E03D3600123E06484F8353010BD0120D7
:10DEC000FCE700BF07F0E0FFF7B5044690F8340028
:10DED00015461E4601284FF002003ED0D4F800C07F
:10DEE000012784F83500B3F5803F84F83470DCF8FE
:10DEF000000040F48040CCF80000D4F800C0DCF80A
:10DF0000000020F00200CCF80000D4F800C0DCF8DB
:10DF1000000041EA00012A48CCF80010DFF8A4C054
:10DF2000A16CC1F83CC0A16CC8644FF00001A06CAA
:10DF30000165A1632164E163616410D22168A06C72
:10DF4000283100F06FFC002831D04023E36484F8CE
:10DF500035700023012084F8343003B0F0BDA36C89
:10DF6000C3F844C0A7636264E663E36BB3F5803F24
:10DF700016D2A36B2168023B2831A363A36B2364F1
:10DF8000E36BE26B05EB830300922A46A06C01F081
:10DF90004BFB60B14023E364012384F83530D8E7BC
:10DFA000E36B5B08E363A36B5B00A363DDE72268BD
:10DFB0000020136843F00103136084F83400CCE7B9
:10DFC000319F07087F9E070838B51B4B4FF4FA5264
:10DFD000044602251B68B3FBF2F34FF47A725343F5
:10DFE00090F83420012A20D00122016880F83550B1
:10DFF00080F834200A6822F001020A600268013BBE
:10E0000015D1E36C032543F02003E364136823F484
:10E0100080431360A06C00F033FDE36CE3640123E4
:10E0200084F83530002384F83430284638BD15682C
:10E0300015F00105E3D1E9E70815002490F8341044
:10E040000346184A0129126829D0012180F83410AA
:10E0500090F83510022920D14FF4FA51B2FBF1F2B9
:10E060004FF47A714A43052180F835100068016841
:10E0700021F001010160013A0BD1DA6C032042F07A
:10E080002002DA64012283F83520002283F834204C
:10E09000704719680968C907EDD40020F5E7022028
:10E0A000704700BF0815002438B5036804461D6991
:10E0B00069070DD504225A61C36C43F00203C3649F
:10E0C00080F83520836C1E4A1A65806C00F06CFE67
:10E0D000AA070FD5236802225A61E36C184A43F05D
:10E0E0000103E364042384F83530A36C1A65A06C43
:10E0F00000F05AFEEB0605D52368102220465A612F
:10E100001BF026FF280705D52368082220465A6100
:10E110001BF01FFFE90712D523681A68920703D581
:10E12000DA6822F01E02DA6022682046D36823F003
:10E130000103D360012223685A61FFF76BFD38BDEC
:10E14000319F0708F0B504685D4D866DAC4245D03F
:10E150005C4FBC4242D01837BC423FD01837BC425B
:10E160003CD01837BC4239D01837BC4236D01837AB
:10E17000BC4233D01837BC4230D007F55677BC428A
:10E180002CD01837BC4229D01837BC4226D01837BB
:10E19000BC4223D01837BC4220D01837BC421DD017
:10E1A0001837BC421AD01837BC4217D0464FBC4271
:10E1B00014D01437BC4211D01437BC420ED01437DF
:10E1C000BC420BD01437BC4208D01437BC4205D037
:10E1D0001437BC4202D01437BC4207D1D0E91947EA
:10E1E0006760C46E14B1D0E91C4767600468AC4234
:10E1F00037D0344DAC4234D01835AC4231D018351C
:10E20000AC422ED01835AC422BD01835AC4228D0B9
:10E210001835AC4225D01835AC4222D005F55675DC
:10E22000AC421ED01835AC421BD01835AC4218D0C9
:10E230001835AC4215D01835AC4212D01835AC4266
:10E240000FD01835AC420CD01835AC4209D01E4D59
:10E25000AC421BD1C46D04F01F050124AC407460B6
:10E260000AE0C46D04F01F053F24AC40B4600568AB
:10E270002C6824F480242C60046863608368402B3D
:10E28000036819D19A600368D96014E00F4DAC425D
:10E29000E0D01435AC42DDD01435AC42DAD01435C0
:10E2A000AC42D7D01435AC42D4D01435AC42D1D026
:10E2B0001435AC42CED0F0BD99600368DA60FAE75D
:10E2C0001000024028000240085402581C54025812
:10E2D00002462A4B0068984246D0183398423CD0F8
:10E2E0001833984245D01833984244D01833984296
:10E2F00025D0183398422AD01833984229D01833A1
:10E30000984228D003F5567398422DD0183398427E
:10E310002CD0183398422CD0183398422BD0183375
:10E3200098420CD01833984211D01833984210D02C
:10E33000183398420FD020F0FF00906570470023FB
:10E3400020F47F70D36520F003000430F5E7062346
:10E35000F6E71023F4E71623F2E7062320F47F7094
:10E36000D36520F00300E8E70023F7E7062304481D
:10E37000F4E71023F2E71623F0E700BF1000024095
:10E380002804024002682149D3B28A4228D01431BD
:10E390008A4225D014318A4222D014318A421FD0B9
:10E3A00014318A421CD014318A4219D014318A4265
:10E3B00016D014318A4213D01821103BB3FBF1F36D
:10E3C00013491144A8291ED903F18052012103F0F9
:10E3D0001F0302F5024201FA03F30E4992000EE018
:10E3E0001422083B0121B3FBF2F303F1B05203F016
:10E3F0001F0302F5164201FA03F3074992008366F0
:10E40000C0E9182170470833DEE700BF08540258FE
:10E41000F0FBFDBF80080240805802580279511E6F
:10E42000072910B521D80368134CA3421ED0143419
:10E43000A3421BD01434A34218D01434A34215D0E5
:10E440001434A34212D01434A3420FD01434A34284
:10E450000CD01434A34209D0084B1344084A9B0043
:10E46000C0E91B3201238B40436710BD054B1344A9
:10E47000054A9B00F4E700BF085402583F82001091
:10E48000400902403F9600164059025870B50446B4
:10E4900012F02EFB0646002C00F0F7802368884D12
:10E4A000AB4200F0E180874A934200F0DD801832F1
:10E4B000934200F0D9801832934200F0D580183290
:10E4C000934200F0D1801832934200F0CD80183290
:10E4D000934200F0C9801832934200F0C58002F5E3
:10E4E0005672934200F0C0801832934200F0AF8021
:10E4F00075498B4200F0AB8018318B4200F0A78049
:10E500004832934200F0B080183293424AD0183219
:10E51000934240D01832934244D06C4A934240F028
:10E5200056810222A16884F835200022402984F80F
:10E530003420186820F4FF3020F4F87000F0658172
:10E54000A1F18002514251418903D4E90362D2080A
:10E5500042EAD602666942EAD602A66942EAD602D1
:10E56000E66942EAD602266A42EA161202432046C9
:10E5700011431960564B226813441422B3FBF2F383
:10E580009B00E365FFF7A4FEE36D03F01F02012388
:10E5900093404360B2E0022284F83520002284F8E0
:10E5A000342005E0022284F83520002284F834204B
:10E5B0001A6822F001021A6021680B68DB075AD43E
:10E5C0000B68444A1A40D4E90230034320690343EC
:10E5D00060690343A0690343E0690343206A03437E
:10E5E0001343626A042A02BFD4E90B200243134397
:10E5F000394A1268120C1204B2F1005F0ED362683D
:10E60000A2F12900052807D93F3A132A06D8334832
:10E6100020FA02F2D00701D543F480130B60206882
:10E62000626A4369042A23F0070343EA02035BD1C9
:10E63000A26AE16A1343002956D0A6693EBB012AAB
:10E6400036D032F002024FD1C9014DD533E002215C
:10E65000934284F835104FF0000184F83410A7D0AD
:10E66000194A93429DD1A3E7022284F83520002263
:10E6700084F834209CE712F03BFA801B05289BD9D4
:10E6800020236365032384F83530012070BDB6F57F
:10E69000005F25D1032A27D801A656F822F000BF33
:10E6A000B7E6050849E60508B7E60508B1E6050836
:10E6B000B1F1C07F18D1402363650123E3E700BFB8
:10E6C0001000024028000240400402400854025852
:10E6D000F8ABFDA73F8010FE0010005C0F030F0099
:10E6E000022AE8D9032AAFD043612046FFF7F0FDA4
:10E6F000E36D03F01F023F23934083602368AB4226
:10E7000045D0454A934242D0183293423FD0183206
:10E7100093423CD01832934239D01832934236D0CB
:10E720001832934233D01832934230D002F55672E9
:10E7300093422CD01832934229D01832934226D0DB
:10E740001832934223D01832934220D01832934289
:10E750001DD0183293421AD01832934217D02F4A44
:10E76000934214D01432934211D0143293420ED0FB
:10E77000143293420BD01432934208D01432934295
:10E7800005D01432934202D01432934219D120465C
:10E790000025FFF7F7FDA368802B04BF002363600B
:10E7A000236E22791A60D4E919325A606368013BFA
:10E7B000072B2CD8FFF732FEE36E1D60D4E91C3224
:10E7C0005A6000200123606584F835305EE7144A02
:10E7D00093423FF4A6AE143293423FF4A2AE1432F9
:10E7E00093423FF49EAE143293423FF49AAE1432F9
:10E7F00093423FF496AE143293423FF492AE1432F9
:10E8000093423FF48EAE40233BE710219DE6C4E9DE
:10E810001B556567D5E700BF280002400854025821
:10E820001C54025870B5002800F0208190F8344044
:10E83000012C00F01D81012480F8344090F835400F
:10E84000012C4FF0000440F00C81022580F8355077
:10E85000884D44650468AC421ED0874EB4421BD03C
:10E860001836B44218D01836B44215D01836B4420F
:10E8700012D01836B4420FD01836B4420CD0183625
:10E88000B44209D006F55676B44205D01836B442E3
:10E8900002D01836B442FFD0266826F00106266062
:10E8A000FFF750FC0368AB4200F0C680724A934207
:10E8B00000F0C2801832934200F0BE8018329342BA
:10E8C00000F0BA801832934200F0B68018329342BA
:10E8D00000F0B2801832934200F0AE8018329342BA
:10E8E00000F0AA8002F55672934200F0A58018321B
:10E8F000934200F0A1801832934200F09D801832BC
:10E90000934200F099801832934200F095801832BB
:10E91000934200F091801832934200F08D801832BB
:10E92000934200F089801A6822F00E0242F00A0237
:10E930001A60036C002B40F08F800368AB4245D017
:10E940004D4A934242D0183293423FD018329342FC
:10E950003CD01832934239D01832934236D0183214
:10E96000934233D01832934230D002F5567293421C
:10E970002CD01832934229D01832934226D0183224
:10E98000934223D01832934220D0183293421DD0A4
:10E99000183293421AD01832934217D0374A934212
:10E9A00014D01432934211D0143293420ED0143248
:10E9B00093420BD01432934208D01432934205D0C4
:10E9C0001432934202D0143293420DD1036E1A686E
:10E9D000D20303D51A6842F480721A60C36E1BB169
:10E9E0001A6842F480721A600368AB421ED0224A51
:10E9F00093421BD01832934218D01832934215D04C
:10EA00001832934212D0183293420FD018329342E8
:10EA10000CD01832934209D002F55672934205D0B9
:10EA20001832934202D018329342FFD01A68002065
:10EA300042F001021A6070BD1A6822F01E0242F014
:10EA400016021A60036C002B3FF477AF026813685C
:10EA500043F00803136070E70268136843F004038F
:10EA6000F8E74FF4006380F8344043650120E2E7A3
:10EA70000220E0E71000024028000240085402583B
:10EA8000F8B5044612F034F8064644B194F835302F
:10EA9000022B06D080236365002384F834300120E4
:10EAA000F8BD2368A54DAB4200F06481A44A9342AF
:10EAB00000F060811832934200F05C81183293427A
:10EAC00000F058811832934200F05481183293427A
:10EAD00000F050811832934200F04C81183293427A
:10EAE00000F0488102F55672934200F043811832DB
:10EAF000934200F03F811832934200F03B8118327C
:10EB0000934200F037811832934200F0338118327B
:10EB1000934200F02F811832934200F02B8118327B
:10EB2000934200F027811A6822F00E021A602368CF
:10EB30002768AB4245D0824A934242D01832934272
:10EB40003FD0183293423CD01832934239D0183219
:10EB5000934236D01832934233D01832934230D099
:10EB600002F5567293422CD01832934229D01832B3
:10EB7000934226D01832934223D01832934220D0A9
:10EB8000183293421DD0183293421AD01832934251
:10EB900017D06C4A934214D01432934211D01432DD
:10EBA00093420ED0143293420BD01432934208D0C9
:10EBB0001432934205D01432934202D0143293425D
:10EBC00004D1226E136823F4807313602368AB4270
:10EBD0001ED05B4A93421BD01832934218D0183291
:10EBE000934215D01832934212D0183293420FD06C
:10EBF000183293420CD01832934209D002F5567263
:10EC0000934205D01832934202D018329342FFD07B
:10EC10001A6822F001021A603B68DB0700F1B48039
:10EC20002368E26DAB42A16D02F01F0200F0B880D4
:10EC30004348834200F0B4801830834200F0B08033
:10EC40001830834200F0AC801830834200F0A88076
:10EC50001830834200F0A4801830834200F0A08076
:10EC60001830834200F09C8000F55670834200F01B
:10EC700097801830834200F093801830834200F070
:10EC80008F801830834200F08B801830834200F070
:10EC900087801830834200F08380183083427FD011
:10ECA000183083427CD0012393404B602368AB42F1
:10ECB0004DD0234A93424AD01832934247D018325B
:10ECC000934244D01832934241D0183293423ED0FE
:10ECD000183293423BD01832934238D002F5567224
:10ECE000934234D01832934231D0183293422ED00E
:10ECF000183293422BD01832934228D018329342C4
:10ED000025D01832934222D0183293421FD00D4A98
:10ED100093421CD01432934219D01432934216D02D
:10ED20001432934213D01432934210D014329342CF
:10ED30000DD0143293420AD006E000BF100002400A
:10ED40002800024008540258143293420BD1D4E9EF
:10ED500019325A60E36E33B11A6822F480721A6075
:10ED6000D4E91C325A600123002084F8353084F83D
:10ED7000340095E61A6822F01E021A602268536970
:10ED800023F080035361D2E611F0B2FE801B052808
:10ED90007FF642AF20236365032384F835307BE69A
:10EDA0003F2393408B6081E72DE9F84F28B190F81D
:10EDB0003530022B03D0802343650120C3E0036874
:10EDC000DFF8F4A1534500F0C480DFF8F0914B4523
:10EDD00000F0BF80DFF8E881434500F0BA80DFF83B
:10EDE000E4E1734500F0B580DFF8DCC1634500F075
:10EDF000B0806A4FBB4200F0AC80694EB34200F075
:10EE0000A880684A934200F0A48002F556729342AB
:10EE100000F09F801832934200F09B80183293429A
:10EE200000F097801832934200F083805E498B4255
:10EE30007BD05E4DAB4200F088805D4CA34278D021
:10EE400048318B4200F08580D3F800B02BF00E0BD8
:10EE5000C3F800B0036853457FD1D3F800B02BF05E
:10EE6000010BC3F800B0036853453CD04B453AD082
:10EE7000434538D0734536D0634534D0BB4232D099
:10EE8000B34230D047498B422DD001F556718B42A9
:10EE900029D018318B4226D018318B4223D093428F
:10EEA00021D0414A93421ED0AB421CD0A3421AD07B
:10EEB0004832934217D03F4A934214D014329342BF
:10EEC00011D0143293420ED0143293420BD014322C
:10EED000934208D01432934205D01432934202D0A8
:10EEE0001432934217D1026E136823F480731360B7
:10EEF000D0E9161303F01F02012393404B60D0E9C1
:10EF000019325A60C36E33B11A6822F480721A60E3
:10EF1000D0E91C325A60012380F83530002380F894
:10EF20003430036D73B198470CE0042280F835202B
:10EF300004E00421934280F83510F9D11A6822F0D8
:10EF400001021A600020BDE8F88F042280F8352005
:10EF5000F4E7042280F83520F0E74B453FF47DAF1D
:10EF600043453FF47AAF73453FF477AF63453FF4D1
:10EF700074AFBB423FF471AFB3423FF46EAF094987
:10EF80008B423FF46AAF01F556718B423FF465AF97
:10EF900018318B423FF461AF5FE700BF8800024049
:10EFA000A0000240B8000240700402408804024001
:10EFB000A0040240085402581000024028000240F9
:10EFC00040000240580002407000024000232DE93A
:10EFD000F74F01930446974B974FD3F8008003688F
:10EFE000866DBB42356831684DD0DFF85CB25B4559
:10EFF00049D0924A934246D01832934243D01832B5
:10F00000934240D0183293423DD0183293423AD0C6
:10F010001832934237D002F55672934233D01832E9
:10F02000934230D0183293422DD0DFF820A25345BE
:10F0300029D0DFF81C924B4525D0DFF818E2734544
:10F0400021D0DFF814C263451DD07D4883421AD019
:10F050007C4A934240F0F081E26D1D6802F01F0887
:10F06000042202FA08F20A4200F03C8215F0040F72
:10F0700000F038822904726040F1FD81EA0300F15A
:10F080002B82A36C63E1E26D02F01F0108228A402B
:10F090002A4210D01A6850070DD51A6822F00402CF
:10F0A0001A60E36D03F01F0208239340B360636DA1
:10F0B00043F001036365E36D012203F01F039A40EF
:10F0C0002A4235D02368BB422ED05F498B422BD0D9
:10F0D00018318B4228D018318B4225D018318B4201
:10F0E00022D018318B421FD018318B421CD01831DE
:10F0F0008B4219D001F556718B4215D018318B42D5
:10F1000012D018318B420FD018318B420CD01831ED
:10F110008B4209D018318B4206D018318B4203D074
:10F1200018318B4240F09A805B69190600F1988093
:10F13000E36D042203F01F039A402A4233D0236870
:10F14000BB422DD040498B422AD018318B4227D068
:10F1500018318B4224D018318B4221D018318B4288
:10F160001ED018318B421BD018318B4218D001F5BC
:10F1700056718B4214D018318B4211D018318B420A
:10F180000ED018318B420BD018318B4208D0183179
:10F190008B4205D018318B4202D018318B4265D199
:10F1A0001B689B0764D4E36D102203F01F039A4091
:10F1B0002A426BD02368BB422DD023498B422AD0F0
:10F1C00018318B4227D018318B4224D018318B4212
:10F1D00021D018318B421ED018318B421BD01831F0
:10F1E0008B4218D001F556718B4214D018318B42E6
:10F1F00011D018318B420ED018318B420BD0183100
:10F200008B4208D018318B4205D018318B4202D086
:10F2100018318B4232D11B6813F0080F36D0B26020
:10F2200023681A68500340F19A801B68190329D497
:10F23000236C28E008150024100002404000024022
:10F24000B804024008540258280002405804024002
:10F250007004024088040240A00402401B6867E773
:10F26000B260636D43F00203636561E71B689AE770
:10F27000B260636D43F00403636594E71B6813F0A9
:10F28000040FCBE7A36C0BB120469847E36D202217
:10F2900003F01F039A402A4277D02368BB422DD047
:10F2A00098498B422AD018318B4227D018318B4293
:10F2B00024D018318B4221D018318B421ED0183106
:10F2C0008B421BD018318B4218D001F556718B42FE
:10F2D00014D018318B4211D018318B420ED0183116
:10F2E0008B420BD018318B4208D018318B4205D09D
:10F2F00018318B4202D018318B4239D11B6813F080
:10F30000100F42D0B26094F83530042B23681A688D
:10F3100032D122F016021A602268536923F080036A
:10F320005361236C0BB9A36C23B12268136823F0DB
:10F3300008031360E36D03F01F023F239340B360A3
:10F34000012384F83530002384F83430236D002BFA
:10F3500000F08E80204603B0BDE8F04F18471A68D1
:10F36000D2053FF565AF1A6822F008021A605FE720
:10F370001B6813F0020FC4E756034ED51B681D032C
:10F3800058D4636C0BB120469847636D002B6FD047
:10F39000636DD8073FD5042384F835302368BB421A
:10F3A0001ED0584A93421BD01832934218D01832BC
:10F3B000934215D01832934212D0183293420FD094
:10F3C000183293420CD01832934209D002F556728B
:10F3D000934205D01832934202D018329342FFD0A4
:10F3E0001A6822F001021A604FF416532268B8FB23
:10F3F000F3F8019B01334345019302D81368D90701
:10F40000F7D41368DB074CBF0323012384F835309E
:10F41000002384F83430E36C99E71A6812F48072A0
:10F4200008D1196821F010011960012384F83420F3
:10F4300084F83530E36BA5E7334A93423FF40CAED2
:10F44000143293423FF408AE143293423FF404AEB8
:10F45000143293423FF400AE143293423FF4FCADB9
:10F46000143293423FF4F8AD143293423FF4F4ADBA
:10F4700003B0BDE8F08FAB062ED42368BB4227D083
:10F480005B4525D0214A934222D0183293421FD0A7
:10F49000183293421CD01832934219D0183293423A
:10F4A00016D01832934213D002F5567293420FD001
:10F4B000183293420CD01832934209D0534507D0EA
:10F4C0004B4505D0734503D0634501D0834205D138
:10F4D0001A6822F008021A60236C38E71A6822F0D2
:10F4E0000402F8E7022202FA08F20A424DD015F0AF
:10F4F000020F4AD072602E040AD5E8033FD4636C31
:10F5000025E700BF280002401C540258400002407A
:10F51000A90634D42368BB4227D05B4525D0274AAF
:10F52000934222D0183293421FD0183293421CD0FB
:10F530001832934219D01832934216D0183293429F
:10F5400013D002F5567293420FD0183293420CD06A
:10F550001832934209D0534507D04B4505D0734527
:10F5600003D0634501D083420BD11A6822F0140204
:10F570001A60012384F83530002384F83430E36BBB
:10F58000E5E61A6822F00A02F2E7082202FA08F217
:10F590000A423FF46DAF2A077FF56AAF1A6822F07E
:10F5A0000E021A600122E36D03F01F0302FA03F357
:10F5B0007360626584F835202AE700BF400002408E
:10F5C00030B50468174DAC421ED01835AC421BD084
:10F5D0001835AC4218D01835AC4215D01835AC42AD
:10F5E00012D01835AC420FD01835AC420CD01835BB
:10F5F000AC4209D005F55675AC4205D01835AC4281
:10F6000002D01835AC42FFD063608368402B03689A
:10F6100003D19A600368D96030BD99600368DA60ED
:10F62000FAE700BF1000024070B58468802C04D156
:10F630004FF48073436501209EE190F83440012C23
:10F6400000F09E81012480F8344090F83540012C70
:10F6500040F0938102247C4D80F8354000244465BD
:10F660000468AC4200F0E180784EB44200F0DD80E6
:10F670001836B44200F0D9801836B44200F0D58074
:10F680001836B44200F0D1801836B44200F0CD8074
:10F690001836B44200F0C9801836B44200F0C58074
:10F6A00006F55676B44200F0C0801836B44200F039
:10F6B000BC801836B44200F0B8801836B44200F06E
:10F6C000B4801836B44200F0B0801836B44200F06E
:10F6D000AC801836B44200F0A8801836B44200F06E
:10F6E000A480266846F4004646F02006266004689A
:10F6F0002361D0E9164303F01F060123B340636082
:10F70000049BFFF75DFF0368AB4245D04F4A93422D
:10F7100042D0183293423FD0183293423CD0183234
:10F72000934239D01832934236D01832934233D0B4
:10F730001832934230D002F5567293422CD01832D0
:10F74000934229D01832934226D01832934223D0C4
:10F750001832934220D0183293421DD0183293426F
:10F760001AD01832934217D0394A934214D0143227
:10F77000934211D0143293420ED0143293420BD0E4
:10F780001432934208D01432934205D0143293427B
:10F7900002D01432934207D1D0E919325A60C36EB5
:10F7A00013B1D0E91C325A600368AB4252D0274AE9
:10F7B00093424FD0183293424CD01832934249D0E2
:10F7C0001832934246D01832934243D018329342B3
:10F7D00040D0183293423DD002F55672934239D050
:10F7E0001832934236D01832934233D018329342B3
:10F7F00030D0183293422DD0183293422AD018328A
:10F80000934227D01832934224D01A6822F00E0275
:10F8100042F00A021A60036C13B9836C002B2DD0DE
:10F820000268136843F0040327E0266846F4802644
:10F83000266004682361D0E9164303F01F063F23C6
:10F84000B340A3605CE700BF100002402800024004
:10F85000085402581A6822F01E0242F016021A607A
:10F860000268536943F080035361036C0BB9836CE6
:10F8700023B10268136843F0080313600368AB42C6
:10F8800045D0404A934242D0183293423FD018327A
:10F8900093423CD01832934239D01832934236D03A
:10F8A0001832934233D01832934230D002F5567258
:10F8B00093422CD01832934229D01832934226D04A
:10F8C0001832934223D01832934220D018329342F8
:10F8D0001DD0183293421AD01832934217D02A4AB8
:10F8E000934214D01432934211D0143293420ED06A
:10F8F000143293420BD01432934208D01432934204
:10F9000005D01432934202D0143293420DD1036ECB
:10F910001A68D20303D51A6842F480721A60C36E63
:10F920001BB11A6842F480721A600368AB421ED0A1
:10F93000144A93421BD01832934218D01832934283
:10F9400015D01832934212D0183293420FD0183289
:10F9500093420CD01832934209D002F5567293426A
:10F9600005D01832934202D018329342FFD01A6861
:10F97000002042F001021A6070BD4FF4006359E6A6
:10F980000220F9E72800024008540258036814488E
:10F9900083421ED0183083421BD01830834218D0C7
:10F9A0001830834215D01830834212D01830834269
:10F9B0000FD0183083420CD01830834209D000F5A4
:10F9C0005670834205D01830834202D018308342EB
:10F9D000FFD012B9D960002070471961FBE700BF62
:10F9E0001000024030B502680C6802F580521368BE
:10F9F00023F4F04323F002032343136004680B7BDA
:10FA000004F580540D79DB03626843EA05338D68A1
:10FA100022F450422B4322F0010213436360026838
:10FA20004C7B0B6A02F5805243EA0443D2F8005142
:10FA3000134C2C402343C2F800314B7F0C7D0268ED
:10FA40001B0302F5805243EA04130C69D2F80451F7
:10FA500023430C4C2C402343C2F8043100680C7F34
:10FA600000F580508B69D0F8082143EAC47322F076
:10FA7000004222F47C121343C0F8083130BD00BFAD
:10FA800000C0FEFFEFEFC0FF2DE9F74F846A01923F
:10FA900000EB84068F68B369DA68002A62DBF26AD9
:10FAA000002A5FD10A6852072BD5DD684A6A2D0CFF
:10FAB0002D041543DD60DA6842F48032DA600568AF
:10FAC0002A6E42F480122A660A68150719D59A68C8
:10FAD000CD6A92B242EA05429A60DA6842F4003294
:10FAE000DA60DA680D6B22F440222A43DA60056896
:10FAF0006A6E42F480126A6605682A6D42F080627E
:10FB00002A650A68D2060BD59D688A6925F47F5557
:10FB100025F03F0515439D60DA6842F08062DA60A7
:10FB20000A6812F0140921D0DA6842F08042DA60E3
:10FB3000BFF35F8F04F10108DA68B8F1030F42F0F8
:10FB4000004288BFA4F10308DA6000EB88039B69D8
:10FB5000DA68002A7EDAB269BFF35F8FD36823F0D8
:10FB60000043D360022003B0BDE8F08FA0463A689E
:10FB70001A609D687A6825F47F5525F03F05154386
:10FB80009D60BA68844D002A67D017685F609F68DF
:10FB90002F40556847EA05479F600D68DF68ED060E
:10FBA00061D50D6A27F4F00747EAC545DD60DF68D7
:10FBB000CD69BF0CBF042F43DF60DD6845F48025AD
:10FBC000DD600D686F0705D59F688D6A27F4404793
:10FBD0003D439D60DD6845F00055DD60DD6825F042
:10FBE0008045DD60BFF35F8FDD6845F00045DD6077
:10FBF0000D68AD0705D5DF68CD6827F060773D4318
:10FC0000DD600025DFF890E1DFF890B1DFF890A12A
:10FC10009768002F40D1019A002A00F0B9809A68B5
:10FC200042F000429A60DA6842F08052DA6000EBFB
:10FC30008803C26BDA62C0F82880EFF310820123D8
:10FC400083F31088036C01332B44036482F3108820
:10FC5000002088E74FF0010989E75A609A682A4036
:10FC60009A603A4699E727F4FF474D6827F07F07E7
:10FC70002F43DF600D68EF0705D5DF684D6927F476
:10FC800040373D43DD600D68AD069AD5DF680D69EC
:10FC900027F040673D4393E708F1010CDF68BCF1B2
:10FCA000030F27F0805788BFA8F1030CDF6000EB3B
:10FCB0008C08D8F81830DF6827F00057DF60DF685D
:10FCC000002F17DA09F1010200212A44B569914297
:10FCD0003FF448AFBFF35F8FEB68013123F000437F
:10FCE000EB60631C032B88BFE31E00EB8304A56954
:10FCF0001C46ECE7D8F82C70002FE3D197683A68DF
:10FD00001A609A6822F47F587A6828F03F0848EA17
:10FD100002029A60BA6822B317685F609F6807EAB8
:10FD20000E08576848EA07479F600F6817F0100FE2
:10FD3000DF681DD007EA0A08CF6948EA0707DF60D5
:10FD4000DF6847F48027DF600135BFF35F8FDF682E
:10FD5000E04647F00047DF60DF6827F08047DF605C
:10FD600056E75A609A6802EA0E029A603A46DCE761
:10FD700007EA0B084F6848EA0707DF600F68FF07CC
:10FD8000E2D5DF6827F440384F6948EA0707DAE729
:10FD90009A6822F0004245E7FFFF00C00080FFFFA5
:10FDA0000000FCFF38B505460068D0F80042E407C3
:10FDB00001D5012038BDD0F800429BB224F0787400
:10FDC00044EA415121F4F81141EA02420C4922F07F
:10FDD0000C02C1F8043242F00502C1F8002210F012
:10FDE00087FE04462B68D3F8000210F00100E1D032
:10FDF00010F07EFE001BB0F57A7FF3D9D9E700BF83
:10FE00000080024038B503680546D3F80042FDF78C
:10FE1000E9FF114B24F47064984205D844F400744F
:10FE20002B68C3F8004238BD0C4B984202D244F410
:10FE30004074F5E70A4B9842F2D90A4B984202D82F
:10FE400044F48074ECE7084B984294BF44F4806417
:10FE500044F4A064E4E700BFBF0E160200879303DA
:10FE6000FFE0F5057FD1F0087FB2E60E70B50446DD
:10FE7000A4B0002800F0B080D0F8843023B920234B
:10FE8000C0F884301AF06EF9914BD3F8F42042F0A8
:10FE90000202C3F8F420D3F8F430207A03F002030E
:10FEA0000193019B002840F08780FDF7EFFE894B0E
:10FEB0005B68236803F580531A6842F001021A60F8
:10FEC00010F016FE0646236803F580531D6815F0F2
:10FED000010574D120460126FFF794FFFDF782FF4C
:10FEE0007D4A23684FF4804114958DF854508DF865
:10FEF00064501A951D958DF86C508DF88E501F9595
:10FF0000ADF880508DF882501695ADF85C500D9587
:10FF10008DF83E501C958DF830608DF84C60ADF832
:10FF20008C608DF85E608DF87860B0FBF2F001387F
:10FF3000C3F8DC004FF4C363022018934FF0405322
:10FF40000B934FF40053CDE910134FF480330BA9FA
:10FF500012932023CDE92103604B20460E9340F2FB
:10FF60000113ADF83C3019F0F5FF4FF4001302A96E
:10FF700020460295069308934FF40673ADF814508B
:10FF80008DF81C50ADF824500A938DF80C6004963F
:10FF9000FFF728FD226802F58052D2F8003123F4E1
:10FFA000E01343F40023C2F80031656915F0030241
:10FFB00015D0C4F888600CE04FF4000075E710F02D
:10FFC00097FD801BB0F5FA7F7FF67DAF0423C4F860
:10FFD0008830E023C4F88430012024B070BD20466E
:10FFE00050F8141B01F58051D1F8083123F4FF4378
:10FFF00023F07E0343EA4503C1F808311146134656
:020000040806EC
:10000000E6687518735018316B606029AB60EB605F
:1000100040F8045FF4D1A3620321236804F1440093
:1000200003F58053C3F82C112368E16803F580536E
:10003000C3F814112368E16803F58053C3F8201155
:1000400000232569A918AB5018324B60602A8B60D9
:10005000CB60C1E9043340F8041FF2D122680321C8
:10006000A36502F58052C4E91733C4E91A33C2F814
:1000700030112268216902F58052C2F81C112268F1
:10008000216902F580524831C2F8281162689188CE
:100090002268C2F80013626811682268C2F804136B
:1000A00021680F4AD1F80C0702430020C1F80C2741
:1000B0002168D1F8102742F0426242F44042C1F870
:1000C0001027C4F888301023C4F8843085E700BFB7
:1000D000004402580004005840420F000000010193
:1000E0006000020C41B30268144B90680340C8687A
:1000F000034308780343C87843EA4003087943EA96
:100100008003087A43EAC003487943EA0013C879B8
:1001100043EA0023887943EA4023887843EA80232E
:100120004878497A43EAC073481E41424141002061
:1001300043EA4113936070470120704700F8FF7F46
:100140002DE9F04F066889B0044630461BF06AFB83
:100150000390002840F06E8120681BF035FB0028DA
:1001600000F06881D6F8083806F500652068C3F30A
:100170000D23C4F8D4341BF027FB870704D522686D
:10018000536903F00203536120681BF01DFBC00696
:100190002CD52268936923F010039361D6F8208050
:1001A000C8F3434308F00F07022B40F0468147F69F
:1001B000F07318EA030F14D02423C8F30A19304649
:1001C00003FB07474A46D7F860121BF03DFAD7F801
:1001D00060324B44C7F86032D7F868324B44C7F8F6
:1001E00068322268936943F01003936120681BF022
:1001F000EBFA010300F1338120681BF0E5FA4203BA
:100200000DD5274606F5106B4FF0000A20681BF04D
:10021000E7FA0490049B2068002B40F0EA812068F4
:100220001BF0D2FA002813DA6B6823F001036B602D
:1002300094F8CC34012B40F082820021204684F8CF
:10024000CC141AF024FD2268536903F00043536173
:1002500020681BF0B9FA03050AD5AB68DF0702D5A1
:100260002046F7F741F82268536903F400635361AD
:1002700020681BF0A9FA000115D52268536903F024
:100280000063536194F8CC34002B40F05C82012170
:100290002368204684F8CC145B6DC3F38303C4F851
:1002A000D0341AF0F4FC20681BF08EFAC10433D568
:1002B0006B68102123F001036B6020681BF0CEF8FF
:1002C00006F510634FF67F3122790398824200F2DF
:1002D0003E82EB6943F00113EB61E37B002B00F0FE
:1002E0005582D5F8843043F00B03C5F884306B6C2D
:1002F00043F00B036B64D6F8003804F29C4223F4FD
:10030000FE63C6F80038A179206801F0C5F92268BB
:10031000536903F48053536120681BF055FA82043B
:1003200016D520681BF082FA20681BF0E2F82768D7
:10033000E071FDF757FDE2790146384600F038FFDD
:100340002046F6F793FF2268536903F40053536184
:1003500020681BF039FA030707D520461AF029FB5D
:100360002268536903F00803536120681BF02CFADC
:10037000070600F1168220681BF026FAC0020CD591
:10038000A04606F5126901272379BB4200F22282BA
:100390002268536903F48013536120681BF014FA38
:1003A00081022AD5234606F532614FF0010C2079EF
:1003B00060451DD993F87C720868012F40F02082B7
:1003C000002880F21D82D4F8D42482EA1040C207AB
:1003D00000F1168283F87B72B06940F08000B06152
:1003E0007069000600F10C826B6843F400736B6067
:1003F0002268536903F40013536120681BF0E4F989
:10040000410007D52046F6F75BFF2268536903F0E9
:100410008043536120681BF0D7F942070AD523684F
:100420005D686B0702D52046F6F754FF22685368D3
:100430002B43536009B0BDE8F08F062B7FF4D1AE9B
:10044000082204F29C413046C8F30A181BF0FCF85D
:10045000242303FB0747D7F868324344BFE606F579
:100460003068A246002720681BF0B2F90490049B74
:100470002068002B3FF4C0AE049BDB0765D55FFA14
:1004800087FB59461BF0B4F910F0010F81461ED0CE
:100490000123C8F80830206894F806C000F53063DE
:1004A000016CBCF1010F03EB47139A687BD112F08A
:1004B000080F07D0B348814209D9120407D54FF479
:1004C000004203E012F0200F48D020229A6019F079
:1004D000080F0FD00823AB49C8F808302368186C00
:1004E00003F53063884203EB47139A6870D82046BF
:1004F000F6F70EFF19F0100F02D01023C8F80830DD
:1005000019F0020F14D07369190603D56B6843F410
:1005100080636B609AF85732012B06D1002359464D
:1005200020468AF857321AF045FA0223C8F80830F4
:1005300019F0200F02D02023C8F8083019F4005F0A
:1005400003D04FF40053C8F80830049B013708F17A
:1005500020080AF1240A5B08049388E712F0280FA8
:10056000B5D1DFF820C2614501D91204A7D41A69B8
:10057000DAF87432C2F312029B1ACAF868326FB901
:10058000D4F864222AB904F29C42012101F084F8D3
:1005900004E0D4F860221A44C4F860225946204688
:1005A00017F09DF893E7DFF8E0C1614506D111042B
:1005B00085D49206F2D520229A60EFE7002FEDD184
:1005C000D4F86432002BE9D104F29C423946DDE7CD
:1005D000100402D54FF400429A602046F6F798FEC8
:1005E000A179012986D104F29C42206801F054F8D7
:1005F00080E7049BDA0740F199805FFA8AF3194695
:1006000005931BF0FEF810F0010F80461FD001216A
:100610000AF00F026B6B01FA02F223EA02036B632A
:10062000CBF80810A17901290DD1D7E9072313448C
:100630003B62BAF1000F06D1636A23B904F29C420F
:10064000206801F029F80599204617F05EF818F0A7
:10065000080F02D00823CBF8083018F0100F02D092
:100660001023CBF8083018F0400F02D04023CBF80D
:10067000083018F0020F0FD0514630461AF0EEFE47
:10068000FB7D012B05D1002305992046FB7517F052
:100690004EF80223CBF80830236818F0800F069339
:1006A00044D0D7E909329A4240D8A3EB0208FB694B
:1006B000984528BF9846069B08F1030803F5106388
:1006C0004FEA980803EB4A130793079B996989B28D
:1006D0004145D7E9093227D393420BD8069B0AF04C
:1006E0000F000121D3F83428814022EA0102C3F827
:1006F00034281BE0A3EB0209FB69059A994506988B
:1007000028BF9946A37900931FFA89F3396A09F142
:1007100003081AF086FF3B6A4FEA98084B443B6295
:10072000BB6A4B44BB62D0E79342D7D9049B0AF122
:10073000010A24370BF1200B5B0804936AE520467D
:10074000F6F7DCFD7FE52046F6F7CEFDABE59960D8
:10075000203353F8202C22F4001243F8202CC3F845
:10076000E811D3F8E02122F40012C3F8E021D3F815
:10077000E02142F00062C3F8E021039A01320392C3
:10078000A2E500BF0A30544F0A31544F6B6943F45D
:10079000005343F02B036B612B6943F00B032B6178
:1007A000A9E5B369012704F257284FF0240923F083
:1007B0008003B3612379BB427FF6DDAD09FB07F30C
:1007C00018F80330012B03D1F9B220461AF019FAB8
:1007D0000137EFE798F83C30D9F80020012B09D118
:1007E000002A07DA67F07F01204688F83B30C9B25B
:1007F0001AF007FA013708F1240809F12009C3E5C6
:100800000CF1010C24332031D1E500BF37B504468B
:1008100010F06EF90546002C41D094F841302BB908
:1008200020461AF016FB41F28833A3642168204663
:10083000A3680A68013B22F4F85242EA03220A60E4
:100840000022A36C202100932B461AF0DBFA20BB78
:100850002168E569E3680A682B43256A22F07F4234
:100860002B43656822F0D00243EA056313430B6013
:100870002168D4E905324D681343226943EA0243F3
:10088000084A2A4013434B602268136843F001036F
:1008900013600123606484F8413003B030BD01204F
:1008A000FBE700BFFEF8E0FF38B50368044699682F
:1008B0001A68480734D5550332D594F84120122AD6
:1008C00014D122689168480703D420461AF03DFCF1
:1008D00038BDE16AF9B1626A127883F82020626A51
:1008E00001326262E26A013AE262EAE794F8412088
:1008F000222AEAD1226891684907E6D5A16B51B155
:1009000093F82010226B1170226B01322263A26BCC
:10091000013AA263EEE7136823F480231360D4E75F
:100920008D076CD590036AD50222DA6022681368BD
:1009300023F4E023136094F84130122B14D1236880
:100940001A68510709D51A6822F004021A60E36B8D
:100950001A68D36823F00103D3600123204684F88A
:10096000413017F0E1FCB3E794F84130222B27D156
:1009700023681A6852071DD51A6822F004021A600B
:10098000E36B1A68D36823F00103D3600123204688
:1009900084F8413017F0C5FC9AE7A26B002AF5D025
:1009A00093F82010226B1170226B01322263A26B2C
:1009B000013AA2632268926812F47C5FEDD1E5E708
:1009C00094F84130022B06D10123204684F84130AF
:1009D00017F0A4FC7CE794F84130082B7FF478AF43
:1009E00022682046536923F040635361012384F851
:1009F0004130636C002B3ED11AF0A6FB68E70D076F
:100A000012D5100310D50822DA6023681A6855023F
:100A100006D51A6822F410221A60012384F84130A6
:100A2000204617F084FC53E7C80727D5D50325D502
:100A30000125DD602268136823F470231360636C62
:100A400043F00203636423681A68500710D51A68DC
:100A500022F004021A600F4AE36B9A65E06B19F00A
:100A6000CDFE00283FF434AF636C43F004036364AD
:100A7000204684F8415017F04BFC29E7C9067FF562
:100A800027AFD2027FF524AF10222046DA6017F09C
:100A900051FC1DE70FB1070838B50D460446F0B10B
:100AA00090F82C3003F0FF021BB980F82D201AF0CB
:100AB0004DFB0223211D206884F82C3000F066F8DD
:100AC0006268294620681AF08CFB064A00201368E9
:100AD00043F000431360012384F82C3038BD01201B
:100AE000FCE700BF00400052264BF0B55C5CD2E949
:100AF0000237065905193B43176926F477263B430D
:100B0000576926F47E663B4397693B43D7693B436D
:100B1000976A3B43D76B3B43176C3B4333430351CB
:100B2000D36A93B16E69176B26F007063B433343D4
:100B30006B610359566B23F0C07333430351035960
:100B4000966B23F4C00333430351536801F1805182
:100B5000EB6001F502411368AB606B68146A1B0C13
:100B60001B0423436B60084B526AC01A18BF012054
:100B7000400150F8213023F0FF03134340F82130A7
:100B80000020F0BD57B908080000024030B50A68DF
:100B90004D6AD1E907342343154C92B902682B43BF
:100BA000224013434A6813438A681343CA681343B5
:100BB0000A6913434A6913438A6913430360002097
:100BC00030BD02682B4322F4F842134303604368AC
:100BD0004A68234013438A681343CA6813430A6967
:100BE00013434A6913438A6913434360E7E700BF2D
:100BF0000080FFFF024B1868C0F34040704700BF01
:100C000000440258024B1868C0F38000704700BFD0
:100C100000440258024B1868C0F30020704700BF20
:100C200000440258044B054A9B6903F00F03D35C50
:100C300003F01F03D8407047004402585FB908080A
:100C4000044B054ADB69C3F30213D35C03F01F03B3
:100C5000D8407047004402585FB90808044B054A61
:100C6000DB69C3F30223D35C03F01F03D840704752
:100C7000004402585FB90808044B054A1B6AC3F3D5
:100C80000213D35C03F01F03D8407047004402589E
:100C90005FB908082F4A73B5936A044603F003034B
:100CA000012B4BD0022B4FD0002B3DD00025002331
:100CB0002848C4E90033A360816A026BC36AC1F3A8
:100CC000051113F0010302D0436BC3F3CC0349B306
:100CD000C66AC2F30802F60302F1010208D5006BEE
:100CE000C0F346200130009028461AF0D8FA206060
:100CF0001848C66AB60308D5006BC0F30640013039
:100D0000009028461AF0CBFA60601248C66A760353
:100D100008D5006BC0F306600130009028461AF039
:100D2000BEFAA06002B070BDFFF76CFF0028BDD016
:100D30001368094DC3F3C103DD40B8E7FFF76AFF4D
:100D40000028B3D0054DB2E7FFF754FF0028ADD01F
:100D5000034DACE7004402580090D00300093D0069
:100D600040787D011FB5104A136903F03803102B3A
:100D700017D007D853B1082B0C4818BF002005B076
:100D80005DF804FB182B07D00020F8E7136808482B
:100D9000C3F3C103D840F2E701A8FFF77BFF019836
:100DA000EDE70448EBE700BF0044025800093D00AE
:100DB0000090D00340787D0110B50446FFF7D2FFC4
:100DC0002060FFF72FFF0146A060FFF739FFE060CA
:100DD0000846FFF743FF084B206108469B69074A16
:100DE000C3F30213D35C03F01F0321FA03F363611F
:100DF000FFF742FFA06110BD004402585FB9080828
:100E0000284A0368904235D0B0F1804F32D0A2F525
:100E10007C4290422ED002F5806290422AD002F5A8
:100E20008062904226D002F57842904222D002F5AC
:100E30007052904223D1CA6823F440731343036075
:100E40008B68C3620B888362164B98420FD003F500
:100E5000806398420BD003F57053984207D003F596
:100E60008063984203D003F58063984213D10B69E5
:100E7000036310E023F070034A681343DBE70A4A78
:100E80009042D8D002F580629042D4D003608B6843
:100E9000C3620B888362436943F00103436100200E
:100EA000704700BF0000014000440140B1F5805F81
:100EB00030B500F011810AD8102900F08680B1F514
:100EC000807F00F0C68001293DD0012030BDB1F502
:100ED000803F00F03681B1F5801FF6D1036A23F41C
:100EE00080130362036A416D146823F4001321F038
:100EF000807121F4E04141EA0424116943EA01537D
:100F0000516823F4801343EA0153A84988420FD063
:100F100001F5806188420BD001F57051884207D0FD
:100F200001F58061884203D001F58061884206D1D5
:100F30004168956921F4802141EA85214160446539
:100F4000D268C2653EE0036A23F001030362036ACC
:100F50004168846923F00203156824F4803424F086
:100F600073042C4315692B43556823F001032B436D
:100F70008E4DA8420FD005F58065A8420BD005F52F
:100F80007055A84207D005F58065A84203D005F545
:100F90008065A84212D1556923F0080321F48071BD
:100FA00043EA8503956823F0040343EA85039569C2
:100FB0002943D56921F4007141EA4501416084610A
:100FC000D26842630362002080E7036A23F01003C3
:100FD0000362036A4168846923F02003156824F0E2
:100FE000807424F4E64444EA0524156943EA0513B1
:100FF000556823F0100343EA05136C4DA8420FD047
:1010000005F58065A8420BD005F57055A84207D0BC
:1010100005F58065A84203D005F58065A84213D187
:10102000556923F0800321F4806143EA85139568B4
:1010300023F0400343EA8513956941EA8501D569A8
:1010400021F4006141EAC50141608461D268826394
:10105000B8E7036A23F480730362036A4168C469D2
:1010600023F40073156824F4803424F073042C43B3
:10107000156943EA0523556823F4807343EA052381
:101080004A4DA8420FD005F58065A8420BD005F562
:101090007055A84207D005F58065A84203D005F534
:1010A0008065A84213D1556923F4006321F480516F
:1010B00043EA8523956823F4806343EA8523956991
:1010C00041EA0511D56921F4005141EA4511416019
:1010D000C461D268C26375E7036A23F48053036274
:1010E000036A4468C16923F40053156821F08071D4
:1010F00021F4E64141EA0521156943EA05335568C3
:1011000023F4805343EA0533284DA8420FD005F558
:101110008065A8420BD005F57055A84207D005F5AB
:101120008065A84203D005F58065A84204D124F467
:101130008044956944EA85144460C161D2680264C0
:1011400040E7036A23F480330362036A416D146845
:1011500023F4003321F4803121F070010C43116934
:1011600043EA0143516823F4803343EA01430F49C2
:1011700088420FD001F5806188420BD001F5705193
:10118000884207D001F58061884203D001F5806173
:10119000884206D14168956921F4803141EA0521F0
:1011A00041604465D268816D82650BE700000140B3
:1011B000022A4AD1274B284A0B44934239D9274B5C
:1011C000274A0B44934236D9A1F57403254AA3F567
:1011D0001053934231D9A1F18373234AA3F5E74316
:1011E00093422CD3214B224A0B44934229D9214BC1
:1011F000214A0B44934226D3204B214A0B4493426D
:1012000023D3A1F1B7731F4AA3F5585393421ED3BA
:101210001D4B1E4A0B4493422CBF06230723C26872
:1012200022F47052C260C26842EA8323C360002085
:1012300070470F23F3E70E23F1E70D23EFE70C23AD
:10124000EDE70B23EBE70A23E9E70923E7E70823A8
:10125000E5E700BF405327FFFF340C00401E1BFF93
:101260003F420F007F4F120020D6130060B6E5FE0C
:101270005FE3160000D3CEFE40771B00C05BB3FED9
:10128000C091210020753800E05459FEE09C4100D7
:1012900084B0F8B5044607A880E80E0000239DF846
:1012A0001C509DF82660194603F14002013304EBFF
:1012B00082020F2B5160F7D104F50067002E4ED14A
:1012C0007B6843F002037B60A36B23F40013A363EA
:1012D000236843F040032360236843F080032360C6
:1012E0000023C4F8003E9DF82130012B3ED19DF82B
:1012F0001F10002938D120461AF0F4F8102120469A
:101300001AF0ACF8014620461AF0CBF80843002347
:1013100004F51062C0B23B6100387B61FB6118BF0D
:101320000120002D4AD0D4F80019994220DA4FF05C
:101330000061C4F8001900214FF67F3C01331161B0
:10134000C2F808C020329D4215D9D2F800E0BEF1A3
:10135000000F0DDA4FF0904EC2F800E0EEE7A36BFD
:1013600043F40013A363BBE71946C4E70321C2E7B4
:1013700000211160DFE7D4F8002B04F53063002A68
:1013800018DA4FF00062C4F8002B002200214FF65B
:101390007F3C01321961C3F808C0203395420DD952
:1013A000D3F800E0BEF1000F05DA4FF0904EC3F81D
:1013B00000E0EEE7002200211960E7E73B6923F433
:1013C00080733B610023A3616FF0804363619DF8EC
:1013D0001E301BB9A36943F01003A361A2690B4B34
:1013E0001343A3619DF822301BB1A36943F00803A6
:1013F000A361012E05D1A36943F0804343F00403A8
:10140000A361BDE8F84004B0704700BF00383C80DD
:1014100030B54A780B78012A00EB431300F50060E1
:1014200029D1D3F80029002A0BDAD3F8002942F099
:101430000062C3F80029D3F8002942F08042C3F8C3
:1014400000290A780124C56B02F00F0204FA02F2A7
:1014500025EA0202C2630978C26901F00F018C40DB
:1014600022EA0402C261184AD3F800190A40C3F8FC
:101470000029002030BDD3F8002B002A0BDAD3F866
:10148000002B42F00062C3F8002BD3F8002B42F08F
:101490008042C3F8002B0A780124C56B02F00F02CA
:1014A00004FA02F225EA0242C2630978C26901F035
:1014B0000F018C4022EA0442C261044AD3F8001BA7
:1014C0000A40C3F8002BD4E7007833EC0078F3EF40
:1014D000F7B54B780F78012B6C4E00EB4714DFF813
:1014E000B4C140F089800D6904F5106345BB1D69E6
:1014F00035401D611D6945F400251D611D6905EA22
:101500000C05012A1D614CD1CA6902B15A610B79DF
:10151000012B0CD1D0F8083813F4807FD4F80039AF
:101520000CBF43F0005343F08053C4F80039D4F8A3
:10153000003943F00443C4F80039002003B0F0BD83
:101540001D6905EA0C051D611D6935401D610D69A8
:101550008E6867B9B54288BF0E611D6945F40025E4
:101560001D610D691E69C5F312053543C9E7354490
:10157000474FD3F810C0013DB5FBF6F5AEB207EA10
:10158000C54545EA0C051D610D79012DE9D11D699F
:1015900025F0C0451D6175071F6905F0C0453D4335
:1015A000DEE7D4F8003943F00443C4F800390B797E
:1015B000012B0DD00B69002BBFD00A780123D0F886
:1015C000344802F00F0293402343C0F83438B4E7A4
:1015D000D0F8083813F4807FD4F800390CBF43F0FA
:1015E000005343F08053C4F8003900920B8A0A7804
:1015F000C9681AF016F8A0E7D4F8105B04F5306358
:1016000005EA0C051D611D6935401D610E698D6877
:101610003FBB06B10D610D621E69C5F3120535436E
:101620001D611D6945F40025012A1D6102D1CA68AA
:1016300002B15A610B79012B0CD1D0F8083813F4A0
:10164000807FD4F8003B0CBF43F0005343F080533D
:10165000C4F8003BD4F8003B43F00443C4F8003B1B
:101660006BE7002ED8D02E44013EB6FBF5F6B6B29D
:1016700075430D62064D1F6905EAC6453D431D6170
:101680000D6A1E69C5F312053543CDE7FFFF07E07C
:101690000000F81F0000F8FF30B5114C00F5306372
:1016A000056CA54203D9D0F8004B002C16DB0024B2
:1016B00001291C611C6944F400241C611C6944F06C
:1016C00018041C611C6944F0C0441C6106D15A61B5
:1016D000D0F8003B43F08023C0F8003B002030BD31
:1016E0000A30544F002854D02B4A936903F44043E6
:1016F000B3F5404F1FD1294B294A0344934242D9A5
:10170000284B294A034493423FD9284B984240D85A
:101710000020274A136823F00F0303431360136864
:1017200003F00F03984232D0136803F00F03C01A7E
:1017300018BF01207047936903F44043B3F5004F8D
:101740000ED11C4A1C4B02449A421AD91B4A02442D
:101750009A4218D91A4A02449A4216D90133D5E757
:10176000184A194B02449A4209D9184A02449A422B
:1017700007D9174A02449A4205D9164AEBE70420D2
:10178000C7E70320C5E70220C3E70120C1E70346FE
:10179000CDE70120704700BF00480258FFC4A7F7FB
:1017A000FFE0F5057FE2D3FB7F1D2C04801D2C0498
:1017B00000200052BF4C2AF6BF3B47037F8871F9D7
:1017C0003FC4B8FCFF6A45F53FA5AE023F10F4F7F1
:1017D0007FB5A2FABF5A51FD2DE9F04FADF5077D57
:1017E0000123002206AD46A82C4613F0800F43F3D8
:1017F0000606C25402F1010214BF1B21002105F8A4
:10180000013BB2F5807F81EA460183EA0103DBB246
:10181000EBD166490123002213F0800F43F3060544
:1018200041F8043B02F101020CBF00231B230A2AEA
:1018300083EA4503DBB2EFD15D4A63235D4E844604
:10184000137017460023012586F863301CF8013F0A
:10185000C3F1FF0314F803E04FEA4E0141EADE1141
:101860005FFA81F8C1F3C0114FEA4803DBB21943B4
:101870004FEA410A5FFA8AFA4AEAD3134FEA430968
:101880005FFA89F949EADA198EEA090E88EA0E0840
:1018900081EA08014B4083F06303F554013507F8F2
:1018A000013FB5F5807FD1D1837BDFF81CC1029366
:1018B000437A414F0393437B404E0493C37AFF2006
:1018C000DFF808B10593DFF808A13D4BDFF804917C
:1018D000DFF80481DFF8DCE0019312F8013B13F03C
:1018E000800F43F3060414BF1B21002181EA440149
:1018F00003EB0324C9B241EA04244B4084EA0363A6
:101900004FEA33614BF8043B4AF8041B4FEA33417A
:101910004FEA332349F8041B1EF8011B48F8043B27
:10192000002941D046AB5B5C03995918B1FBF0F438
:10193000C4EB0424091B06AC655C04995918B1FB7F
:10194000F0F4C4EB0424091B06AC615C029C09049E
:101950001C4441EA0521B4FBF0F5C5EB0525641BE9
:1019600006AD2C5D6140059C2344B3FBF0F4C4EB51
:1019700004241B1BEB5C1B064B40019941F8043B04
:1019800001914FEA33614CF8041B4FEA33414FEAAF
:10199000332347F8041B46F8043B0A4B93429CD17F
:1019A0000DF5077DBDE8F08F0B46E5E76088002464
:1019B00075AA002475A90024888C00248888002436
:1019C0008894002475AB00248890002488A4002407
:1019D00088A00024889C002488980024C02AF8B598
:1019E00006460D46144649D0B2F5807F48D0802A7D
:1019F00040F0C8800A23654F33603B681BB9FFF78E
:101A0000EBFE01233B60640933460022294605EBC7
:101A1000840443F8042F8C4234D133680C2B36D025
:101A20000E2B66D00A2B27D13046594DA036594986
:101A30004269103055F8044B50F8087CC2F3072374
:101A40007C40CB5C6340140E0C5D83EA0443D4B24B
:101A50000C5D83EA0463C2F307440C5D83EA04234C
:101A600050F8044C836063400468C36063405A408C
:101A7000036142618642DBD10020F8BD0C23BAE746
:101A80000E23B8E751F8042B43F8042FC3E7304680
:101A90003F4C06F1C0053F49C269183054F8046B49
:101AA00050F8107CC2F307237E40CB5C7340160EC7
:101AB0008E5D83EA0643D6B28E5D83EA0663C2F387
:101AC00007468E5D83EA062350F80C6C83607340F2
:101AD00050F8086CC360734050F8046C03617340A5
:101AE0000668436173405A408361C2618542D3D125
:101AF000C2E73046264DE0362649446A203055F884
:101B0000042B50F8187CC4F307237A40CB5C50F8C0
:101B1000087C5340220E8A5C83EA0243E2B28A5C6C
:101B200083EA0263C4F307428A5C83EA022350F823
:101B3000142C8360534050F8102CC360534050F86D
:101B40000C2C03615340DAB243618A5C7A401F0E69
:101B5000CF5D82EA0762C3F30727C3F30743CF5D74
:101B6000CB5C82EA072282EA034350F8042C8361AB
:101B700053400268C36153405C4003624462864242
:101B8000BBD179E76FF01F0077E700BF5C880024C6
:101B90006088002475AA00242DE9F04FC9B00446DE
:101BA00016460D4602A819F051FE0023324629467A
:101BB00002A86360FFF712FF0646002860D1029F6B
:101BC00004A9039B04F1180C324803EB8703276038
:101BD00001EB830251F823306146A360103A536948
:101BE000E36093692361D369964663617B1E9846DF
:101BF0000193B8F1000F2ADDAEF1040A01F1100BD8
:101C00005AF8044F244BE5B210F80590250E53F80E
:101C10002990455D214B53F82550214B89EA050950
:101C2000C4F30725C4F30744455D045D53F825500C
:101C30001C4B89EA050553F82440654041F8045BD4
:101C40005945DDD108F1FF38AEF1100ED1E76FF044
:101C50000F01019B002F01FB03F3D4BF00241C469E
:101C6000C3F10003D8BF0023101912590CEB030174
:101C70004CF8032043684B6083688B60C368CB607B
:101C800002A84FF48C7102F07DF9304649B0BDE8EE
:101C9000F08F00BF75AA002488940024888800244F
:101CA00088900024888C00242DE9F04F91B000F139
:101CB00008030D68019242684C6803EB820653F8F2
:101CC00022308A685D407368DFF840C36340DFF804
:101CD00040E3DFF8408300930993B368DFF838935B
:101CE0005A40CB68F16808954B4001680A924FEA68
:101CF000610A06F1300100260B930AF1FF3A51F810
:101D0000184CBAF1000F029451F8144C039451F896
:101D1000104C049451F80C4C51E90807059401F15A
:101D2000200151F8284C069451F8244C079400F3F4
:101D3000C08026B1009908950B93CDE90912DDE921
:101D40000841DDE90A56DFF8C892E2B2330EDFF847
:101D5000C4825CF8222059F82330DFF8BCE25A40F4
:101D6000C1F3072358F823305A40C5F307435EF800
:101D700023305A40CBB24240200E5CF8233059F851
:101D800020000C924340C5F3072058F82000434040
:101D9000C6F307405EF820004340E8B22D0E7B40BA
:101DA0000F0E5CF82000C1F3074159F8277059F86D
:101DB00025507840C6F30727F6B25EF8211058F890
:101DC00027705CF826607840C4F30747C4F3072403
:101DD00075405EF82770D6B258F824407840029FCC
:101DE00065400D937840049F4D4003990E905FFA33
:101DF00080FC4D4084492C0E8E5D0F950C5D7E401D
:101E0000DFB286EA0466C3F307240C5D86EA042683
:101E1000C0F307440C5D86EA044E140ECDF820E0B2
:101E20000C5DCF5D059E11F80CC07740069E87EAD9
:101E30000467C0F307248CEA060C000E0C5D085CF6
:101E400087EA0427C5F307440C5D87EA04471C0EA4
:101E5000C3F3074309970C5DCB5C8CEA046CC5F3B4
:101E60000724EDB20C5D8CEA042CC2F30744C2F3E4
:101E700007220C5D8A5C8CEA044C4C5D079D202196
:101E8000CDF828C06C4084EA006080EA02220DEBA5
:101E9000010082EA0343019AC2F800E05760C2F8E9
:101EA00008C0D3600B9302F06DF8002011B0BDE8BC
:101EB000F08FEEB2009C4FEA136B0AF1FF3A5CF828
:101EC00026605EF82BB086EA0B064FEA156B46409B
:101ED00000985EF82BB0C0F3072058F82000464069
:101EE000C2F3074059F8200046409DF800005CF816
:101EF000200080EA0B004FEA146B029C7840C2F38A
:101F000007275EF82BB058F827707840C3F30747CF
:101F100059F827707840D7B2120E5CF827705EF837
:101F2000222087EA0B07C3F3072BDBB258F82BB04C
:101F300067405CF8233087EA0B07C5F3074B534033
:101F4000C5F30725039A59F82BB0534058F82520BC
:101F500087EA0B074FEA106B5340009AC2F307441D
:101F600059F82420F4B253405CF82450C4B21A0E3D
:101F70005CF824405EF822205540049A5540C0F396
:101F80000722C0F3074058F822205540C7F3074204
:101F900059F822205540320E5EF822205440059A0E
:101FA0005440C7F3072258F822205440C3F3074295
:101FB00059F8222062400092FAB25EF82BB03F0E30
:101FC0005CF82220069C82EA0B02C3F3072BDBB2EB
:101FD0005EF82770624058F82BB05CF8233082EA34
:101FE0000B02079CC6F3074B7B40C6F3072659F844
:101FF0002000634059F82BB058F8266082EA0B02A3
:102000007340012643407AE675AA002488A4002480
:102010008898002488A00024889C00242DE9F04F93
:1020200091B000F108030D680027019242684C68E6
:1020300003EB820653F822308A685D407368DFF84C
:1020400040C36340DFF83CE3DFF83C83009309932F
:10205000B368DFF838935A40CB68F16808954B4075
:1020600001680A924FEA610A06F130010B930AF106
:10207000FF3A51F8184CBAF1000F029451F8144C81
:10208000039451F8104C049451F80C4C51E9080693
:10209000059401F1200151F8284C069451F8244C84
:1020A000079400F3C08027B1009908950B93CDE900
:1020B0000912089D0999DFF8CC92EBB20A0EDFF8FD
:1020C000C8825CF8233059F82220DFF8C0E2534080
:1020D000DDE90A47C7F3072258F822205340C4F32A
:1020E00007425EF822205340220E5840CBB259F8E6
:1020F00022205CF823300C905340C5F3072258F897
:1021000022205340C7F307425EF822205340E2B238
:10211000C4F3072473403E0E5CF82220FFB259F846
:10212000266058F824407240C1F30726C1F30741E6
:102130000D9358F826605EF821107240C5F30746EB
:102140002D0E5EF8266059F825507240029E7240AE
:102150005CF82760049F7540C6B20E925FFA82FC5D
:1021600065401C0E4D4003994D4084498E5D0C5DC9
:102170007E40DFB20F9586EA0466C5F307240C5D46
:1021800086EA0426C2F307440C5D86EA044E140E68
:10219000C2F30722CDF820E00C5DCF5D059E11F85B
:1021A0000CC07740069E8A5C87EA0467C0F3072468
:1021B0008CEA060C0C5D87EA0427C5F307440C5D26
:1021C00087EA04472C0EEDB209970C5D8CEA046C8B
:1021D000C3F30724C3F307430C5DCB5C8CEA042CE8
:1021E000C0F30744000E0C5D085C8CEA044C4C5DA7
:1021F000079D2021CDF828C06C4084EA006080EA69
:1022000002220DEB010082EA0343019AC2F800E0CA
:102210005760C2F808C0D3600B9301F0B3FE0020F2
:1022200011B0BDE8F08F009CEFB20AF1FF3A4FEA1F
:10223000146B5CF82770029C5EF82BB087EA0B07E2
:102240004FEA126B4740C3F307205EF82BB058F8F3
:1022500020004740C2F3074059F8200047409DF84E
:1022600000005CF8200080EA0B004FEA136B70401E
:10227000C5F307265EF82BB058F826607040C3F30C
:102280000746DBB259F826605CF823307040D6B2BE
:10229000C2F307225CF8266058F8222086EA0B0673
:1022A0006640009CC4F3072B039C58F82BB086EAC9
:1022B0000B06C5F3074B2D0E59F82BB05EF82550D1
:1022C00086EA0B066B4063405340009AC2F3074412
:1022D00059F82420FCB25340020E5CF82450C4B2DA
:1022E0005EF822204FEA136B5CF824405540049AB4
:1022F0005540C3F3072258F822205540C6F3074241
:1023000059F822205540320E5EF822205440059A9A
:102310005440C7F3072258F822205440C3F3074221
:10232000DBB259F8222062400092F2B25EF82BB084
:10233000C6F307265CF82220069C82EA0B02C0F353
:10234000072B5CF82330C0F30740624058F82BB0ED
:10235000079C82EA0B02C7F3074B3F0E58F8266032
:1023600059F82BB05EF8277059F8200082EA0B026A
:102370007B4001276340734043407AE675A90024FF
:10238000889400248888002488900024888C002465
:1023900070B586B005460E46104600211C46CDE9B4
:1023A000043210221DF0C4FA04ABFF22314603931D
:1023B0002846054B02930023CDE90033E3B219F020
:1023C000B7FB06B070BD00BF5FB9070830B5074C5A
:1023D000256824686A406340D2B2891A101A090A33
:1023E00041EA102123EA0100C0B230BD88A80024D0
:1023F0002DE9F84F4FF0000A0546884616469946E3
:10240000DDF828B0544657465F4515D2002319F829
:10241000070020280CD0ABEB0702012A10D00D28B2
:102420000ED109EB070252780A2A6BD10137EBE78C
:1024300001370123BB45EAD1A4B90020346004E090
:102440000A28F3D01BB16FF02B00BDE8F88F02060D
:10245000F9D43D2858D10AF1010ABAF1020FF2D895
:102460000134E3E704F007030622E408534354432E
:102470000733A4EB0A0404EBD30465B144450AD83E
:1024800009EB070B00272C46234ABA46B846D94524
:1024900005D1641BD1E76FF029003460D5E719F846
:1024A000010BA0F10A03DBB2162B09D93D284FEA34
:1024B00088180CD019F0F2FB174A48EA000807E028
:1024C00042FA03F3DB07E2D54FEA8818F2E7013757
:1024D0000AF1010ABAF1040FD9D14FEA1843012FCA
:1024E000237003D901344FF0000AD0E74FEA1823D4
:1024F000637017B102340127F5E784F80280BA4609
:102500000334C4E7002B9ED1BAF1000F9BD119F020
:10251000C5FB0028A4DA96E7F6FFBFFF044B1B6853
:102520005840430840425B421843C017704700BF01
:1025300088A800248842F0B504D004380025084F4C
:10254000AA4200D1F0BD3E6850F8044F5E4024EA34
:10255000060451F8256001351E4034430460EFE75E
:1025600088A800242DE9F04F8DB01D4683468A4689
:10257000189B179FB3F12A3F1A9E059240F08D8059
:102580003946169819F0BEFB012838BF01204709CB
:1025900000F01F047B014FF001094FEA8508059800
:1025A000502B34BF4B4603230A9309FA03F30B93D2
:1025B0000A9B05FA03F306EB8303069303EB8503FB
:1025C000079319F09CFD42460021089030461DF00B
:1025D000AFF9079BC6F8009006EB08090393314654
:1025E000089B3046199ACDE90153059B00932B4671
:1025F00019F096FD5146424648461DF071F90223F6
:10260000494609930B9B099A934248D14246314669
:1026100058461DF065F94FF00009CA46079B5A4617
:10262000594658460393089BCDE90153059B0093F7
:102630002B4619F075FD002C47D1013F1F24169B36
:102640000AF1010A53F82730E34003F0010343EA9B
:1026500049090A9B534503D0002CDFD1002FDDD15F
:10266000189BB3F12A3F32D1424609FB0861069814
:102670001DF036F9079B5946069A58460393089B66
:10268000CDE90153059B00932B4619F049FD002C21
:10269000C1D1BFB90DB0BDE8F08F00247AE7079B28
:1026A00001EB080A4A4603935046089BCDE90153C3
:1026B000059B00932B4619F033FD099B51460133CE
:1026C00009939FE7A146A246A8E7013CB7E7314638
:1026D0004FF0000A0A4B2A4618681B68584080EAE7
:1026E000090080EA0A000AF1010AFFF717FFC34355
:1026F0000698FFF71FFF099B41445345EAD1B9E70C
:1027000088A80024054B013101321B684340084072
:1027100022EA03020243501E00B2704788A8002438
:102720002DE9F04F99B083460F4618460021164612
:10273000049319F0A8FF002800F08781784B00244B
:1027400001250499149315AB30461393CDE90B453D
:10275000CDE90D45CDE90F45CDE9114519F01CFF37
:10276000A04228DABBF1000F05D1E7B900242046CA
:1027700019B0BDE8F08F2146584619F082FE044694
:102780000028F2D00BA819F0C9FD0DA819F0C6FD5C
:102790000FA819F0C3FD11A819F0C0FD0C2115A850
:1027A00001F0F0FBE3E73146384619F035FE044608
:1027B0000028E7D1DAE731460BA819F02DFE0446D0
:1027C0000028DFD104990DA819F026FE0446002840
:1027D000D8D1F1880FA8ADF838500231ADF830509B
:1027E00019F0AAFD04460028CCD101460FA819F023
:1027F00048FE04460028C5D1F18811A8023119F01D
:102800009BFD04460028BDD10DA819F079FE00F00B
:102810001F001F2873D0C0F11F030BA81946019396
:1028200019F094FE04460028ACD101990DA819F0C6
:102830008DFE04460028A5D1BDF832500DA8BDF884
:102840003A80A5EB080A4FEA4A19494619F07EFE7C
:102850000446002896D14FEA8A0A0DA90BA819F060
:10286000CAFE00284DDA49460DA819F08CFE044630
:10287000002887D108F1FF3305F1FF3A05F18045C3
:1028800002939B00013D069308F18043A5EB0805E8
:10289000023B9B000993AB000393029B9A4541D8EE
:1028A000BBF1000F0DD00FA9584619F0B5FD002857
:1028B00040F0C780049AB388928813FB02F3ABF808
:1028C0000430002F3FF45EAF01990BA819F05BFEB6
:1028D000002840F0B680B3880BA93846ADF83030F8
:1028E00019F09AFD0146002840F0AD80384619F0F5
:1028F000CAFE00287FF446AF0123BB8042E7019463
:102900009AE70F9A0BA952F80A300846013342F8A9
:102910000A300DAA19F09CFF044600289DD031E72B
:10292000010003000D9B4FEA8A08069A05931344A1
:10293000DDF82C900F9D0893059B59F82A109A58A2
:10294000A8F1040391420793039B1D4474D2079896
:10295000002359F80000DEF72BFC002914BF4FF0CC
:10296000FF330346BAF1010F2B60099A16BF09EB3A
:102970000803002353F8083C1593079B59F80330CC
:10298000169359F8083017932B6801332B60059B79
:10299000134498462B68002111A8013B2B6019F0C5
:1029A00070FD00284DD1029B002B48D0D8F80020A4
:1029B000119B11A91A600846089A12685A602A6881
:1029C00019F0E7FF00283CD113A911A819F013FE54
:1029D0000028DFDC2A680DA911A819F0DAFF80BBF6
:1029E000039B11A84FEAC308414619F0AFFD40BB55
:1029F0000BA911AA084619F02BFF014618BB0BA81A
:102A000019F041FE002812DA0DA911A819F004FDF1
:102A1000B8B9414611A819F099FD90B90BA911AAAE
:102A2000084619F012FF60B92B68013B2B60039B2D
:102A30000AF1FF3A043B2FE74FF0FF3392E7029A87
:102A4000B6E704469EE60C469CE66FF00B048EE665
:102A500018B112B10020116070470148704700BFE3
:102A6000009FFFFF0246044B586800B97047197871
:102A70009142FBD00833F7E7E443080810B5044659
:102A8000A8B1006C10B124211AF0E4FBE06B40B156
:102A90002368074ADB79C3F3840352F823309B6928
:102AA000984720464421BDE8104001F06BBA10BDA4
:102AB0000C15002438B505460C46A9B14422002166
:102AC0001CF036FFE379094AC3F3840352F823303C
:102AD0005B6913B900202C6038BD9847E863002873
:102AE000F8D1A0F5C340F7E70148F5E70C1500243D
:102AF000009FFFFF70B4DCB2012C29D804683CB3FE
:102B0000E57905F00305012D05D8657905F00F0578
:102B1000B2EB851F1CD1012B426003720E4DC06BBE
:102B2000E37908D0647904F0F006302E03D004F085
:102B3000E004402C06D1C3F3840355F82330DB684E
:102B400070BC1847C3F3840355F823301B69F7E7BB
:102B5000024870BC704700BF0C150024009FFFFFA7
:102B600038B5036805461446BBB1102A13D8DA7984
:102B7000D20707D41B795B09B4EB830F4FEA8302BA
:102B80000BD314462CB1224605F128001CF0A8FEF8
:102B9000AC63002038BD0248FCE70248FAE700BFFA
:102BA000809FFFFF009FFFFF2DE9F04F154685B086
:102BB0000268044688469946DDF838A01AB962488A
:102BC00005B0BDE8F08F0022CAF800200268002A94
:102BD00000F0B380167916F01F0600F0AE8052792F
:102BE00002F0F002102A15D1B54240F0A880CAF8D0
:102BF000005002685549D279C2F3840251F822206C
:102C000090F9081055684246C06BAC4605B0BDE867
:102C1000F04F6047994208D1436A002BCFD1B5FBF2
:102C2000F6F306FB1353002BC9D1202A40F089800C
:102C3000626A94F9083003928BB9039BE268F31A35
:102C40008AB1AB4249D303982A4641461430204406
:102C50001CF046FE636A2B4463620020B0E7012B40
:102C600003D1039BF31AAB42EDD8039B002B37D162
:102C7000002DF2D0B5FBF6F706FB175737B994F9DC
:102C800008301BB9E368002B18BF3746ED1B3A46E6
:102C900004F1140008EB05011CF022FE636A3B44BA
:102CA0006362002DD9D02368284ADB79C3F38403FB
:102CB00052F823302A46CDE900899E6804F12803A2
:102CC00094F90810E06BB04700287FF479AFDAF888
:102CD00000302B44CAF80030BFE7039B002BC9D05B
:102CE000039B4146A6EB030B03F114005A46204414
:102CF0001CF0F6FD2346154953F8142BD279C2F384
:102D0000840251F82220CDE900399368324694F9C3
:102D100008101F46E06B04F12803B84700287FF431
:102D20004FAFDAF80030B144039FD84433442F4406
:102D3000CAF80030BD1B60629AE7054840E70548C5
:102D40003EE705483CE700BF009FFFFF0C1500244D
:102D5000809CFFFF809DFFFF809FFFFFF7B503680A
:102D600004460E46154613B93A4803B0F0BD002399
:102D700013600368597901F0F002202A08D1026932
:102D8000002AF1D09A794C3A012A1AD80020ECE7AF
:102D900001F0B0003028F9D001F0E0014029F5D071
:102DA000602AF3D0902AF1D0A02AEFD09B794C3B37
:102DB000012BEBD9102A4AD1636A002BE6D02648B2
:102DC000D3E790F90810426A012931D1C76817B9D1
:102DD000002ADBD0F3E7A16B143011B91979490946
:102DE0008900B84723461D4853F8281B0A79C9793A
:102DF00002F01F02C1F3840150F8211004F1140005
:102E0000019600908F68E06B94F90810B84700288D
:102E1000ABD194F9083021689BB9236911B10979C4
:102E200001F01F012A46304603B0BDE8F0401847C4
:102E30001B7903F01F039A42D4D0C368002BC7D07C
:102E4000BDE711B1097901F01F0129609EE704482F
:102E50008BE700BF009FFFFF809DFFFF0C15002444
:102E6000809FFFFF026803465AB1527902F0F002D8
:102E7000202A06D1042906D10020044AD8601A610C
:102E80007047034870470348704700BF512A06083F
:102E9000009FFFFF809FFFFFF0B585B004461E46F0
:102EA000DDE90B75FFF75CFEA8B92368ABB1606282
:102EB0003B460A9A314620460095FFF775FE50B909
:102EC000296803AA20463944FFF748FF18B92B6840
:102ED000039A13442B6005B0F0BD0148FBE700BF27
:102EE000009FFFFF044B1B685840430840425B4271
:102EF0001843C017704700BF88A800242DE9F84385
:102F00008A1A05460027DFF870808F4201D1BDE89C
:102F1000F883D8F80040D8F800607C40564084EA36
:102F20000600A41BC00FFFF7DDFFD8F800300640F5
:102F3000434024EA030434434E1EE00F0024FFF70D
:102F4000D1FFA64204D8AB5D01370340AB55DCE7A7
:102F500015F804C004EB050E01340CEA000C2B5DDF
:102F6000D8F8009080EA090923EA090343EA0C0330
:102F70008EF80030E5E700BF88A80024F0B5114CBA
:102F8000002B14BF9C468C46059F002324684440B8
:102F9000E44303F1040E774502D2BB4209D3F0BDEE
:102FA000D5585CF80360054026403543CD50734644
:102FB000EFE7D55C1CF80360054026403543CD544F
:102FC0000133EAE788A800242DE9F7430B9E074662
:102FD000884691461C460D4D0A9B9C4202D903B07F
:102FE000BDE8F0832B6839462A68534008EB040299
:102FF00083EA090383EA04000134FFF773FF002327
:10300000C0430096FFF7BAFFE6E700BF88A8002498
:103010000338C0B208289ABF024B53F820000020A2
:10302000704700BF6844080808B530B3036823B38D
:1030300019B30A680AB393421FD11B78033B082BCC
:103040001BD8DFE803F0051A0B1A1A10101515002B
:10305000496840681AF070F8002008BD4968406867
:103060001AF07AFAF8E7496840681AF025FBF3E7A6
:10307000496840681AF0E4FBEEE70148EDE700BF5D
:1030800000AFFFFF70B50D461646044600B109B902
:10309000284870BD00230160C0E901330B78033B71
:1030A000082BF5D801A252F823F000BFD130060852
:1030B00091300608E730060891300608913006087E
:1030C000F9300608F93006080B3106080B310608FE
:1030D0005821012000F062FF606048B31AF023F825
:1030E000E6B90020D5E75C21012000F057FF6060C1
:1030F000F0B11AF028FAF3E76C21012000F04EFF3E
:103100006060A8B11AF0CFFAEAE7D821012000F0F8
:1031100045FF606060B11AF08AFBE1E7A978022000
:1031200000F03CFFA0600028DBD1204619F0C4FF6E
:103130000148AEE700AFFFFF80AEFFFFF0B10368CC
:10314000E3B11B78033B082B18D8DFE803F0051721
:103150000817170B0F111500406800F053B94068AD
:1031600002F090BC0121406803F0FABB0021FAE7AD
:1031700001214068DEF7ECBB0021FAE70048704708
:1031800000AFFFFF10B400B30368F3B11B78033B3B
:10319000082B1AD8DFE803F005190A19190F0F14C4
:1031A000140040685DF8044B19F0CBBF40685DF82F
:1031B000044B1AF0D6B940685DF8044B1AF081BA96
:1031C00040685DF8044B1AF040BB02485DF8044BC0
:1031D000704700BF00AFFFFFC0B10368B3B11B78F9
:1031E000033B082B12D8DFE803F005110811110B7F
:1031F0000B0E0E00406819F0DDBF40681AF0EAB906
:1032000040681AF09DBA40681AF06FBB00487047DA
:1032100000AFFFFF10B40446084611461A4604B337
:103220002378033B082B1CD8DFE803F0051B091BA0
:103230001B0D121419005DF8044B00F085BC5DF8FD
:10324000044B1AF010BA01235DF8044B1AF0C8BA07
:103250000023F9E701235DF8044B1AF0C5BB0023F6
:10326000F9E702485DF8044B704700BF00AFFFFF6D
:103270002DE9F0410E4690B01746054600286CD067
:103280000368002B69D08268002A66D09B78BB4215
:1032900014D2FFF753FF044600283AD13A4631468C
:1032A0002846FFF76FFF044698BB69462846FFF79C
:1032B00093FF044668BB2B686E465F782B68362107
:1032C000D5F808809A78404608EB02041CF030FBE1
:1032D0002B685C2120469A781CF02AFB0023191DDC
:1032E00008EB03028F421CD29F4222D80023191DF3
:1032F000E2188F4224D29F4228D82846FFF71EFFAB
:10330000044630B92B68414628469A78FFF73AFFC1
:1033100004464021684600F035FE204610B0BDE866
:10332000F081F25858F80300424048F803200B4659
:10333000D5E7F05C01331178414002F8011BD3E777
:10334000F258E0584240E2500B46D0E7F05C0133BF
:103350001178414002F8011BCDE7014CDDE700BFC9
:1033600000AFFFFF10B438B104682CB183681BB103
:103370005DF8044BFFF706BF01485DF8044B70474A
:1033800000AFFFFFF0B50D4691B0044600B30368EF
:10339000F3B18668E6B169469F78FFF71DFFA8B9CB
:1033A0002046FFF7CBFE88B92368F11920469A78AA
:1033B000FFF7E8FE50B92368694620465A78FFF7C0
:1033C000E1FE18B929462046FFF706FF11B0F0BD0F
:1033D0000048FBE700AFFFFF38B5044670B1036853
:1033E00063B1856855B1FFF7A9FE40B92368294646
:1033F00020469A78BDE83840FFF7C4BE004838BD83
:1034000000AFFFFF0346094A00209A6002F18832AC
:10341000DA6002F12942A2F59612A2F68B621A61D5
:10342000A2F18832C3E900005A6170470123456761
:103430002DE9F04FA1B04B68D1F8009001930D93A6
:103440008B68D1F814C002930E93CB68D1F81C801E
:1034500003930F930B69CDF844C0049310938B69C9
:10346000CDF83090059312930B6ACDF84C800693FB
:1034700014934B6ADFF818A4079315938B6A08938B
:103480001693CB6A099317934B6B42690A9319936E
:10349000CB6B0F6B0B931B93D1F838E04169056937
:1034A000039E1897CDF868E0D0E903B383EA0204DD
:1034B000E74B04EA0B045440826813444B441C4419
:1034C00003690BEB74648BEA030222405A40E14B20
:1034D0000B4401990B44E0491A448BEA0403294444
:1034E000029D04EB32522944134084EA020583EA28
:1034F0000B030B44D94902EBF33359441D403144CB
:10350000049E6540B244059E0D4482EA0301A24434
:1035100003EBB525294083EA050451405144DFF807
:1035200074A305EB7161E2440C40924485EA010208
:103530005C405444DFF860A301EB3454B244069E6F
:1035400022409A4481EA04036A405244DFF84CA3C3
:1035500004EBF232C2441340AA4484EA02054B4011
:103560005344DFF83CA302EBB323B244079E1D4053
:103570008A4482EA030165405544DFF828A303EB3F
:103580007565B244089E2940A24483EA050451406F
:103590005144A6F5244A099E05EB3151AAF14F0A80
:1035A0000C40924485EA01025C405444DFF8F8A2E2
:1035B00001EBF434B2440A9E22409A4481EA0403A7
:1035C0006A405244DFF8E4A204EBB222BA4413404A
:1035D000AA44A34D4B4035440B9E534484EA020A4F
:1035E0000D4402EB73630AEA030A82EA03018AEAE2
:1035F000040AAA449B4D03EB3A5A754401EA0A01B6
:10360000254483EA0A0451402944974D0AEBF131DD
:103610003544019E0C401544944A5C403244059E5A
:103620002C441A44924B01EBB4243344099E81EAA2
:103630000405534405EA0A05DFF874A24D40B2447C
:10364000089E15448A4404EBF56584EA05020A40A5
:1036500062401A4405EBF25285EA020323406B40B4
:103660005344DFF850A202EBB343CA4482EA030199
:10367000A244294051405144DFF83CA203EB3131D0
:10368000E24483EA0104AA4414405C405444DFF855
:103690002CA201EBF464B2440B9E81EA040592442F
:1036A0001D404D405544DFF818A204EBF555B244D7
:1036B000049E84EA05029A440A4062405244DFF8BC
:1036C00004A205EBB242B244079E85EA02038A4493
:1036D00023406B405344DFF8F0A102EB3333B24494
:1036E000039E82EA0301A244294051405144DFF87D
:1036F000DCA103EBF161F24483EA0104AA44144023
:103700005C405444DFF8C8A101EBF454B244069E77
:1037100081EA040592441D404D405544DFF8B4A1B0
:1037200004EBB545B2440A9E84EA05029A440A4075
:1037300062405244DFF8A0A105EB3232B244029E4F
:1037400085EA02038A4423406B405344DFF88CA18E
:1037500002EBF363B24482EA0301A24429405140E0
:103760005144DFF87CA103EBF151C24483EA010428
:10377000AA4414405C405444DFF868A101EBB4440F
:10378000BA4481EA04059244ACF5B8222E461D40A5
:10379000A2F2BE624D401A4433465544069EDFF8FD
:1037A00048A104EB3535B244099E6B408A441A4463
:1037B00005EB327384EA05025A4002EB0A012D4AF6
:1037C00085EA030A03EB71513244019E22448AEADE
:1037D000010A294C924483EA0102744401EB3A4AFB
:1037E0002C44264D82EA0A023544049E224481EA92
:1037F0000A041D440AEB722254406319204C8AEAE1
:10380000020502EB33733444089E0C445D401D49AD
:10381000254482EA0304414403EB75555144DFF823
:10382000CCA06C40B2440A9E0C4483EA0501924449
:10383000154A05EB34443244039E61401A44134B4D
:10384000514485EA040A4B4404EB712150E000BF67
:1038500078A46AD756B7C7E8DB702024EECEBDC186
:10386000937198FD8E4379A62108B44962251EF60E
:1038700040B340C022619D6D0C38E5FD44EABEA412
:10388000A9CFDE4B604BBBF6C67E9B28FA27A1EA88
:10389000AF0F7CF52AC68747134630A8019546FD31
:1038A000D8988069AFF7448BBED75C892211906BA2
:1038B000515A5E26AAC7B6E95D102FD653144402AA
:1038C00081E6A1D8C8FBD3E7E6CDE121D60737C30F
:1038D000870DD5F4ED145A4505E9E3A9F8A3EFFCEB
:1038E000D9026F678A4C2A8D81F6718770BCBFBE82
:1038F0002B44804D8AEA010A3544059E924484EAAD
:10390000010225447C4C01EB3A7A3444079E82EA5A
:103910000A020C441A4481EA0A0378490AEB7252FB
:1039200031440B9E534051442B448AEA0205DFF890
:103930000CA202EB3343BA445D409244254482EA30
:1039400003046F4A03EB75253244029E6C401A440F
:103950000C4483EA05016B4B05EB34743344039E3E
:1039600061402B44514485EA040A674D04EB7151D0
:103970004D448AEA010A2544924484EA010201EB9B
:103980003A4A82EA0A021A440AEB722262EA010304
:1039900083EA0A032B445D4D02EBB363454463EABB
:1039A0000A040D4454402C44594D03EBB45475445F
:1039B000DFF88CE164EA02015544E644DFF884C193
:1039C00059409644BC442944524F9C4404EB7141F5
:1039D0003744089E61EA03052744A6F58016654032
:1039E000A6F6833675440E4401EBF52565EA04021C
:1039F0004A40624405EBB26262EA01036B403B4419
:103A0000019F02EBB35363EA050454403444424E31
:103A100003EB74443E44069F64EA02012E4459407D
:103A200031443E4E04EBF1213E440B9F61EA030515
:103A30001644654035443A4E01EBB5653E44059F5A
:103A400065EA04021E444A403244364E05EBB25247
:103A50003E440A9F62EA010326446B403344324EDF
:103A600002EB73433E44049F63EA05040E44544052
:103A700034442E4E03EBF4243E44099F64EA0201D1
:103A80002E44594031442A4E04EBB1613E44029F1A
:103A900061EA030516441C916540AA19254E01EB05
:103AA000B2523E4462EA04051E441F924D40AB19D7
:103AB000214E02EB73431E9363EA0105079F5540B5
:103AC0003E442644AC198568294403EBF424816004
:103AD00001691D945C440B445021C4600361436937
:103AE0001A4442610CA800F04DFA002021B0BDE854
:103AF000F08F00BF8530EFD4051D880439D0D4D9AC
:103B0000F87CA21F6556ACC4442229F497FF2A43CF
:103B1000A72394AB92CC0C8FD15D84854F7EA86F88
:103B2000E0E62CFE144301A3A111084E827E53F758
:103B300035F23ABDBBD2D72A91D386EBE599DBE6C5
:103B400039A093FCC3595B6570B596B004460E4628
:103B50001546684619F0E7FA0023214632466846C2
:103B6000CDE900330F4B029303F18833039303F144
:103B70002943A3F59613A3F68B630493A3F188332B
:103B8000059319F0DEFA044620B92946684619F073
:103B900011FB04466846582100F0F4F9204616B09F
:103BA00070BD00BF01234567016803460D4A91427D
:103BB00015D1A2F11022C169A2F1EF1291420ED1EA
:103BC0008268012A0BD8C26812B101698A4206D004
:103BD000586928B19B691B1A584258417047012007
:103BE000704700BF55AA00FF0D4B70B59E68A6B187
:103BF0003046FFF7D9FF044678B9F3686BB93569E9
:103C00000DB9204670BD2846FFF7CEFF28B9EB68F6
:103C1000B34202D12E462D69F2E70124F1E700BF3D
:103C20008CA800242DE9F8433F4F3C68D4B1BC6810
:103C3000C4B100284AD0002948D001FB00F5B5FBEB
:103C4000F0F0884242D1281D40D8A9070DD025F0B8
:103C500003060436FC6803E06368B34238D2A46903
:103C6000002CF9D12046BDE8F8832E46F2E7FB6030
:103C700041E006F12001203A2C4863185A600022E6
:103C8000C3E9022422691A6160502949D96102B14D
:103C9000D36062695A61A1699961AAB193619A6915
:103CA00002B1536123614FF001090023C4E90169A6
:103CB000C4E905333B69DB072ED5FFF795FF58B301
:103CC0001C4B48461B6826E0FB60E8E70024C9E778
:103CD000A3681BB1174B01201B689847626804F169
:103CE0002008921B232AC4D80123A360D4E905230A
:103CF000002ABCD09361A3690BB162695A610023A9
:103D0000C4E905333B69DA0706D5FFF76DFF18B143
:103D1000084B01201B6898472A460021404644462C
:103D20001BF006FE9EE700BF8CA8002455AA00FFEA
:103D3000669911EE1415002470B50546002800F0B0
:103D40008880444E3368002B00F08380B268002ADC
:103D50007FD0834203D872681344984203D33E4B0A
:103D600001201B689847A5F120042046FFF71CFF9F
:103D700018B1394B01201B68984755F8183C012BA6
:103D800003D0354B01201B689847002345F8183CA9
:103D900055F8143C3BB39A682ABB55F81C2C02F129
:103DA00020015A680A445A6055E905321A6155F8EB
:103DB000145C2B6903B1DD602022002120461BF03A
:103DC000B7FD286910B18368002B2ED033699B079B
:103DD0003FD5FFF709FF00283BD01F4B01201B6890
:103DE000BDE87040184755F8100C00282AD08368A9
:103DF00043BB4268636813442033636003692361F3
:103E0000D4E905239AB9CBB9436963618269A26198
:103E1000B3B19C61A36903B15C61236903B1DC6048
:103E2000202200211BF084FDD0E72C46E1E79361BE
:103E3000A369002BE8D062695A61E5E7F360F7E710
:103E4000F460E7E7F36845F8083C03B15C61F460AF
:103E5000BCE770BD8CA800241415002438B51422CA
:103E60000C460546002114481BF062FD1349144816
:103E700000F0A0F8232C1DD915F003034FF000012A
:103E80001FBF043CE418C3F10403ED182246284682
:103E90001BF04EFD084B0B499D60C3E90054203CCC
:103EA0006C609A681160A1F110219A68A1F1EF117C
:103EB000DA60D16138BD00BF8CA80024393D060806
:103EC000253C060855AA00FF38B50546084C206871
:103ED00010B90446204638BD6B6862689A4204D126
:103EE000A9681BF09CFD0028F4D01434EFE700BF54
:103EF0006845080870B50E46054610B1094C2068A3
:103F000010B96FF02D0070BD6B6862689A4203D1E2
:103F1000A9681BF084FD08B11434F0E7236933600D
:103F2000F1E700BF1C46080870B50E46054610B103
:103F3000094C206810B96FF02D0070BD6B68626885
:103F40009A4203D1A9681BF06AFD08B11434F0E766
:103F5000237C3370F1E700BF18450808084B30B5E3
:103F60001C6814B96FF02D0006E01D7C854204D159
:103F70000C6000205B68136030BD1433F0E700BFB5
:103F80008C44080810B50A46044619B1024B0021BA
:103F90001B68984710BD00BF10150024014B1B681B
:103FA000184700BF1C150024014B1B68184700BFB1
:103FB00018150024024B18600020024B196070474E
:103FC0001C150024181500242DE9F04F95B01E464D
:103FD000764B054606AC8A461746DDF8788003F135
:103FE000300CA1461868083353F8041C2246634578
:103FF00003C21446F6D118689B88106093802EB9CE
:104000006FF00304204615B0BDE8F08FB8F1000F43
:10401000F6D03368002BF3D1D8F800100029EFD187
:10402000284618F030FB0028EADD0121384618F058
:104030002AFB0028E4DD2946384618F0DCFA00287F
:10404000DEDA0121504618F01EFB0028D8DD294693
:10405000504618F0D0FA0028D2DA04A818F059F91E
:1040600002A818F056F95246394602A818F024FC66
:10407000044680B902A90122084618F005FC04464E
:1040800048B902A818F029FA1FFA80FBBBF1000F0B
:1040900008D16FF0030404A818F040F902A818F042
:1040A0003DF9AFE781B202A818F06DFA0446002886
:1040B000F1D12B681F6807F007077B1E5F425F4145
:1040C00019F8071004A818F0DCF904460028E2D11A
:1040D0002A4604A9304618F0BFFD04460028DAD16C
:1040E0000121304618F0CFFA20B10137BBB2362B90
:1040F000E6D1CEE704A92B4602AACDF800800846F7
:1041000018F097FD04460028C5D14FF0010A01219F
:1041100004A818F0B8FA002841D004A901220846E2
:1041200018F09AFB04460028B5D12A4604A9304667
:1041300018F092FD04460028ADD10121304618F058
:10414000A2FA01280DD12946304618F054FA013060
:1041500007D1214633462A464046FEF7E1FA044697
:1041600099E704A90122084618F08EFB04460028AE
:1041700091D104AA1146104618F09EFB044600286F
:1041800089D104A92A46084618F034FC04460028C0
:1041900081D10AF1010A1FFA8AFAD345B7D2012167
:1041A00004A818F070FA00289FD072E7CCC2080863
:1041B0002DE9F04385B088468146154668461E467F
:1041C0000C9F18F0A6F802A818F0A3F8B8F1000F99
:1041D0001FD0F5B1B9F1000F46D02A4641466846D6
:1041E00018F06AFB0446002840F0948001214846FC
:1041F00018F049FA002804DD4946684618F0FBF932
:1042000050B1684618F08AF802A818F087F84848B4
:1042100027E0B9F1000F1DD0E6B1DFB10121304632
:1042200018F031FA0028ECDD0121384618F02BFA9D
:104230000028E6DD4946304618F0DDF90028E0DACE
:104240004946384618F0D7F90028DADAB8F1000FF5
:1042500000D06DB9684618F061F802A818F05EF851
:10426000002005B0BDE8F083002EF3D0002FF1D080
:104270000121404618F007FA0028C2DD0121284636
:1042800018F001FA0028BCDD3A463146684618F0BD
:1042900013FB044600283DD101226946684618F008
:1042A000F3FA0446B0BB0122414602A818F0ECFA2A
:1042B000044678BB02AA6946684618F09BFB044690
:1042C00040BB0146684618F0DEF9002899D13A460D
:1042D0003146684618F0F0FA0446D8B9012269461A
:1042E000684618F0D1FA0446A0B90122294602A86E
:1042F00018F0CAFA044668B902AA6946684618F076
:1043000079FB044630B90146684618F0BCF900282C
:10431000A0D076E7684618F001F802A817F0FEFF73
:1043200014F5844F3FF473AFA4F5844099E700BFC0
:1043300000BEFFFF2DE9F04385B0994604460D46C7
:1043400068461746DDE90C8617F0E3FF02A817F070
:10435000E0FFB9F1000F49D054B93A4C684617F064
:10436000DDFF02A817F0DAFF204605B0BDE8F083B4
:1043700001222146684618F087FA002859D13A46AA
:10438000494602A818F064FA002852D102A96A46E8
:10439000084618F02FFB00284BD1014602A818F060
:1043A00072F9002843D1B8F1000F1CD0002DD4D0F1
:1043B00001222946684618F067FA002839D13A46A2
:1043C000414602A818F044FA98BB02A96A4608467A
:1043D00018F010FB68BB014602A818F054F930BB76
:1043E00016B164B9B9E746B90024B7E7B8F1000FD0
:1043F000DCD1002EF8D0002CAFD0002DADD02A4655
:104400003146684618F058FA98B90122694668465C
:1044100018F03AFA68B922466946684618F0EAFA8E
:1044200038B90146684618F02EF90028DCD0064C51
:1044300094E710F5844FFAD010F5814F8DD0A0F598
:1044400084448BE780BFFFFF00BEFFFF044B1B6867
:104450005840430840425B421843C017704700BFB2
:1044600088A8002410B50B4C2268236842405940AC
:1044700081EA0200521AC00FFFF7E8FF23684340A9
:10448000084022EA03021043BDE81040C00FFFF7C6
:10449000DDBF00BF88A80024034B1A681B68534087
:1044A0004B405840FFF7D2BF88A800242DE9F047C1
:1044B00094B005460E46904601A8994618F0F7FDBF
:1044C0009DF87000FEF7A4FD0746002850D001A813
:1044D00018F0EDFD0022394601A8FEF7D3FD044691
:1044E00050B9384618F016FE40220746214604A867
:1044F0001BF01EFA009456B904A84021FFF742FDB4
:1045000001A818F0D9FD204614B0BDE8F087BE42DE
:1045100001A8B24628BFBA46FEF710FE30BB4A4695
:10452000414601A8FEF72EFE00BB042269460DEBB2
:104530000200FEF727FEC8B904A901A8FEF74CFE49
:10454000A0B904AA05EB0A018D4207D19DF80330FA
:10455000A6EB0A0601338DF80330CCE715F8010B02
:1045600012F8013B434005F8013CEDE70446C3E780
:10457000004CC8E780BFFFFF2DE9F041154686B02B
:104580001F4A074688461E46106801AB516803C3A0
:104590009DF83400FEF73CFD044678B303A818F0FC
:1045A00086FD2146002203A8FEF76CFD0446F0B903
:1045B00003A8FEF7C3FD0446C8B9082201A903A851
:1045C000FEF7E0FD044690B94246394603A8FEF7DF
:1045D000D9FD044658B93246294603A8FEF7D2FD54
:1045E000044620B90C9903A8FEF7F6FD044603A87B
:1045F00018F062FD204606B0BDE8F081014CF9E7F5
:104600009722080880BFFFFF2DE9F3471E460023CD
:104610000D469146DDF828800746CDE90033002895
:104620003BD018F0C2FE0446002868D06A4601A9B3
:104630003846FFF793FC002861D1AC425FD1009C63
:104640002C4404F108037F2B59D804F10A0305F127
:104650000A02934253D3B34251D8341B0A3C0A2C6A
:104660004DD94346033C4FF0000A0122FF2103F8D5
:1046700002AB184688F8012022461BF059F9034680
:10468000204403F804A067B92A46494601301BF0CC
:1046900027F9002002B0BDE8F0878E422FD3741AAC
:1046A000DDE73022EFB24270009CC27004F10803D3
:1046B000E2B253FA85F382718370131D0199224689
:1046C000037106234371C31D18461BF009F9052128
:1046D00002190423015549469370D31882F801A0AA
:1046E0001846D7702A461BF0FBF8034608EB060273
:1046F0002B449A42CDD031464046FFF743FC014857
:10470000C8E700BF80BFFFFF38B5154617F0DBF9DB
:10471000044638B90146284617F0B5FF024B002879
:1047200008BF1C46204638BD80BFFFFFF8B500F12A
:104730000806476804460D46304617F0E5FE8742F6
:104740004BD16368B3F5806F47D80021304617F02E
:104750009AFF002841DD0021304617F0AEFEE0B39D
:1047600045B9294604F1100017F08DFF002834DD0B
:104770000020F8BD04F120050021284617F083FF32
:1047800000282ADD0021284617F097FE28B304F1FF
:1047900028050021284617F076FF00281DDD00219E
:1047A000284617F08AFEC0B1002104F1100017F06E
:1047B0006AFF002811DD002104F1300017F063FFCB
:1047C00000280ADD002104F1380017F05CFF002802
:1047D00003DD002104F14000C6E70148C9E700BF3E
:1047E00080BFFFFF2DE9F04F044600F108098DB0AE
:1047F000002104F12007484604F1280817F043FF80
:1048000004F1180A00210646384617F03CFF04F16F
:10481000100B00210690404617F035FF00210B9049
:10482000504617F030FF00210A90584617F02BFF32
:1048300004F13003002105461846039317F023FFC7
:1048400004F13803002107901846049317F01BFF6A
:1048500004F14003002108901846059317F013FF58
:1048600006990990DDE90A3241B10AB113B9FDB9DF
:10487000294839E096B9002DFAD02DE0002EF7D066
:10488000002AF5D1F3B1002DF2D03B4652465946ED
:104890004846CDF80080FFF797FB10E0002DE7D0E9
:1048A000079B5BB3089B4BB3099B3BB301230BE016
:1048B0008EB153465A464146384618F0D5FC00287A
:1048C000EED00FE0002DD3D0194620460DB0BDE844
:1048D000F04FFFF72BBF012642463946484617F0F6
:1048E000EBFF20B1A0F581400DB0BDE8F08F484648
:1048F00017F00AFE6060002ED2D0DAE7059B524620
:10490000414638460193049B0093039B18F009FD30
:104910000028CBD0E6E700BF80BFFFFF70B50021C5
:104920000446FFF703FF054610B10E4D284670BD43
:1049300004F10806304617F0E3FD7F28F5D910345E
:104940002946204617F0B9FD0028EED0204617F082
:10495000D7FD0128E9D93146204617F04CFE002842
:10496000E4DBE2E700BEFFFF30B58C188BB00546F4
:104970003023089109AA214608A817F03EF828B963
:10498000DDE9083213449C4202D023480BB030BD0D
:10499000022309AA214608A817F02FF80028F5D10C
:1049A00003460090CDE90500CDE90300CDE9010003
:1049B000DDE90812284618F042FD0028E5D121461D
:1049C00008A8DDE90832134409AA0893022317F066
:1049D00014F80028DAD1DDE9081299B92846DDE992
:1049E000083213440893FFF7FDFE0028CDD1284676
:1049F000FFF794FF0028C8D1089BA34218BF6FF0AF
:104A00006500C3E705F1100017F084FD0028E5D02C
:104A1000B0F5814FE2D0B8E780BFFFFFF0B585B0B9
:104A20000446FFF77BFF20B901212046FFF77EFEF9
:104A300010B1134805B0F0BD04F1100304F12005D6
:104A400004F1280604F11807009329463B46324634
:104A5000CDE9010004F10800FFF7AAFB0028E8D126
:104A600004F140033A4631462846019304F13803E5
:104A7000009304F13003FFF75DFC0028DAD0D8E79B
:104A800000BEFFFF38B505460C46FFF747FF18B9D3
:104A90002046FFF7C3FF08B1094838BD04F10801FB
:104AA00005F1080017F0A7FD0028F5D104F1100169
:104AB00005F1100017F09FFD0028EED0ECE700BFD5
:104AC00000BEFFFFF0B50C4685B000210546164636
:104AD000FFF72CFE002839D102A817F01AFC214656
:104AE0006A6802A817F016FD044618B102A817F06C
:104AF00015FC0CE005F1080402A8214617F07BFD27
:104B0000002807DB6FF0030402A817F007FCA4F5E8
:104B1000854418E005F1480302A96F6805F1100209
:104B200000930846234618F08DF804460028DDD18E
:104B30003A46314602A817F003FD044602A817F0D2
:104B4000EDFB002CE3D1204605B0F0BD004CFAE7A8
:104B500080BFFFFF2DE9F04F05469DB017461C466C
:104B60000E4639B9024C20461DB0BDE8F08F00BF9B
:104B700080BFFFFF0121FFF7D9FD0028F2D104A873
:104B800017F0C7FB06A817F0C4FB08A817F0C1FB75
:104B90000AA817F0BEFB10A817F0BBFB12A817F06D
:104BA000B8FB0CA817F0B5FB0EA817F0B2FB14A8C1
:104BB00017F0AFFB16A817F0ACFB21466A6804A8F3
:104BC00017F0A8FC0446002840F04E8105F10808C3
:104BD00004A8414617F00FFD002880F2C4811AA8EE
:104BE00017F097FBAB6E002B00F0658105F16009B3
:104BF0004A464946484617F05FFE0446002840F002
:104C00008D8142464946484617F0F4FE0446002886
:104C100040F0848105F168094A464946484617F044
:104C20004BFE0446002840F07981424649464846FA
:104C300017F0E0FE0446002840F070811AA817F033
:104C40006DFB04A905F16002084617F035FE044625
:104C5000002840F0098104A94246084617F0CAFE20
:104C60000446002840F0008104A914A817F0D4FBE2
:104C70000446002840F0F88005F1200A012206A829
:104C8000514617F001FE0446002840F0ED8005F182
:104C90002809012208A8494617F0F6FD0446002815
:104CA00040F0E2803B4632461C210AA818F050F83A
:104CB0000446002840F0D8800AAA06A910A817F0D8
:104CC000FBFD0446002840F0CF8010A905F130021A
:104CD000084617F0BAFD0446002840F0C5803B4660
:104CE00032461C210AA818F033F80446002840F088
:104CF000BB800AAA08A912A817F0DEFD0446002806
:104D000040F0B28012A905F13802084617F09DFD67
:104D10000446002840F0A88005F1500310AA04A919
:104D20000CA80093534617F084FF0446002840F077
:104D30009B8005F1580312AA04A90EA800934B46C4
:104D400017F077FF0446002840F08E800EAA0CA9C9
:104D500004A817F07DFD0446002840F0858005F189
:104D6000400204A90CA817F0A7FD044600287BD137
:104D700052460CA904A817F03DFE0446002873D142
:104D80004A4604A90CA817F097FD044600286BD1E9
:104D90000CAA0EA904A817F058FD0446002863D1F8
:104DA00005F1480305F1100204A916A80093434633
:104DB00017F03FFF0446002856D114A916A817F093
:104DC0001AFC002840F0D280A86817F098F907462E
:104DD00018A8EE8917F09DFA1AA817F09AFA41461A
:104DE00018A817F0E8F90446002840F0B8807100D0
:104DF0001AA8013117F0A0FA0446002840F0AF804D
:104E0000314604A817F098FA0446002840F0A7801D
:104E1000314605F1680017F08FFA0446002840F08B
:104E20009E801A9B04990293189B0846CDE9007353
:104E30003346AA6817F051FA1A9B0499019608465E
:104E4000CDE90273AB6800933346AA6E17F068F998
:104E500018A817F063FA1AA817F060FA6A6826997A
:104E600004A817F06DFB044606A817F057FA08A827
:104E700017F054FA0AA817F051FA10A817F04EFAD2
:104E800012A817F04BFA04A817F048FA0CA817F06C
:104E900045FA0EA817F042FA16A817F03FFA14A820
:104EA00017F03CFA002C3FF45EAE14F17F0FA8BF60
:104EB000A4F5864457E64FF00C0A05F1680B05F19E
:104EC0006009BAF1010A48D069683B463246584643
:104ED000013917F03DFF044600BB69683B46324686
:104EE0001AA8013917F034FF0446B8B91AAA59466E
:104EF000484617F0E1FC044680B942464946484618
:104F000017F078FD044648B942464946484617F02E
:104F100037FF044630B110F10E0FD2D01AA817F0A7
:104F2000FDF9A1E71AAA4946484617F0C5FC044610
:104F30000028F3D142464946484617F05BFD044637
:104F40000028EBD105F1480305F110024946484617
:104F50000093434617F06DFE6CE6054CDEE718A89B
:104F600017F0DCF9DAE76FF003047DE7014C7BE72B
:104F700080BBFFFF80BCFFFF2DE9F04F89B00746E3
:104F800088461C460692DDE912B2DDE914A50492BA
:104F9000002B46D1BBF1000F3FD1B8F1000F03D178
:104FA000494809B0BDE8F08F7E6897F87490B9F170
:104FB000000F08BFA146484618F0F7F9044600283C
:104FC000EED0BAF1FF3F3AD102B2B6EB420F4FEA50
:104FD0004203E5D30233B3423AD9B31EA3EB000A2E
:104FE0003246002128461AF0A3FC07F108031846B0
:104FF000059317F085FA331B079001209A1EA2EB48
:105000000A02A918A8545246069801310391C047D4
:105010000399F8B1A0F58940C3E7049B002BBCD1EC
:10502000BEE7049B002BBBD00029B9D046682046C0
:1050300018F0BBF90028B3D08345B6D0B0E7BAF179
:10504000000FADDB0AF102020244B242C8D9A7E761
:105050008246C5E701EB0A030A46049859460393C2
:10506000CDE900395346FFF787FA002899D1079B0D
:10507000039A013BCDF8009013F0070FA6EB040351
:105080000CBF01200020591E2346091A2844FFF7AF
:105090000DFA002885D1059817F032FAFF23C0EBEE
:1050A000C6002A7841460130034138461340039A2E
:1050B0002B70BC2313552B46069A129509B0BDE8F8
:1050C000F04FFFF747BD00BF80BFFFFF2DE9F04F56
:1050D00087B006468A46DDF84C90CDE90223109B46
:1050E0000493DDE91183059319B9364807B0BDE88B
:1050F000F08F90F8740018F058F904460028F4D0A6
:1051000002B208F10203756803EB42034FEA420B57
:105110004345EAD3AB42E8D82A46002148464F46E9
:105120001AF006FC00232246029807F8013B394694
:10513000D04710B1A0F58940D8E796F8740007EB86
:10514000040AFDF765FF0028CFD05346DDE90312BE
:10515000FEF760F80028C9D1A5EB08030122023B45
:105160002344A3EB0B030AEB03000AF80320B8F176
:10517000000F04D04246059901301AF0B1FB04F14A
:105180000108013D96F874303A46C8442D1B00933F
:10519000234629464046FFF789F90028A6D196F80C
:1051A000743042462146384600932B46FFF77EF97D
:1051B00000289BD14A464946304607B0BDE8F04F2B
:1051C000FFF780BC80BFFFFF2DE9F74F1E460C9B09
:1051D0008046894616F10C0F92460D9F4468019354
:1051E00003D91C4803B0BDE8F08F06F10B03A342BE
:1051F000F7D800233B700029F3D0A41B0223BD1C69
:10520000013C7B703C44A5420FD100232B7026B19A
:1052100032460199681C1AF063FB3A46394640460B
:1052200003B0BDE8F04FFFF74DBC4FF0640B012217
:1052300029465046C8472A7842B9BBF1010B02D132
:10524000A0F58940CEE70028F1D0F9E70028F7D192
:105250000135D8E780BFFFFFF0B585B0056FDDE908
:105260000A6725B1012D07D0074805B0F0BD05B08C
:10527000BDE8F040FFF7A8BF01930023CDE9026726
:105280000093FFF723FFF0E700BFFFFF2DE9F04F8A
:105290009B46036FADF2544D0646012B89461446DA
:1052A00005D0564C20460DF2544DBDE8F08F4368B2
:1052B0000393103BB3F57C7FF3D890F8740018F09B
:1052C00074F805460028ECD0471C039BB3EB470F4E
:1052D0004FEA4708E5D30DF1500A2246DDF8803445
:1052E00049463046CDF800A0FFF734FC04460028BC
:1052F00068D1039B574429460DF1510003F1FF3952
:1053000096F874303A46A9EB050900934B46FFF72F
:10531000CDF80446002855D196F874300DF15102AD
:105320004946384600932B46FFF7C0F8044600284C
:1053300048D196F87400FDF76BFE002857D004ABF7
:10534000DDF878245946FDF765FF0446D0BB9DF88B
:1053500050002A46FFF77AF80DF15103074604A8DA
:105360005E19DFF8A490A3463146354417F07CFE61
:10537000FFF76CF8039BD9F800600743A3EB08081C
:10538000AA46F643A844C24526D1012115F80B00D0
:10539000FFF782F8D9F80020384305EB0B0682426C
:1053A00027D1711814AA039B8A1ADDF888049A1A67
:1053B000824220D8DDF87C0402601AB1DDF8840452
:1053C0001AF08EFA14A84FF48061FEF7DBFD40213D
:1053D00004A8FEF7D7FD65E700211AF8010BFFF7D7
:1053E0005BF826EA000606F001029344CBE7034C83
:1053F000E8E7034CE6E7034CE4E700BF80BFFFFFAC
:1054000000BFFFFF00BCFFFF88A800242DE9F04F7C
:10541000ADF2144DD0F804800293036F002B40F0DE
:105420008480A8F11003B3F57C7F7ED804AFDDF84B
:1054300038340097FFF78EFB044600286BD1DDF867
:105440004034A8F10B0B387802215B45DFF8E4A06B
:1054500025460C4628BF5B469946FEF7F7FF0646F1
:105460007878FFF719F8DAF8003006430021385D44
:105470000393FFF711F8039B013463EA0003A0458F
:105480006FEA030202F001010D44EFD11643082137
:105490002846A8EB0505FEF7E5FFDAF800300643DD
:1054A000033D4846A8EB09087340B84425EA0305C4
:1054B00009EA06031D432946FEF7D4FFDAF8004047
:1054C00006F48242034674400DF11B01039320EA67
:1054D0000404304304F4884414435A4617F0D1FDC1
:1054E000039BDAF800204946404664425A4009EAE4
:1054F000030325EA02051D43A9EB0502FDF7FEFCA7
:10550000DDF840342BB14A464146DDF83C041AF040
:10551000E7F9029B1D604FF480613846FEF732FDCB
:1055200020460DF2144DBDE8F08F014CF8E700BFA6
:1055300080BFFFFF88A80024F0B587B0056FDDE9C4
:105540000C67DDF838C025B1012D07D0084807B039
:10555000F0BD07B0BDE8F040FFF758BFCDE9013618
:105560000023CDE9037C0093FFF790FEEFE700BF37
:1055700000BFFFFF1FB5046F012C0FD1446F04B9AA
:1055800063B1089C03944FF0FF340294079C01948C
:10559000069C0094FFF7F0FC04B010BD0048FBE748
:1055A00080BFFFFF2DE9F3470C9F054689469246D1
:1055B0001846DDE90A1203B909B1002A4CD02B6F55
:1055C000002B49D100976B68FFF71EF8044638B9E5
:1055D00069680120FEF7E2FC064628B96FF00F0467
:1055E000204602B0BDE8F08769680120FEF7D6FCCE
:1055F000804618B93046FEF7D7FCEFE73B465246E7
:10560000494628460096FFF7A5FA044690B9424657
:1056100031462846FFF756FA044658B96A683946B3
:10562000404617F021FD0446A0B96A683146384665
:105630001AF056F96968304617F00CFE6968404662
:1056400017F008FE002CCBD06A68212138461AF0EA
:105650006FF9C5E7014CEDE7014CC1E700BDFFFF65
:1056600080BFFFFFF0B4069EDDE9044503B904B135
:1056700095B1076F27B1012F08D00848F0BC7047DB
:10568000CDE905560494F0BCFFF78CBFCDE9055673
:105690000494F0BCFFF76EBF0148EFE700BFFFFFC7
:1056A00080BFFFFF2DE9F04FADF2544D0D460021B4
:1056B0000746914615A84FF47F7214AE9DF878B452
:1056C000039331601AF034F915B9B9F1000F06D01F
:1056D000039B23B93E480DF2544DBDE8F08FD7F837
:1056E0000480A8F11003B3F57C7FF3D83246DDF8CF
:1056F00080143846FFF7E6F90028ECD108F1FF34B2
:10570000335DBC2B01D03348E5E7002D58D1584616
:1057100017F04BFE05460028DCD007F1080016F014
:10572000EFFEC8F10103471E327807EBC3031A41AD
:10573000D0D1780705F102030ABFA04634460DF127
:1057400051044345C6D8A8EB05012B462046CDF8A9
:1057500000B0013904EB010A5246FEF7A7FE00280B
:10576000B9D1C7EBC807FF2332783B4113400AF198
:10577000FF32337014F8013B611E8A4201D9002BBD
:10578000F8D0012BBFD1DDF87C24AAEB0403511C17
:1057900001D09342B7D104AE224649460398CDF8D2
:1057A00004B00096FEF7E8FE002894D12A46314660
:1057B00050461AF034F9084B002818BF18468AE7FB
:1057C000284617F0F2FD002884D081459FD081E75C
:1057D00080BFFFFF00BFFFFF80BCFFFF30B585B07B
:1057E00001B902B173B1446F54B1E4B2089D02959E
:1057F0004FF0FF35CDE90045FFF754FF05B030BD50
:105800000C46F3E70048F9E780BFFFFF2DE9F347B7
:10581000804691469A460C4601B912B1BAF1000F82
:105820003FD0D8F8045001202946FEF7B7FB0646C2
:1058300048B129460120FEF7B1FB074648B9294681
:10584000304617F007FD6FF00F04204602B0BDE8A8
:10585000F08700902B46204652464946FEF7D4FE7C
:10586000044640B12946304617F0F4FC2946384634
:1058700017F0F0FCE9E732460A994046FFF722F9B3
:1058800004460028EED139462A46304617F0ECFB94
:10589000044629463046002CE6D0034C17F0DAFCCB
:1058A000E4E7024CD1E700BF80BCFFFF80BFFFFFF1
:1058B00030B4029C01B902B173B1056F25B1012D5D
:1058C00006D0064830BC7047029430BCFFF79EBF3C
:1058D000029430BCFFF782BF0148F3E700BFFFFF2F
:1058E00080BFFFFF70B588B00D461446064606A877
:1058F00016F00FFD05952544302304AA05A8294676
:1059000016F07BF8044628B9DDE9042313449D42D0
:1059100003D05B4C204608B070BD03AA294605A8F9
:1059200016F0CDF804460028F4D1039B002BF0D1EB
:1059300006AA294605A8FEF7E7FE044618B106A800
:1059400016F0ECFC95E00346024606A9CDE90000FE
:10595000304617F031FD04460028F0D106AA29464A
:1059600005A8FEF7D1FE04460028E8D106A906F1F5
:10597000100016F051FD10B1B0F58144DFD106AA38
:10598000294605A8FEF7C0FE04460028D7D106A97F
:1059900006F1180016F040FD10B1B0F58144CED1EB
:1059A00006AA294605A8FEF7AFFE04460028C6D180
:1059B00006A906F1200016F02FFD10B1B0F58144C4
:1059C000BDD106AA294605A8FEF79EFE044600287A
:1059D000B5D106A906F1280016F01EFD10B1B0F5EC
:1059E0008144ACD106AA294605A8FEF78DFE0446DF
:1059F0000028A4D106A906F1300016F00DFD0446DA
:105A000000289CD106AA294605A8FEF77DFE04467B
:105A1000002894D106A906F1380016F0FDFC0446D2
:105A200000288CD106AA294605A8FEF76DFE04467B
:105A3000002884D106A906F1400016F0EDFC0446CA
:105A400000287FF47CAF3046FEF7CCFE04460028E9
:105A50007FF475AF3046FEF761FF044600287FF4FF
:105A60006EAF059B06A8AB4207D06FF0650416F039
:105A700055FC304617F02EFD4CE716F04FFC49E779
:105A800080BFFFFF03460A4A00209A6002F1883275
:105A9000DA6002F12942A2F59612A2F68B621A612F
:105AA000A2F188325A61034AC3E900009A61704743
:105AB00001234567F0E1D2C32DE9F04F4B68AFB049
:105AC000CD681BBAD1F800E08E6807932BBA00901E
:105AD0009EFA8EFE089336BA0B6993FA83F84B69E7
:105AE00093FA83FA8B691BBA0993CB691BBA11939A
:105AF0000B6A93FA83FB4B6A1BBA0A938B6A1BBA35
:105B00000B93CB6A1BBA0C930B6B1BBA0D934B6BAD
:105B10001BBA02938B6B1BBA0393CB6B1BBA049318
:105B200083680E93C368019303690E9905934369D3
:105B3000019F0F9383690F9A1293059B089D83EA37
:105B40000200019B1840DE4B5040129A03EBB7074E
:105B50001A442F440A9D02EBF16201991044059A00
:105B600082EAB1020E9970448EEA060E0A40059947
:105B70008EEA0B0E4A400F9919440A4407990A44C9
:105B80000E994FEAB10C019902EBF0628CEAB10474
:105B9000044084EAB10405991944314486EA0806B0
:105BA0000C448CEAB001114004EBF2644FEAB202FB
:105BB00081EA0C019C4482EAB409394482EAB007C4
:105BC000C444274001EBF46187EAB00709EA010900
:105BD00067440AEB030C89EA020907EBF1670CEB57
:105BE000B00C09984FEAB101E144184481EAB40CC1
:105BF000104409EBF7690CEA070C119A8CEAB40C13
:105C00001A44844481EAB70002EBB40200EA0900B6
:105C10000CEBF96C484010444FEAB9020BEB030956
:105C200082EAB704894400EBFC6004EA0C0484EACD
:105C3000B70404EB090182EABC0405EB03090B9DE0
:105C4000044001EBF06109EBB709EF184FEAB0002F
:105C5000544017440C9A4C4480EABC091A440D9DE8
:105C600009EA010904EBF16402EBBC0289EABC0910
:105C700005EB030C029DB94480EAB1078444274038
:105C800009EBF4694FEAB404474084EAB9001744C9
:105C900084EAB10202EA090207EBF96782EAB1027B
:105CA0003840624405EB030C604002EBF7620CEBFA
:105CB000B10C03994FEAB7076044194487EAB90C5D
:105CC000214400EBF2600CEA020C049C8CEAB90C53
:105CD0001C448C4487EAB20104EBB90401400CEB8C
:105CE000F06C4FEAB000794021448EEA0504069436
:105CF00080EAB204069D01EBFC6104EA0C0403EBAC
:105D0000F57E84EAB204BE44DDE9075774446F406F
:105D10000A9D04EBF1646F40039D7D4080EABC075F
:105D200003EBF57E0F4007954FEAB1010EEBB20E83
:105D30000B9A47405640049A7744564007EBF46765
:105D400003EBF67E4FEAF67286440898139281EAD6
:105D5000BC0280EA0A050C9822404540069882EA77
:105D6000BC0285EAF070724410904FEAF070109D0A
:105D700002EBF762149081EAB40003EBF57338404C
:105D80004FEAB70703EBBC03484087EAB40918445D
:105D9000099B89EA020988EA03080D9B00EBF2607F
:105DA00088EA0308079B88EAF3730893089D454B2C
:105DB00003EBF57C029D8C4411998AEA0101E144D0
:105DC00087EAB20A6940119D8AEA000A09EBF06984
:105DD00081EAF6714FEAB00003EBF17C0CEBB40CF6
:105DE000099C84EA0B08039CE24488EA0408109C9E
:105DF0000AEBF96A88EAF47803EBF87C4FEAF87466
:105E0000BC440A9F159480EAB20485EA070E049DFB
:105E100084EA09048EEA050E089D644480EAB90C00
:105E20008EEAF57E04EBFA648CEA0A0C03EBFE774B
:105E30004FEAFE7507EBB2070B9A11954FEABA0AC3
:105E4000069D8BEA0202BC448AEAB90782EAF5722F
:105E50000A9D67400CEBF46C82EAF17203EBF27B73
:105E600009920D9A834407EB0B000C9F6F40079D2E
:105E700000EBFC6087EAF57787EAF8758AEAB407F1
:105E80000A9503EBF57B0B9D87EA0C070BEBB90B2F
:105E900085EA0209029D5F444FEABC0C89EAF67666
:105EA0008CEAB40986EAFE7689EA000907EBF06716
:105EB0004FEAF67203EBF67B16920C9AD34403E09A
:105EC0009979825AA1EBD96E82EA050A109AD944CF
:105ED0008AEAF275099A8CEAB00A85EAF2758AEACA
:105EE000070A09EBF76903EBF57B4FEAF5720BEB59
:105EF000B40B10924FEAB7070AEB0B0404EBF962FC
:105F0000039C0C920D9A82EA040A089A049C8AEA7D
:105F1000F27A0A9A8AEAF27287EAB00A03EBF27B13
:105F20000B928AEA090A0C9AE3440AEB0B0C0CEB7D
:105F3000F26C029A82EA040A8AEAF17A8AEAF67232
:105F400087EAB90A02920C9A8AEA020A029A03EBD9
:105F5000F27B0C9A0BEBB00B0698DA444FEAB20BCB
:105F6000039A0AEBFC6A82EAF0748BEAB90084EACD
:105F7000F87480EA0C0084EAF57403EBF4784FEAD5
:105F8000F472B8440D9200EB0807049A079807EBE7
:105F9000FA6782EAF0700B9A80EAFE708BEABC0E18
:105FA00080EAF27206988EEA0A0E4FEABA0A0C925A
:105FB0004FEAF27217920C9A03EBF278139A08EBFD
:105FC000B908C64482EAF078099A07980EEBF76E92
:105FD00088EAF278029A88EAF2728AEABC0803EB4D
:105FE000F279039288EA0708149AD944C84482EAED
:105FF000F0790A9A089808EBFE6889EAF27989EA4A
:10600000F4728AEAB70903EBF27B049289EA0E097B
:10601000139A0BEBBC0B4FEABE0E09EB0B0C82EA9A
:10602000F0790C9A89EAF6798EEAB70689EAF2796C
:1060300086EA08060CEBF86C4FEAF97203EBF97B81
:106040001392D344149A06EB0B0A82EAF176039A70
:1060500086EAF5768EEAB80586EAF27685EA0C05D8
:106060000AEBFC6A4FEAF67203EBF67B14924FEAF6
:10607000BC0C159A0BEBB70B82EAF0770B9A5D44D8
:106080000A9887EAF277049A05EBFA6587EAF272D2
:106090008CEAB80703EBF27B0692119A87EA0A07AB
:1060A000F3448CEABA0E82EAF171029A5F448EEAF6
:1060B000050E81EAF271159A07EBF56781EAF97B23
:1060C0004FEAB50503EBFB7101EBB8018E4409996A
:1060D00082EAF1710EEBF76E81EAF47485EABA0197
:1060E00084EAF67479404FEAF47203EBF47815927F
:1060F000119AE04482EAF07C0C9A41448CEAF270F6
:10610000069A85EAB70C80EAF272D9488CEA0E0C3E
:1061100001EBFE610C924FEAF27201EABE081192A5
:106120000C9A03EBF273099A03EBBA039C44169B97
:1061300083EAF272039B0CEBF16C82EAF37282EA5F
:10614000FB7300EBF37207930A9B154441EABE020E
:1061500002EAB70205EBFC6542EA08024CEAB10824
:106160002A44109D08EABE0885EAF375049B85EA77
:10617000F37585EAF4730CEAB105089348EA05055E
:1061800000EBF378169B08EBB70805EB08070B9DAF
:1061900083EAF5780C9B07EBF26788EAF97802EA64
:1061A000BC0988EAF37800EBF8754FEAF87305EB61
:1061B000BE0E42EABC0516930EEBF76E109B05EA85
:1061C000B10545EA090547EAB209AE44029D09EA6C
:1061D000BC0983EAF575079B85EAF67607EAB205FE
:1061E00086EAF37649EA05054FEAF67300EBF6799D
:1061F000109309EBB1090D9B0B994D440EEAB709B9
:1062000083EAF171069B05EBFE6581EAF371089B59
:1062100081EAF37300EBF3710993029801EBBC0C74
:10622000179B4EEAB7010CEBF56C01EAB20141EAAB
:10623000090145EABE09614483EAF07C09EAB7092D
:106240008B488CEAFB7C8CEAF87305EABE0C02935F
:1062500049EA0C0C00EBF3790D9B09EBB209039AA8
:1062600083EAF272CC4401EAB50982EAF4740CEBD9
:10627000F16C84EAF67400EBF4724FEAF47302EB0B
:10628000B70741EAB5020D9307EBFC67179B02EADB
:10629000BE0242EA09024CEAB1091744049A09EA2B
:1062A000B50983EAF2720C9B82EAF370099B0CEA4F
:1062B000B10280EAF3736E4849EA02020A934FEA98
:1062C000F3730C930A9B00EBF379139B039809EB90
:1062D000BE0983EAF07E079B65484A448EEAF37E56
:1062E000029B02EBF7628EEAF37307EABC0E00EB47
:1062F000F3790393049809EBB509149B47EABC05AD
:1063000009EBF26905EAB10545EA0E0502EAB70EA6
:10631000A94483EAF075089B554885EAF37585EA38
:10632000F47342EAB705049305EABC0545EA0E0E8C
:1063300000EBF375139B05EBB105069983EAF17148
:106340000A9BAE4409EAB20581EAF8780EEBF96ED1
:1063500088EAF37800EBF8714FEAF87301EBBC0CB4
:1063600049EAB2011393149B0CEBFE6C01EAB701EE
:1063700083EAFB7A039B29430EEAB9058AEAF67A97
:106380008C444EEAB9018AEAF37A01EAB2014FEA93
:10639000FA730D4300EBFA71149301EBB701159BEF
:1063A0000D44069983EAF171099B05EBFC6581EACE
:1063B000F371049B81EAF3730CEABE0100EBF377FF
:1063C0000693119B07EBB2074CEABE0207EBF56799
:1063D00002EAB90283EAFB7B029B0A4305EABC019D
:1063E0008BEAF37B159B174445EABC028BEAF87BEA
:1063F00002EABE02114300EBFB7202EBB902114448
:10640000079A83EAF27647EAB50286EAF47601EB68
:10641000F76186EAFA7602EABC0200EBF6744FEA0C
:10642000F67304EBBE0407EAB50E159304EBF164B2
:10643000119B42EA0E0241EAB70E1444089A0EEA92
:10644000B50E83EAF2720A9B82EAF370069B01EAB8
:10645000B70280EAF3704EEA02024FEAF07311933A
:10646000034B03EBF07E169B0EEBBC0E02E000BF6D
:10647000DCBC1B8F02EB0E0C079A04EAB10E83EA18
:10648000F272039B0CEBF46C82EAF37282EAFB7308
:10649000D14A02EBF3720793109B02EBB50244EA78
:1064A000B10502EBFC6205EAB70545EA0E050CEA08
:1064B000B40E2A44089D83EAF575049B85EAF375BA
:1064C00085EAF6734CEAB405089305EAB10545EA96
:1064D0000E0EC14D05EBF375169B05EBB705AE44EB
:1064E000099D83EAF5750EEBF26E85EAF87502EA0E
:1064F000BC0885EAF0754EEAB2094FEAF57309EA7D
:10650000BC091693B44B03EBF577109B07EBB1076F
:1065100042EABC0107EBFE6701EAB40141EA080167
:106520000EEAB2080F44029949EA080883EAF171B9
:10653000079B81EAFA714FEABE0A81EAF3718AEA9F
:10654000B20E4FEAF1730B918EEA070E1093A24B35
:1065500003EBF173099903EBB40308EB03040D9B00
:1065600083EAF173069904EBF76483EAF1730899FF
:1065700083EAF17319460993984B03EBF1780C9970
:10658000029B08EBBC0881EAF37C9449C6448AEA82
:10659000B7088CEAFB7C0EEBF46E88EA04088CEA00
:1065A000F5734FEAB40401EBF37C0A930D9B0CEBFB
:1065B000B20C039A83EAF2790B9BE04484EAB70CAD
:1065C00089EAF6798CEA0E0C08EBFE6889EAF37921
:1065D00001EBF9724FEAF97352440D9394440C9B0A
:1065E000049A0CEBF86C83EAF276099B84EABE020B
:1065F00086EAF07682EA080286EAF3764FEAF673D4
:1066000001EBF67003990C93139B00EBB70083EA40
:10661000F177079B0499024487EAF3770A9B4FEAD4
:10662000B80087EAF37780EABE0A4FEAF7736B4F48
:106630008AEA0C0A02EBFC620293DF191993149B9D
:10664000274483EAF174089BBA44644F84EAF374E4
:1066500006990AEBF26A84EAF9744FEAF47380EA65
:10666000BC040393DF191A935440139B07EBBE0736
:106670004FEAB20283EAF1783C44584F88EAF57851
:10668000149B82EABC05554988EAF67885EA0A0532
:1066900004EBFA644FEAF8784744CDF86C8007447D
:1066A00082EABA003D4483EAFB770B9B604005EB2E
:1066B000F46587EAF377029B4FEAB4045F40159BC9
:1066C00084EABA0E4FEAF7778EEA050E79181C971E
:1066D00001EBBC01DFF804C10844069983EAF171BB
:1066E000099B00EBF56081EAF371039B5940119B14
:1066F0004FEAF1718C441D91944483EAFB720A9B2A
:10670000DFF8D8B0E64482EAF372159B84EAB50C50
:1067100082EA08020EEBF06E8CEA000C4FEAF2728D
:1067200093441E920BEBBA0BDC444FEAB00B079874
:106730000CEBFE6C83EAF07A8AEAF97ADFF89C9037
:106740008AEA070A4FEAFA738BEAB50A0493994476
:1067500008988AEA0E0A1F93A144119BCA4483EA4F
:10676000F07407980AEBFC6A84EAF6748BEABE06BA
:106770004C4086EA0C064FEABC0C4FEAF473174C07
:106780008CEABE091C190693209389EA0A09169B14
:1067900004EBB504114D264483EAF074029B08987B
:1067A00006EBFA665C40109B544083EAF070039B52
:1067B0004FEAF4745840049B6519219458405D4495
:1067C000DFF818B04FEAF0730998A9448CEABA05CB
:1067D00007939B4404E000BFDCBC1B8FD6C162CA98
:1067E00022937540169B0BEBBE0B09EBF66983EA0F
:1067F000F07E069B5D44DFF864B18EEA080E0A98CD
:106800004FEAB6068EEA030E109B05EBF9654FEAD8
:10681000FE7E86EABA08F344CDF88CE088EA0908DF
:10682000E34483EAF07C0D9B8CEA070C0998D8447A
:106830008CEA040C86EAB90408EBF5684FEAFC77A9
:10684000DFF818C16C404FEAB505BC4424970CEB47
:10685000BA0C644483EAF07C079B85EAB9008CEAB1
:10686000010C04EBF86480EA08008CEA030C0C9B32
:106870004FEAFC71DFF8E4C08C442591B4440A9ED1
:1068800083EAF67660440D9B564085EAB80200EB39
:10689000F46086EA0E0662404FEAB4044FEAF676E8
:1068A0002D94269606F14A4606F5C50606F583465A
:1068B000563606EBB9063244029E5E40049B02EB5C
:1068C000F0625E400C9B7E4084EAB8074FEAF676A1
:1068D00047404FEAB000279606F14A462C9006F54D
:1068E000C50606F5834656362E44039D5D40069B3D
:1068F00037445D4007EBF2674D4084EA00012A9778
:1069000018954FEAF57551404FEAB202289505F106
:106910004A452B9205F5C50505F58345563505EB2A
:10692000B8054B190E9903EBF76329930B440099B3
:106930008B60019B1F44059B1A440F9BCF6018443A
:10694000129B0A611C44486118A88C615821FDF70C
:1069500019FB00202FB0BDE8F08F00BFD6C162CA7E
:10696000012903462DE9F04143D80029224A234F4B
:1069700018BF9046224A234E18BF964602F179422C
:10698000214802F57402214D08BF8046204802F5D7
:106990000162204C08BF86461F4818BF94461F4A14
:1069A00008BF84461E4818BF17461E4A996618BF7E
:1069B000164602F1D14202F5C01202F51E6218BF5E
:1069C0001546194A18BF1446A2F11162A2F50C220D
:1069D000A2F28E2218BF02460020C3E9128EC3E93C
:1069E0001000C3E914C7C3E91665C3E91842BDE83E
:1069F000F0816FF07300FAE7D89E05C13AF54FA514
:106A000007D57C367F520E5167E6096A8C68059B74
:106A100085AE67BBABD9831F72F36E3C39590EF755
:106A2000A44FFABE310BC0FFA78FF9642DE9F04FD8
:106A30000346CFB000F16806483346AD009003919D
:106A40001868083353F8041C2A46B34203C215469B
:106A5000F6D1DDF834B104AA4A984FF0000CDDE914
:106A60004883DDE94B9601933C4BDDE946150293E3
:106A7000BCF10F0F5AD8039B53F82C301BBA4FEAC6
:106A8000F02E86EA0907029C05EA010A8EEAB01E8A
:106A9000074093600CF1010C8EEA706E7740BCF1F8
:106AA000400F02F10402774454F804EB774445EABE
:106AB000010E02943B444FEA71370EEA080E019C26
:106AC00087EAB1075B444EEA0A0EB34687EAB1573C
:106AD0001C44CDF804807744A6463B441FD1CDE941
:106AE0004631CDE90437CDE94A40009B45A9009CD9
:106AF00044336434CDE94C96CDE9485853F8042F1B
:106B000051F8040FA34202441A60F7D104A84FF4CD
:106B10009471FDF737FA00204FB0BDE8F08FA8461A
:106B20004E460D46814619467046A1E7136852F855
:106B300034AC4FEAF34E52F8387C8EEA734E8EEA4C
:106B4000932E52F8143C3B444FEABA4787EAFA17AF
:106B5000734487EADA073B4491E700BFD046080850
:106B60002DE9F04F0246ADF5437D0B4600F150068E
:106B70001032B2AD0D901068083252F8041C2C4649
:106B8000B24203C42546F6D1194610AB01F1800488
:106B90000A68083151F8040C12BA8C4200BA43F862
:106BA000080F5A60F4D112A8102584460135D0E9A7
:106BB0001C47D0E90216E30C0830FA0C4FEAC70E66
:106BC0004FEAC4084EEA547E43EA473342EA44326D
:106BD00048EA5778A40982EA0E0283EA080344EAE5
:106BE000876482EA97126340DCE91247DCE900EC33
:106BF00014EB0E044FEA112E47EB0C071B194FEA5A
:106C0000162C42EB07024C0877084CEA016C47EA65
:106C1000C17744EAC6744EEA066E87EA0C07C909D2
:106C200084EA0E0441EA4661614087EAD6145B18A3
:106C300042EB0402502DC0E91E32B6D1BA9BBB987C
:106C40000693BE9BDDF8E4C20793BF9BDFF870E8B4
:106C50000893BC9B0993BD9B0A93B29B0193B39B82
:106C60000293B49B0393B59B0493B89BDDE9C0AB3F
:106C700005930EABDDE9B689069A940B950C44EAB0
:106C80008047840B45EA803544EA8246840C6F4095
:106C9000D50544EA823445EA50256640C4056F4074
:106CA000DEF8005044EA52246640D3E90424AD18CB
:106CB000DEF8042042EB04047D19079A46EB040435
:106CC000099E0A9F5640089A5740069A1640079A0E
:106CD00007405640089AAD1987EA0207059A44EB27
:106CE000070415EB0A054BEB0404AA18059244EBC4
:106CF0000C020B92019A170F029A47EA0217160F1D
:106D0000019A46EA0216029A9107019A41EA920113
:106D10004FEA827C029A4E404CEA920C87EA0C07BA
:106D20004FEA426C019A4CEAD21C5106029A86EA5A
:106D30000C0641EAD211019A7940039F4919049D3A
:106D400044EB0606039C1443029A1543019A04EA95
:106D5000080402EA070C029A049F05EA090544EABE
:106D60000C04174011EB040A45EA070546EB050B36
:106D7000DEE90216D3E90654079A4919069D46EB47
:106D800004048918089A42EB0404099A85EA020669
:106D90000A9A80EA0205059A16400B9A1540099A4C
:106DA00056400A9A891985EA0205059A44EB0504BA
:106DB000950B0B9A45EA8245970B059A47EA82475D
:106DC0004FEA924C0B9A4CEA823C960C059A85EA63
:106DD0000C0546EA82360B9A7740D605059A46EAB4
:106DE00052264FEAC25C0B9A7E404FEA1A774CEA71
:106DF000522C47EA0B1785EA0C054FEA8A7C4D199D
:106E00004FEA8B714CEA9B0C44EB06064FEA1B746D
:106E100041EA9A0115EB080244EA0A1487EA0C07D2
:106E200007924FEA4B6C84EA01044FEA4A6146EB51
:106E300009024CEADA1C41EADB11089284EA0C04EC
:106E40007940019A4D194AEA0201029A46EB04047C
:106E50004BEA0206039A1140049A1640019A0AEA84
:106E6000020C029A41EA0C010BEA020715EB010839
:106E700046EA070644EB0609D3E90856DEE904149E
:106E8000099A491944EB060489180A9A42EB04044A
:106E9000DDE9052585EA02060B9A80EA0205079AD4
:106EA0001640089A1540069A56404540079A891997
:106EB00044EB0504950B089A45EA8245970B079A1F
:106EC00047EA82474FEA924C089A4CEA823C960C79
:106ED000079A85EA0C0546EA8236089A7740D60575
:106EE000079A46EA52264FEAC25C089A7E404FEA69
:106EF00018774CEA522C039A47EA091785EA0C05E1
:106F00004FEA887C4D194FEA89714CEA990C44EBA1
:106F100006064FEA197441EA9801521944EA081426
:106F200087EA0C0709924FEA496C84EA01044FEAA8
:106F30004861049A4CEAD81C41EAD91142EB060296
:106F400084EA0C0479400AEA080C0A920BEA090761
:106F50004D19019A4AEA080146EB04044BEA090676
:106F60001140029A41EA0C0116406A1846EA0706E7
:106F7000039244EB0602DEE90616D3E90A540492B2
:106F80004919069A46EB04048918059A40EB040453
:106F9000079850400B9A089D099F6A40099D284018
:106FA0000A9D2A40059D68400B9D091882EA05024A
:106FB0000A9844EB0204099A850B920B42EA80423C
:106FC000099845EA8045860C0A9846EA8036800C86
:106FD0007240FE0540EA873045400A98C00540EA05
:106FE00057200A9F46EA57266840049F7240039E36
:106FF0008A18019944EB000089180691029941EB27
:1070000000010C9103990D0F049945EA01150C0F2D
:10701000039944EA01140499890741EA9601B607E5
:107020004C40039946EA970675407E0646EAD1161B
:107030004906744041EAD7116940039D8A180399B3
:1070400008EA050609EA070548EA010140EB0404DD
:1070500049EA070001EA0A0100EA0B00314328432C
:107060005218019244EB0002D3E90C010292DEE9CE
:1070700008241218059844EB010112180B98099C7A
:1070800040EB010107980A9D44400898069F68401C
:10709000069D2C400C9D2840079D6C40089D1219B0
:1070A00080EA050041EB00010698850B0C9845EA43
:1070B0008045840B069844EA8044860C0C9846EA86
:1070C0008036800C754040EA873044400C98C605F5
:1070D000F80546EA57260C9F40EA57207440029E66
:1070E0006840019D1018019A41EB0404120F0299A7
:1070F0001AEB000A42EA01124BEB040B4FEA117C37
:1071000001994CEA011C0299890741EA9501AD07F2
:107110008CEA010C019945EA96056A40750645EA34
:10712000D11549068CEA050C019D41EAD611514062
:10713000039A0918019844EB0C0C42EA0004049AE3
:10714000039804EA080432432840049D02EA090235
:10715000354020432A4309184CEB020C0591DEE927
:107160000A25D3E90E40099E1219079C45EB000041
:107170001219089C069D44EB0000099C65400A9C7E
:1071800005EA0A057C404FEA9A47754004EA0B0479
:107190000A9E47EA8B3752194FEA9B4584EA060458
:1071A0004FEA9A3645EA8A3540EB04004FEA9B34B1
:1071B00046EA8B4644EA8A447E404FEACB576C400D
:1071C0004FEACA5547EA5A2745EA5B257C408F07B4
:1071D00075400E0F47EA9C0752194FEA1C7546EAA4
:1071E0000C1640EB040018EB020445EA011586EA90
:1071F0000706079449EB00044FEA4C6708944FEAEE
:107200008C7447EAD11744EA910465404C0644EA7D
:10721000DC147D40029F744007EA0C07A218039C0F
:1072200040EB0505019840EA01060298264040EA35
:107230000C00049C2040019C0C4038433443079EC2
:1072400012EB040845EB0009D3E91045DEE90C20F8
:107250001219099C40EB050012190A9C44EB00002E
:10726000069C84EA0A050C9C354084EA0B04089EBF
:107270003440069E75400C9E521984EA0604089D0F
:1072800040EB0400079CAE0BA40B44EA8544079D29
:1072900046EA8546AF0C089D079947EA8537AD0C4D
:1072A0007C4045EA813508996E40CD05079945EA4D
:1072B0005125CF05089975404FEA187647EA5127BE
:1072C000019946EA09167C404FEA88771419039A17
:1072D00047EA990740EB050512194FEA197086EA4B
:1072E000070609924FEA4967049A40EA081047EAFC
:1072F000D81742EB05020A924FEA897242EA9802D5
:1073000050404FEA486242EAD91278400CEA090735
:1073100072401419059A42EA08064CEA090245EB44
:1073200000000E4002990A40059901EA08053A4317
:107330003543611940EB0202039109990492D3E9A4
:107340001245DEE90E2040330EF1400E1419069A64
:1073500040EB0505A4180C9A42EB0505079A8AEA4A
:107360000200089A08408BEA02020A9980EA0A00A1
:107370000A40241882EA0B0245EB0205099A960B93
:107380008A0B46EA8146099942EA81428F0C0A99A2
:1073900047EA8137880C09997E4040EA81300A9992
:1073A000CF050999424047EA5127C8050A997A4012
:1073B00040EA51207040241845EB0205039A0499D5
:1073C000120F080F42EA0112039940EA01100499D2
:1073D0008E07039946EA91068F070499704047EAA1
:1073E00091074E0603997A4046EAD1164F06049952
:1073F000704047EAD11703997A4048EA0107049997
:1074000049EA01060599394006EA0C0606910399F6
:1074100008EA0107049909EA01010B9106990F4353
:107420000B99D71946EA0106019A40EB0606121994
:107430000692029A42EB0500E219019245EB060220
:107440000292AEAA9A427FF417AC059BCDE9B83CF4
:10745000079BBE93089BBF93099BBC930A9BBD935C
:10746000039BB493049BB593069BCDE9BA30019B73
:10747000B293029BB3930D9BCDE90E4503F1080235
:10748000B0AC4833CDE9C0ABCDE9B689CDE91076D3
:1074900052F8081F54F8085F50684919666840EBB5
:1074A00006009A42C2E90010F2D10EA84FF43471DE
:1074B000FCF768FD00200DF5437DBDE8F08F00BFAF
:1074C000B82208084EF66021024808B5FCF7C6FC51
:1074D000002008BD75AB00242DE9F04F89B00C46A3
:1074E000924699460546DDE91278002800F0D780DB
:1074F000184618F01CFB8346002800F033815146E3
:10750000484618F014FB0646002800F02B818345FE
:1075100080F028812046D9F775FE1BF800300BEB70
:107520000004202B08BF013423780D2B08BF013441
:1075300023780A2B40F01681504604F1010BD9F74D
:1075400061FE335C3218202B08BF013213780D2BFB
:1075500008BF013213780A2B149B08BF0132A2EB3B
:1075600009021A60A6EB0B03152B40F39A80162232
:107570008049584618F053FA002840F09280E37D85
:107580000D2B14BF1734183423780A2B04D07A4CEF
:10759000204609B0BDE8F08F04F10109A6EB090A05
:1075A000BAF10D0F40F3E0800E227449484618F0FE
:1075B00036FA002840F0D880BAF1150F40F3D48095
:1075C00016226F49484618F02AFAB0B116226D49C2
:1075D000484618F024FA98B116226B49484618F02C
:1075E0001EFA002840F0C0804FF0070904F117038D
:1075F000F31A1F2B07DC654CCAE74FF00509F5E7C6
:107600004FF00609F2E70DF1100A10220021504652
:1076100018F08EF904F11600002210F8011FA1F1F4
:1076200030035FFA83FCBCF1090F05D9A1F14103D6
:10763000052B16D8A1F13703D1074FEA520C02F1FE
:10764000010258BF1B011AF80C10202A43EA01035B
:107650000AF80C30E1D194F837300D2B08D13834CA
:1076600007E0A1F16103052BC5D8A1F15703E3E7BA
:10767000373423780A2B8AD104F1010B4FF0010A29
:10768000B34584D20021A6EB0B045B4603AA08464F
:107690000094FAF7ADFE2C3068D0039929B93C4C20
:1076A00076E74FF00009CA46EAE70120FCF776FCCE
:1076B000064600285CD000945B4603AA0399FAF7BB
:1076C00097FE044630B103993046A4F5885415F06E
:1076D000C1FD5DE7039BBAF1000F34D02FB9194605
:1076E00030462C4C15F0B6FD52E7B9F1050F0ED11E
:1076F000102132460DEB0100CDE9007816F09BF920
:1077000003990446A0B1304615F0A4FD40E7B9F155
:10771000060F05D132461821CDE9007804A8EDE71F
:10772000B9F1070F04D132462021CDE90078F5E701
:107730000399731813F8012C91420ED3881A03464B
:10774000994205D80390039B00242E606B601FE7CD
:10775000F45C944201D10133F2E730460E4C15F04F
:1077600079FD15E70D4C13E70D4C11E70D4C0FE7B4
:107770000D4C0DE703C3080800EFFFFF1AC308080C
:1077800029C3080840C3080857C3080800EEFFFFD4
:1077900080EBFFFF00EDFFFF80ECFFFF80EFFFFFBE
:1077A00080EDFFFFD4EEFFFF80EEFFFF30B5154602
:1077B00085B000221C46C3E900229A6001AA14F099
:1077C0001BFA18B1A0F56A5005B030BD294601A8D2
:1077D000FCF7AAFB60B92B78012BF5D12368052BA8
:1077E00000D03BB96268044B002A18BF1846EBE78B
:1077F0000248E9E70048E7E780C5FFFF80C3FFFFD5
:10780000F0B5002389B08D180646049103AA8DF8BF
:1078100007302946302304A814F0EFF820B1A0F572
:107820007454204609B0F0BDDDE9033702AA04A86C
:107830001F44394614F043F90028F0D1029B002B75
:107840003BD105AB0DF10702394604A8FFF7AEFFA7
:1078500004460028E5D1042303AA394604A814F0FD
:10786000CCF80028DBD1039B4BB39DF8070000F058
:1078700027F9014608B9134CD3E7304600F028F940
:1078800004460028CDD19DF80730012BF3D196E8AE
:10789000030016F080F9DDE90321FEF723F8044622
:1078A00018B1304616F099F9BBE7DDE9032313441C
:1078B000054A9D4218BF1446B3E7044CB1E7044C97
:1078C000AFE700BF80C3FFFF9AC2FFFF80C2FFFF88
:1078D000A0C2FFFFF0B5002387B0164605468DF81D
:1078E000073002AA302314F088F820B1A0F57454B0
:1078F000204607B0F0BD029B0DF107022F68284615
:107900001F4403AB3946FFF751FF04460028EFD16F
:1079100002AA3946284614F053F910B1A0F56C5468
:10792000E6E72B68029A13449F4229D19DF807008D
:1079300000F0C6F8014628B3304600F0C9F8044606
:107940000028D5D19DF80730012B15D196E803000A
:1079500016F021F929687A1AFDF706F8044608B9E5
:107960002F60C5E700F16C030C2B07D8A0F56C5411
:10797000304616F032F9BBE7034CF9E7034CF7E762
:10798000034CB5E7004CB3E780C3FFFF00C5FFFF22
:107990009AC4FFFF2DE9F043054689B00F461C4607
:1079A0009046002A57D008F1FF3905A816F0DCF8F8
:1079B00017F80930ABBB109B04AE3A4A05A83A4908
:1079C0000296CDE900433B46FFF786FD0446E0B949
:1079D000012000F075F80146284600F079F80446C9
:1079E00048B995E8030016F0D6F8DDE90512FDF771
:1079F00079FF044610B1284616F0EFF805A816F0F6
:107A0000B8F8204609B0BDE8F08310F59C5F45D07A
:107A100010F5985F44D010F5845FF2D117F8093063
:107A2000DBB1424639462846FFF7EAFEA0B32846B6
:107A300016F0D3F8284616F0CCF8012000F040F8F4
:107A40000146284600F044F8E0B1284616F0C5F893
:107A5000284616F0BEF8154CD3E7CDE90136009361
:107A600005A83B46124A1349FFF736FD044628B9DC
:107A70002846DDE90512FFF7C3FEBAE710F5845F7B
:107A8000BFD1CEE795E8030016F085F842463946A7
:107A9000FDF728FF0028D8D10024B2E7064CB0E754
:107AA000064CAEE76EC308088CC3080800C3FFFF8E
:107AB000ACC30808C6C3080880C4FFFF00C4FFFFAA
:107AC0000128024818BF0020704700BFD0470808AF
:107AD00038B504460D4669B103685BB94B6A13B902
:107AE0000020256038BD984760600028F8D1A0F5D7
:107AF0007E50F7E70048F5E780C1FFFFF0B585B09D
:107B0000044616460D46039301B91BB116B90D483C
:107B100005B0F0BD2368002BF9D003A9284616F064
:107B200048F80028F3D123681F694FB10B9B3246F8
:107B30002946204601930A9B0093039BB847E7E739
:107B40000148E5E780C1FFFF00C1FFFFF0B589B044
:107B5000044616460D46079301B91BB116B91048E5
:107B600009B0F0BD2368002BF9D007A9284616F00C
:107B700020F80028F3D123685F697FB1129B324659
:107B8000294620460493119B0393109B02930F9B5D
:107B900001930E9B0093079BB847E1E70148DFE79D
:107BA00080C1FFFF00C1FFFF10B404682CB1A469BD
:107BB0003CB1A4465DF8044B604703485DF8044BB4
:107BC00070470248FAE700BF80C1FFFF00C1FFFF16
:107BD00010B404682CB1E4693CB1A4465DF8044BD0
:107BE000604703485DF8044B70470248FAE700BF5E
:107BF00080C1FFFF00C1FFFF2DE9F04F87B00746AE
:107C00000C4615461E46DDE910A9DDE912B813B988
:107C1000B9F1000F07D0BAF1000F04D12A4C204669
:107C200007B0BDE8F08F2B68002BF7D03946284607
:107C300015F0E3FF002841D0062F0CD0002CEDD129
:107C40004B46524631462846CDE910B807B0BDE84C
:107C5000F04F15F0DBBF284615F0EAFF01282FD1C1
:107C6000002CDBD0284615F0DCFF0730B8EBD00F36
:107C700028D304AB4A4695E8030083E8030018467E
:107C800015F0D6FFCDF808B063680128019308BF4E
:107C90000846237818BF0020314600935346FDF76D
:107CA00001FD04460028BAD1284615F0BAFF073076
:107CB000064BB8EBD00F88BF1C46B0E7044CAEE7CC
:107CC000044CACE7044CAAE780C1FFFF00C7FFFFEC
:107CD00000C1FFFF80C6FFFF80BCFFFF4368012299
:107CE00005480A70486003F108000A731033034A1C
:107CF00088600A614B617047E2C30808E8C308085E
:107D00002DE9F14F47680D4614461E463846DDE919
:107D10000ABADDE90C8915F0DBFB5045CBF8000011
:107D20000AD823464A4641463846CDE90A5601B0AC
:107D3000BDE8F04FFDF790BA014801B0BDE8F08F03
:107D400000BCFFFF2DE9F14F476816460C461D4663
:107D50003846DDE90AABDDE90C8915F0B9FBB04224
:107D60000BD153464A46414638460A94CDE90B5B4F
:107D700001B0BDE8F04FFDF7DFBB024801B0BDE840
:107D8000F08F00BF80BFFFFF2DE9F74F4768164611
:107D90001D46DDF8409038460191DDE90CABDDE988
:107DA0000E4815F095FB584520600BD8019B4A46BC
:107DB000414638460C95CDE90D6A03B0BDE8F04F59
:107DC000FDF750BC014803B0BDE8F08F80C7FFFF4E
:107DD0002DE9F743D0F804900D46DDF82C801746C6
:107DE00048461E4615F074FB404504460FD80A9BD2
:107DF00032462946484600933B46FDF759FD18B9DF
:107E0000044B444538BF184603B0BDE8F083024830
:107E1000FAE700BF00C7FFFF80BCFFFF38B503686B
:107E200015460446CA1A002A16DD1A7802F07F02A7
:107E3000022A13D15A1C02602A461B7842F8043BDE
:107E400013F0A7FD10B1A0F50A5038BD23686A6889
:107E5000AB6013442360F8E70148F6E70148F4E714
:107E600020DDFFFF1EDDFFFF2DE9F74F05468A46A7
:107E700090461446DFF808B131236A465146284639
:107E800013F0BBFD074668B1A0F50E54D8F81800F2
:107E9000274613F0FBFE0023C8F81830384603B01D
:107EA000BDE8F08F2A682646009B02EB03093023C9
:107EB00001AA4946284613F0A0FD88B1A0F50E544A
:107EC000002CE3D12B684B4547D00120202130778F
:107ED000FCF764F8B06108B9254CD7E70646E6E739
:107EE000019A2B68002A03EB020401DC214CCDE748
:107EF0001B7832462146284642F8043B062313F0FD
:107F00007CFD0028DAD129687068B1600B18E21A8C
:107F10002B60002AEADD0A5C1E2A05D01C2A1AD82A
:107F20002BFA02F2D20716D5013306F110022B60AC
:107F30000B5C21462846F36013F02BFD0028BDD1D1
:107F40002B683269736113449C422B6001D1B0618C
:107F5000B8E7094C9AE7094C98E7D1459ED0202113
:107F60000120FCF71BF80446B061002884D1B3E778
:107F700080D7FFFF20DCFFFF1ADCFFFF1EDCFFFFC6
:107F8000081058102DE9F347036814460746CA1A2B
:107F9000002A40F39F801A78172A12D0182A40F03E
:107FA0009B804FF00408013301AA38463B6013F070
:107FB000F0FC064640B1A0F51056304602B0BDE8D0
:107FC000F0874FF00208EEE7019B08F10A029A429F
:107FD00009D008F10B0293421BD13A681A4412F8F7
:107FE000012C5A2A15D13D682B4428463B6015F0D8
:107FF00045FE002820600CDBB8F1040F0BD1642390
:10800000023503FB00F1284615F038FE00282060F9
:1080100007DA324ED1E7312840F26C71D8BF4FF405
:10802000FA612368A81C1944216015F027FE8046D8
:108030006060281D15F022FEA0600746A81D15F0FF
:108040001DFEE060824605F1080015F017FE206174
:10805000814605F10A0015F011FEB8F10C0F024639
:108060006061D6D8012341F2AA5003FA08F3034213
:1080700028D113F4256F27D1B8F1020FC9D18B078E
:1080800024D16420B1FBF0F300FB131303BB4FF4C6
:10809000C870B1FBF0F300FB1313002B0CBF1D23C2
:1080A0001C23013F9F42B4D242F20F739942B0D8D1
:1080B000BAF1170FADD8B9F13B0FAAD83B2A7FF61A
:1080C0007CAFA6E71F23ECE71E23EAE71C23E8E7C3
:1080D0001D23E6E7024E70E7024E6EE700DCFFFF6D
:1080E000A0DBFFFF9EDBFFFF73B515460268044669
:1080F0008B1A002B10DD167801AA13F061FD18B160
:10810000A0F5125002B070BD019A2E606A6023681B
:10811000AB6013442360F5E70048F3E720DBFFFF83
:1081200010B50C4611461A46029B1B687BB915F028
:1081300081F810B1A0F5185010BD2368052B00D0B0
:108140003BB96268044B002A18BF1846F4E703489D
:10815000F2E70148F0E700BF00DDFFFF00D8FFFFB6
:1081600073B543F0A006144604320546334613F0B7
:1081700044FC18B1A0F5145002B070BD2660302345
:10818000296801AA2846A16064680C44214613F0BE
:1081900034FC0028EED1019A2B681344024A9C4219
:1081A00018BF1046E8E700BF9ADAFFFF1FB50023AB
:1081B000144601AA01938DF80830039313F096FC3E
:1081C00018B1A0F5145004B010BD019B2BB1012BC8
:1081D00005D1039B1B782370F5E70346FBE70148B5
:1081E000F1E700BF9CDAFFFF2DE9F04103688CB096
:1081F00006460C4603F0DF03803B072B00F2D480D9
:10820000DFE813F00800AC009000D200B400D20008
:1082100081009800856801AA436802A802951D4460
:108220000623294613F0E9FBC8B1A0F51450002835
:1082300037D1282220460021043417F079FB0BADFA
:1082400003AA1346083403CBAB4244F8080C44F8A5
:10825000041C1A46F5D118682060002021E0DDE9F1
:108260000187B8F1080F40F09F80424639465048D8
:1082700017F0D5FB002840F09780062605970837B1
:10828000A02301AA294602A80297CDE9036813F0AA
:10829000B4FB0028C9D1DDE9012313449D4203D07A
:1082A00044480CB0BDE8F081302301AA294602A859
:1082B00013F0A3FB0028B8D1DDE9012313449D424C
:1082C000EED1334601AA294602A813F096FB0028F6
:1082D000ABD1029B2946019A02A808931344079246
:1082E0000696029304230DEB030213F086FB00288D
:1082F0009BD10423019A0993029B0A920B93134486
:108300009D4296D0CCE70D1D24220021284617F06F
:108310000FFB06232360336863607368A360B36850
:10832000E3609AE70D1D24220021284617F000FB88
:108330000223EFE70D1D24220021284617F0F8FA4A
:10834000072323607368042B01D0102B2ED13368D0
:10835000636073686B60B368AB607EE70D1D2422B9
:108360000021284617F0E4FA0123D3E70D1D8768A2
:10837000242200212846039717F0DAFA042302AAE0
:1083800003A8236030237168394413F036FB0028BA
:1083900087D12A4603A8DDE902311944FFF764FDBD
:1083A00000283FF45AAF7CE703487AE7034878E7B0
:1083B000EEC308089ADAFFFF80DFFFFF00D8FFFF57
:1083C0002DE9F04705468EB00F46904616462C68BC
:1083D000BC4207D300232A4CF3602B68BB4208BF82
:1083E000002411E02822002104A817F0A1FA14F8B3
:1083F000012B3946284601926A462C6013F0C9FACF
:10840000824628B1A0F5145420460EB0BDE8F0878E
:108410002B680393009B0293019B03F0C003802B06
:1084200028D10DF1040904A94846FFF7DDFE0446F2
:1084300048B110F5025F06D0D8F80C0013F0D4FB59
:10844000C8F80CA0E0E704A815F050FCB36843B1ED
:10845000F3688BB910210120FBF7A0FDF06068B133
:10846000064699E8070086E807002B68029A13443D
:108470002B60ACE7034CC7E7034CC5E7034CC3E7ED
:108480009ADAFFFF9EDAFFFF00DBFFFF96DAFFFFBD
:1084900073B53023164601AA04460D4613F0ADFA13
:1084A00018B1A0F5145002B070BD2368019A1344AE
:1084B0009D4205D1324629462046FFF781FFF2E76B
:1084C0000048F0E79ADAFFFFD0F85831024613F07F
:1084D000040011D0D2F8643121F4004222F00102EC
:1084E0009A4308D123EA010348F2010203481342E8
:1084F00008BF002070470148704700BF00D8FFFF49
:108500002DE9F041D0F8583104460E46154613F4D3
:10851000006018D004F5B474DFF834806768AF42A7
:1085200005D12A463146A06817F079FA58B1042FD0
:1085300005D13A46A168404617F071FA18B1E468CF
:10854000002CEBD10148BDE8F08100BF00D8FFFF4F
:108550009F2208082DE9F04FB1B091461D46002337
:108560003A9A1BAF04460591136018463A464FF0FD
:10857000FF3101330A2BC2E9000102F10802F8D1F0
:10858000B9F1000F00F0BB81002D4FD14FF0000A70
:1085900004F1CC05284615F04BFB30B1013801231E
:1085A000D9F804208340134201D14AF4004A2946F5
:1085B000484615F0F9FB08B14AF4803A0023012639
:1085C0001B941C93069394F888313BB10122013B24
:1085D00002FA03F3D9F80020134202D14FF480438A
:1085E0007B6094F889313BB10122013B02FA03F32D
:1085F000D9F80420134203D17B6843F400437B6025
:10860000012E40F0A78004F1700104F1500015F034
:108610008CFB059D002800F09B8004F150034FF077
:1086200001080893069BF31A09939EE02846D8F7A1
:10863000E9FDD4F8583180469B0662D504F1F8066E
:108640004FF0000BB2465B46DAF8002002F01F0242
:10865000062A38D0072A39D0022A08D142462946AC
:108660005046049315F0B7FB049B00288ED0DAF82F
:108670000CA0BAF1000FE7D1FBB10BA9284615F009
:10868000DCFB0246C8B1B246DAF8003003F01F0343
:10869000072B0DD1DAF804309A4209D10BA9DAF888
:1086A0000800049217F0BBF9049A00283FF46EAF5B
:1086B000DAF80CA0BAF1000FE6D1BBF1000F07D138
:1086C0004FF0040A64E74FF0010BD0E70123CEE737
:1086D000336803F01F03062B08D17368984505D152
:1086E00042462946B06817F09AF920B1F668002E84
:1086F000EED14FF0FF30003818BF01204FEA800A5A
:1087000046E704F1700A7F4EDAF80420032A0ED1FE
:10871000DAF80810304617F082F940B94246294687
:108720000AF10C0015F057FB00283FF42FAFDAF8E0
:1087300018A0BAF1000FE7D1C2E7A268AB689A426D
:1087400004D1E968E06817F06AF9F0B1D5F8905102
:10875000002DF2D1059D60E705F17001089815F034
:10876000E4FA049010B3D5F89051002DF4D1B8F18B
:10877000000F40F0828030AA731E02EBC30353F84F
:10878000502C42F0080243F8502C1C9B43EA0A0389
:108790001C931BAB03EBC604002E40F08F803A9B6A
:1087A00059481B68002B08BF0020A5E0B8F1000F56
:1087B00002D0EB69022B09DDD5F85C31002BD2D059
:1087C00004212846FFF780FE0028CCD1D5F860317F
:1087D000002B02DD099A9342C5D394F88801FAF779
:1087E00017FC834614F096FC0BAB07905846D4E96F
:1087F0000521FAF70FFD38B1B8F1000FB3D1012E02
:1088000043D04FF0000B28E005F1CC0B94F8891110
:10881000584615F0F2F90028EED0D4F8802194F8EB
:10882000883194F889010392D4F884210292079A3E
:1088300001920BAA00925A46D4F88C11FFF7DCF98A
:10884000B8F1000F01D000288DD1B0FA80FB012EC5
:10885000CDF810804FEA5B1B14D004F1700104F1D5
:10886000500015F062FA10B9069B01330693049B81
:1088700043B9082E06D925483AE0D4F890514FF074
:108880000008CFE6BBF1000F03D17B6843F008037B
:108890007B6005F1CC01484615F086FA18B17B687B
:1088A00043F480337B600023BD60013608377B6072
:1088B000049B002B7FF469AF2C4684E654F8043CFB
:1088C000013E0B933B9B3BB93A9B083C0B9A1B68C0
:1088D00013433A9A13605FE70BAB324654F8081C17
:1088E000DDE93B50A8470028EED010F51C5FC2D050
:1088F0004FF0FF333A9A136031B0BDE8F08F04486F
:10890000F6E700BFFBBF080800D9FFFF00D0FFFF5C
:1089100000D8FFFF2DE9F04F9BB00C4617461E46CE
:108920000390002800F0EC83002900F0E98305465D
:108930004FF00009EB69A3B1D5F890314BB94FF472
:10894000CA710120FBF72AFBC5F8900120B9AA4C97
:1089500063E0A9461D46EDE7A94615F093FAD5F860
:1089600090510023CDE90E33CDE91033CDE9123318
:10897000CDE9143316934DB9B9F1000F01D0C9F800
:1089800090519E4C2846FBF70FFB46E0302308AA87
:10899000E11909A8CDE9087413F02FF868B1984CD3
:1089A000284615F074FAB9F1000F02D00023C9F877
:1089B0009031039BAB42E5D12FE0DDE9083202EBB9
:1089C000030BABEB0401A9605EB30120FBF7E6FAF1
:1089D0000990E860002800F09183AA68214616F00B
:1089E0007FFF0123AA682B60089B0999D31A01EB2A
:1089F000020B0B440993099B08AA594609A8AB61CD
:108A0000302312F0FAFF044670B1A4F5065428464C
:108A100015F03DFA002CC6D1002420461BB0BDE85D
:108A2000F08FEC602E60E6E7DDE9083717AA09A8A9
:108A30001F44AB69FB1A39466B61A02312F0DDFFBE
:108A400008B310F1620F1AD1EC6105F1200239462A
:108A500009A8FFF7E3F9044630BB05F12C060EAB7D
:108A6000394609A8324615F018F90446E0B9EB6911
:108A7000022B1DD92846634C15F009FA93E7A0F59F
:108A800006548CB9E1E7099E05F11C02179B09A861
:108A90001E44314613F013F810B1A0F50854F0E766
:108AA000099B9E42D1D0584C284615F0F0F97AE740
:108AB000013305F5C4720EA93046EB6105F5C673A6
:108AC000009305F28913FFF72BFB04460028EBD136
:108AD000099B08AA394609A82B64302312F08DFFA0
:108AE0000446002891D105F1500209A8DDE90831BA
:108AF0001944FFF7B9F904460028D5D12A6C394644
:108B0000099B09A89B1A17AAEB63302312F075FF83
:108B1000002855D0B0F51054C6D1099B08AA394693
:108B200009A8EB64302312F068FF044600287FF4A4
:108B30006CAFDDE9083143B105F17002194409A8B1
:108B4000FFF792F904460028AED1099A3946EB6C3A
:108B500009A8C5F8C820D31A05F1CC02AB64FEF70A
:108B6000B9FE044600289FD1099BD5F8C8209A1A5F
:108B7000C5F8C420EA69023A012A04D89F4247D1C5
:108B8000099B9F4263D1EB69099A032B40F08C80CB
:108B9000974200F07E8205F1EC02394609A8FFF702
:108BA000DFFA044600287FF47FAF8246D5E93C32E5
:108BB000D3180493099B049A9A4263D874D066E14F
:108BC000099E05F19002179B09A81E443146FFF744
:108BD000D9F9044600287FF467AF05F1A8023146B1
:108BE00009A8FFF7CFF9044600287FF45DAF099B81
:108BF0009E4292D0054C57E780D7FFFF00D8FFFF79
:108C000080DEFFFF80DAFFFF9ADDFFFF9ADBFFFFC8
:108C10001B7805F1D802394609A8C5F8D430A1233C
:108C200012F0EBFE58B110F1620F03D0B0F506540C
:108C30007FF43AAFEB69023B012BA1D9A3E7099B73
:108C4000D5F8D820C5F8DC3013440993F2E71B7837
:108C500005F1E402394609A8C5F8E030A22312F074
:108C6000CCFE38B110F1620F8DD0B0F506547FF410
:108C70001BAF88E7099BD5F8E420C5F8E83013441A
:108C8000099380E730230AAA049909A8CDF864A0C3
:108C9000CDE917AACDE90BAA12F0AFFE68B1A0F595
:108CA0001454002C7FF400AF099B9F4200F0F18127
:108CB0002846A94C15F0EBF875E6DDE9092309A86B
:108CC000D418062318AA214612F097FE0028E6D1F0
:108CD0000623189A214609A81793099B1993134450
:108CE0000BAA099312F0D2FE10B110F1620FD6D187
:108CF00004230AAA214609A812F07FFE0028CED13B
:108D0000099B0A9E05931E44B44240F0C0800CA902
:108D100017A8FBF7EFF8C0B1249A0B9B7AB1099A18
:108D200029460196009217AADDE92440A04704468F
:108D300018B10B9B002B7FF4B7AE09963AE7099464
:108D4000002B3FF437AF854CAEE6D5F858210C9B8D
:108D500012EA030140F0D6811A43202BC5F85821AE
:108D600000F0EC8010DC013B072B00F28D81072B1B
:108D700000F28A81DFE813F08D007300880157004C
:108D8000880188018801F800B3F5006F53D0B3F56E
:108D9000803F00F0DA80B3F5807F40F075813023AA
:108DA0000DAA09A8C5E95711314612F026FE28B1CF
:108DB000A0F51454002C3FF4FDAE75E6099B9E42CD
:108DC0003FF4F8AE05F5AE78314609A8424612F0F8
:108DD0005DFE78B110F1620FEAD14246314609A832
:108DE00012F06DFE0028E3D1D5F85C3113B10123F8
:108DF000C5F85C31099B9E423FF4DCAE05F5B072CC
:108E0000314609A812F05BFE0028D1D1099B9E4291
:108E10003DD1D5F860316FF0004293421DD001334F
:108E2000C5F86031C6E605F5B272314609A814F0FE
:108E30003BFF0446BEE7062305F5B472214609A8A8
:108E4000F9F7A6FA20B1B0F514543FF4B3AE2BE60F
:108E5000D5F87031002B7FF4ADAE414C24E60023F1
:108E60000DAA214609A80D93042312F0C6FD00287F
:108E7000E9D104230D9AC5F80831099BC5F80C21E6
:108E8000C5F8103113449C4209933FF493AE354C1E
:108E90000AE600230DAA314609A80D93302312F0EB
:108EA000ACFD002884D1099B0D9A13449E42EED15B
:108EB00080230DAA314609A812F09FFD002839D160
:108EC0000D9A0421099BC5F81821C5F81C311344DB
:108ED000C5F814110993099B9E4228D9A1230DAA14
:108EE000314609A812F089FD00287FF461AF099985
:108EF00005F590720D9B09A81944FFF761FA044625
:108F000000287FF4D1AD82230DAA314609A812F0C2
:108F100074FD00287FF44CAF0D9A0221099BC5F81F
:108F20003421C5F838311344C5F830110993099B31
:108F30009E42AAE710F1620FCDD039E705F1F802A1
:108F4000214609A8FFF7A4FA73E705F5BC7221468C
:108F500009A8FFF72BF96CE71ADEFFFF9EDAFFFF87
:108F60009CDAFFFF9ADAFFFF30230DAA314609A8E9
:108F700012F043FD0446E0B1A0F51454002C3FF478
:108F800019AE14F5025F7FF48FAD249A0B9B5AB192
:108F9000059A29460196009217AADDE92440A047C8
:108FA00000283FF407AE0B9B002B3FF403AE574C59
:108FB0007AE50D9A099B13449E427FF468AF002A1C
:108FC0003FF465AF05F5A478099B9E4205D84FF0A4
:108FD0000003C8F80C30D1D059E730230DAA314630
:108FE00009A812F00AFD10B1A0F51454C6E7099AB9
:108FF00009A80D9BD3180DAA02930623029912F01B
:10900000FCFC0028F0D10D9A099B042A069339D163
:1090100019463F48079216F002FD3C4B079A00287C
:1090200018BF1C46D8F8083073B1D8F80C30079236
:10903000002B67D110210120FAF7B0FFC8F80C000F
:10904000002861D08046079A0623C8F80030069BA6
:10905000C8E90123099B0D9A1344029A9A42099385
:109060000BD930230DAA029909A812F0C6FC0028DA
:10907000BAD1099B0D9A13440993099B029A9A420B
:10908000A2D004E7214CCDE70B9B002B3FF455AE5B
:109090008DE711AB14AA594609A814F0FEFD044649
:1090A00000287FF401AD2A6B159B9A4212D11699C4
:1090B000686B16F0B4FC68B90E9A119B9A4209D1FC
:1090C0000F9A129B9A4205D14AB11399109816F043
:1090D000A6FC20B128460F4C14F0D9FE63E405F538
:1090E000BE72594609A8FEF7FFFF044600287FF428
:1090F000DBAC099B9B453FF48FACD9E5064C52E4B1
:10910000064C8AE4064CCFE4064CCDE480DFFFFF3A
:10911000A422080880D9FFFF80D7FFFF00D8FFFFF7
:1091200000DBFFFF96DAFFFF2DE9F04F0D4689B017
:109130001746804600285DD000295BD04AB18B18C5
:1091400013F8016C2EB92D49284616F0F0FC0028C2
:109150004BD13A462946404609B0BDE8F04F14F0DD
:10916000D4BE05A814F000FD04AB254A594602936D
:10917000002305A8CDE900332B46FEF7ADF9824662
:10918000D0B9049B4046DDE90512FF1A1D4414F0D6
:10919000BCFE824605A814F0ECFCBAF1000F1CD10D
:1091A0004FF00109012FDCD8B9F1000F24D1154B84
:1091B000002C08BF1C4614E010F5A45F10D010F579
:1091C000845FF1D005A814F0D4FC049ABF1A1544AA
:1091D000002C08BF54460136E4E71AF5225FF7D1A8
:1091E0005446204609B0BDE8F08F3446B146DFF85A
:1091F0000CB0D7E7044CF4E73446F2E7D7920808FE
:10920000F7C3080880D8FFFF00D8FFFF38B5054630
:1092100068B1084C236813B91C46204638BD29465E
:109220006068D7F7DDFF0028F7D01034F2E7044676
:10923000F3E700BF204808080246044803680BB95A
:10924000184670479342FCD01030F7E720480808D2
:10925000F8B50D4D2B6853B90C490D4E01F11007AF
:1092600056F8044B2CB900230B6001232B600748F0
:10927000F8BDB942F7D22046FFF7DEFF0028EFD055
:1092800041F8044BECE700BFA0A80024A4A80024E8
:109290007048080808B5FFF7CFFF08B1406808BD5F
:1092A0000048FCE711C408082DE9F04F466B89B06F
:1092B0000546002E00F01081826B1378002B3AD007
:1092C000B3880381938020222B68A96B9C69D431D9
:1092D000D869A047044650BB2A8940F203339A421A
:1092E00008D1F368A3F11002102A27D8AB6B1B78C2
:1092F00003B9F36006AB05AA0121284614F047FE26
:109300000446A0B9D5F83890B9F80430DDE90587EE
:10931000B3F5417F08EB070606D22C8940F20233F1
:109320009C4294BF00240124B0450BD96B4C2046CD
:1093300009B0BDE8F08F03685B88C3E7002BD9D084
:10934000F060D7E7012FF1DD2B6840F20332404691
:10935000597914F09CFE08F102039E42E6D3212FB6
:10936000E4DD09F1D40209F1F40952F8041B4A457D
:1093700043F8041BF9D16B6BDA6808F122039E42B3
:10938000D4D3531C223FBB42D0D888F8222008F106
:10939000230B696B5846CA68103116F0A1FA6B6B43
:1093A000DB680BEB0309039300234E4507932B68FF
:1093B000DB68BBD3A6EB0902012AB7DD043B09F148
:1093C00002070293029B53F804AF0293BAF1000F15
:1093D0006AD1BE42AAD3F31B012BA7DD3B464FF453
:1093E0007F42039923F8022BA7EB09029E4252BA4F
:1093F0002BF80120A3EB0902079297D3F31A012B54
:1094000094DD07F10409012387F803A04E45BB70E2
:109410008CD3A6EB0903012B88DD07F1060ADCB12A
:109420000DF11C0B3246514628465B4602F0E4FD26
:10943000044600287FF47BAF079B3246CDF800B08E
:109440009A4403462846514600F044FE044600284C
:109450007FF46DAF079B9A44AAEB0903023B02D04D
:109460005BBAD146BB80A9EB0809012128464A46D0
:1094700014F0C2FE044600287FF459AFAB6B4A4695
:1094800005992846DB689847044600287FF44FAFCB
:109490004A460699284614F0ACFD044600287FF49D
:1094A00046AF02236B6042E75046FFF7C5FEAA6B4A
:1094B00001462B899288284615F0D9F8002881D1D9
:1094C000BE42FFF433AFF31B012B7FF72FAF9AFAA5
:1094D0009AFA27F802AB75E7014C28E70096FFFFE0
:1094E0000094FFFF044B1B685840430840425B4216
:1094F0001843C017704700BF88A8002410B50B4C54
:10950000226823684240594081EA0200521AC00F83
:10951000FFF7E8FF23684340084022EA03021043B4
:10952000BDE81040C00FFFF7DDBF00BF88A80024D2
:10953000054A08B51368126853404B405840FFF77E
:10954000D1FFC04308BD00BF88A800242DE9F04F1B
:10955000154695B099460E4609B9634C3EE0002A7F
:10956000FBD0D368002BF8D0D2E904329342F4D375
:109570009B1AAA699342F0D3084614F0EEFE6A697A
:10958000AB698346EF682969B3F5E05F17441A4475
:10959000A1EB020800F2A680012800F29E80F2688A
:1095A000424500F29D80286804AA696806F1340AE1
:1095B0005BBA03C22A7A04A95046ADF81B308DF875
:1095C0001820B5F80920ADF819200D22F9F7CAFEC8
:1095D000044638B1F16808A8FAF7D4FC204615B063
:1095E000BDE8F08FAA6939465046F9F7BBFE04463C
:1095F0000028EFD108A95046F9F7C4FE0446002818
:10960000E8D15046F9F7E8FE04460028E2D1A869FF
:1096100008A9F2684FF0010A384416F061F9AB6905
:10962000F26808A81344AB61F168A8EB0108FAF7E7
:10963000A9FC0BF1FF3B5FFA8BFBBBF1010F8CD850
:10964000AA6973680132B2FBF3F103FB11229A1A83
:10965000934208BF0022531C434541D80023F81809
:109660000133A9699A424254F9D2AB6901331344D8
:10967000AB61B9F1000F3FF470AF72686B69934250
:109680002ED306F114081E984146C8470446002808
:10969000A4D172684146B81A16F022F908AB4146C7
:1096A00006F15000CDE90173AB6900933B46726847
:1096B000F9F7F2FB0446002890D1AA69089B9A4268
:1096C0007FF44BAF71686B695B1A6B61736813440D
:1096D000AB61BAF1000F81D13FE74FF0000AA8E774
:1096E000024C7BE7024C79E70094FFFF0096FFFFF6
:1096F000008FFFFFA04B2DE9F04F0C46BBB0D3F815
:10970000008015464AB1D16839B1D2E9043293429A
:1097100003D39B1AA869834204D2984E30463BB0CB
:10972000BDE8F08F204601EB020B14F016FE013865
:10973000C0B20128F1D86668AF69B7EB460F01D215
:109740008F4EEBE7E368334401339F42F8D3B7FB16
:10975000F6F306FB1377002FF2D104F1240A324608
:109760005946B344504616F0BBF86B69514604F1B4
:10977000940033446B61AB6962689B1A0AAAAB61BF
:1097800000935B46CDE901B26268F9F785FB0646B6
:109790000028C3D1AE690A9B9E42BED10BEB0603E3
:1097A000E168304613F801AC01315144FFF7A6FEE1
:1097B0002AEA000AB6F5807F48EA00080AF10102A9
:1097C0006FEA080898BFA6EB0609A6EB020388BF5C
:1097D000A6F5807904934E455FD811463846FFF7C9
:1097E000A7FE00EA08032C2213A801EA0309059347
:1097F000A6EB09070026AF613146129616F098F8DD
:109800002C2231461FA81E9616F092F8E36869686C
:10981000A7EB030828680EABC5F8188003C32B7AA2
:10982000206C8DF84030B5F80930ADF8413098FA29
:1098300098F3ADF8433013F070FC0A28206C14BF85
:10984000402380230993A36C089313F063FC0790D3
:109850000BA813F02CFC3246216C0BA8F9F712FC74
:10986000074678B30BA813F027FC3B4637461E4645
:10987000E1681EA8FAF786FBE16812A8FAF782FBF6
:10988000002E7FF44BAF3C4B059A1B689A423FF485
:1098900057AF012F3FF442AF3FE704994846069285
:1098A000FFF72CFE514605901BF8090009F101094C
:1098B000FFF73EFE059B069A20EA030000F0010038
:1098C000074488E704F1400A0D220EA95046F9F733
:1098D00059FC064618B10BA813F0EEFBC8E708EBDD
:1098E000090359465046B3F5807F049338BF4FF4BF
:1098F0008073A3F580731A460693F9F743FC074675
:109900000028AFD1079A212112A816F011F8DDF82E
:109910001890049B4B4512D22AA95046F9F75CFCDB
:1099200006460028D7D15046F9F708FC80460028A3
:109930004CD00BA8374613F0BFFB464698E751467C
:109940000BA8F9F771FB064628BB2AA90BA8F9F763
:1099500043FC0646F8B941464846FFF7E9FD079B38
:109960002AAA12A900933346F9F708FB049B4B453A
:1099700008D809F10109CCE788A800240094FFFF6A
:10998000808EFFFF01220BEB09015046F9F7FAFB2D
:1099900006460028EDD00BA813F08EFB002E7FF4B6
:1099A00067AFE36859461EA80193049B0093069B8A
:1099B000AA69F9F709FBE26812A91EA813F054FB83
:1099C00010B1134B1B680593012751E7DDE908121D
:1099D00050461144F9F7D6FB064620B10BA847467E
:1099E00013F06AFB44E7079A12A95046F9F7CAFB3D
:1099F000804600289DD112A95046F9F7EDFB064696
:109A00000028EBD15046F9F7E7FC0646C3E700BF54
:109A100088A80024F8B5C36904460D460BB9036A4B
:109A20003BB1236EA26D9B1AC3F5EA530D33AB42D3
:109A300018D214481AE0204614F09CFAD8B9216EC6
:109A4000AE1BE36FD4E90870194487B1236832462E
:109A50001B6DB847002810D008DB86420FD3E36F98
:109A60000344E367E66FB542E5D80020F8BDE3693B
:109A700032469847EEE70448F8E70448F6E704481A
:109A8000F4E700BF008FFFFF0098FFFF808DFFFF0E
:109A90000094FFFF10B5816F03290FD9C26E937830
:109AA00054781B02D27843EA044313430433C0F8CA
:109AB00080300348994228BF002010BD0148FCE7D0
:109AC000808FFFFF008EFFFF426F162A01D1FFF744
:109AD000E1BF142A09D1826F012A18D1C36E104840
:109AE0001B78012B08BF00207047152A0DD1826F0B
:109AF000022A0CD1C36E1A78022A0AD0012A0AD18E
:109B00005B7853B1642B0748ECE7002070470448AA
:109B1000704705487047034870470448704700BFC6
:109B2000008EFFFF8099FFFF8088FFFF8087FFFF87
:109B300010B5836904460BB3D0F8B43083B9002064
:109B400010BDD4F89C10A369891A606A9847002850
:109B5000F6DDD4F8B430834212D31B1AC4F8B43003
:109B6000D4F8B420002AECD1D4F894302046216CEB
:109B70000833C4F89C3014F02CFAE0E70148DFE722
:109B80000148DDE7008FFFFF0094FFFFF0B5068975
:109B90000D46D0F89C308BB076BAD0F8B020044691
:109BA000A3F80160D0F89810D0F8B8300B60D0F866
:109BB000BC304B6051BAD0F8A0301980076C002F30
:109BC00033D0D0F8A420D0F894300692D31AC3F53D
:109BD000EA530D330793D0F8B0300993D0F8A8308A
:109BE0009B1AD0F89820089303AB10685168D4F8FA
:109BF000AC2003C3236839468DF814202046DA6967
:109C0000ADF81560009203AA9B69FFF79FFC90BB1B
:109C1000089B7BBB9DF81430099AC4F8AC3051BA4C
:109C2000D4F8A030C4F8B0201980D4F89C10204695
:109C3000D4F8A4305B1A1344D4F8AC200A70D4F8DA
:109C4000B420216C1A44C4F8B420D4F89C201A44DF
:109C5000C4F89C2014F0BDF904F1C001082211F8E9
:109C6000013D013A0133DBB20B7063B9002AF6D132
:109C7000074800E007480BB0F0BD20460BB0BDE838
:109C8000F040FFF755BF012DF7D00020F3E700BFEC
:109C90008094FFFF0094FFFF70B50446D0F8B03009
:109CA000D0F8A8001546D4F8AC600278162E03D080
:109CB000142E1FD0154818E0C2B9B3F5E05FF9D8EB
:109CC000043B1E0C46701E0AD4F8A8008670D4F817
:109CD000A800C370A2B199B1A36B2046D4F8B020FC
:109CE000DB68D4F8A810984750B170BDA66B002E61
:109CF000E3D1DFE7A26B002ADCD0B3F5E05FD9D86F
:109D000029462046BDE87040FFF740BF0094FFFFA2
:109D100010B4C0B10468B4B1D0F8B4401CB15DF85F
:109D2000044BFFF705BF02244FF0150CC0E92BC40C
:109D3000D0F8A84021700121D0F8A8305A705DF801
:109D4000044BFFF723BF02485DF8044B704700BF88
:109D5000008FFFFFF0B5D0F8886089B004460D464B
:109D6000002E40F0B1800527D4F88010236F51B346
:109D7000002B40F0AE80A26F914222D2521AE06EC8
:109D8000A267014415F0BAFDC4F88060A36FEBB17F
:109D90002046FFF799FE10F5CD4FE5D010F5CB4FDB
:109DA000E2D0002840F08A80636F162B40F08F804D
:109DB000012D40F08C80204609B0BDE8F04014F041
:109DC000F6B8A367E0E7002BE0D1A36705212046A2
:109DD000FFF720FE002873D1E36F226E042B6CD9AD
:109DE00013788DF80C30143B032B66D85378216818
:109DF0008DF80D3093788DF80E30B2F80130098867
:109E00005BBA9BB2994258D3E16D01AB08684968CF
:109E1000069703C3B2F8033004925BBA9BB2591D94
:109E200007930591002B48D02046FFF7F3FD00284B
:109E300046D1E16BE06719B301AA2046FFF75AFC4F
:109E400000283DD1079A9DF80C307AB9218940F25B
:109E50000332914201D1172B2FD1D4F88430013332
:109E6000032BC4F8843003DD1B4827E0C4F88400CA
:109E70000822013AE16D8B5C0133DBB28B54C3B134
:109E8000079BB3F5E05F18D8204614F0C6F8636E60
:109E9000226E0233A3669DF80C3063671370069A36
:109EA000049B1344626EE366079BA3675BBA13804F
:109EB0006EE7002ADDD1094800E0094809B0F0BD8D
:109EC00010F5CB4FFAD14FE70023C0F888300020BF
:109ED000F4E70448F2E700BF808EFFFF8094FFFFA5
:109EE000008EFFFF0094FFFF012110B50446FFF72D
:109EF00031FF014640B9636F142B07D002210A22BB
:109F00002046FFF705FF0849084610BDA36CE36330
:109F1000636BA362E36D18605860204614F07DF80F
:109F2000636801336360EFE70089FFFFF8B50E4611
:109F300015460746002874D00368002B71D043688B
:109F40001B2B05D001F0F4FA10F5D64F00D068BBFA
:109F5000396FB9B1BC6FAC4228BF2C4635B122462F
:109F6000304615F0BDFCBB6F1B1BBB672146386F2D
:109F7000FAF708F8BB6F002B4FD13B67C7F8883062
:109F8000204613E07B6D43B1F86C9847013004D153
:109F90003B683846196D13F0E6FF01213846FFF79C
:109FA000D9FE20B110F5E54F00D10020F8BDD7E96A
:109FB0001D323AB9172B05D101213846FFF7CAFEE9
:109FC0000028EFD17B6F162B19D13B89B3F5417F68
:109FD00029D23B681B7963B9FB6E1B783BBBD7F872
:109FE0008030042B23D1642201213846FFF790FEF4
:109FF000ADE7012BF7D1FB6E1B78012BF2E7152B98
:10A0000013D0172B13D1FB6E3B677B681A2B9FDD98
:10A010000021384613F0A7FF9AE73B6F23443B67C4
:10A02000AEE70448C2E70448C0E70448BEE7044876
:10A03000BCE700BF008FFFFF0094FFFF0097FFFF0A
:10A040000089FFFF70B50E461546044668B30368E5
:10A050005BB343681B2B05D1204614F0B2F90028EE
:10A0600005DA70BD01F064FA0028F5D0F9E7854201
:10A07000D4F8B43028BF054633B12046FFF758FD69
:10A080000028EED12846ECE71723C4F8B050C4F8F6
:10A09000AC302DB12A463146D4F8A80015F020FC8A
:10A0A00001212046FFF772FDEAE70148D9E700BF2A
:10A0B000008FFFFF40B1026832B143681A2B05DD03
:10A0C00000220121FFF724BE01487047002070479D
:10A0D000008FFFFF30B5039C0025256003681B7AC5
:10A0E00073B191420FD8521A042A0CDD4FF48073D9
:10A0F0008D700B800123CB7003681B7A0B710523D5
:10A100000020236030BD0148FCE700BF0096FFFF40
:10A110002DE9F047436894B004460F2B00F29F806E
:10A12000DFE813F01000130018002F01340166015E
:10A13000B301C801CD012C02A802AD02B202B702E0
:10A14000BC02BE020123636019E114B0BDE8F04710
:10A15000FFF7AAB80121FFF7FDFD054600287FD1D2
:10A16000636FE76E162B06D00A2202212046FFF706
:10A17000CFFD984D74E0D4F88030292B02D93B787C
:10A18000022B06D0322202212046FFF7C1FD924D5C
:10A1900066E0236807F104095979484613F07AFF0D
:10A1A000636B208198802268636B12799A702268B1
:10A1B00023895188994202D812889A4206D24622AF
:10A1C00002212046854DFFF7A3FD49E0A36BBA1D90
:10A1D00007F12601F43352F8040B8A4243F8040BCA
:10A1E000F9D197F82650202DCCD8D4F8803005F13D
:10A1F0002B0293421ED909EB0502D68C76BAB6B271
:10A20000721E022ABED905F12C0232449342B9D102
:10A2100009EB0503B3F8238093F8253098FA98F8F2
:10A220001FFA88F863B12F22022120466C4DFFF7F8
:10A230006FFD15E005F12A029342A3D10026E7E75E
:10A24000D4F838A04046FEF7F7FFCAF80800A36B21
:10A25000996849B9502202212046FFF759FD614D06
:10A26000284614B0BDE8F0872046273701F018F8DB
:10A27000D4F838A09AF800306BB165B1606B836890
:10A28000984508D1C3689D4205D12A463946103009
:10A2900015F0C5FBE8B163682A46394601336360AF
:10A2A00000238AF80030636BC3F80880636BDD60BD
:10A2B000606B103015F014FB2368DB68043B53F827
:10A2C000040F48B92F2202212046474DFFF720FDF9
:10A2D000C6E70C236360EFE7626B92689042EED1B1
:10A2E000FEF7AAFF2389014620461A4614F0BFF95B
:10A2F00030B12822022120463C4DFFF709FDAFE78F
:10A30000283540F2FF104D446EB9A36B1B787BB328
:10A31000204601F0ADFB054650B3502202212046F5
:10A32000FFF7F6FC9CE76B8829885BBA9BB21A1D85
:10A33000B2423FF627AFB1F5807F0FD0814206D100
:10A34000012BD6D129790029D3D1C4F8C430F31A0E
:10A3500015441E1F053B022BD6D818E72168097A41
:10A360000029AFD0012BADD12F798F42EFD0A9E7D3
:10A37000D4F8C4301BB92368DB79022BB9D000258F
:10A380006EE714B0BDE8F04701F040BF836B9E68F4
:10A39000B37A012B01D10523D5E60121FFF7DAFCC1
:10A3A000054600287FF45CAF636F162B7FF4DCAEAC
:10A3B000E36E1B780C2B00F07681B37A03F0FD037B
:10A3C000052B7FF4D1AE0123C4F8883063680133D4
:10A3D000B9E600BF0089FFFF008DFFFF8091FFFFFE
:10A3E000808FFFFF008FFFFF009AFFFF0092FFFFAB
:10A3F000836B9B689B7A042B20D813B301212046E2
:10A40000FFF7A8FC054600287FF42AAF636F162BE0
:10A410007FF4AAAE6368A26B01336360E36E1B78BE
:10A42000A3F10D014B424B4182F8B430A36B93F87A
:10A43000B43043B90123C4F88830A0E7093B012BAD
:10A44000DCD906237FE6D4F88000E16E04287FF68D
:10A4500099AE0B799A1D90427FF694AECA18DE1D14
:10A46000B2F8052052BA95B216FA82F290427FF6FF
:10A4700089AE2B4419440933B1F8072052BA13FAB4
:10A4800082F398423FF47BAF7CE60121FFF762FC48
:10A49000054600287FF4E4AE636F162B7FF469AEA7
:10A4A000D4F88030042B7FF46DAEE36E1B780E2B56
:10A4B0008CD067E614B0BDE8F04701F0CDBC856BE9
:10A4C000AB689F7A012F40F0EE80036805F58A782B
:10A4D00040F203325979404613F0D9FD236805F55F
:10A4E0008B712E229E69D869B047054600287FF4FB
:10A4F000B7AEA36B30223946C3F84421A66B503661
:10A50000304613F07AFB002836D02268A16BD06960
:10A51000D4F8A8300390304692690633029241F68F
:10A52000FA32019208AA0092D1F844214146FDF77F
:10A530004FFB054600287FF493AE089B3046D4F8C5
:10A54000A82059BA02339180089313F046FB089B68
:10A5500010220433C4F8B0301623C4F8AC30D4F859
:10A56000A8301A70012263682046114601336360E7
:10A57000FFF792FB054673E64C4D71E6836BD0F80E
:10A58000A860D3F808800023D0F89470069301F0F7
:10A590006FFA054600287FF463AE98F80A30042B62
:10A5A0005FD8002B60D0A16B91F8B430002B5BD04A
:10A5B000CB6C1BB923689B6B002B55D01B68002B01
:10A5C00052D0204613F088FD002851D00B6907AA0D
:10A5D00008A920469847054600287FF441AEA36BA2
:10A5E0002046D4F8A8209B685D7A0A2D16BF042364
:10A5F00005230925137113F06FFDD4F8A88013F01B
:10A6000084FF002188F805002046079113F064FDBF
:10A6100023680591DA690492F21B9B69C2F5EA523C
:10A62000039306AB05320293019208AAD4F8A8302E
:10A63000083300930B462946FDF788FA05460028A3
:10A640007FF40EAE069BD4F8A82059BA0833D18007
:10A650000F22C4F8B0301623C4F8AC30D4F8A830B8
:10A660007FE7093B012B9ED9636801336360F7E5FF
:10A670000F4DF5E514B0BDE8F04713F0C1BC14B0C0
:10A68000BDE8F04713F0A8BF14B0BDE8F047FFF7EE
:10A690002BBC14B0BDE8F04701F058BC0F2352E5C5
:10A6A00013F07BFF6BE6034DDAE500BF0093FFFF7D
:10A6B000008AFFFF0094FFFF074A10B51468136873
:10A6C0001268634053405940414048084942404263
:10A6D0000843C01710BD00BF88A800242DE9FF471C
:10A6E000064608469046FEF7A7FD044600283DD0E2
:10A6F000338982899A4218D8C2899A4215D313F0B5
:10A7000014FC336807469D6B00B375B14FF0000928
:10A710000DF10C0ACDF80C9039462868CC3013F0B6
:10A720006CFA30B9AD68002DF4D1002004B0BDE85A
:10A73000F087CDF800A040F20333002221462868BC
:10A7400001F0ACFC0028EDD1B36BDD64204613F0C2
:10A75000FDFB10B9C8F80040E7E713F0DEFE014644
:10A76000304613F06FFF0028F4D1DEE70048DDE744
:10A770000094FFFF2DE9F04F4368B1B004461A463C
:10A7800004930F2A00F27884DFE812F0100013001F
:10A79000A70174027902940216031E032303E00347
:10A7A0005C04610466046B04700473040123636039
:10A7B000A1E2D0F888302BB1236E1B78162B0BD07A
:10A7C000AE4D05E00521FFF725F905460028F3D039
:10A7D000284631B0BDE8F08F636E1E88D4F888300B
:10A7E00076BAB6B2002B43D00023C4F88830D4F830
:10A7F0006C903246A36B20464946DB689847054675
:10A800000028E5D1032E5AD999F80030012BD7D171
:10A8100099F8013099F802204FEA034848EA0228E3
:10A8200099F8032048EA0208002B48D108F10403F4
:10A830009E4244D1B8F1250F09F1040B3FD923689A
:10A840005846597913F026FC636B20819880226862
:10A85000636B12799A7040F2033322899A4215D0C1
:10A86000462202212046A5F5DD45FFF751FAAFE764
:10A87000B6F5E05F01D9824DAAE7711D2046FFF7CA
:10A88000C9F805460028A3D1E067B0E7A36B09F13A
:10A89000060209F12601D43352F8040B8A4243F828
:10A8A000040BF9D199F82670202F03D807F124035F
:10A8B000984506D2322202212046FFF729FA714D2F
:10A8C00086E7636B2022002107F12306DF60606BBF
:10A8D000103015F02DF8606B09F12701C2681030B7
:10A8E00014F0FEFF3BF8063093FA93FA1FFA8AFA47
:10A8F000BAF1010FDED95644F21C9045DAD3C3F306
:10A900000029DB05D6D402361BF806305A1E0F2A62
:10A91000D0D81E44731C9845CCD306F103060AD93F
:10A92000B045C7D33BF803305BBA1FFA83F916FA78
:10A9300083F39845BED15E440021B9F1000F3DD1AB
:10A9400019B9A36B40F20122DA61253700235F4475
:10A950007A1CF95C00297BD1D15CFF2978D10123D5
:10A96000C4F8C4302368DB6D002B7FD12368002638
:10A97000D3F80C9014969B7A012B00F09E80A9F1DD
:10A98000040BB0465BF8043F002B42D00026B95BB5
:10A99000DBF8003049BA89B2994209D114AA20469D
:10A9A000FFF79CFE002866D1149B002B40F08A80A4
:10A9B0000236B245EBD808F10108E3E7B9F1030F1D
:10A9C0007FF678AFB6F80280328898FA98F81FFAC6
:10A9D00088F808F104039945FFF46CAFB2F5506FA5
:10A9E00029D040F2FF1082420ED0B2F5807F19D1FB
:10A9F000B8F1010F02D13279042A26D92F2202217F
:10AA00002046FFF785F936E7B8F1010F01D1327919
:10AA100032B12822022120461B4DFFF779F9D7E6F3
:10AA2000C4F8C480C8F1FF281E4408F57F0808F167
:10AA3000FC08C14481E7F218311D2046059300F05F
:10AA4000ABFFC0B9DDE90413ECE7606B0270E9E726
:10AA500002339A453FF67DAFD4F8C4202368012A1B
:10AA600080D0DB79022B7FF47DAFD2E72046984778
:10AA700000283FF47BAF0546AAE600BF0089FFFF30
:10AA8000009AFFFF008DFFFF0092FFFFBBF8001050
:10AA900049BA89B2994207D114AA2046FFF71EFE8F
:10AAA0000028E8D1149B6BB908F1010859F8283047
:10AAB000002BEBD10236B245ABD907EB060B4FF0BA
:10AAC0000008F3E7636B59F828209A60149AA36B87
:10AAD0009A606368013363607AE60368D0F8A8601F
:10AAE00002895979301D13F0D2FAB71D2368042268
:10AAF00039469D69D869A847054600287FF468AEA5
:10AB00002368142206F10A019D69D869A847054601
:10AB100000287FF45DAE2368082206F11E019D69BE
:10AB2000D869A847054600287FF452AEA36B394682
:10AB300006F12602F43351F8040B914243F8040B5A
:10AB4000F9D1A36B1B78012B29D0676BFB6833B35A
:10AB500023681B6A1BB314A813F0B0FB206814AB66
:10AB6000FA68056A07F11001806AA847054698B996
:10AB7000BA68169B9A420FD1384613F055FC7022E2
:10AB800014A9384614F0ACFE7022294614A814F01B
:10AB9000CFFEA36B01221A7014A813F045FCA36B1F
:10ABA0001B78002B58D16368202201336360636BEC
:10ABB000DA602368616B9D691031D869A847054642
:10ABC00000287FF405AE626B06F12703D2681846B1
:10ABD00086F82620616BCA68103114F081FE616B23
:10ABE0000346C86889681A1849BA19520023D01C4C
:10ABF0009370D4F8C410012934D140F2FF15D371F9
:10AC00001172A2F805505372636B1B7883B302F183
:10AC10000A0105234FF4807505330D8000258D70E2
:10AC20000125CD70656B2D780D7159BA023318442A
:10AC3000A2F803101623801B0222C4F8AC30D4F80B
:10AC4000A830C4F8B0001A7001222046114631B075
:10AC5000BDE8F04FFFF720B80C232046636000F0FA
:10AC600007FFACE7616B09780029E3D0511DD1E7FC
:10AC70000523DAE731B0BDE8F04F01F0EDB8836BA2
:10AC80009B689B7A013BDBB2092B05D840F251321D
:10AC900022FA03F3D8070BD4162304210C22C4E9AB
:10ACA0002B31D4F8A8301A70636801336360CBE7A6
:10ACB00005237CE5836B0622D0F8A8709B68426070
:10ACC0009B7A042B14D8B3B123689B799BB10123E1
:10ACD00007F106097B713B71A36B23B1DA79012A75
:10ACE00001D19D6C8DBB23689D6C75BB924D6FE54A
:10ACF000093B012BE8D900256AE54FEA18212046D7
:10AD000001F096F870B9238953450BD12B881A0AA4
:10AD1000013A052A06D8DAB2012A03D102365BBA13
:10AD200029F8063035F8028FB8F1000FE5D173BA73
:10AD3000301DFB80484423685A7A012A2BD11D6EAE
:10AD400005B9DD6B07F5E05921E0023D002640F230
:10AD5000033AE7E7AB6C81451FFA83FA1BD3A9EBF3
:10AD600000030AF10202934215D303469AFA9AF2BB
:10AD700023F8022B5246E96C184614F0B1FD0AF193
:10AD800002015044D5F8905141441FFA81F815B1A1
:10AD9000EB69002BDED11623C01B0D2298FA98F127
:10ADA000C4F8AC30D4F8A830C4F8B0001A70D4F8A5
:10ADB000A8303344198147E716230422C0E92B3217
:10ADC000D0F8A8300E226EE731B0BDE8F04F01F0A8
:10ADD0001DBA836B01219F68FEF7BCFF0546002862
:10ADE0007FF4F6ACD4F88030E66E06EB0308636FB0
:10ADF000162B7FF4E5AC3378102B7FF4E1ACBB7AF3
:10AE0000012B40F03C814FF6FF73A76B0790ADF824
:10AE1000503047B1FD6C35B12868002800F08580BE
:10AE2000CC306D680BE023689B6B002B7DD01868DD
:10AE300000287AD02368CC309D6B002DF1D106F12B
:10AE4000060912F0EEFE0730C8454FEAD00A6ED36D
:10AE50003379C0F3C720834269D172795FFA8AF3EC
:10AE60009A4264D109EB0A03984560D10121284632
:10AE700012F0C3FE00285CD0236849462846DA69F0
:10AE8000039252469B6902933023019307AB0093D0
:10AE900014ABFCF789FE0646236806A8626B597955
:10AEA000928813F0F4F8254B30210798D3F800B0BE
:10AEB000FFF702FC9DF8181080469DF85000FFF740
:10AEC000FBFB9DF8191082469DF85100FFF7F4FB3B
:10AED0002368814630229D6908A9D869A84705469C
:10AEE00000287FF475AC86EA0B06A36B302248EA93
:10AEF0000A0875087642C3F8442148EA0900A36BA2
:10AF00006D4208AA07F58A71D3F84431354300939E
:10AF100040EAE57014ABF8F731F8204600F0A8FDE0
:10AF2000054600283FF4D5AD52E4054EB4E7054E82
:10AF3000B2E7054EB0E700BF80A1FFFF88A800245C
:10AF4000808BFFFF008DFFFF008AFFFF836B9B68F4
:10AF50009B7A042B70D8002B71D0636B1B6E002B77
:10AF60006DD000212046FEF7F5FE054600287FF44F
:10AF70002FAC636801336360636F162B7FF420ACE2
:10AF8000E36E1A780F2A7FF41BACD4F88020A76BED
:10AF9000052A07F150077FF692AC187900F000FC03
:10AFA000064600283FF467ACE36E2046197900F0AE
:10AFB0003FFF00287FF45FACE36E052E58790CBF8D
:10AFC0000DF160080DF1500813F0B1FA01460028A8
:10AFD0003FF451AC384612F010FE00283FF44BAC61
:10AFE000D4F88020072A7FF66AACE36EDB885BBA70
:10AFF0001FFA83F909F108039A427FF460ACA36B4E
:10B0000008AA14A920461B699847054600287FF422
:10B01000DFABCDF804904246E36E3146083300932F
:10B020000346384612F0F2FD054600287FF4D0AB07
:10B03000204612F0BCFF1EE5093B012B8DD90A23E7
:10B04000FFF7B5BB31B0BDE8F04FFEF74DBF31B0F3
:10B05000BDE8F04F00F07ABF31B0BDE8F04F12F01C
:10B06000CFBF31B0BDE8F04F13F0B6BA0F23FFF7F2
:10B070009EBB13F092FA3EE6024DFFF7A9BB024DCC
:10B08000FFF7A6BB008FFFFF0094FFFF01380328E6
:10B090009ABF034B33F810004FF4E050704700BFE5
:10B0A000164E08082DE9F04F97B004468A46994697
:10B0B00003A80092DDF88CB011F0F9FF2046F7F7F5
:10B0C000A7FF0746002800F09A8012F023F80546F3
:10B0D0004846D6F797F8219B00EB03080120A844C7
:10B0E0004146F8F75BFF044670B9464F03A811F0DC
:10B0F000E3FF06A84021F8F745FF2046F8F754FF84
:10B10000384617B0BDE8F08F4846D6F77BF863198C
:10B110000646024649461846019314F0E1FBA81979
:10B12000DDE92012204414F0DBFB3946012203A89C
:10B13000F7F7A8FF074638B103A811F0BDFF414655
:10B140002046F8F71FFFD4E7009A514603A8F8F706
:10B150008FF807460028EFD1219B611903A803EB64
:10B16000060A5246F8F7FEF807460028E4D12146C1
:10B1700003A8F8F707F907460028DDD18146AA445D
:10B1800039E003A8F8F728F907460028D4D1524639
:10B19000214603A8F8F7E6F807460028CCD106A90F
:10B1A00003A8F8F7EFF807460028C5D103A8F8F779
:10B1B00013F907460028BFD12A46214603A8F8F70D
:10B1C000D1F807460028B7D1214603A8F8F7DAF8E6
:10B1D00007460028B0D109EB0506229B06A95E456B
:10B1E00003EB0900B14692BF2A46BBFBF5F205FB13
:10B1F00012B214F075FBD945C3D300279CE7024F68
:10B200007EE700BF0081FFFF0094FFFF2DE9F047BC
:10B2100088B006468846154605A81F4611F047FF28
:10B22000D6F83490B9F1000F01D1D6F830901199C9
:10B230004046194A194B002914BF92469A4611F00C
:10B240006FFF0022014605A8F7F71CFF0446E0B98E
:10B25000414605A8F7F7E8FE0446B0B9294605A817
:10B26000F7F7BAFF044680B90C22B36B3021029283
:10B27000109A09EB0100CDE9007252469E692B46F7
:10B28000B04739462846F8F77DFE05A811F014FFAF
:10B29000204608B0BDE8F087A3C4080893C4080896
:10B2A000826B044B487A04490A2818BF0B46D360C6
:10B2B000704700BF35E107082DE1070870B5044667
:10B2C00016460D4649B9806B10B9A063002070BDC9
:10B2D0008568F8F769FE2846F6E70C210120F8F7A3
:10B2E0005DFE60B10023C0E900568360A36B002BB4
:10B2F000EBD01A469B68002BFBD19060E6E7014833
:10B30000E5E700BF0081FFFFF8B505460E4639B9F5
:10B31000D0F8C070EFB90023C5F8C0300020F8BDE8
:10B320000846D5F76FFFFF2804461DD8D5F8C07032
:10B3300087B9611C0120F8F731FEC5F8C000A8B13B
:10B340002246314614F0CCFAD5F8C03000221A5506
:10B35000E4E70C463846D5F755FF0146384611F06C
:10B3600079FF002ED7D0E4E70148D8E70148D6E7B7
:10B37000008FFFFF0081FFFF0429024608B508D8AF
:10B380000846FFF783FEB0F5E05F02D80020117297
:10B3900008BD0148FCE700BF008FFFFF2DE9F04129
:10B3A000164698460446002873D0042A07D93A4B1B
:10B3B000082E1A681B790A600B7107D80531A2881C
:10B3C00040F203339A4210D1002714E08388A6F19B
:10B3D00009074B7183788B7183685BBAA1F80730DA
:10B3E00040F2033382889A4202D02C48BDE8F081B3
:10B3F000542F0AD80931236E2BBB57250A35AE428C
:10B40000C8F800503CD30020F0E7C36804F13002D4
:10B4100010304B7201F10A0350F8045B904243F87C
:10B42000045BF9D101F12A0304F1600250F8045BD6
:10B43000904243F8045BF9D1E36E1BBAC1F85A306D
:10B44000236EC3B15E31656E5735BD420DD894F899
:10B4500068200B4603F8022B1846626E4A70D4E946
:10B46000181214F03DFA616E01446B1CBB429CBF84
:10B4700023780B70C2E7562F04D86123C8F8003038
:10B480000748B3E781F85E30572581F85F306031B7
:10B49000EBE70448AAE700BFA9220808808FFFFF56
:10B4A0000096FFFF0094FFFF38B5044600283BD00C
:10B4B0000368002B38D0836BB3B343681B2B33D0A6
:10B4C000FEF736FB054618BB204612F0E7FD0546A1
:10B4D000F0B923681A7972B1012A23D12046FFF707
:10B4E00049F9A8B1054694F88C308BB12046BDE8E7
:10B4F000384012F0D3BD62682AB1012A0AD0204632
:10B50000FEF706FE09E0012262601B799342E5D056
:10B51000284638BD2046FDF7C7FE23681B79012B5E
:10B52000DFD1DBE7014DDEE7004DF1E7008FFFFFE4
:10B5300010B5044608B103682BB9054807E020465A
:10B54000FFF7B2FF18B963681B2BF8D1002010BDBC
:10B55000008FFFFF38B50C46054612F065FF7022DC
:10B560002146284614F0BCF9236E0BB9002038BDE3
:10B57000616E0120F8F712FD286650B1D4E9181267
:10B5800014F0AEF994F8683085F86830636E6B6635
:10B59000ECE70148EBE700BF0081FFFF10B5044670
:10B5A00080B179B1406B68B123681B7953B9A36B43
:10B5B0001B78012B08D0FFF7CDFF10B9A36B012238
:10B5C0001A7010BD0148FCE70148FAE7008FFFFF41
:10B5D000808FFFFF10B5044608467CB171B1216B26
:10B5E00061B123681B794BB94B78012B08D0FFF769
:10B5F000B1FF10B9236B01225A7010BD0148FCE75E
:10B600000148FAE7008FFFFF808FFFFF2DE9F84325
:10B610000D46164601EB02090446002873D0042AA1
:10B6200005D8DFF8F880204612F0FEFE68E005221B
:10B630003949284614F0F3F98046002866D1731F73
:10B64000032BEED96A7940F2033142F44072A280B2
:10B650008A42AB79A370B5F807305BBA9BB2A3609E
:10B66000A6F10903DDD1542BDBD96B7A04F110026A
:10B6700005F12A01E36005F10A0353F8040B8B423C
:10B6800042F8040BF9D104F1300205F15A0153F8E4
:10B69000040B8B4242F8040BF9D1D5F85A301BBA8F
:10B6A000E36600232366A6F15E03012BB9D995F862
:10B6B0005E0005F1600784F8680095F85F30636606
:10B6C000BBB1F7F7A5FC0028ABD0656E11F022FDE9
:10B6D0008542A6D1616E603EB142A2D80120F8F742
:10B6E0005DFC2066A8B13946626E14F0F9F8636E0D
:10B6F0001F44B94595D017F8013BB945237090D147
:10B700004046BDE8F883DFF818808CE7DFF8148046
:10B7100089E7DFF8148086E7DEC40808008FFFFFA2
:10B720000094FFFF00A1FFFF0081FFFF10B504465A
:10B730000171427109B9022282710122022B6272E7
:10B740004FF00002A2724FF00332226009D10C4B7D
:10B750000C4AE3600C4B63630C4B0020C4E91232CB
:10B7600010BDFDF775FD0A4B0A4A216863630A4B59
:10B77000E060B1F1033F08BF1346084AEDE700BFA0
:10B78000584B08081E4E080800480808F8A800246E
:10B790001048080850150024204E0808284E0808B4
:10B7A0000138C0B205289ABF014B185C00207047D1
:10B7B000D8C40808033808289ABF024B185C002038
:10B7C000704700BFCFC40808F8B50446806C08B1C4
:10B7D00012F044FC606B08B112F026FEA36B13B1AB
:10B7E000204612F003FEA36C23B9D8210120F8F7FC
:10B7F000D5FBA064636B23B970210120F8F7CEFB61
:10B800006063A36B2BB94FF4A4710120F8F7C6FB5A
:10B81000A063A06B18B1A36C0BB1636B6BB900256F
:10B82000F8F7C2FBA06CA563F8F7BEFB606BA564DC
:10B83000F8F7BAFB65632E4D41E0184612F03EFD65
:10B84000A56B4FF4A4720021284614F071F805F19D
:10B850009C0011F02CFC05F1A80011F028FC254BF0
:10B8600005F15000EB6012F0B4F9A06C12F00EFD7F
:10B87000204612F0D3FC054608BB23681A68B2F1D3
:10B88000033F31D15E6C7EB3043E01464FF6FE7736
:10B89000324652F8040FA0B9012919D9A76B023119
:10B8A0000120F8F77BFBB864A36B9A6C002AC2D026
:10B8B00056F8040F70B910800122A36BDA71284684
:10B8C000F8BDFFF777FF0028E3D00231B942E0D995
:10B8D000094DF4E7FFF76EFF0028E9D0000240F0C1
:10B8E000010022F8020BE3E7A36B0022E6E700BFAA
:10B8F0000081FFFFD5E1070880A1FFFF38B5016097
:10B9000004460B68B3F1033F3BD18B69002B3AD05F
:10B910000B8841F64D5103810023C0F8943001207B
:10B92000F8F73CFBA065C0B9184DA06DF8F73CFBDB
:10B93000D4F89400F8F738FB00232360A365C4F81B
:10B940009430E366C4F8A830C4E91733C4E9193366
:10B95000C4E92633C4E9283311E041F64D510120F2
:10B96000F8F71CFBC4F894000028DDD0204612F044
:10B970005EFB2046FFF728FF05460028D5D1284664
:10B9800038BD034DFBE7034DF9E700BF0081FFFF22
:10B9900080A1FFFF008CFFFF9142F8B505460C46E1
:10B9A00016460CD8531A012B09DD806B282234F877
:10B9B000027B00211C3013F0BBFFA64206D22846B2
:10B9C000294A322112F080FB2748F8BD7BBA321B8E
:10B9D0009BB29A42F3D3234400219C420AD3B4423F
:10B9E000EDD1002938D12846204A282112F06CFBDD
:10B9F0001E48EAE71A1B012AE1D034F8022B40F274
:10BA00000337B5F808E050BABE451FFA80FC15D1DF
:10BA1000D2B2013A052AE0D85FFA8CF2012ADCD1D1
:10BA2000AA6BA2B1D779012F11D1926C7AB1023AE7
:10BA300032F8027F002FD0D0BC45F9D14F1C132F14
:10BA40009FBFAA6B02EB410239469083C5E72A6883
:10BA5000926C002AEBD1C0E7AB6B0C31002003EBFA
:10BA600041039880B1E700BF008DFFFF0092FFFF08
:10BA70002DE9F04F836B0546744CCFB09A6874483B
:10BA8000527A74490A2A744A18BF1046734A18BF7A
:10BA90001146734A18BF22469861C3E90412D5E9DA
:10BAA0000D310A78B2B9302601F58A746D4A3344F3
:10BAB0000296204601934023009301F1D4038F693D
:10BAC000D1F84411B847834600284DD1314620466D
:10BAD000F8F758FAAC6B0EAE04F1D402B44604F594
:10BAE0008A7413461068083252F8041C6746A24252
:10BAF00003C7BC46F6D116AC0DF1780C274622469A
:10BB0000083303CA624543F8080C43F8041C144682
:10BB1000F5D1AB6B3446F4332246083303CABA423C
:10BB200043F8080C43F8041C1446F5D14021304674
:10BB3000F8F728FA6B6BAC6C986830330793AB6BF3
:10BB400005939B690693059BD43308932B8909932E
:10BB50002B681B790A93099BA4F84C30FDF76CFB0A
:10BB6000074628B9DFF804B158464FB0BDE8F08F5A
:10BB700012F0FBFB0328824606D1FB7A13F0020F7A
:10BB80000CBF102308232361387AF6F76BFF804639
:10BB90000028E7D0787AF7F73BFA81460028E1D011
:10BBA0004FF48073304A3021CDE901634023DDE951
:10BBB00006700093089BB84783460028D4D198F8B4
:10BBC0000530BAF1020F03F00F030D9302D9DFF82D
:10BBD000A0B0C9E704F1340398F804700122494683
:10BBE00018460B9307F01F07F7F74CFA834618B176
:10BBF0004FF480713046CCE004F140030122494605
:10BC000018460C93F7F73EFA83460028F0D14846D1
:10BC100011F080FAE06098F8043006465B099B005A
:10BC20006360BAF1000F00F0B7800999B0FBF7F23A
:10BC300007FB027740F20332914227601AD04FF49B
:10BC400080710EA8F8F79EF9C1E700BF3DE1070833
:10BC50000DE10708C5E10708EDE00708CDE1070899
:10BC600057E10708B3C40808C1C40808008FFFFFE4
:10BC70000094FFFF1F440D9A27604FEAC20A0A9AF8
:10BC8000002A40F08B800EAA37B2D4F808B004F135
:10BC9000140002EB47090AEB4707BBF1000F08BF8E
:10BCA0009B461744324407EB0A010A925A4613F0A6
:10BCB00017FE0AEB0B015A4604F12400394413F035
:10BCC0000FFE0EAB0993D5F8C8A0BAF1000F16D03D
:10BCD000554B0699059A9942D5F8CC0002F1F40229
:10BCE00000F08180514BC91A4B424B415B000293DB
:10BCF0000021089BCDE900233023079AD04704F1A7
:10BD0000500A41465046F6F7D5FE8346002840F0DB
:10BD10008780943441462046F6F7CCFE83460028BF
:10BD20007ED198F8052001234946504602F00F02C3
:10BD30009201F6F7DFFE8346002871D198F80520BE
:10BD400003463946204602F00F029201F6F7D2FE72
:10BD50008346002864D198F805201209022A44D0AD
:10BD60007EB1324609990B98F7F782FA044600280B
:10BD700048D132460A990C98F7F77AFA0446002817
:10BD800040D14FF480710EA8F8F7FCF8A86B402161
:10BD9000D430F8F7F7F8E7E607466CE70A9A012A85
:10BDA0007FF44DAF37B20EAAD4F808B004F12400E6
:10BDB0000AEB4709BBF1000F08BF9B4602EB4707A0
:10BDC0009144324409EB0A0109925A4613F088FD66
:10BDD0000AEB0B015A4604F11400494413F080FDAC
:10BDE0000EAB0A936FE7012381E704215046F7F772
:10BDF00039F8074668B920460421F7F733F80446B6
:10BE00000028ADD04FF480710EA8A346F8F7BAF819
:10BE1000AAE64FF480710EA8BB46F8F7B3F8A3E684
:10BE20004FF480710EA8B4E70DE10708EDE00708B4
:10BE3000042906D0052907D1836B054A00201A6121
:10BE40007047836B034AF9E74FF0FF30704700BF3C
:10BE5000C5E10708CDE107082DE9F041826B0446F2
:10BE600093689B7A013BDBB2092B40D840F24F31FB
:10BE700021FA03F3DB073AD501680B79002B32D0A6
:10BE8000012B07D1D36C13B98B6B002B56D01B68D9
:10BE9000002B53D0D36C13B98B6B002B4CD01E6886
:10BEA00041F6FD37072346BBDA1FD4F8A810100C63
:10BEB0000871100AD4F8A81048712046D4F8A810C8
:10BEC0008A710B22C4F8B0301623C4F8AC30D4F811
:10BED000A8301A7001226368114601336360BDE81F
:10BEE000F041FDF7D9BE92F8B430002BD2D163688F
:10BEF000002001336360BDE8F081B568FA1AAA42F8
:10BF00001ED3D4F8A820290C03F10308D154290A20
:10BF1000D4F8A8201A445170D4F8A8201A44957077
:10BF20002A46D4F8A800F168404413F0D9FC05EB88
:10BF30000803D6F89061B6E70723B5E70148DAE7CA
:10BF40000148D8E70094FFFF0096FFFF30B5036873
:10BF500085B004461A7901A9836B82F001025B69FE
:10BF6000984701212046FDF7F5FE054640B9636F6D
:10BF7000162B0CD01D4D0A2202212046FDF7C8FECB
:10BF800001A80C21F7F7FEFF284605B030BDE06E92
:10BF90000378142BEED1D4F88030102B06D0322247
:10BFA00002212046124DFDF7B3FEE9E70C2201A95C
:10BFB000043011F059F8054630B1332202212046F1
:10BFC0000C4DFDF7A5FEDBE7A36B1B7853B123688F
:10BFD0001A790AB90A2262601B79012BD0D10F238A
:10BFE0006360CDE763680133FAE700BF0089FFFFB4
:10BFF000008DFFFF0092FFFFF0B5914207464FF022
:10C000000000186001D92248F0BD501A0528FADD59
:10C01000B86B8C1DC8B1C579012D16D1866CA6B13F
:10C02000023E254640F2033E36F8020F98B92C1B1B
:10C030002CD04FF45062A4B26D1A0A80A21C64BACC
:10C0400052BA8C804A801D60DEE73868866C002E0C
:10C05000E6D11048D8E7B7F808C0F445E4D14FEA74
:10C06000102C0CF1FF3CBCF1050FDDD85FFA80FC11
:10C07000BCF1010FD8D19542C5D8A2EB050CBCF19B
:10C08000010FC0DD40BA25F8020BCDE70248BBE73F
:10C090000096FFFF80A1FFFF0094FFFFF8B5174651
:10C0A00040F203320646069D93422BD157BB8B7A52
:10C0B000013B092B06D8DFE803F0272525250505D8
:10C0C0002705232300213046FCF7FEF9044628B15A
:10C0D0002B684FF0FF3443F400632B600B490822B8
:10C0E0000B4B3046002F08BF1946FCF709FA28B160
:10C0F0002B684FF0FF3443F480532B602046F8BD8B
:10C100000821E0E78021DEE72021DCE75FBD0808A9
:10C1100027BD08082DE9F043054687B090469946AB
:10C120000E4621B90024204607B0BDE8F08303691C
:10C130000468002B3DD042690E994046E76B02939C
:10C14000CDE903216B6B39466C330193D5F8C030D0
:10C150000093636B226C11F089FE2B6804464946FC
:10C160001A7940466B6B6C3300932B89FFF796FF6F
:10C1700060B30CB3012E22D114F51C5FD2D014F59C
:10C18000F44FCFD06B6BDB6EDF0530D45E0730D45D
:10C1900013F4CC3F2FD1D8072FD499072FD413F005
:10C1A000080F0CBF2E22302202212846FDF7B0FDD9
:10C1B000B9E7D4E90B32BFE7012EB3D0114C002F01
:10C1C000E0D1114B022E08BF1C46DBE7012E08D13F
:10C1D00014F51C5FA6D014F5F44FA3D0002CA1D009
:10C1E000D0E7002FFAD1022EF8D1074CCAE731224E
:10C1F000DAE72A22D8E72B22D6E72D22D4E72C2211
:10C20000D2E700BF0086FFFF8089FFFF2DE9FF47CF
:10C2100004460068A36B90F806809B68997A4B1ED1
:10C22000DBB2092B10D840F24F3222FA03F3DB07BE
:10C230000AD50379012B0CD1072905D0B8F1000FDD
:10C2400007D1636B8022DA6663680025013363607F
:10C2500037E001212046FDF77DFD054688BB2368B8
:10C26000656B1B79BBB1D4F88030072B13D1636F9A
:10C27000162B10D1E06E03780B2B0CD103226949E9
:10C28000043013F0CCFB30B94023B8F1010FEB665A
:10C29000DAD0654D15E0286E30B1F7F785FE002342
:10C2A0002B6685F868306B664FF4CA710120F7F78A
:10C2B00075FE064648B95D4D502202212046FDF725
:10C2C00027FD284604B0BDE8F08711F0DBFD636F61
:10C2D000162B0CD0564D0A2202212046FDF718FDE0
:10C2E000304611F0D4FD3046F7F75EFEE9E7E26E26
:10C2F00013780B2BEED1D4F88010092906D83222FE
:10C30000022120464B4DFDF703FDE9E7B2F8053069
:10C3100012795BBA9BB2002AF1D107339942EED170
:10C320000727DFF81891DFF818A1D4F880309F4272
:10C3300044D3A36B002241462046009232469B68BC
:10C34000FFF7E8FE05460028CAD13046D6E9029537
:10C35000D6E9318711F09BFD3046F7F725FE666B75
:10C3600020210120F7F71AFE3066636B1B6E002B4D
:10C37000A1D00920F6F74CFE636B4A4629461B6E96
:10C38000F6F748FF636B0922054683F868202022F0
:10C39000636B5A66002894D1A06B039747445030D2
:10C3A00011F017FCA26B394603A85032FBF792FA42
:10C3B00000283FF449AFA5F5D84582E7F91C99421A
:10C3C0009DD8E06EC25D32B12B22022120461A4D6B
:10C3D000FDF79EFC84E70744B7F8012052BA92B2F9
:10C3E0007F2A8CD98F18BB4289D30144304611F083
:10C3F00083FD10F5165F05460FD048450ADA10F5A3
:10C40000225F0CD0504590D02A2202212046FDF711
:10C410007FFC65E7002888D0F6E72B22F5E750225D
:10C42000F3E700BFAE220808808BFFFF0081FFFF0B
:10C430000089FFFF008DFFFF0086FFFF81DAFFFF0D
:10C44000D2D9FFFF014804F0BFB800BFE3C4080819
:10C45000034A044B026024209B1AB3FBF0F07047A0
:10C46000DC0108085009080870B5044688B1037853
:10C47000C3B10D4D0D4EB54201D3002409E029682A
:10C48000A14208D1284612F010F9002814BF2C460A
:10C490000024204670BD2046D4F7A2FE0028F1D02B
:10C4A0002435E8E71C46F4E7DC01080850090808D1
:10C4B0002DE9F843054610B304782CB1114CDFF890
:10C4C0004880444503D300242046BDE8F883226A0F
:10C4D00052B1204612F0E9F830B1166826B1D6F80C
:10C4E00000900027B94501D12434EAE756F8041F2B
:10C4F0002846D4F775FE0028E6D00137F2E7044657
:10C50000E2E700BFDC010808500908081FB504462F
:10C51000D7F7FAFD07490B685B0708D0064B0122E5
:10C52000029300231846CDE9003312F0E1F82046CB
:10C5300012F0EEF8381600241DC508082DE9F04168
:10C54000044686B00D46EFF31188102383F312885A
:10C55000BFF36F8F2B4F2C4A3B68966859074DD01D
:10C560000428127C274996BF284B294B53F82030CA
:10C570000390CDE90432274B012202930023184691
:10C58000CDE9003312F0B4F885B1EB693A68C3F332
:10C5900008035BB152071AD01F4B012219490293BD
:10C5A00000231846CDE9003312F0A2F83B685B0780
:10C5B0000DD0D6B919481A4B012212490293002313
:10C5C000CDE90360CDE90033184612F091F8294611
:10C5D0002046FFF79BFF88F31188BFF36F8F30462B
:10C5E00006B0BDE8F041DCF755BC304612F0D4FC93
:10C5F0000028DFD00378002BDCD0DCE7002DC4D18D
:10C60000E5E700BF38160024B8A80024644B0808EA
:10C610002CC508083AC5080862C5080811C40808EE
:10C6200083C5080838B50A4B53F82040013053F849
:10C630002050A54200D838BD606830B1037FDB07C9
:10C6400001D412F070F80834F3E723689847FAE74A
:10C65000784B08082B4B0122032070B52A4C86B07A
:10C660002A4D1A70FFF7DEFFFFF7ECFE12F07FF89D
:10C670000420FFF7D7FF26463034AE4210D3224CB9
:10C6800001F074F9224EAC4226D301F083F903F095
:10C690007AFB204A137B23F00103137306B070BDAD
:10C6A00054F80C3C059354F8103C049354F8143C93
:10C6B000039354F8183C029354F81C3C019354F82B
:10C6C000203C009354E90A2354E90C0100F090FE49
:10C6D00054F8303C5E65CEE7D4E90A23B3F1FF3F5E
:10C6E00008BFB2F1FF3F05D052EA0301206803D131
:10C6F00001F050FA3034C6E73146183001F020FD21
:10C70000F8E700BFD5950124000E0808000E0808C0
:10C71000D3F007085052002403480021034A08B50B
:10C72000121A12F017F808BD001B0024E09501242E
:10C7300070B5F823154E86B0012203FB0066144B3A
:10C74000144D044605930F231349CDE9033200230A
:10C7500001EB40214FF4C072CDE90133182303FBF4
:10C7600000550E4B3046009500F042FE737B0C4A9C
:10C7700023F00403EE602C7473734FF4086304FB1E
:10C78000033313446B6006B070BD00BF58510024E2
:10C79000E5C50808B8A80024808A022411E9070822
:10C7A00000820224BFB50020FFF73CFF284B83F333
:10C7B0000888284D0024F023274F85F82230EC7795
:10C7C0002C766C76AC7685F820406B6A43F4E023D7
:10C7D0006B62DCF715FBDCF7F9FC4FF0FF33AB6263
:10C7E000EB62DCF799FE1D4DDCF7CAFDD7F764FC60
:10C7F0001B4800F0A5FE11F057FFD7F7B3FB01204F
:10C80000FFF710FF0220FFF70DFF01F0F7F8154BBF
:10C8100015494FF400429D612846144B009405933E
:10C820000123CDE90144CDE903433B4600F0E0FD9F
:10C830006A7B0646284622F004026A7312F00CFC5A
:10C840002046FFF775FF3A4631462846DCF792FC52
:10C85000808A022400ED00E055C6060850520024EC
:10C8600060540024B8A80024808C02245F53080878
:10C8700038B5054C256804EB850405B938BD54F876
:10C880000439013D9847F8E72011080838B5044CF1
:10C89000044DAC4200D338BD54F8043B9847F8E748
:10C8A0002C1108082C11080838B5064C064DAC426E
:10C8B00001D3002038BDD4E901122046183411F00C
:10C8C0005DFFF4E7E41600241417002438B50020B7
:10C8D000054C064DAC4200D338BD204611F0C0FFD8
:10C8E0000028F9DB2034F5E784160024E416002440
:10C8F00073B50C46EFF31181102585F31288BFF351
:10C900006F8F05695DB125602B680361C3690133D1
:10C91000C361002081F31188BFF36F8F11E052EAE9
:10C92000030603D16FF00B002560F3E7CDE9002388
:10C930000246083000F05AFF18B9034B9B681B6988
:10C94000236002B070BD00BFB8A8002470B5094CC8
:10C950000025094E002301222046194612F027FB2C
:10C96000013521463046503412F0E8F90A2DF1D154
:10C97000002070BD80110524041800242DE9F34126
:10C9800004460E4600F10808EFF31187102181F3E9
:10C990001288BFF36F8F406A2169884238D22568B8
:10C9A000AC4218D0BDB1284611F0BDFF05F118000A
:10C9B00012F089FDE2683146286912F091FF0023E8
:10C9C0002846C5F8B03012F047FB4046394600F023
:10C9D00089FF002029E0E2683146206A12F080FFDA
:10C9E000236AE268102104F128001344A2699342EB
:10C9F000236204BF63692362636A0133636212F0D6
:10CA000020FF0028E1D187F31188BFF36F8F0CE07E
:10CA100052EA03010CD00849404689680E61394644
:10CA2000CDE90023224600F0E1FE02B0BDE8F0812E
:10CA30006FF02200E7E700BFB8A80024F7B504466E
:10CA4000084604F10807EFF31186102181F31288DC
:10CA5000BFF36F8F616A00293AD0E268E16912F092
:10CA60003FFFE369E26825681344A2699342E361EA
:10CA700004BF6369E361AC42636A03F1FF3363623D
:10CA800034D02846002D32D011F04DFF05F11800AA
:10CA900012F019FDE2682969206A12F021FF236A69
:10CAA000E26828461344A2699342236204BF636983
:10CAB0002362636A013363620024C5F8B04012F058
:10CAC000CBFA3846314600F00DFF204603B0F0BDEA
:10CAD00052EA030110D00A49896808613146384694
:10CAE000CDE90023224600F081FEEFE7002086F327
:10CAF0001188BFF36F8FE9E76FF02200F7E700BFFF
:10CB0000B8A800242DE9F341044617461E46EFF36A
:10CB10001188102383F31288BFF36F8FC368334AE1
:10CB20007BB180689168884219D057EA060318D112
:10CB300088F31188BFF36F8F6FF00F0002B0BDE86C
:10CB4000F081916891F90E1001332161E3609368DF
:10CB5000A36088F31188BFF36F8F0020EEE721698F
:10CB6000F2E791F90E106FF07E0290F90E309942C3
:10CB7000A8BF19469142B8BF11468B422DDD11F076
:10CB800095FF0546224641461948CDE9007600F05A
:10CB90002DFE0028E1D0EFF31186102383F31288D5
:10CBA000BFF36F8FA068D0B1236821699C420AD07F
:10CBB0004BB193F90E309942A8BF19466FF07E032E
:10CBC0009942B8BF194611F071FF40B1314608488B
:10CBD00000F088FE6FF00A00B0E70025D2E7002DD4
:10CBE000F4D186F31188BFF36F8FF3E7B8A8002460
:10CBF000D6950124F8B583680546002B40D0234A1A
:10CC0000926893423FD1C368012B03D9013BC360B3
:10CC10000020F8BDEFF31187102383F31288BFF3D0
:10CC20006F8F0169806811F041FF2C68A54207D120
:10CC30000023C5E9023387F31188BFF36F8FE7E75D
:10CC4000002CF5D0002604F11800D4E9003213605E
:10CC50005A60637BA66023F00203C4E90066637335
:10CC600012F031FCAC6094F90E3020462B61C4F810
:10CC7000B06012F0F1F93946054800F033FEC7E71D
:10CC80006FF01500C5E74FF0FF30C2E7B8A80024E9
:10CC9000D695012437B5EFF31185102181F3128861
:10CCA000BFF36F8F04689CB123680121426823F0B1
:10CCB00003039442036008BF4360204611F082FFE3
:10CCC000044685F31188BFF36F8F204603B030BD53
:10CCD00052EA0301F5D02946CDE9002300F10C0208
:10CCE000083000F083FD0028EFD1024B9B681C69DF
:10CCF000EBE700BFB8A8002470B5EFF3118610234E
:10CD000083F31288BFF36F8F0468A0421BD0D4B1A5
:10CD1000002504F11800D4E9003213605A60637BE7
:10CD2000A56023F00203C4E90055637312F0CBFB46
:10CD30002046C4F8B05012F08FF931460B48BDE8D8
:10CD4000704000F0CFBDD0E90232022110309A428B
:10CD500018BF013340F8083C12F073FD0028ECD1F5
:10CD600086F31188BFF36F8F70BD00BFD795012484
:10CD700013B5EFF31181102484F31288BFF36F8F82
:10CD8000846844B1013C846081F31188BFF36F8FE4
:10CD9000002002B010BD52EA030406D181F31188CD
:10CDA000BFF36F8F6FF00F00F3E7CDE9002302466A
:10CDB000014800F01BFDECE7D79501242DE9F8436D
:10CDC0000546EFF31188102383F31288BFF36F8FAA
:10CDD00000266FF00A0937462C68A54216D0ACB180
:10CDE00004F118000126D4E9003213605A60637B15
:10CDF000A76023F00203C4E90077637312F063FBBA
:10CE00002046C4F8B09012F027F9E5E7002302218C
:10CE100005F11000AB6012F014FD30B92EB988F3A3
:10CE20001188BFF36F8FBDE8F88341460248BDE823
:10CE3000F84300F057BD00BFD795012473B50C46E9
:10CE4000EFF31181102585F31288BFF36F8FD0E9BE
:10CE50000365B5420AD92B1F036155F8043C2360D2
:10CE600081F31188BFF36F8F002008E052EA0305B9
:10CE700007D181F31188BFF36F8F6FF00F0002B0FD
:10CE800070BDCDE900230246083000F0AFFC10F180
:10CE90000B0FF4D0024B9B681B692360E4E700BFD3
:10CEA000B8A800241FB5094A02AB92E803004FF46A
:10CEB000806283E8030000934FF0FF330449054884
:10CEC00000F00EF9002005B05DF804FB44220808CC
:10CED000000D0324485300242DE9FF410446102788
:10CEE0004E4EEFF3118887F31288BFF36F8FD4F89B
:10CEF000F850F5B9022104F5887011F05DFF0028A3
:10CF000068D004F5847500220121284612F04EF9FC
:10CF10000028F8D100234FF0FF32414640480293E9
:10CF20004FF0FF33CDE9002304F5807200F03EFF9F
:10CF3000D7E7D4F8FC202B689542C4F8F83008BF36
:10CF4000C4F8FC30D4F8103143F00203C4F81031B7
:10CF5000EB6823F0040343F00103EB606B6888F394
:10CF60001188BFF36F8F28469847EFF3118887F336
:10CF70001288BFF36F8FEB68D80623F0010236D416
:10CF8000EA60EB689A0716D523F002033068EB607D
:10CF900088B10368002170B14268954235D10368B9
:10CFA00069BB72683360824200D17360002340F82D
:10CFB000083BFFF7A1FED4F8103123F00203C4F8B8
:10CFC000103188F31188BFF36F8FDB0589D400F02F
:10CFD0005DFD86E7D4F81031D9069BD5C4F8100161
:10CFE00088F31188BFF36F8F04B0BDE8F08123F0A0
:10CFF0001103EB6005F11000FFF77EFEC1E70B6047
:10D000007368834208BF7160D0E723B11A68014694
:10D0100018461346BFE71A46F9E700BFE0A8002408
:10D02000D8950124F8B5C36804460F469A07C3F3A0
:10D0300040062BD45B0719D40B680BB983680B60CF
:10D04000E368DD0745BFA368022601263B603D6813
:10D05000002D3AD01E4B9B68AB420AD0D5F8103158
:10D06000D807C3F3800214D46FF0120600233B608C
:10D0700025E011F088FFD5F810310028F0D1D9074C
:10D08000C3F3C002F0D552B15B0708D46FF00F06AE
:10D09000ECE7002AFAD1C3F3C003002BF6D100233A
:10D0A0002360D5F8FC3063B9C5E93E44284611F049
:10D0B0009DFEE36843F00403E3603B68A3603046F1
:10D0C000F8BD1C60C5F8FC40F0E76FF01506CDE731
:10D0D000B8A800240146014811F00CBF48530024B1
:10D0E000F0B50446002089B0C4E93E0004F5807024
:10D0F0000E9DC4E9400004F58470C4E942004DB3BC
:10D100002879002840F2011008BF0120C4F810015E
:10D1100000204FF0FF364FF0FF370094CDE9033089
:10D12000CDE901000C4B2046CDE9066700F0DCF9A3
:10D1300055B1296811B1204600F008F96B791BB18F
:10D14000237B43F001032373204609B0BDE8F04080
:10D1500000F020BD0120D9E7D9CE060837B50190EF
:10D160000846EFF31184102181F31288BFF36F8F0B
:10D17000C16811F01E0F17D153EA020508D101A9A9
:10D18000FFF750FF84F31188BFF36F8F03B030BDFA
:10D1900041F00801103040F8041C019981610349F5
:10D1A00000F0CEFF0120EDE70020EBE763EE07087B
:10D1B00001460148FFF7D2BF48530024F7B50C469B
:10D1C00016461D460190EFF31187102383F3128852
:10D1D000BFF36F8F084611F0FAFD55EA060309D137
:10D1E00001A92046FFF71EFF87F31188BFF36F8F59
:10D1F00003B0F0BDE36804F110003246054943F086
:10D200000803E360019BA3622B4600F099FF012015
:10D21000EAE700BF63EE070801460148FFF7CEBF0B
:10D220004853002438B5EFF31185102383F3128897
:10D23000BFF36F8F0468A04213D094B1204611F061
:10D2400091FE04F1180012F03EF900232046C4F8C4
:10D25000B03011F001FF2946044800F043FB0020E4
:10D2600038BD85F31188BFF36F8FF8E7D995012496
:10D270002DE9F0410546EFF31187102383F312885F
:10D28000BFF36F8F0468A04222D00CB30026204663
:10D2900011F068FE04F11800B04612F014F92046AF
:10D2A000C4F8B08011F0D8FE2C680136A54208D031
:10D2B0003CB1204611F056FE04F1180012F003F9BB
:10D2C000EDE73946054800F00DFB3046BDE8F0813A
:10D2D00087F31188BFF36F8F0026F6E7D9950124F5
:10D2E0002DE9F34105460C4617461E46EFF311881B
:10D2F000102383F31288BFF36F8F0846FFF77AFC81
:10D300002A4641460848CDE9007600F06FFA054606
:10D310004FF0FF324FF0FF332046FFF7F3FB284674
:10D3200002B0BDE8F08100BFD9950124EFF3058379
:10D330003BB9054B9B68D8897F288CBF0020012012
:10D3400070470020704700BFB8A8002410B50446FD
:10D3500008B9054B9C681F2204F1780012F0B5FB58
:10D36000002084F8970010BDB8A800242DE9F84FDC
:10D370000C46A1B39AB390F80D90571EDFF8688061
:10D380000846B9F1000F25D00025DFF860A0B8F8F5
:10D3900004B019EA0B0F19D07E1BB8F80630D8F884
:10D3A00000109E4228BF1E4632462E4412F098FAC4
:10D3B00039EA0B0904EB06000CD0BD1B5146012DC8
:10D3C00028BF01252A46354412F08AFA08F10808D8
:10D3D0006019DCE7002303702046BDE8F88F0148A0
:10D3E000FBE700BF79BB0808904B08089FC10808FD
:10D3F0002DE9F04FD51D85B01F4600F1580325F0EB
:10D40000070504460E460421FF35DDF838B0DDF887
:10D410004C8006F1800A25F07F05C0E91633129B87
:10D4200000207F2DA5F180092373119BA0606173FB
:10D43000A373E073C4E9060005D880F31188BFF335
:10D440006F8F084602DF35444A46AA21504612F043
:10D450006FFA29462046DAF781FF0730109B3146E4
:10D4600020F00700C4E926A9C4F8A0002D1A0293F1
:10D4700020460F9B2A464FF00009CDE900B33B46FA
:10D48000DBF7F6FD0F9BC4F85490E366109BC4E9EC
:10D49000197B2367EFF31182102181F31288BFF308
:10D4A0006F8F104E716A7462616782F31188BFF3E7
:10D4B0006F8FB8F1000F11D01F22414604F17800A0
:10D4C00012F003FB84F89790B3680BB1D3F8A43043
:10D4D0002846C4F8A43005B0BDE8F08F84F8788001
:10D4E000F2E700BFB8A80024F0B5002587B00446D5
:10D4F0000595109D04950F9D03950E9D02950D9D1C
:10D5000001950C9DDDE912760095FFF771FFB6F1EC
:10D51000FF3F08BFB7F1FF3F05D056EA070305D12B
:10D52000204600F037FB204607B0F0BD3A463346B0
:10D53000024904F1180000F003FEF4E7D3F00708F5
:10D5400040F201138381002310B5C0E9263304465D
:10D5500001F068F8014B9C6010BD00BFB8A8002422
:10D560000A4A6FF00A019368C3F8B0100849C3F87B
:10D57000AC004B6843F080534B60002383F3118869
:10D58000BFF36F8F9368D3F8B0007047B8A800243A
:10D5900000ED00E070B590F90D20437B002A36DBEA
:10D5A000D90634D11B4C63F07F0322464373216AB2
:10D5B00052F81C3F934207D1C0E900210860206265
:10D5C00011E09942F8D01B68002BF5D090F90E506D
:10D5D00093F90E60B542F4D0AE42F2DD5968C0E96D
:10D5E000003108605860E569954200D005B9E568EA
:10D5F000A3685A7BD20604D1DA897F2A01D9AA69A5
:10D6000032B1AB4202D0284600F084FCA56170BD67
:10D61000A361FCE7B8A8002438B590F90D200146B5
:10D62000437B002A04DA03F07F03437311F0DAFC32
:10D630000D4D2A46AB6852F81C4F944200D004B9F5
:10D64000EC688B4207D05A7BD20604D1DA897F2A54
:10D6500001D9A2692AB1A34202D0204600F05AFCA7
:10D660002346AB6138BD00BFB8A8002470B590F95F
:10D670000D200146437B002A04DA03F07F03437345
:10D6800011F0B0FC4B7B1C4C63F07F0322464B73C4
:10D6900052F81C3F206A934207D1C1E90020016083
:10D6A000216211E09842F8D01B68002BF5D091F967
:10D6B0000E5093F90E60B542F4D0AE42F2DD5868D8
:10D6C000C1E9003001605960E569A368954200D066
:10D6D00005B9E5688B4207D05A7BD20604D1DA89B6
:10D6E0007F2A01D9AA692AB1AB4202D0284600F0AC
:10D6F00011FC2B46A36170BDB8A80024F8B5394CC5
:10D700000746A268824224D1EFF305830BBBEFF3F7
:10D710001186102383F31288BFF36F8F537B03F0BE
:10D720007F0343F01003537311F05CFC234653F85E
:10D730001C5F9D4200D005B9E568A3689D4202D0F8
:10D74000284600F0E7FB3046A561BDE8F840FFF74A
:10D7500007BFEFF31185102383F31288BFF36F8F98
:10D760007B7BD90604D585F31188BFF36F8FF8BD95
:10D77000D90943F0100219D17A73E6691A4B9E4217
:10D7800000D006B9E668A368B34202D0304600F084
:10D79000C1FBA368A6619F42E5D1EFF30583002B8F
:10D7A000E1D13A7BD2070AD42846CEE703F07F03C3
:10D7B000384643F010037B7311F014FCDDE785F36A
:10D7C0001188BFF36F8F83F31188BFF36F8F04232A
:10D7D000184602DFEFF31180102383F31288BFF3A2
:10D7E0006F8FB2E7B8A80024D4A80024F8B5124B74
:10D7F0000C461146114A9868DDE906761060EFF391
:10D800001182102282F31288BFF36F8F9D68284621
:10D8100011F0FAFBB6F1FF3F08BFB7F1FF3F06D0AA
:10D820003A463346064905F1180000F089FC2046C7
:10D83000BDE8F840FFF794BEB8A80024E8A800248B
:10D84000D3F00708F8B50446EFF31187102383F3EC
:10D850001288BFF36F8F437B49B203F01F02002A87
:10D860000CBF0126002639D103F07F031C4D437302
:10D8700011F0B8FB437B2A46817363F07F03437347
:10D8800052F81C3F934227D1286AC4E90020046063
:10D890002C620FE08342F8D01B68002BF5D093F97F
:10D8A0000EC06145F6D08C45F4DD5968C4E90031FD
:10D8B0000C605C60EC69944200D004B9EC68AB6821
:10D8C0009C4202D0204600F025FBAC6187F3118812
:10D8D000BFF36F8F3046F8BD286ADEE78173F5E746
:10D8E000B8A8002449B9EFF3058030B9054B9A690F
:10D8F0009B689A4201D0FFF733BE81F31188BFF3D2
:10D900006F8F7047B8A8002410B5EFF31184102270
:10D9100082F31288BFF36F8F427BD10604D484F365
:10D920001188BFF36F8F10BD22F010024273FFF712
:10D9300031FE21460248BDE81040FFF7D3BF00BFCB
:10D94000DA950124034648B9EFF3058232B9064A55
:10D9500091699268914201D0FFF702BE83F311886A
:10D96000BFF36F8F704700BFB8A80024EFF3118199
:10D97000102383F31288BFF36F8F054B9A68D37B14
:10D98000013BD37381F31188BFF36F8F704700BFE2
:10D99000B8A8002470B5EFF31186102383F3128822
:10D9A000BFF36F8F144DAB68DA7B0132DA732A460E
:10D9B00052F81C4F944200D004B9EC685A7BD2064E
:10D9C00004D1DA897F2A01D9A2692AB1A34202D0FF
:10D9D000204600F09FFA2346AB6186F31188BFF31F
:10D9E0006F8FEFF31180102383F31288BFF36F8FD3
:10D9F000BDE87040FFF7A6BFB8A80024024B03F1B2
:10DA00001C02C3E907227047B8A8002408B5FFF735
:10DA100019FF70B1074B9B68DB7B53B9EFF31180A3
:10DA2000102383F31288BFF36F8FBDE80840FFF720
:10DA300089BF08BDB8A8002470B5EFF31186102384
:10DA400083F31288BFF36F8F0E4D2B4653F81C4F94
:10DA50009C4200D004B9EC68AB685A7BD20604D172
:10DA6000DA897F2A01D9A2692AB1A34202D02046CD
:10DA700000F050FA23463146AB610348BDE87040E0
:10DA8000FFF730BFB8A80024DA95012470B5EFF392
:10DA90001186102383F31288BFF36F8F1B4CA1688C
:10DAA000206A0B68814214BF1A46002249680B6045
:10DAB0005960A368216A2AB9154AC3E900210B609D
:10DAC00023620CE093F90E0092F90E50A84218D090
:10DAD000854216DD5168C3E900210B605360E5699A
:10DAE0000B4B9D4200D005B9E568A3689D4202D06A
:10DAF000284600F00FFA3046A561BDE87040FFF7F8
:10DB00002FBD8A42D8D01268D5E700BFB8A800243C
:10DB1000D4A8002451EA00032DE9F04105460E4641
:10DB200004D1FFF7B3FF0020BDE8F081431C71F181
:10DB3000FF3324DB11F004FD4419EFF311881023A7
:10DB400083F31288BFF36F8F0F4F104BB8681860C4
:10DB5000FFF762FDB8682A460D493346183000F0D9
:10DB6000EFFABA684046537B43F004035373FFF760
:10DB7000F7FC11F0E5FC201A20EAE070D4E76FF022
:10DB80000104241AD9E700BFB8A80024E8A800249B
:10DB9000D3F0070838B50446EFF31185102383F35B
:10DBA0001288BFF36F8F437B5B070FD5183011F0DE
:10DBB0008AFC637B204623F004036373FFF7EAFCCF
:10DBC00029460548BDE83840FFF78CBE85F311882B
:10DBD000BFF36F8F38BD00BFDA950124014B986801
:10DBE000704700BFB8A800242DE9F8430446077B1E
:10DBF000EFF31185102383F31288BFF36F8F437BFC
:10DC0000190705D585F31188BFF36F8FBDE8F88339
:10DC1000D90943F0080260D14273A36813B12046CA
:10DC200011F0E8F904F1180004F1580811F04BFC68
:10DC3000A66DB04511D04FF0000976B1304611F015
:10DC4000D9F906F1180011F03EFC3046C6F8B09044
:10DC5000FFF7A0FCA66DB045EFD1DFF8CC80D8F877
:10DC600008309C4241D1EFF30589B9F1000918BF92
:10DC70004FF00109D8F81C60294A964200D00EB92D
:10DC8000D8F80C60B34202D0304600F043F9204689
:10DC9000C8F81860DBF74AFA204600F093F9B9F1AA
:10DCA000000F02D01F48FFF74BFCD8F808309C4209
:10DCB00031D1EFF3058373BB227BD20718D42846FA
:10DCC000FFF74EFCFB07A1D5002383F31188BFF3B8
:10DCD0006F8F0423184602DF98E703F07F0343F0B9
:10DCE0000803437311F07EF997E74FF00009C1E78D
:10DCF00085F31188BFF36F8F83F31188BFF36F8FA4
:10DD00000423184602DFEFF31180102383F31288F7
:10DD1000BFF36F8FD4E785F31188BFF36F8FD1E71F
:10DD2000D4A8002460540024B8A80024F8B5014603
:10DD300015461C46EFF31186102383F31288BFF3B8
:10DD40006F8F437B1B0720D454EA020323D0154F67
:10DD5000B868884222D000F158038A689A421DD0E0
:10DD6000583111F051F9B4F1FF3F08BFB5F1FF3F51
:10DD700006D0B8682A4623460B49183000F0E0F96F
:10DD80003046BDE8F840FFF7EBBB002086F3118872
:10DD9000BFF36F8FF8BD6FF00F00F7E76FF02C0047
:10DDA000F4E700BFB8A80024D3F00708D3B5DDE935
:10DDB0000667089CCDE90067FFF718FD1CB1034B0F
:10DDC0009B681B69236002B0D0BD00BFB8A80024C7
:10DDD0002DE9F04D8CB000240546164604A80F46E8
:10DDE0000B94CDE90912DDE9142311F0AFFBDDE955
:10DDF00004ABEFF31183102282F31288BFF36F8F0D
:10DE0000089395F82C308DF81F409A0749D405F1F6
:10DE100004082A8A2B899B1A6A699BB29A4205D107
:10DE200005F1240011F01EFA8DF81F000B994046F1
:10DE3000721A394402F018FE0B9BC418B4420B94BA
:10DE40000CD134469DF81F3073B3089905F11800C2
:10DE5000FFF748FD20460CB0BDE8F08D95F82C305A
:10DE6000DB0704D4002C08BF6FF01F04EAE7114B56
:10DE700009AA294605F11C009B681A610DF11F03D0
:10DE800008AA0293CDE900AB11F0B3F904460028CB
:10DE9000BFD010F10B0FD5D10B9B002B18BF1C4628
:10DEA000D0E76FF08B04CDE7089B83F31188BFF3B5
:10DEB0006F8FCFE7B8A80024044B0122C01A044B8F
:10DEC000C0105843034B1A54704700BF58550024E4
:10DED000ABAAAAAADB950124C3897F2B12D80A4BCF
:10DEE0001B6863B1094B90F90E201B689A4209DB4D
:10DEF000437BDB0606D1064BC31A18BF012303F090
:10DF0000010070470023FAE7F0A80024ECA80024E1
:10DF1000585100240E4B70B51E7C05460D4C06EB87
:10DF2000460304EBC304204611F0CDFA0A4B00224D
:10DF300028469A55FFF7D0FF48B1084B20460849BC
:10DF40001A68013ABDE87040D31700F0F9B870BD07
:10DF5000B8A8002458550024DB950124F0A800241B
:10DF6000B9DE060838B5EFF31185102383F3128864
:10DF7000BFF36F8F104B114A9C681068A04206D106
:10DF8000FFF7C8FF85F31188BFF36F8F38BD0021FD
:10DF90001B7C11600A4AD35C002BF3D02046FFF7AC
:10DFA0009BFF0028EED0637BDB0602D12046FFF703
:10DFB0005DFB2046E4E700BFB8A80024E8A80024E1
:10DFC000DB950124EFF31181102383F31288BFF353
:10DFD0006F8F0A4A536A834207D15B6F536281F3A2
:10DFE0001188BFF36F8F70471346002BF7D05A6F1D
:10DFF0008242F9D1426F5A67F1E700BFB8A8002406
:10E00000F8B505460E46EFF31187102383F3128807
:10E01000BFF36F8F064B5C6A24B987F31188BFF397
:10E020006F8FF8BD20463146A847646FF4E700BF04
:10E03000B8A80024F8B506460F46EFF31183102266
:10E0400082F31288BFF36F8F0B4915464C6A24B9CF
:10E0500083F31188BFF36F8FF8BD83F31188BFF38B
:10E060006F8F39462046B047EFF3118385F312884E
:10E07000BFF36F8F646FEAE7B8A800240748084A27
:10E080000849121A08B510F067FB0748074A084903
:10E09000121ABDE8084010F05FBB00BF000000246A
:10E0A000F41A002460C608080000002400000024C0
:10E0B00060C60808024B1868984208BF00207047E5
:10E0C00020150024034B1B680BB9EEF7ABBF0020F3
:10E0D000704700BFF4A8002430B570B10B4B5B68EB
:10E0E00098420AD0036843B1D3E90421D0E904453A
:10E0F000121941EB0501C3E90421D0E90032136094
:10E100005A600023C0E9003330BD00BF2015002451
:10E1100070B50A490246FFF7CDFF034600204D685F
:10E12000014603B970BDD3E90446001941EB06016D
:10E130009342F7D09D42F5D01B68F2E720150024EA
:10E14000B3F1FF3F08BFB2F1FF3FF8B504461D46EB
:10E1500017465AD08160EFF31186102383F312889B
:10E16000BFF36F8F013275F1FF3316DBFFF7AAFFA4
:10E170007B1C45F100051B1845EBE070284FC4E9F6
:10E180000430FFF797FF84467868BCF1000F18D180
:10E19000C4E9007004607C6027E022496FF001034D
:10E1A000D1E900209B1A4FF0FF3262EB0000DB1B2D
:10E1B00060EB0500012B70F10002BCBF01230020C1
:10E1C000DCE7DCE90425D4E90431934271EB050E68
:10E1D0001CDAD21ADCF8043065EB0105CCE9042521
:10E1E000C4E900C31C60CCF80440FFF763FF84421D
:10E1F00007D10D4B1C6824B911F04CF92146EEF7FC
:10E2000093FE86F31188BFF36F8FF8BD9B1A61EB05
:10E2100005018445C4E90431BAD0DCF800C0B4E794
:10E220002015002470550024F4A800242DE9F0479F
:10E23000EFF31185102383F31288BFF36F8F254FFF
:10E240004FF00008244E4FF000093860FFF732FF0E
:10E250003B68D6E9001E4FEAE37C50B1D0E90442A6
:10E26000A3427CEB020A19DAE41A62EB0C02C0E961
:10E2700004425B184FF000044EEB0C023C60C6E910
:10E28000003211F007F92146EEF74EFE85F31188B2
:10E29000BFF36F8FBDE8F047FFF764BE61184EEB28
:10E2A000E473C0E90489C6E90013FFF715FF85F39D
:10E2B0001188BFF36F8F83689847EFF311851023A0
:10E2C00083F31288BFF36F8F3B681B1B3B60FFF724
:10E2D000F1FEBDE7F4A800247055002410B5EFF35B
:10E2E0001184102383F31288BFF36F8FFFF7EAFEC8
:10E2F000054A0346D2E90001181841EBE37184F3A3
:10E300001188BFF36F8F10BD70550024F8B5044617
:10E31000EFF31187102383F31288BFF36F8F026826
:10E3200022B187F31188BFF36F8FF8BDD0E90A36A9
:10E33000581C46F10001022871F1000127D3012B7E
:10E3400076F10001BCBF012316465D1E46F1FF3683
:10E3500011F0FAF8013041F10001401946EB0101DA
:10E36000012871F100013ADB11F0EEF801306FF095
:10E37000010241F10001401946EB0103121A4FF06E
:10E38000FF3161EB030318492046FFF7D9FE236BE9
:10E3900001332363236A6BB187F31188BFF36F8F57
:10E3A000236A20469847EFF31187102383F31288DE
:10E3B000BFF36F8F54F8185FA542B2D0002DB0D0D4
:10E3C000284610F058FE0023C5F8B03087F31188B6
:10E3D000BFF36F8F2846BDE8F84010F03DBE6FF0E8
:10E3E00001024FF0FF33CEE70DE306082DE9F041BF
:10E3F00005461C4690461F46EFF31186102383F313
:10E400001288BFF36F8FB4F1FF3F08BFB2F1FF3F37
:10E4100005D186F31188BFF36F8FBDE8F081531CDF
:10E4200074F1FF3309DB012A74F10003BCBF012240
:10E43000002412F1FF3844F1FF37284611F043F869
:10E4400006492846DDE90623C5E90A23002342469A
:10E450002B633B46FFF774FEDBE700BF0DE30608C6
:10E4600037B50446EFF31181102585F31288BFF309
:10E470006F8F006B98B923688BB14FF0FF334FF06B
:10E48000FF320B48CDE9002304F11802FFF7AEF983
:10E49000EFF3118185F31288BFF36F8F206B002398
:10E4A000236381F31188BFF36F8F03B030BD00BFCA
:10E4B000DC9501241423F0B503FB01000024144E65
:10E4C000102701B9F0BD10F8073CA0F1140C40F87A
:10E4D0000C4C03F03F03102B0CD826FA03F3DB0798
:10E4E00008D550F8143C2BB150F8105C2B605D60DF
:10E4F00040E9054482F31188BFF36F8FEFF3118277
:10E5000087F31288BFF36F8F01396046D9E700BFE8
:10E51000160101002DE9F74F1D46274B1646804690
:10E520009F68012387F8603087F8613052EA05035D
:10E5300007F160020CBF0123002311F0AEF8814601
:10E54000EFF3118B4FF0100A8AF31288BFF36F8F2D
:10E5500097F860404CB901465A464046FFF7AAFF7B
:10E560008BF31188BFF36F8F0BE0002387F86030C7
:10E5700056EA050309D18BF31188BFF36F8F6FF053
:10E580000A04204603B0BDE8F08F0C4A59460C48F7
:10E59000CDE90065FFF72AF90446EFF311858AF308
:10E5A0001288BFF36F8F2A4649464046FFF782FF25
:10E5B00085F31188D6E700BFB8A8002428150024E9
:10E5C000DD95012438B50346EFF31185102282F35F
:10E5D0001288BFF36F8FC1600121816000688342A0
:10E5E00006D185F31188BFF36F8F0024204638BD14
:10E5F000D0E9003213605A600023C0E9003311F003
:10E60000CEF8294604460248FFF76CF9EEE700BF52
:10E61000DD9501240A460146014811F03EB900BFCC
:10E62000E4160024014BC0F8A4307047E41600241F
:10E6300038B504460D4610F0A6FC28B9064B9B6879
:10E64000D3F8A4300BB938BD044B2A4621461846EE
:10E65000BDE8384011F021B9B8A80024E416002420
:10E6600070B511F07DFC094C094A23580949051978
:10E670005A436E6801FB0622A3FB0131013342EBD2
:10E68000010223506A6022F0004070BD08000000C3
:10E690002DF451582D7F954C00B5014611F060FCCA
:10E6A000034BC2181950002353605DF804FB00BFF0
:10E6B0000800000008B5054B044613B10021AFF374
:10E6C000008001F049FB2046DBF724F80000000041
:10E6D000F8B54E4A4E4D0C460023D0E90001D2F762
:10E6E00017FD002ABCBF02F5A83202F5C0724FF434
:10E6F000616100F52F20B2FBF1F301FB13224FF013
:10E700003C01ACBF00F66C2000F66B20A360B2FBAE
:10E71000F1F301FB132263602260C31C072293FB09
:10E72000F2F2C2EBC2029B1A52D50733A361A0F5E5
:10E730000E33A3F52C7393FBF5F5364B03FB050065
:10E7400048F6AC61B0FBF1F1014440F2B457B0FBC4
:10E75000F7F3C91A304BB0FBF3F3C91A48F69463C8
:10E76000B1FBF3F3034440F26D16B1FBF6F2B1FBDB
:10E77000F7F15B1A06FB1233992103EB8300023099
:10E780005E1CB0FBF1F7794302314FF0050CB1FB91
:10E79000FCF1761A40F2F95188428CBF6FF0090102
:10E7A00002214FF4C870394400FB0525012998BFA8
:10E7B0000135B3F5997F11D3A3F59973E361A5F200
:10E7C0006C750023C4E90415E66023622046F8BD99
:10E7D0000028A361ABDB90FBF5F5AEE7970710D1FE
:10E7E0004FF0640C92FBFCF70CFB17275FB992FB10
:10E7F000F0F700FB1722B2FA82F252093B331344BE
:10E80000DCE70022FAE70122F8E700BF80510100AF
:10E81000B13A02004FC5FDFFB03A02000FB407B590
:10E82000064B04AA186852F8041B019200F0FAF98A
:10E8300003B05DF804EB04B0704700BF742E080805
:10E84000014B196811F078BB742E0808F8B50E4B0F
:10E850001D68AB789B07064612D56F6816F8014B0A
:10E8600029462CB90A20B847002805DB204609E0D4
:10E870002046B8470028F1DAAB7843F00403AB70C8
:10E880004FF0FF30F8BD00BF742E08080CB430B54F
:10E8900089B005460C461C22002101A811F048F859
:10E8A00002238DF806300E4B0293059523462CB1BA
:10E8B000B4F1004F28BF4FF00043013B1D440DAAA7
:10E8C0000C99069501A8009200F0ACF914B1059BD3
:10E8D00000221A7009B0BDE8304002B0704700BF96
:10E8E00029FF07080EB470B589B00DAD04461C228F
:10E8F000002101A855F8046B11F01AF802238DF8D5
:10E9000006300B4B029304F10043013B2A4631468B
:10E9100001A806930594009500F084F90028A4BF8F
:10E920000023235409B0BDE8704003B0704700BF16
:10E9300029FF0708242A2DE9F041044601D8012ABD
:10E940004CD111F00DFB354B16221A5001B10C6061
:10E9500000273846BDE8F08135462E4616F8010BF3
:10E960002028F9D0A0F10907042F0346F4D92B2859
:10E9700036D02D2837D14FF0010C6B78AE1C302BE0
:10E9800038D1307840F0200078282FD132F01000B4
:10E990002CD173783446102202360CF10040013835
:10E9A0000027B0FBF2FE02FB1E08392B82BF03F1E9
:10E9B000FF3343F02003263B303B9A421ED9774574
:10E9C00002DC03D1984501D24CF0020C354607FB1E
:10E9D000023715F8013B34462E46E6E70546BCE70C
:10E9E0004FF0000CC9E74FF0000CC8E7002A08BF41
:10E9F0000822D2E7002A08BF0A22CEE701B10C6044
:10EA00001CF0010F18BF7F421CF0020FA1D0074677
:10EA100011F0A6FA014B22221A509AE714000000C6
:10EA2000242AF0B5044601D8012A40D111F098FA01
:10EA30002D4B16221A5001B10C600020F0BD2F465C
:10EA40003D4615F8010B2028F9D0A0F10906042E47
:10EA50000346F4D92B282CD02D282CD101267B78E5
:10EA6000BD1C302B2DD1287840F02000782824D1EF
:10EA700032F0100021D16B782C4610220235002094
:10EA8000392B82BF03F1FF3343F02003263B303B99
:10EA90009A421AD9A0FB02040CB9C01801D346F05F
:10EAA00002062F462C4617F8013B3D46E8E707468D
:10EAB000C6E70026D3E70026D3E7002A08BF0822CE
:10EAC000DDE7002A08BF0A22D9E701B10C60F2078E
:10EAD00048BF4042B307B1D511F042FA024B22229F
:10EAE0001A504FF0FF30A9E7140000002DE9F04163
:10EAF00001260746B24201DCBDE8F0813B461F46D5
:10EB000013F8014B002CF7D0252CF8D11C78252CBC
:10EB100007F10207F2D00023DFF804819C461D466E
:10EB20001F2D18D8A4F1200EBEF1100F09D9A4F1A1
:10EB3000300EBEF1090F1ED80A2404FB03E3202582
:10EB400004E028FA0EFE1EF0010F06D017F8014B64
:10EB5000002CE5D128E07F2D1CD8A4F1300EBEF1A9
:10EB6000090FE9D9242C10D1BCF1000F46D0B342D3
:10EB700046D00023EAE724F0040EBEF12A0FF8D0B5
:10EB80006C2C09D145F08005E0E724F0040EBEF1BD
:10EB90002A0FEED06C2C22D06C2C1BD8682C23D0E2
:10EBA0006A2C28D04C2C26D0BCF1000FA4D0B44540
:10EBB000A0D144F02007A7F1650CBCF1020F0B684F
:10EBC00001D9612F1ED1073323F0070308330B60EF
:10EBD00001368EE7742CB9D07A2CB7D0E4E72C0636
:10EBE00048BF45F40075CDE7EC0548BF45F4007516
:10EBF00045F48075AAE745F42075A7E79C46B8E779
:10EC00006324D6E7692C02D007D8632C03D02F06E3
:10EC100001D5AC05D7D40433D9E7732CF6E700BF90
:10EC2000892801002DE9F04F93B043680193837860
:10EC300080469807CDE9061217D50B920B460025A2
:10EC40001F78A7B1252F16D001330593019B4146AC
:10EC500038469847002805F1010580F2358498F878
:10EC6000023043F0040388F802304FF0FF352846A5
:10EC700013B0BDE8F08F5F789A1C252F0592E5D080
:10EC800000242646A246A346BBF11F0F32D8A7F1A7
:10EC90002003102B0AD8DFE803F02409092A090908
:10ECA000091B09090922092709091900A7F13003DD
:10ECB000092B2DD92A2F39D154B90B9B1BF0400FAA
:10ECC00053F8042B0B9329D0164601E04BF0010BAF
:10ECD000059B13F8017B0593002FD5D15BE04BF02A
:10ECE000020B4BF0040BF3E74BF0080BF0E74BF093
:10ECF000100BEDE7BBF17F0F3FD8A7F13003092BD5
:10ED0000D8D81BF0400F03D00A2202FB0636DFE7FB
:10ED10000A2202FB0A3A4BF0200BD9E7B2F1000AB3
:10ED2000F9DACAF1000A4BF0280BD1E72E2F05D1F2
:10ED30001BF0400F9BD14BF0400BC9E7242F1CD197
:10ED4000002C00F04181079B0B931BF0400F0AD170
:10ED5000524606980BA9FFF7C9FE0B9B1A1DD3F864
:10ED600000A00B92B4E7324606980BA9FFF7BEFE4F
:10ED70000B9B1A1D1E680B92AAE76C2F00F01181E5
:10ED800000F20881682F00F014816A2F00F01981C9
:10ED90004C2F00F0168134B1079B06980B93224646
:10EDA0000BA9FFF7A3FE002E47F02009B8BF2BF0F8
:10EDB000400BA9F16503BCBF1FFA8BFB0026022B99
:10EDC00040F20781B9F1610F40F06482FF4307F020
:10EDD000200304930B9B073323F007031BF0400F22
:10EDE00003F1080208BF4FF0FF3693ED000B0B92C2
:10EDF0003146049A0CA811F000F80130C3B2B342B6
:10EE00004BF4C054029301DB029B5E1E01230C9F56
:10EE10000393A3464FF0700907F10903122B0DD994
:10EE200007F16303C62B40F20D8107F2E73340F28E
:10EE3000CE72934294BF0323042303939DF834209E
:10EE400002F00C0312F0010240F017811BF0020FD8
:10EE500040F010811BF0040400F0F680002B40F01D
:10EE60000F8120231BF4405F1FD1029A4832002EED
:10EE70006A4408BF0126133A029921B112F8011D14
:10EE8000302900F034811BF0100F029A18BF32466F
:10EE9000391DC0F23181B74280F22E81BA424BF463
:10EEA000005B40F32B817E1C961B1BF400520892E2
:10EEB00000F0268127EAE774013403B10134002E03
:10EEC00000F02681721C1444A245CCBFAAEB0404B6
:10EED00000241BF0090F04D12C44A54240F01D81F1
:10EEE000002443B118464146019B9847002805F18C
:10EEF0000105FFF6B4AE1BF4006F13D0019B414631
:10EF0000302098470028FFF6AAAE049BC3F1780092
:10EF10004146019B00F0F8009847002805F10205E2
:10EF2000FFF69DAE1BF0080F05D12C44AC4240F01B
:10EF3000008125460024089B002B00F01A8127EA57
:10EF4000E77AA7EB0A077642029BBB4284BF0CAB71
:10EF5000FB180AF1FF3A88BF5879019B98BF30200F
:10EF6000564505F10109414600F3ED809847002818
:10EF700007F10107FFF673AEBAF1FF3F08D1019B1D
:10EF800041462E2098470028FFF669AE05F1020998
:10EF90004D46D9E7742F3FF49BAE7A2F3FF498AEDD
:10EFA000F9E61BF0800F18BF4BF4007B4BF0800B91
:10EFB0008EE61BF4807F18BF4BF4007B4BF4807B04
:10EFC00086E64BF4207B83E62646B3465446B2469B
:10EFD0007EE6FF4307F0200304930B9B073323F0E7
:10EFE00007031BF0400F03F1080208BF0626B9F122
:10EFF000650F93ED000B0B9211D1711C0022C9B269
:10F000004BF4805B1346112928BF11210CA800F096
:10F01000FBFAC3B2029302230C9F0393FCE6B9F1FF
:10F02000660F05D14BF4005B334601221121EAE75C
:10F03000F1B201294FF0000238BF012113464FF011
:10F040006509E0E70223F8E6002B3FF40BAFBAF1C5
:10F05000030F3BDC9DF83430A54E13F0080FA54B91
:10F0600008BF1E463746B94617F8010BB0BBAE1BAA
:10F07000B1447BE033BB2B23F4E62BBB2D23F1E61D
:10F080002022BAF1040F13DD1BF0080FAAF10404CB
:10F090000FD12C44019B0292414620209847002822
:10F0A00005F10105FFF6DBADA542029AF2D19AB156
:10F0B0000024019B414610469847002805F10105B0
:10F0C000C8DACCE52B22DCE72D22DAE71BF0080FAB
:10F0D000AAF10304BED1DCE71446BBE7049BC01AC7
:10F0E0004146019BC0B298470028BCDAB7E50299B7
:10F0F0000139C9B20291BFE6561ED6E60026D4E613
:10F100001BF4006F039A0CBF032405241444D4E6B7
:10F110001BF0100F18BF0134D6E609934146019B3E
:10F12000202098470028099B05F10105BFF6D5AEC0
:10F1300095E5019B414630209847002805F10105DF
:10F14000BFF6F4AE8BE598470028FFF688AD1BF0BC
:10F15000100F0BD0BAF1FF3F08D105F1020941466B
:10F160002E20019B98470028FFF679AD4D464C4470
:10F1700032E29DF83500019B414698470028FFF692
:10F180006EAD002E69DD019B41462E209847002878
:10F19000FFF665AD4FF0010A029B9A45BBBF0CAB71
:10F1A000534430205879019B414698470028D34664
:10F1B000FFF655AD0AF1010A5645EDDA02355D4418
:10F1C000049BA9EB03004146019BC0B2984700286D
:10F1D000FFF645AD002FB4BF2D202B20019B4146EB
:10F1E000B8BF7F4298470028FFF639AD039B042B38
:10F1F00041D14FF47A79B7FBF9F606F13000019B63
:10F200004146C0B29847002805F10305FFF627AD37
:10F2100009FB16774FF06409B7FBF9F606F13000E9
:10F22000019B4146C0B29847002805F10105FFF651
:10F2300016AD09FB16774FF00A09B7FBF9F606F190
:10F240003000019B4146C0B29847002805F10105F6
:10F25000FFF605AD09FB167715E01BF0100F01D185
:10F260000135ADE7019B41462E209847002805F166
:10F270000205A5DAF3E4039B032B05F10205C9D0CF
:10F28000039B012BD7D107F1300005F1010941465D
:10F29000C0B266E7A7F16303122B00F2FE80DFE83D
:10F2A00013F013005600FC00FC00FC00FC005600AC
:10F2B000FC00FC00FC00FC00FC001601F700FC0058
:10F2C000FC002B00FC00B8000B9B1A1D1B680B9266
:10F2D0008DF8303001240CAF1BF0080F2DD03E19F3
:10F2E000B946B1452BD1EF1BB944AAEB04043DE765
:10F2F00053C60808C95508080B9B1A1D0B921F68B6
:10F30000AB4B002F08BF1F461BF0400F14BF314608
:10F310004FF0FF31384610F0E8FB0446DCE7019B74
:10F320004146202098470028FFF699AC013EB442A0
:10F33000F5D35544AD1BB246D1E75646F7E719F869
:10F34000010B019B414698470028CADA87E41BF06D
:10F35000800F0B9B35D01BF4007F2DD0073323F09B
:10F360000703D3E9000103F108020B922BF0100907
:10F3700000291FFA89F936DA404261EB410149F46C
:10F3800080690DF1300B0A235A4610F0E6FB19F0A4
:10F39000400FA0EB0B0B65D029F001025E4592B245
:10F3A00040F3B280002F00F0A98019F0100334461A
:10F3B000914626D002345CE01A1D18680B92C117E2
:10F3C000D4E71A1D1BF4807F19680B9201D10846FF
:10F3D000F5E71BF4007F15BF48B208B241F3C01136
:10F3E00041F3C031C2E750EA0103CAD11BF0400F1C
:10F3F000C7D0002EC5D12BF0110B1FFA8BF9344664
:10F40000B34640F2064319EA03031CBF013400234C
:10F410002FE02BF0100B1FFA8BFB0A231BF080044C
:10F420000B9A57D01BF400711DBF073222F0070260
:10F4300002F10801101D19BF0B91D2E900010B90D8
:10F44000106850EA010252D12BF016091BF0400F50
:10F450001FFA89F94FD0002E4DD12BF0170B1FFA50
:10F460008BF9B34619F0100352D0002F4ED10BF197
:10F47000010419F0080F5ED119F0010F06D0A24562
:10F480006EDDAAEB040404EB0B06544622464DE065
:10F490004BF0100B10237827C0E7B9F1780F04D197
:10F4A000C7F1780343F01003B8E7019B41462520DC
:10F4B00098470028FFF6D3AB019B41463846984752
:10F4C0000028FFF6CCAB0235059BFFF7B9BB08233C
:10F4D0000027A3E7111D0B911BF480711068B0D0B9
:10F4E0001BF400711ABFC0B2214680B2A9E72BF00D
:10F4F000060B1FFA8BF90DF1300B45E729F01109C6
:10F500001FFA89F934467CE79146ABE75C4651E740
:10F510005C4676E7CDE902234146019B20209847CF
:10F520000028FFF69CAB029A039B01329245F1DC66
:10F530002C1BA5181446F3B1019B41463020984777
:10F540000028FFF68CAB6FB90135A9462E44A6EB17
:10F5500009035B4521DC5D460CAE5DBBD944C4E6C6
:10F560005E4693E7023541463846019B984700289E
:10F57000EBDAFFF774BB40F2064319EA030FE4D05D
:10F5800019F0020F14BF2B20202019F4806F05F111
:10F590000105414618BF2D20E7E7019B4146302079
:10F5A0009847002809F10109D1DAFFF758BB00BFDD
:10F5B00057C60808013D019B705D414698470028E9
:10F5C000CBDAFFF74CBB019B41462020984700282F
:10F5D00005F10105FFF643AB631B002BF3DC73E77A
:10F5E0001FB502AB0093074A4FF0CC3310F0CBFBB2
:10F5F000DDE90201C00840EA4170C90805B05DF8C4
:10F6000004FB00BFCDCCCCCC2DE9F04F55EC104B1A
:10F610009DB0CDE90C322A460B91C5F31303290D99
:10F62000D20FC5F30A5507908DED050A0A9275B9F8
:10F6300022461A431BD1302343710A9B056043F0D5
:10F6400002030371012738461DB0BDE8F08F40F278
:10F65000FF7295424DD1059A13430A9B079A14BF36
:10F6600043F0080343F0040313710027EBE7059A06
:10F67000B24D02F001020992059A4FEA830848EA66
:10F680009278970001229A461646C5F1000B58461B
:10F69000089200F017FAB5F1FF3FACBF8146A0F128
:10F6A0000109ABEB090B09EB05035846069300F083
:10F6B0001DFA18A9A0F17D05584600F037FA14ABE1
:10F6C000089A0193A9EB050512AB029200930598E5
:10F6D0002B4618AA514610F099FAB9F1010F0446C9
:10F6E0000D4600F2D880099B002B40F0CB8001270B
:10F6F0006FE0059A02F001020992059A43F4801A1C
:10F700004FEA8A081343A5F2354548EA92784FEA52
:10F7100082074BD140F2FE7319420CBF012600262E
:10F72000002D3246B1DB284600F0C6F90346032D12
:10F73000C8BF013B1846069300F0D8F9069B7C3001
:10F740005D1B054418A9184600F064FA14AB019338
:10F7500012AB0093059802962B4618AA514610F05A
:10F7600055FA069B152B04460D4600F2888016AB11
:10F77000734A009338464FF0CC33414610F003FBF8
:10F78000169B179A9B0843EA827303EB8303BB42E1
:10F79000DDE9129A0CD13846414600F0AFF9069BDC
:10F7A00083428CBF00270127002612E00126B7E71D
:10F7B000099B002B53D1013F48F1FF31B81B61F188
:10F7C000000100F09BF9069B099F83428CBF002635
:10F7D00001260D9B002B40F09380DDF82CB04FF0FC
:10F7E0000008CDF82080CDF814804FF00A0ADDE93A
:10F7F0001201FFF7F5FE149B1093CDE90E01184698
:10F800001599FFF7EDFE0E9B0F9A119198420B464A
:10F810009341814680F08E8020462946FFF7E0FE26
:10F82000109A0AFB09F3934214BF002606F0010662
:10F830000E9B12930F9BCDE91339119B1593089BD7
:10F84000B8F1000F14BF002707F0010701330AFBCE
:10F8500010485FFA88F8089304460D46C7E7B81CBD
:10F8600048F1000100F04AF9069B83428CBF00205A
:10F870000120B9EB00006AF10002CDE91202002775
:10F880003E46A6E7129B139A013B42F1FF32CDE9B7
:10F890001232012788E7B9F13E0FF0D84FF0FF335D
:10F8A000A9F1200003FA09F203FA00F0C9F12001DE
:10F8B00023FA01F102430A4303FA09F327EA030793
:10F8C00028EA020857EA08070CBF012700276BE760
:10F8D00000FB02FCA1FB0012013362448C4275EB79
:10F8E000020CF5D2069A13440C9A1344D20F934299
:10F8F000B8BF13460B9A9A42A8BF1A4693466EE7C2
:10F900000A21002201230846E8E70AFB03F0A2FBD4
:10F910000A2301310344944275EB0300F5D25945A3
:10F9200010DDBBF1000F02D154EA05030AD0012318
:10F93000059371E70A2200230121ECE7CCFBFFFFCE
:10F94000CDCCCCCC7EB34FF00A0A149B15990F9303
:10F950001846FFF745FE0F9B0E910AFB00F29A42F4
:10F96000814620D1DDE91201FFF73AFE10900F9198
:10F9700020462946FFF734FE0F9B109A1292CDE9DC
:10F9800013390E9B1593089BB8F1000F14BF002785
:10F9900007F0010701330AFB10485FFA88F8089363
:10F9A00004460D46D1E7069B089A13449946002F5A
:10F9B0005AD0B8F1050F57D114F001034AD1059A76
:10F9C00032B9DDE914239D4208BF94425FD0059B04
:10F9D00018194FF00A0445F10001002201262546BE
:10F9E000A04271EB020755D2F3B1B3451CDA0D9B6F
:10F9F00073B10C9A06EB09031A441346012A0B9AB9
:10FA0000B8BF01239A42A8BF1A46964293460BDD1F
:10FA100005304FF00A024FF0000341F10001D1F729
:10FA2000C7FB09F10109013E5E45A8BF5E4637B23A
:10FA30000FFA89F9079B09FA86F607F10508013ED6
:10FA400098444FF00009B9452BDB079B0A9A1E60CA
:10FA50001A71F8E5059B2BB9DDE914239D4208BF17
:10FA6000944209D00123B3E7059B53B9DDE9142380
:10FA70009D4208BF944204D1099B002BF2D1002E75
:10FA8000F0D0B8F1040F94BF00230123A0E74FF09A
:10FA90000408F1E705FB02F7A4FB054201363A44EE
:10FAA0009EE70A220023D1F783FB303208F8012DAC
:10FAB00009F10109C7E700BF014B5843800C7047AB
:10FAC00041340100014B5843000D7047FB2E0B00E1
:10FAD000014B5843C00C70474F931200024B5843E0
:10FAE000C00C0130704700BF4F931200024B5843C7
:10FAF000C00C0130704700BF4F9312000A4A70B526
:10FB000003464FF0CC3600204FF0333506FB03F4AC
:10FB100002FB0144A3FB023121449D4275EB010429
:10FB200001D30130F2E770BDCDCCCCCC2DE9F04F44
:10FB30001A23354EB0FBF3FA03FB1A0389B00446CF
:10FB40000D4606EB0A1653B9D6E90023C1E9002396
:10FB5000D6E90201C5E9020109B0BDE8F08F2B4AE0
:10FB600002EBC303D3E9008904AB0093D6E9022377
:10FB70004046494610F007F906AB0093D6E900234A
:10FB800083460F464046494610F0FDF8DDE906621F
:10FB900016EB0B0652EB07084FF0000328BF0123BA
:10FBA000814633B1049B059A013342F10002CDE94D
:10FBB000043220460391FFF799FF07461A2000FB05
:10FBC0000AF0FFF793FF3F1A324643460399009726
:10FBD000484610F0F3F84FEA141C0D4A640004F094
:10FBE0001E0352F82C40DC4004F00304241841F1B9
:10FBF0000001C5E90041DDE9042300973046414694
:10FC000010F0DCF8A6E700BF082608083825080829
:10FC1000D04B08082DE9F04F1A27DFF8ECA000F1CF
:10FC20001905B5FBF7F56F433A1A4FEA051B89B082
:10FC300004460E460AEB05150AD1D5E90023C1E9B1
:10FC40000023D5E90201C6E9020109B0BDE8F08F41
:10FC50002B4B03EBC203D3E9008904AB0093D5E936
:10FC600002234046494610F08EF85AF80B206B6884
:10FC7000013ACDE9020106A963F100030091404673
:10FC8000494610F080F8DDE906528A4602996D185F
:10FC9000039952EB01084FF0000328BF012381466E
:10FCA00033B1049B059A013342F10002CDE90432DD
:10FCB0003846FFF71BFF07462046FFF717FF3F1A9E
:10FCC0002A46434600974846514610F077F84FEAD7
:10FCD000141C0C4A640004F01E0352F82C40DC4053
:10FCE00004F003040134241841F10001C6E9004185
:10FCF000DDE9042300972846414610F05FF8A2E7AB
:10FD000038250808244C0808D826080851EC100BA0
:10FD10000B4631F0004107D190B10D4A1A40002A3C
:10FD200014BF042003207047094A13420AD0094B2C
:10FD3000994209D9914209D1B0FA80F0400970473F
:10FD4000022070470320704704207047002070474E
:10FD50000000F07FFFFFEF7F38B5074D074C641BB5
:10FD6000A41024B9064B0BB1AFF3008038BD013CA1
:10FD700055F824309847F4E7000000000000000028
:10FD800000000000704708B50020D3F77FF900207D
:10FD900008BD0A4601460020D3F73CBA30B51344EB
:10FDA000044608469A4200D130BD12F8011B0825CE
:10FDB000484000F00101400811B184EA000188B216
:10FDC000013DF6D1EEE7FEE7836800EBC101B3F534
:10FDD000004F2CBF51F8220031F81200704700EBA1
:10FDE000C1018068B0F5004F2CBF41F8223021F8E6
:10FDF00012307047012208B5FFF7E6FFD04008BD7A
:10FE0000836800EBC101B3F5004F08D34B681AB10A
:10FE100043F001034B60704723F00103FAE74B887E
:10FE20001AB143F001034B80704723F00103FAE756
:10FE300053000122FFF7D3BF8368B3F5004F34BFEF
:10FE400004230823C91A081AC0087047B0F5004FE8
:10FE500001F1010034BF042308230833A0EBD300D1
:10FE6000B0FA80F0C0F11F0070472DE9F0410E4656
:10FE7000174603220446FFF7A7FF8642054607F10F
:10FE800004080AD10122E368BA4023EA0203E360CE
:10FE9000002344F82830BDE8F08131460222204694
:10FEA000FFF792FF06462B4601460322204644F800
:10FEB0002850FFF794FF3346294620460222BDE82A
:10FEC000F041FFF78CBF70B586680D460446FFF71A
:10FED00091FFB6F5004F014601D3012809D0304605
:10FEE000FFF7B4FF294602462046BDE87040FFF701
:10FEF000BCBF70BD2DE9F04705468068FFF7A6FF3F
:10FF0000884605EB800A0646DAF81090B9F1000F32
:10FF10001BD00327DAF8104028462146FFF76AFF76
:10FF2000404507D3324621462846FFF79EFF20462C
:10FF3000BDE8F087032221462846FFF745FF013F31
:10FF4000CAF8100001D08145E4D101364FF0FF34EA
:10FF5000EB68B4401C40EAD094FAA4F2B2FA82F200
:10FF6000131D55F82340DEE72DE9F04114460E46F7
:10FF70000546FFF73FFF371BA4EB06083146074451
:10FF800042462846FFF754FF3A4621462846FFF7E7
:10FF90004FFF4346002221462846FFF720FF214617
:10FFA0002846FFF727FF3B46211800222846BDE8D8
:10FFB000F041FFF714BF2DE9F041164604460F4605
:10FFC000FFF718FF054631462046FFF713FF0544AB
:10FFD000394620462A46FFF72BFF31462046FFF7D9
:10FFE00009FF2B46311800222046BDE8F041FFF7FB
:10FFF000F6BE2DE9F04186680D460446FFF7FAFE8D
:020000040807EB
:10000000B6F5004F014601D3012832D03046FFF744
:100010001DFF04EB80010E6996B90122E36882405E
:10002000204613430222E3602B460D612946FFF769
:10003000D6FE032229462046BDE8F041FFF7CFBE99
:10004000022231462046FFF7BFFE294603460746F7
:100050002046FFF7C4FE0322334629462046FFF719
:10006000BEFE39462B462046FFF7B9FE0222314636
:10007000E1E7BDE8F081F8B50C460546FFF7BAFEAA
:100080000122261828463146FFF79EFEC3070CD4EE
:1000900031462846FFF717FF21462846FFF7AAFEFC
:1000A000214622182846FFF786FF002221462846CF
:1000B000FFF78AFE271A012228463946FFF784FEF9
:1000C00010EA020613D139462846FFF7FCFE214606
:1000D00032462846FFF778FE2246211A2846FFF7C7
:1000E0006AFF214632462846FFF76EFE241A214653
:1000F0002846BDE8F840FFF77CBF38B571B1056808
:1001000000222846FFF798FE044601462846FFF7DE
:1001100077FE2146BDE83840FFF7ADBF38BD70B56A
:10012000066809B9002070BDB368B3EBD10FF9D9E7
:10013000B3F5004F01F10704304634BF0423082310
:100140001C44E4082146FFF7D5FE05460028E9D007
:1001500001463046FFF74EFEA04209D92C442946FD
:1001600030462246FFF700FF21463046FFF741FFA9
:10017000304601222946FFF743FEB368B3F5004F2E
:1001800034BF0423082303EBC5031844CBE72DE950
:10019000F8430668144601F1FF390F46B268B2F51C
:1001A000004F34BF0423082319EA01090BD0494248
:1001B00039404F468B42894628BF0B4654B900252B
:1001C0002846BDE8F8839942F8D82146BDE8F843AF
:1001D000FFF7A5BFB2EBD40FF1D9E11DB2F5004F87
:1001E0003046394434BF04220822C91A1144C908D0
:1001F000FFF780FE80460028E1D0B36809EBC00518
:100200003046B3F5004F34BF042308231D447B1E42
:1002100035441D44B5FBF7F57D43A5EB09052C449A
:100220002946FFF709FE804504F10704074624F03C
:100230000704A4EB06044FEAE40408D20246414650
:100240003046FFF791FE41463046FFF7D2FE394671
:100250003046FFF7CFFD3844844208D23946304655
:100260002246FFF781FE21463046FFF7C2FE0122FB
:1002700039463046FFF7C4FDA2E72DE9F74F914616
:10028000984605680F46009031B94246494603B08A
:10029000BDE8F04FFFF77BBFB8F1000F06D1FFF7C5
:1002A0002CFF0024204603B0BDE8F08FAC68B4EB0F
:1002B000D80FF6D92846FFF7BFFD01460646284667
:1002C000FFF798FDB4F5004F08F10704834634BFEB
:1002D0000421082101EBC6020C442A44BB1A1C4429
:1002E0000193E408B9F1000F03D009F1FF3217427E
:1002F00043D15C450ED00FD23444314628462246C5
:10030000FFF732FE314601222846FFF779FD2146EC
:10031000FFF7B1FE3C46C5E706EB0B0A0122284673
:100320005146FFF751FDC30727D451462846FFF732
:1003300061FD5844A04220D351462846A4EB0B0847
:10034000FFF7C1FD51462846FFF754FD404509D946
:100350003444514628462246FFF706FE21462846E9
:10036000FFF747FE524631462846FFF724FE01229A
:1003700031462846FFF744FDCCE7424649460098FF
:10038000FFF705FF044600288BD031462846FFF7CB
:1003900031FDAB68019A3946B3F5004FC2EBC0029C
:1003A000204634BF04230823D21A424528BF4246C0
:1003B0000FF096FA39460098FFF79FFE72E7B2F504
:1003C000802F2CBF08230423D21A2DE9F0418C186A
:1003D000CD1D002625F0070524F00704641B0560E9
:1003E000EE60E40821462046AC60FFF72FFD421D79
:1003F000013031464FEA820205F1100002F1070791
:10040000A2F11002B8BF3246FF080FF091FA314650
:100410003A462846FFF70CFDA4EB07083346324660
:1004200031462846FFF7DBFC284631460122FFF71C
:10043000E7FC42463946FFF7FBFC3B46324639466D
:100440002846FFF7CCFC21462846FFF7F1FC43463F
:10045000324621462846FFF7C2FC214628460122A3
:10046000FFF7CEFC3946BDE8F041FFF7C2BD0023DF
:10047000C0E900317047F0B504680346002600EB80
:10048000C400013403F1080781601C60C2601A4691
:10049000B44219D8F0BD57F831000068844584BFD4
:1004A0000D46844601318C42F5D8691C03EBC50525
:1004B000013603EBC101D2E902EC03C9083282E83C
:1004C0000300C5E902ECE3E74FF0FF3C3146654627
:1004D000E9E710B44468A4465DF8044B604702465F
:1004E000002330B552F8084BA34202D100EBC30001
:1004F00030BD52F833502D688D42F7D80133F3E701
:1005000008B5FFF7ECFF20B10068BDE80840FFF731
:10051000F4BD08BD2DE9F04706460D46174698463E
:100520002BB398F800404FF0000A93F80190A40014
:10053000DB7804EB430498F802301C444444CA4579
:1005400009D308F10803D8F8042039463046AC46F0
:10055000BDE8F047604714F8013B0AF1010A204664
:1005600048F82340D0F74EFE01300444E7E76FF02F
:100570001500BDE8F08770B50025024628461446F0
:1005800014F8013B0BB9184609E098B18D4207D128
:10059000702B04D0A3F140023A2A0BD8002070BD82
:1005A000A3F140063A2E05D853780135941C002B50
:1005B000E9D00020252B224608BF80F00100DEE7AD
:1005C0000020704700F0C5BA0FB407B504A951F870
:1005D000040B019100F0BDFA03B05DF804EB04B028
:1005E0007047002070470CB4034607B504AA0846BC
:1005F000DB6852F8041B0192984703B05DF804EBE6
:1006000002B0704700207047FCF77CBAFCF7F2BAE2
:10061000D3F796BA002383F31188BFF36F8F0423B7
:10062000184602DF70470FB407B504A951F8040B50
:100630000191FFF7C7FF03B05DF804EB04B070470A
:1006400038B50D462022002104460FF071F9EB6801
:100650000022E361AB68A3612B6823626B68A2622E
:1006600063622A6923B1591E194208BF42F0010290
:100670002261012204F12C000021BDE838400EF077
:100680002FBBA0F13003DBB2092B02D800200B7086
:100690007047A0F16103052B02D85738C3B2F5E7C4
:1006A000A0F14103052B01D83738F7E76FF01500AB
:1006B0007047F7B5054601F001004F0800EB510601
:1006C0009E4203D90026304603B0F0BD58B10DF16B
:1006D00007012878FFF7D5FF0028F3DB9DF80730E6
:1006E000013502F8013B01351744BA42EBD00DF158
:1006F000070115F8010CFFF7C4FF0028E2DB9DF8A5
:1007000007402401E4B2147015F8020BFFF7B9FF9B
:100710000028D7DB9DF807301C4402F8014BE4E7C2
:10072000013A01F01F030A44836030B54C090121EE
:10073000550902F01F0201FA03F30460C26001FAD6
:1007400002F25B42AC4202F1FF314560036142EAD2
:10075000010208BF1340426108BF036130BDF0B51C
:1007600087B004461D460C9810B96846FFF7D8FFBD
:1007700001684768A368B942066953F8212008D187
:1007800025B1324343F8212007B0F0BD22EA06022A
:10079000F8E7B5B1324343F821204168A2684569C2
:1007A00052F821302B4342F821304FF0FF310368DB
:1007B000013342689A42E7D9A26842F82310013314
:1007C000F7E722EA060243F82120A2684168466959
:1007D00052F8213023EA060342F821300268013240
:1007E00043689342D0D9A36843F82250F7E7F8B59D
:1007F00006461C46DDE90605FFF792FFB66802696A
:10080000D0E9001399420BD156F8213004B9DB43EB
:1008100032EA030023D022EA030215BB0020F8BD10
:1008200056F8217004B9FF4332EA070C02D022EADD
:100830000702F2E756F8237004B9FF43426932EA2F
:10084000070009D022EA07021946E6E756F82120F8
:1008500004B1D243002AE0D101318B42F6D8012005
:10086000DDE792FAA2F3002AB3FA83F308BF4FF050
:10087000FF3303EB41132B60D0E72DE9F04F054622
:100880008BB00E469046EFF31189102383F3128844
:10089000BFF36F8F002A3FD000293DD00168B142DD
:1008A0003AD34068002290424FEA42140DD0AB6820
:1008B00053F822305F1C01D10132F4E72BB1DB4346
:1008C00093FAA3F3B3FA83F31C44A1EB060A0DF1E8
:1008D0000C0B04AF544502D96FF01B0012E000234B
:1008E000324621462846CDE9007BFFF780FF80B1E4
:1008F00028460123324621460097FFF730FF0020AB
:10090000C8F8004089F31188BFF36F8F0BB0BDE8C2
:10091000F08F039C0134DDE76FF01500F2E74B1E0A
:100920002DE9F043134489B080460D461646EFF397
:100930001189102282F31288BFF36F8FF9B1026818
:100940008A421CD3B2421AD99A4218D9002402AF63
:100950000A460123314601940097FFF748FF88B10A
:10096000404623462A4631460097FFF7F8FE2046C8
:1009700089F31188BFF36F8F09B0BDE8F0836FF082
:100980001500F5E76FF00D00F2E770B506460C882C
:100990008888241A3069A4B285B2844224BF641BBB
:1009A000A4B22D1BA8B2984228BF1846336823442E
:1009B00013600B8803440B8070BD70B483898588F5
:1009C0000669ED1AADB2731B934270BC28BF134683
:1009D0000A46011DFFF7D9BF70B40E460146C5880F
:1009E00031F80A3FEC1AA3B2934228BF13463246AD
:1009F00070BCFFF7CABF4B8810B50C88E41AA4B2CC
:100A000094420ED31A448B8892B24A800A80D21A3A
:100A1000006992B2824201D2002010BD03448B8053
:100A2000FAE76FF01500F8E72DE9F34106460F46A7
:100A300015464FF000082A4601A93046FFF7BDFFD2
:100A4000044640B1024639460198A0440EF048FFE2
:100A50002D1B2744EFD14246311D3046FFF7CBFF17
:100A6000404602B0BDE8F0812DE9F34107460E464D
:100A700015464FF000082A4601A93846FFF7ACFF9B
:100A8000044648B12EB102463046264401990EF084
:100A900027FF2D1BA044EED1424607F10A0138463C
:100AA000FFF7A9FF404602B0BDE8F0812DE9F34110
:100AB00006460F4615464FF000082A4601A9304663
:100AC000FFF78AFF044640B1024601993846A04428
:100AD0000EF006FF2D1B2744EFD1002206F10A017C
:100AE0003046FFF788FF404602B0BDE8F08170470E
:100AF00008B50EF029FD0A220023D0F759FB08BDE6
:100B000082B00A210190019820EAE07080FB010187
:100B100002B00EF013BB0020704708B50EF014FDB4
:100B20000A220023D0F744FB08BD0346BFF35B8FC6
:100B300053E8000F421C43E800210029F8D1BFF31D
:100B40005B8F7047002108B50846D3F73BFA0020B9
:100B500008BD1FB50023CDE902011A461946184603
:100B6000CDE90033D3F726FC05B05DF804FB7047F0
:100B700000207047002070470020704718B140687F
:100B80000079D3F77BBB4FF0FF30FAE702460B4604
:100B900009200021D3F772BB38B5436804460D46DF
:100BA0001146DA71D3F7C8FB636801221D606368E0
:100BB0005A71BDE83840FFF7DABF436810B55B797A
:100BC000044613B10021D3F7B7FB636800225A71C2
:100BD00010BD70B5D2E901360C4615469B1B8B4201
:100BE0000AD313680A46014698190EF079FEAB68DD
:100BF00020462344AB6070BD6FF01B00FBE770B56F
:100C00000E4615461946044618B9BDE87040D3F79C
:100C10009FBA33B1C2F34A231030120D18440EF0BC
:100C20005FFE2046C4E90056BDE87040D3F7A8BA7D
:100C30002DE9F3415F1C06460C4615464FEA87082E
:100C400008F1170020F007008008FFF793FF00234A
:100C50008DF80470ADF805308DF8073068B1019A51
:100C60000346A8F1040143F8102F2A46294452F8FC
:100C7000045B8A4243F8045FF9D1A20100233146A4
:100C800002F4E07242EA482222F07F4222F470022B
:100C900022F03F0202B0BDE8F041FFF7B0BF7FB5E0
:100CA0000BAB0222059303930A9B02930023184681
:100CB000CDE90033D3F77EFB07B05DF804FB07B541
:100CC0000123019201AAFFF7B3FF03B05DF804FB13
:100CD00007B5CDE9002302236A46FFF7A9FF03B059
:100CE0005DF804FB1FB5CDE90123069B01AA039320
:100CF0000323FFF79DFF05B05DF804FBF8B506463A
:100D00000D4614461F4604B9F8BD214628463A460A
:100D1000B047241A0544F6E707B5D1E900328DF84B
:100D20000700012152680DF107009847002003B029
:100D30005DF804FB0A2838B504460D4602D10D20A3
:100D4000FFF7EAFF29462046FFF7E6FF002038BDFF
:100D50002DE9F043054687B008460E8891F80090CB
:100D60000C46D1F808801746D3F7F4FB011EC6F3F2
:100D70008216C9F3C2091FDB4846D3F737FA034688
:100D80002146608851F8102BC0F30B100196C2F376
:100D90004A22002A01EB02044FF0000208BF0021A2
:100DA0000092CDE90407CDE9021428464146D3F765
:100DB000FDFB07B0BDE8F0830023E1E7002930B474
:100DC000044618460BDB0844A568A84207D8E0682B
:100DD0006468214484682468A44630BC60476FF08E
:100DE000150030BC704710F0700F09D100F07F0380
:100DF00010F0800F4FF0010018BF1033984070477B
:100E0000002070472DE9F84306460F469046994664
:100E100004254B46424639463046E6F7CBF810F1FA
:100E20000B0F044603D1FCF731FE013DF1D1204602
:100E3000BDE8F8830020D4F743B9006838B150F812
:100E4000043C04385B688B4201D04068F6E7704789
:100E5000006848B150F8043C04385B685B689B78D4
:100E60008B4201D04068F4E7704730B5006888B124
:100E700050F8043C04385B681A6A1D7F0023043A6A
:100E8000DCB2A54201D84068F1E7013312F83340E3
:100E90008C42F5D130BD08B5D4F7E8FA28B14068E6
:100EA00010F1100F14BF0020012008BD4B1C8170F1
:100EB0008176DBB200F8061C80F82530C3767047D7
:100EC00050E90231D0F8640218470369002283F820
:100ED00052207047036993F8520050B193F85000C4
:100EE00038B1D3F858229388918910695B1A9BB264
:100EF000C01A70470369002283F8532070470369C2
:100F000093F8510008B193F85300704708B50246B2
:100F1000FFF7F5FF30B91046FFF7DCFF003818BFC8
:100F2000012008BD0120FCE70369C3E900127047F6
:100F30000229036908D004290BD001290ED1D3F866
:100F40005C3200201360704793F86332C3F34003B0
:100F5000F7E793F8633203F00103F2E76FF08500DF
:100F60007047CB7902690BB1012B03D1002082F8C5
:100F7000693270476FF08500704710B50369D3F888
:100F80005C220A6093F860226AB1012A0CBF022237
:100F900003224A7193F86122501E032805D8DFE826
:100FA00000F0050505050122F3E700220A7193F818
:100FB0006222062A0BD0072A0BD0052A0CBF00227A
:100FC00003228A71002093F86932CB7110BD01228F
:100FD000F7E70222F5E7402908B503693FD013D8A7
:100FE000102932D006D801291ED0082920D06FF050
:100FF000120008BD2029FAD193F8641201F0FB0118
:1010000052B341F0040127E0B1F5807F30D0B1F553
:10101000007F36D08029EAD193F8641201F0EF0105
:10102000D2B141F0100117E0C3F85C220020E0E7E4
:1010300093F8641201F0FE010AB141F0010183F856
:1010400064120121D4F794FCF0E793F8641201F0E4
:10105000FD010AB141F0020183F86412F2E793F84E
:10106000641201F0F701002AF6D041F00801F3E71D
:1010700093F8641201F0DF01002AEDD041F0200165
:10108000EAE793F8641201F0BF01002AE4D041F0CE
:101090004001E1E770B504690546D4F85402FFF752
:1010A000E3FC94F868320646BBB1D4F85422938826
:1010B000918912695B1A9BB2D31AB3F5007F0CD3E6
:1010C00094F8663233B16B68224600211B6A187BA4
:1010D000D4F7E6FC002384F86832304670BD012264
:1010E00008B5FFF7D7FF013818BF4FF0FF3008BD34
:1010F0000269D2F8581288898B8809691B1A012065
:101100009BB2994204BF002382F85030D2F8543287
:10111000D9885B89994204BF002382F85130704717
:10112000012008B5D2F73EFE002008B5D2F73AFEFE
:101130000B68834204BF01230B71704710B58EB05A
:10114000044601206946D8F761FD05A96846FDF708
:10115000BFFA204605A9D4F7B5FF00200EB010BD98
:1011600003785B075FBF03684288C3F34A2303EB3E
:1011700012105DBF173020F0070080080020704774
:101180008368DB6903B11847704783681B6A03B142
:101190001847704708B54368197311B11868FFF70D
:1011A000F4FF002008BD10B540681C462430FFF74E
:1011B0005BFC2060002010BD07B583681B6D1BB968
:1011C000012003B05DF804FB01AA0421984710F147
:1011D000580FF5D08630F3D00198003818BF0120A1
:1011E000EFE72DE9F04145681E460C4617462B7B7C
:1011F00093B101EB0208444507D137600120D5E9DE
:10120000013198470020BDE8F081286814F8011BDF
:1012100083685B689847EEE705F11000FFF704FC70
:1012200005F1B80301213060BFF35B8F53E8002F55
:1012300043E800100028F9D1BFF35B8F002AE1D109
:101240002868FFF79DFFDDE710B5406850F8804B38
:101250000EF0CDF92046FFF798FFA368DB6A0BB1CB
:1012600020469847002010BD38B50446456B2868D5
:10127000FFF7A2FF38B120460EF0B9F92868BDE8A3
:101280003840FFF77DBF38BD8268002382F85630B2
:101290008268A2F852308268A2F850307047034644
:1012A00010B5BFF35B8F53E8000F40EA010243E83B
:1012B0000024002CF7D1BFF35B8F10BD034610B59F
:1012C000BFF35B8F53E8000F00EA010243E80024FC
:1012D000002CF7D1BFF35B8F10BDFBF713BC0EB42E
:1012E00003B503AA52F8041B0192D6F721FA02B003
:1012F0005DF804EB03B0704708B510B1CFF782FF7B
:1013000080B208BD37B50023054684680093D6F740
:1013100053FCAB6804F58354B3F850301C341BB154
:10132000962000210DF00AFF01AA694620460EF022
:10133000AFFA03B030BD8B6828B903F583501C3079
:101340000021FDF73FB903F585500C30F8E700F5B3
:101350008350183019B14FF40061FFF7A0BF6FF44C
:101360000061FFF7ABBF00F58350183011B10421C5
:10137000FFF795BF6FF00401FFF7A0BF00F58350A2
:1013800008B5143029B10121FFF789FF00F00100F1
:1013900008BD6FF00101FFF791FFF7E7FBF72ABCEB
:1013A00041F27C0373B503EB0113856804461646CE
:1013B0001D4401AA694628460EF06AFA009B23B133
:1013C00028460EF062FA2046B04702B070BD806831
:1013D000416400F5845000211C30FDF7F3B870B56E
:1013E000836804461A7D012A2DD103F58052916F3E
:1013F000490407D5526F520704D40146DA6CC0691C
:1014000000F0BFFDA06841F20C164FF4FA72002301
:101410003044FFF762FF054618B16FF00F0528460C
:1014200070BD08212046D6F775FA6069D5F7C2FA73
:101430002046D5F781FC204600F001FDA06830442D
:10144000FFF7ACFFEBE76FF08505E8E7F8B504467A
:1014500080681F460D46037D1646022B08D000F516
:1014600083504FF480511830BDE8F840FFF717BFA4
:1014700000F588504FF4FA7200230C30FFF72DFF6F
:1014800060BBA26802F58053996F090507D4926C7E
:101490002AB95B6F980602D5204600F0CCFB3B468C
:1014A00032462946204600F027FCA26802F5805308
:1014B000996F090507D4926C2AB95B6F9B0602D518
:1014C0002046D6F779FB606900F097F8A06800F530
:1014D0008850BDE8F8400C30FFF760BFF8BD0CB491
:1014E00007B504AB53F8042B0193FFF7AFFF03B02C
:1014F0005DF804EB02B070470EB403B503AB0821EE
:1015000053F8042B0193FFF7A1FF02B05DF804EB41
:1015100003B070470EB403B503AB032153F8042B9B
:101520000193FFF793FF02B05DF804EB03B070473F
:101530000EB403B503AB012153F8042B0193FFF75D
:1015400085FF02B05DF804EB03B070472DE9F04170
:1015500005460F46E9B1084641F20C18FFF7CCFEEC
:101560000646A8684FF4FA7200234044FFF7B5FE20
:10157000044620B16FF00F042046BDE8F081731CD3
:10158000A868142B00D83EB900F588500C30FFF73E
:1015900005FF6FF01504EFE73946CFF72BFEAB6878
:1015A00083F83C60A8684044FFF7F8FEE4E738B5EC
:1015B000044641F20C1580684FF4FA720023284467
:1015C000FFF78BFE40B92046D5F7B6F9A06828444E
:1015D000BDE83840FFF7E2BE38BD28B1836803F5A7
:1015E0008053D3F8240170476FF01500704783686B
:1015F000996409B9FFF748BE704710B502690446FF
:10160000836812680168C0689847236900221A60DD
:1016100010BD38B5CB6805460C461B7C022B04D1A7
:101620000A2802D10D20FFF7F4FF236922681B6806
:10163000D554226913680133136023691A686368FB
:101640009A4202D12046FFF7D8FF002038BD08B5E6
:1016500010B1CFF7D7FD80B208BD10B5047B438928
:1016600022442144B2FBF3F003FB1022B1FBF3F060
:1016700003FB1010101A10BD10B5047B43892144E0
:101680001019B1FBF3F1B0FBF3F0401A10BD30B507
:10169000057B438929442A44B1FBF3F403FB14116D
:1016A0000134013184800180B2FBF3F103FB11228C
:1016B0004C1C0132C480428030BD2DE9F74F00261A
:1016C0000746884614469946B24606602378002BA2
:1016D00000F0BF80202B3AD0093B042B37D93B6860
:1016E0005A1C3A6048F823403B684B4500F0B180F3
:1016F00000262278002AE9D0A6B9164623461C46C1
:10170000272E04D05C2E25D0222E40F09680204635
:10171000FFF79DFF611C024620460EF0EFF822788D
:10172000002AD3D0B242A34604F1010420D1584686
:10173000FFF78DFF2146024658460EF0DFF89BF872
:1017400000605C46002ED9D1C0E70026BEE704F851
:1017500001ABBBE7651C2046FFF779FF024629462F
:1017600020460EF0CBF866782C46002EC8D1ADE7A7
:101770005C2A9BF80120D3D1B242104608D15846CA
:10178000FFF765FF2146024658460EF0B7F8B0E76E
:10179000302A25D1022300251BF80300A0F13001D7
:1017A000C9B2072919D8ED000133EDB2052B45EA7E
:1017B0000105F1D1591E5846019359440091FFF794
:1017C00046FF019B0099023BC21A58460EF096F85C
:1017D0009BF801208BF80050A2E7DBB2022BE9D185
:1017E000782825D1022100251BF80130A3F1300013
:1017F000C0B2092808D82D01EDB20543022901D055
:101800000423D7E70321EFE7A3F16100052805D8FA
:101810002D01573BEDB21D43EDB2EFE7A3F14100BF
:10182000052803D82D01373BEDB2F4E7022902D198
:101830000BF1010474E70323BCE7202E85D0093E99
:10184000042E82D96678631C002E7FF458AF1C46A4
:101850003CE7304603B0BDE8F08FF8B50E461146C0
:10186000074615460EF063F90446E0B12846FFF737
:10187000EEFEA742054607D214F8013C202B02BF1A
:10188000013504F1FF34ADB22046FFF7E0FE3388A6
:10189000421C61195B1B2046521B338092B2BDE88B
:1018A000F8400EF02BB8F8BD2DE9F0410F4686B098
:1018B0001646044678B1034601AC00F110051868DD
:1018C000083353F8041C2246AB4203C21446F6D137
:1018D000186801AC10604FF00008414632462046BF
:1018E00008F10108D5F738FF054628B129683846C0
:1018F000CFF776FC0028F0D1284606B0BDE8F0818D
:101900002DE9F047DDF820801C460F4600231646DF
:101910009DF82490236023680546BB421BD256F8ED
:10192000230000F055FD2368824618B10133284694
:101930002360F0E7424656F823102846FFF7B4FF2D
:1019400048B123685A1C2260B9F1000FE3D08045EA
:10195000E1D1554623602846BDE8F087F8B5074633
:10196000FFF775FE054630BBF8BD54B18AB22C1B9B
:1019700001303944AA1AA5B20024384401320DF0CE
:10198000BDFF334698B26A1E9042EDDA3A5C5E1CA7
:10199000202A02D0093A042AF3D8B1B28BB29D4270
:1019A000EFD97B5C202B02D0093B042BDDD801341E
:1019B0000131A4B2F2E700231C46E3E7F8B58468DE
:1019C000064694F856302BB9B368B3F85020A3F804
:1019D0005220F8BD04F15600B4F85030C21812F885
:1019E000012C202A1BD0093A042A18D90022C254FB
:1019F00013461D460133425D9BB24119202AF8D09F
:101A0000093A042AF5D9002DDED0B4F850707A1CBA
:101A10007F1B521B0DF072FFA4F85070D4E7013BFE
:101A20009BB2A4F85030002BD6D184F85630CBE7C7
:101A30000EB403B503AA52F8041B0192D5F778FE41
:101A400002B05DF804EB03B0704710B50446CFF761
:101A5000D9FBB4F8503013FA80F038B1638FB0FB83
:101A6000F3F203FB1200B0FA80F0400910BD38B564
:101A7000846804F5805320465D6FCFF7C3FBB4F84C
:101A8000523080B2C5F3400505FB0300638FB0FB05
:101A9000F3F203FB1200B0FA80F0400938BD10B534
:101AA0000446FFF7E4FF18B9A068FFF7CEFF20B1A6
:101AB0006069BDE81040D5F7BFBE10BDF8B58468B9
:101AC0000546B4F8502004F13000B4F85210FFF786
:101AD000DEFDA868A78EE68EFFF7B7FF10B1686934
:101AE000D5F7AAFEB74207D1218E2846638EC91AC0
:101AF000BDE8F840D5F7BCBEE18E2846A38EC91AD2
:101B0000D5F7A0FEF0E7F8B5044680680D46B0F8BA
:101B100052103030028C0D44FFF7B9FDA068ADB211
:101B2000B0F8521030302A46FFF7A6FD0746A068ED
:101B30002A46B0F852103030FFF78FFD0646794242
:101B40002046D5F77FFE31462046D5F791FEA368A3
:101B5000A3F85250F8BD2DE9F0410C1E064636DAC6
:101B600064424FF0FF3524B2A4B2AFB216E0B368BE
:101B70000022B3F852C003F1560EB3F8508061460C
:101B800081B96B1C02D0B8F1000F0FD1013CA1EB61
:101B90000C013046A4B209B2FFF7B5FF002CE6D124
:101BA000BDE8F081884501D1012DEFD01EF801304C
:101BB00023F020004138192807D9303B092B04D9DC
:101BC000002AE3D1394489B2DAE70122FAE7012594
:101BD000CAE78368B3F85210494209B2FFF793BFCE
:101BE0008368B3F85010B3F85230C91A09B2FFF73E
:101BF0008ABF8368B3F852301BB14FF0FF31FFF753
:101C000082BF70478368B3F85220B3F850309A42CD
:101C100002D20121FFF777BF70478268B2F85210F5
:101C2000A2F850108368B3F852201344002283F8BE
:101C30005620D5F7F3BD10B504468068B0F85020A3
:101C40003030418CFFF723FDA3682046198EC1F187
:101C50000101D5F70DFEA3682046998E0139D5F70D
:101C6000F1FD2046BDE81040D5F7D8BD2DE9F04183
:101C7000054686B00F4614460026ACB906B0BDE84E
:101C8000F08141F2AC08012101A843440DF0CAFDE6
:101C90004FF0FF324FF0FF33012101A8FCF73AFC6F
:101CA000A86840440DF0F1FD68682246B919036840
:101CB000D3F80C806B46C047009A1644A41A002A39
:101CC000DBD1AB68197D0329EED00229D9D903F500
:101CD00080539A6F9207FCD57833BFF35B8F53E83C
:101CE000001F21F0020143E80012002AF7D1BFF3E0
:101CF0005B8FD9E7FFF7BABFF7B51E468368154675
:101D0000044603F58052526FD20613D593F83E2055
:101D10008A420FD0DB8FADF80430D5F7FBFD324699
:101D200029466069D5F704FD01A92046D5F714FEC0
:101D300003B0F0BD32462946606903B0BDE8F0400B
:101D4000D5F7F6BC0CB407B504AB53F8042B0193DC
:101D5000FFF7D2FF03B05DF804EB02B070472DE946
:101D6000F0418768054688461446B7F85060B318B6
:101D7000B3F5006F27DAB7F85230F61A5633B6B219
:101D80001F443246394638190DF0B8FD2246414607
:101D900038460DF0A5FDAA68B2F850302344A2F8E9
:101DA0005030AB68B3F850201344002283F856201B
:101DB000AB6803F58051496F890706D4B3F8522008
:101DC0001444A3F85240BDE8F08131462846BDE8EE
:101DD000F041D5F747BEFFF7C2BF38B5054680686A
:101DE000B0F85220B0F85040A41AA4B29CB15632B8
:101DF00010442246411C0DF081FDAA68611E284650
:101E0000B2F8503089B2013BA2F850300122BDE84F
:101E10003840D5F727BE38BD10B583680446B3F8FF
:101E200050205AB1B3F8523043B14FF0FF31FFF7B1
:101E30006AFE2046BDE81040FFF7CFBF10BD70B569
:101E4000002392B005464FF47A74019368684022EB
:101E500002A903681E6901ABB047019B13B108B921
:101E6000013CF3D112B070BD70472DE9F843044630
:101E70008846914603F18E070DF085F8054618B3A4
:101E8000EFF31185102383F31288BFF36F8FA368DC
:101E900003F580539B6F1A0521D53A4649464046C3
:101EA000FEF756FFA36803F580539B6F1B0502D412
:101EB0002046D5F781FE0DF066F8A0B185F31188B4
:101EC000BFF36F8FBDE8F883A66806F588500C3025
:101ED0004FF0FF324FF0FF33FAF714FED7E72046FA
:101EE000FFF7A9FED9E7A06800F588500C30BDE8DF
:101EF000F843FAF77FBE2DE9F04143680D461C68B0
:101F0000A368E26903F5805357685E6F9368C6F370
:101F100000161B79012B06D0032B01D0BDE8F08100
:101F20002046FFF788FE33462A4639462046BDE85C
:101F3000F041FFF79ABF43681B68D3E90632BFF34D
:101F40005B8F53E800CF8C4443E800C00028F8D1F1
:101F5000BFF35B8F9368BFF35B8F53E8000F0844B8
:101F600043E80002002AF8D1BFF35B8F70471346A5
:101F70000A4610B50C4601461846FFF7BBFE204640
:101F800010BDF8B58B6804460D46174603F583531C
:101F9000BFF35B8F183353E8001F41F4005143E84F
:101FA0000012002AF7D1BFF35B8F68680121036834
:101FB0009B689847064680B9D4E90410FEF740FBB9
:101FC0003A4629462068FEF7E7FD636801225B6810
:101FD0005D60A3681E60A3681A71F8BD10B5044661
:101FE0000068FEF7EAFD0222A3681A7110BD0EB464
:101FF00003B503AA52F8041B0192D5F799FB02B06E
:102000005DF804EB03B070472DE9F84305469046B0
:102010000E46002967D00024335D202B23D0093BD6
:10202000042B20D9304606EB0409CFF7EBF8AB6858
:1020300080B2598F001BA1EB0803984215D948467E
:10204000002710F8012B202A06D0A2F1090CBCF1C0
:10205000040F02D80A2A2DD03B4608EB0702914212
:1020600027D90137EDE70134D6E74B460027B842C0
:1020700014D013F8012B0A2A19D168690134FFF72B
:10208000BCFA49463A462846FFF7F0FD6869D5F79D
:10209000ABFD414628463C44D5F7EAFB6869311957
:1020A000FFF7A5FF6869BDE8F843D5F79DBD013787
:1020B000DDE71F4668693C44FFF79FFA3A46494608
:1020C0002846FFF7D3FD335D202B02D0093B042BBC
:1020D00001D80134F7E76869D5F786FD41462846FF
:1020E000D5F7C6FB9EE7BDE8F883002070478369FB
:1020F0000020186070470EB403B503AA52F8041B01
:102100000192D5F715FB02B05DF804EB03B0704700
:1021100008B50168FFF71AFA002008BD8368BFF30D
:102120005B8F03F58353143353E8001F21F0200124
:1021300043E80012002AF7D10020BFF35B8F7047FD
:102140008368BFF35B8F03F58353143353E8001F99
:1021500041F0080143E80012002AF7D10020BFF344
:102160005B8F70478368BFF35B8F03F58353143332
:1021700053E8001F21F0100143E80012002AF7D1B4
:102180000020BFF35B8F70478368BFF35B8F03F55D
:102190008353143353E8001F21F0080143E8001271
:1021A000002AF7D10020BFF35B8F70478368BFF32D
:1021B0005B8F03F58353143353E8001F21F00201B2
:1021C00043E80012002AF7D10020BFF35B8F70476D
:1021D0008368BFF35B8F03F58353143353E8001F09
:1021E00041F0100143E80012002AF7D10020BFF3AC
:1021F0005B8F70478368BFF35B8F03F583531433A2
:1022000053E8001F41F0200143E80012002AF7D1F3
:102210000020BFF35B8F70478368BFF35B8F03F5CC
:102220008353143353E8001F41F0020143E80012C6
:10223000002AF7D10020BFF35B8F704708B5836891
:10224000D3E900210A60516000211A89C3E9001115
:102250005B8900681A440C32FEF706FC012008BDB9
:102260000023C3607047F8B51F460346164653F86F
:10227000044F9C4202D100203880F8BDC568B1B936
:10228000002DF8D0AC4202D10023C360F3E76C68A4
:10229000C460002CEFD0228904F10C0130460DF00F
:1022A0001FFB2389002201203B80F254E5E7002D2B
:1022B000EED08368AB42E7D02C68E9E738B5044636
:1022C000051D6368AB4204D02046FFF7B7FF002826
:1022D000F7D138BD2DE9F04F02F10C05036885B048
:1022E0000446C5F100091B691746019109F003096D
:1022F0004D449D4210D80023C3606AB100F1040A26
:102300004668B2450BD05EB13389934208D106F1DD
:102310000C000DF084FB18B905B0BDE8F08F1E4627
:102320004FF0000B23685989DA88914204BFC3E952
:1023300001BBC3F80CB020688389011D8288D21AC2
:10234000036992B29B1A03AAAB4228BF2B46FEF741
:102350001CFB8542804628D920688389011D82881C
:10236000D21A036992B29B1A03AAAB4228BF2B462A
:10237000FEF70BFB854219D173894344A84473814E
:10238000039D3A46019905F10C002F81A5F80A90AA
:102390000DF0A6FA63684246C5E9003A5D60206820
:1023A0006560011DFEF727FBB6E7E9D02068002233
:1023B000011DFEF720FB63689A45B3D02046FFF766
:1023C0003DFFAFE7031DC0E901330023C360704741
:1023D00010B5044628B1CEF715FF002380B298420D
:1023E00001D8002010BDE25C3F2A03D02A2A01D088
:1023F0000133F4E70120F5E710B5044680684FF497
:102400000062002100F656000DF092FAA068B0F8C4
:10241000502000F1560100F656000DF061FAA06858
:1024200000F65600FFF79AFAA46804F65600CEF7B5
:10243000E9FE0130A4F8540010BD10B504468068D0
:10244000B0F8542000F6560156300DF049FAA36852
:10245000B3F85420A3F8502010BD7FB50BAB012278
:10246000059303930A9B029300231846CDE900339A
:10247000D1F7A0FF07B05DF804FB2DE9F0418768B4
:1024800004460D461646FB689847BB682BB132469A
:1024900029462046BDE8F04118476FF05700BDE8D7
:1024A000F0812DE9F74FDDF830B01F4681460E462A
:1024B00043EA0B0314460B4304D56FF0150003B039
:1024C000BDE8F08F0D9B002BF7D00E9B002BF4D0B6
:1024D00011EB0B03F1D41BEB0702EED4A04207D1A2
:1024E000B94201D10020EAE7914201DA9F42E4DBE0
:1024F00048460CF0DAF810B96FF01200DFE720461A
:102500000CF0D3F80028F7D0A3682046DB68984782
:102510000E9BD0F800804345CFD3B3FBF8F508FB02
:1025200015330093002BC8D1DA46009B9B45D9D9BF
:10253000C24508D2A3682046DB68984742464179E5
:102540000D980DF0F5F9C24553460E9A38BF434633
:10255000934228BF1346D9F80820484600991268CC
:102560007118019315460D9AA8470028A7DBA268A9
:1025700020460099536839440D9A1D46019BA8478F
:1025800000289CDBDDE900231A44AAEB030A009231
:10259000CBE77FB50BAB0122059303930A9B029314
:1025A00000231846CDE90033D1F704FF07B05DF8EA
:1025B00004FB01460068D5F713BE7FB50BAB0122C3
:1025C000059303930A9B029300231846CDE9003339
:1025D000D1F7F0FE07B05DF804FB7FB50BAB01222D
:1025E000059303930A9B029300231846CDE9003319
:1025F000D1F7E0FE07B05DF804FB00210120D5F71C
:10260000EFBD6FF08500704761B662B680F3118848
:10261000BFF36F8F704772B6002383F31188BFF347
:102620006F8FBFF34F8F30BF62B6BFF36F8F7047AE
:102630007047202809D9B0F1004F08D80138B0FA06
:1026400080F0C0F11F0040007047082070473E2016
:1026500070477FB50BAB0122059303930A9B02934E
:1026600000231846CDE90033D1F7A4FE07B05DF88A
:1026700004FB08B5D1E904319847002008BD08B52E
:10268000D7F750F8002008BD0B0704D5A0F141038F
:10269000192B98BF203070472DE9F04F85B08A463E
:1026A00015460446029300283ED000293CD0002B5A
:1026B00000F00B810A46A046294618F8010BFFF7E7
:1026C000E3FF0346C0B217783F28064627D013F031
:1026D000C00F0BD1C8B12A2837D029463846FFF79A
:1026E000D3FF864202F101022DD01DE05B2879D094
:1026F0005C28F2D1EB07F0D46078FFF7C5FF10F04B
:10270000FF0618BF04F10208E7E7EC0601D52F2FFA
:1027100002D0381E18BF012005B0BDE8F08F1FB1F0
:102720002F2F03D1A8070DD50120F5E72E2F09D1B2
:10273000690707D55245F7D0AB0703D512F8013C1E
:102740002F2BF1D001324446B5E76078FFF79CFFAC
:10275000C1B22A2918D02E2F09D16F0707D55245AB
:10276000E2D0AE0703D512F8013C2F2BDCD079B9AB
:1027700015F00200D0D0ED0600F1A9802F211046FF
:102780000DF084F90038C5E7294618F8010FDDE798
:102790002F2908D1AC0706D510460DF077F902466F
:1027A0000028D0D1C0E7029B164625F0040A05F0A8
:1027B000020703F1FF39B346294601369BF80000B2
:1027C000FFF762FF10F0FF04AED04B465246594669
:1027D0004046FFF761FF01289ED12F2CEBD1002F3F
:1027E000E9D099E7002F9FD02F2F01D1A8079BD4C4
:1027F0003846FFF749FF63788146212B01D05E2BD5
:102800001DD102340123294614F8010B0193FFF76F
:102810003BFFC6B25D2E15D04FF0000B2F2E48D0D7
:102820005C2E07D1EB0708D4294614F8010BFFF7FB
:102830002BFFC6B2002E3FF477AF234605E0444697
:102840000023E0E723464FF0000B21782D2937D1F4
:10285000294660780393FFF717FF10F0FF00039BF2
:1028600018D05D2816D05C2804F102030CD115F0B5
:10287000010F09D1E31CA0780393FFF705FF10F0C7
:10288000FF003FF451AF039B4E4503DC4845A8BF12
:102890004FF0010B1C46294614F8010BFFF7F4FE1C
:1028A000C6B25D2EBAD1019B5B453FF43DAF611CC2
:1028B00003D15B2F7FF438AF44460132A04642E794
:1028C0004E4508BF4FF0010BE4E7032024E708461C
:1028D00022E74023FFF7E0BED1F734BA0EB403B5C8
:1028E000039911F040021EBF04AB049A0193D7F77D
:1028F000FFF802B05DF804EB03B0704710B5044672
:10290000D7F7E6FF237B6FF34103237310BD00F07D
:1029100072BB00F0DBBAD9F707BFD9F783BED9F78E
:10292000ADBED9F7D7BE13B50024CDE90044D9F721
:1029300089FF02B010BD30B4DDE90245CDE90245A2
:1029400030BCD9F77FBF13B50024CDE90044D9F7D7
:1029500017FF02B010BD30B4DDE90245CDE90245F4
:1029600030BCD9F70DBF10B4019C01945DF8044B45
:10297000DAF74EB8D9F7FABD7047816A8968D7F798
:1029800003BA034618465B68002BFBD170474268C8
:1029900010B52AB10B461C465B68002BFBD1626068
:1029A000416010BD10B5044620B90B7A08460133CA
:1029B0000B7210BD034618465B68002BFBD1FFF776
:1029C000E6FF2046F5E72DE9F04107460D4614469F
:1029D00034B9A0464046BDE8F0819B1A6468F7E729
:1029E000228A9A42F9D9069A4FF00008954228BFE8
:1029F0001546002CEED0002DECD0268A07EB0800FF
:102A0000E168F61A1944AE4228BF2E463246B04459
:102A10000CF066FFAD1B64680023EAE783680B4493
:102A2000036070478388026819448180D01870471A
:102A300030B484880568A3188380281930BC0CF052
:102A40004FBF30B5838802689D1CD4188580080A62
:102A5000D054617030BD82880346521A828000686B
:102A60000844186070478388C2888168D21A036856
:102A70005B1AD01A704703688268C0889B1AC01A14
:102A800080B2704738B5036B0446DB0727D5D1E920
:102A90000032B2F1FF3F08BFB3F1FF3F22D0002167
:102AA000D0E90A505B19424128BF0121E9B9B2F1CE
:102AB000FF3F08BFB3F1FF3F17D0B2F1FF3F08BFA0
:102AC00013F1020FC4E90A3203D104F110000CF033
:102AD000DCFE00212046FBF775FD002038BD6FF0BD
:102AE0000800FBE76FF01500F8E76FF00A00F5E764
:102AF00038B50446006BC50724D5D4E90A2352EA49
:102B0000030522D0800716D501220023C1E9002346
:102B1000D4E90A32013B42F1FF32C4E90A321343DD
:102B200002D120460CF0B1FE002104F11000FBF7A9
:102B300049FD002038BDC1E9002300220023C4E97B
:102B40000A23EEE76FF00800F4E76FF00A00F1E700
:102B50000CB4034607B504AA0846DB6852F8041B08
:102B60000192984703B05DF804EB02B07047002A69
:102B7000ABBF0A234FF0FF3282FB03231346D7F784
:102B80009DBB0023036070471F2804D801220B68F7
:102B9000824013430B6070477FB50BAB05930393E3
:102BA0000A9B029300231846CDE90033D1F702FCBB
:102BB00007B05DF804FB7FB50BAB012205930393CF
:102BC0000A9B029300231846CDE90033D1F7F2FBAC
:102BD00007B05DF804FB08B58430D8F791F810B160
:102BE0008047002008BD6FF00100FBE70121D7F707
:102BF000FDBF0021D7F7FABF70B513461446072270
:102C000005460E46D8F7A4F938B92346314628467A
:102C10000622BDE87040D8F79BB970BD2DE9F041A0
:102C200006460D46174601F11008002458F8043FE7
:102C300033B10134E4B20B2CF8D10020BDE8F081AF
:102C40003B46224629463046D8F782F90028F0DA7A
:102C5000F4E770474368184783681847C36803B1AF
:102C60001847184670477FB50BAA002005920392BB
:102C70000A9A01900292089A00920122D1F79AFBD7
:102C800007B05DF804FB10B5D0F8003203EBC204C6
:102C900013F832300B2B1BBF01EB8301636800205C
:102CA000486918BFC01810BD38B505460C468430B9
:102CB0004968D8F725F810B1A0600120256038BD1B
:102CC0007FB50BAB0122059303930A9B029300236C
:102CD0001846CDE90033D1F76DFB07B05DF804FB72
:102CE0000246002330B5546D8C420AD8D56D254478
:102CF0008D4206D9282202FB0300836D1944081B6C
:102D000030BD013328320B2BEDD16FF00700F7E710
:102D100000F18C02AC3052F8043F3BB1D3F88C1078
:102D2000824201F1FF31C3F88C10F4D1704770B5C5
:102D30001D465368D0F8201104461B0A826801EB37
:102D40000311904730B96368294620461022BDE838
:102D50007040184770BD38B504460846D4F80C32A8
:102D6000D4F804129D18D4F808221944954228BFBB
:102D70001546EA1A0CF0B4FD0020C4F80C5238BD18
:102D8000D0F808328B4294BFC0F80C32C0F80C1255
:102D900000207047D0F80402084470470023012245
:102DA00010B50446D0F8081280F81432C0E9833315
:102DB00000F50370D7F7D6FC10B9012384F804326C
:102DC00010BD10B590F8043214464BB100F50370F5
:102DD000D7F7A4FDA04214BF6FF01500002010BD6E
:102DE0006FF01500F6E790F8043223B1002200F5E9
:102DF0000370D7F7DBBD6FF01500704710B590F882
:102E00000432044633B100F50370D7F761FD0023A7
:102E100084F8043210BDD1E900239A4213BF013374
:102E200088600120002018BF4B60704710B50C4629
:102E3000D9F7D4F823680BB10123237410BDF8B57A
:102E400015460E4649B910F1670F08BF0020D06142
:102E5000101DBDE8F840F9F74FBF138C012B31D896
:102E6000946A442202FB03440BB144F8444C04F13D
:102E70002403B268314618460CF032FD6A8C04F126
:102E80002C01E061E28406F12100B3680A46A361E7
:102E900006F10D0353F8047B834242F8047BF9D119
:102EA0001B7813702162337BA3602B685BB1DB68F6
:102EB0004BB1022B14BF06221122C4E903322B8C22
:102EC00001332B84F8BD01230622F6E72DE9F74FE5
:102ED0001E4607468846022044211546D6F7AAFC1E
:102EE00004463060002866D04FB3B5B3D5E9023A46
:102EF000BAF1020F37D04FF0060B4FF0010A3846F7
:102F00000193CEF77FF904F12403014638461A46AF
:102F1000009301F0FFFC90B1019BB4F824900BB139
:102F200099450CD1B8F1000F20D00A22002140466B
:102F3000FBF700FD4FF6FE73421E9A4217D9336825
:102F40002A4641463846D9F7DFF9044670B330685F
:102F5000D6F762FC0023336029E04FF0060B4FF0F8
:102F6000010A2B46CBE74FF0110BC8E74046B9F1F9
:102F7000010FC4F810B0C4E9029A06D0B9F1020FEB
:102F8000DDD1009BE361182302E0009BE36108238D
:102F9000A36104F12C03A4F824902362002384F895
:102FA0002C302360030243EA2023E38400242046DC
:102FB00003B0BDE8F08F6FF00904F8E70CB40346E6
:102FC00007B504AA0846DB6852F8041B019298472B
:102FD00003B05DF804EB02B07047F9F793BDF9F761
:102FE00009BE07B5002201A9D0F724FE03B05DF8A1
:102FF00004FBD0F7A7BE08B5DEF7CEFBB0FA80F031
:10300000400908BD38B50D460446D9F76DF90146AB
:103010002A4620460CF059FD002038BD0138012811
:103020008CBF002001207047DDF7D4BD002905DAF0
:10303000C36D494243F004034160C365704770B5F6
:103040000446D0F884000D46049E28B14FF0FF32AC
:103050004FF0FF33F9F756FD002E05DAE36D7642A7
:1030600043F004036660E36504F16006E5B93046A9
:103070000BF032FE88B9E36D43F00103E36530469F
:103080000BF0B9FD04F17C00FAF7CCF8D4F8840019
:10309000A8B1BDE87040F9F7ADBD90F8373043F006
:1030A000020380F83730EDE795F83730294630468F
:1030B0006FF3410385F837300BF0D2FDE2E770BDC6
:1030C000F8B5B0F88E60044600F16007C6F341061B
:1030D000002200233846F9F7DDFD054640B93846A1
:1030E0000BF089FD04F17C00BDE8F840FAF79AB8CE
:1030F000032E05D1FFF7E4FF2846DEF74FFFE7E791
:1031000002F0DBFAE4E72DE9F04F154689B081467D
:103110001A460E4621B1DDB92F464FF0FF3B04E0C1
:10312000002DF9D00F46D5F800B002F002034FF0A1
:10313000000809F1600A0193CDF80880BBF1000F87
:1031400008D10FB1C5F800B0029809B0BDE8F08F02
:103150000127E8E750460BF0BBFD04460028F0D0FD
:103160008045EED0B8F1000F08BF804602F007FCA2
:1031700083455A460299034628BF024611440291EC
:10318000ABEB02010491BFB102B3019919B1E1683F
:1031900003912169059131682046CDE9062302F0AB
:1031A00088FB3168069A079B1144019A316082B10D
:1031B000039BE360059B2361002200235046F9F73F
:1031C00069FD014650460BF04BFD15E0019A002ABF
:1031D000F2D19B4510D3002300225046F9F75AFD47
:1031E00090F837309B0742BFD9F85C3043F00103B9
:1031F000C9F85C3002F061FADDF810B09EE7D9F74B
:1032000099BED9F7C3BED9F7F5BED9F719BFD9F71B
:103210007DBFD9F79BBF002307B5CDE90033D9F7B0
:1032200095FF03B05DF804FBDAF714B810B5D0F8D9
:10323000842004460B4692B1026E0AB1002010BDF4
:10324000D0F88410D3E900237C30FAF749F800283D
:10325000F5DBE36D5B07F1D560684042EFE76FF0A7
:103260001500ECE7DAF750B8DAF7F2BA002307B541
:10327000CDE90033DAF7ECFA03B05DF804FBDAF7D6
:1032800013BBDAF747BBDAF7F1BBDAF7D1BCDAF7F1
:1032900003BD08B5D0E9000150EA01030FD0B1F138
:1032A000FF3F08BFB0F1FF3F0BD019B90A23B0FBB5
:1032B000F3F008BD0A220023CDF77AFFF9E70020DA
:1032C000F7E74FF0FF30F4E70CB4034607B504AA64
:1032D0000846DB6852F8041B0192984703B05DF87A
:1032E00004EB02B070470EB403B503AB049A53F875
:1032F000041B0193D9F708FB02B05DF804EB03B09F
:10330000704710B500220C460321FFF7ECFF431C69
:1033100008D000F4804004F0400404430CBF0120B6
:10332000002010BD0020FCE708461146D7F748BC36
:1033300038B5054670300BF018F9044618B905F198
:103340001000F9F73BFD204638BD0068D9F7C0BB37
:103350000068D9F791BB037943F004030371006857
:10336000D9F7B8B90068D9F75DB90068D9F730B9AD
:1033700070B5037905460C465E0708D470300AF034
:1033800068FE20B1E38843F00103E38005E06B7938
:10339000012B09D1E388D80701D4002070BD2B7917
:1033A0005907FAD49A072CD54023002205F170065C
:1033B0001146AB603046F6F7B9FD002840DA10F54B
:1033C000F14F22D16B79022B17D12846FFF7B0FFBE
:1033D00040B96A79B4F90630022A12D123F0010308
:1033E000E3800EE0E388DB06F3D46FF00B02524279
:1033F000EA60E38843F00803C7E72B7943F0100342
:103400002B71E38843F01003BFE710F5D24F09D1C9
:10341000B4F90630DE06DCD423F001036FF00A00B5
:10342000E380BBE710F5D14FF2D02846FFF780FFCD
:10343000E3880028D7D1D806CBD46FF07002D6E746
:1034400030460AF006FE10F1800F0246C1D0B4F9F2
:103450000630D906BDD40028C9DB9ED1DCE710B503
:10346000002486B0ADF816400490ADF814200A464A
:1034700004A80121FFF77BFB011E13DB012917D1F3
:10348000BDF916309A0615D413F0080315D004229E
:103490000498039203AB009302ABD9F785FA20B9E5
:1034A00002994942084606B010BD6FF00401F9E7E1
:1034B0002146F7E76FF00801F4E71946F2E7F9F75C
:1034C00021BBF9F797BB12F5D24F08B504D1012201
:1034D000BDE80840FFF7C3BF12F5D14F01D1042268
:1034E000F6E700214FF47A700BF028FE002008BDAB
:1034F0002DE9FF410179054641F0080105F1700809
:1035000001716846CDE902230CF020F8DDE900677F
:103510004046F8F70DF8044620B905F11000F9F718
:10352000EBFB15E024F0800313F5D24F05D014F522
:10353000CA4F02D014F5E04F1ED132463B4602A8D6
:103540000CF028F8DDE90232134309D16FF00A04C8
:103550002B7920466FF3C3032B7104B0BDE8F081D3
:1035600002A8FFF796FE224601462868FFF7ABFF48
:1035700004460028ECD1CBE714F5D54F284607D1F7
:10358000FFF7D6FE88B9DDE902321343C0D1DDE78B
:1035900014F5D04F07D1FFF7CBFE30B974236FF08D
:1035A0007304EB60D4E7FFF7C3FE71236FF0700480
:1035B000EB60CDE70138012807D8A2F58072032A15
:1035C00003D84B1E58425841704700207047DAF725
:1035D0008BBFDAF7A5BFDBF781B8DBF7EDB80023C7
:1035E00007B5CDE90033DBF7E7F803B05DF804FB7E
:1035F000DBF74EB9DBF786B9002307B5CDE9003319
:10360000DBF780F903B05DF804FBDBF70FBADBF7FB
:1036100085BA30B5044687B00FCC01AD0FC523681D
:1036200001A82B60019B984707B030BD0020704770
:1036300000207047002070470239012903D8531E2B
:1036400058425841704700207047002307B5009347
:10365000DBF766FD03B05DF804FBDBF761BDF9F74E
:1036600087BBF9F749BBFAF7ADBF10B504464FF079
:10367000FF324FF0FF330830FFF7F1FF2046DBF752
:103680001DFE002010BD10B4029B0BB100241C6075
:103690005DF8044BDBF764BEDBF706BF006800F0A3
:1036A000F000A0F1E00358425841704710B10068A3
:1036B00000B18068704710B1006800B100687047C1
:1036C00010B5FFF7F8FF836823B1DB6813B1BDE8DD
:1036D00010401847002010BD08B5FFF7E7FF007E37
:1036E00008BD70B50446FFF7E6FF85688DB161B986
:1036F0002046DDF79DF8AB680BB9002070BD204671
:10370000FFF7D9FFBDE8704018476B68002BF9D16F
:10371000F3E76FF00100F1E70378FF2B11D1437855
:10372000FF2B0ED18378FF2B0BD1C378FF2B08D151
:103730000379FF2B05D14079A0F1FF03584258418E
:10374000704700207047B1F5006FF8B5144624D1DA
:103750009368DD682846FFF7DFFF40B9012294F83F
:103760003730012062F3061384F83730F8BD05F1D5
:1037700010063046FFF792FF0028EFD19769DEF779
:10378000E7F82A6903689A42E8D031463846DDF7FF
:103790009BFA0028E2D10220E8E748F2DD63994273
:1037A000F9D10222DBE710B503690446FBB1BFF390
:1037B0005B8F50F8043CBFF35B8F427D03F0010345
:1037C00002F00101994212D063F3000242750069D0
:1037D00033B1DCF7EBFD2069BDE8104000F0B6BE68
:1037E000DCF7ECFD2069BDE8104000F0C3BE10BD61
:1037F00001230B7000234B705E238B704378CB70DA
:1038000003F07F0382780A71C278CB704A717047E7
:1038100008B5FFF74BFFBFF35B8F50E8003F43F065
:10382000010240E800210029F7D1DB07BFF35B8FDD
:1038300004D40430BDE80840F9F74CBC08BD08B515
:10384000FFF734FFBFF35B8F50E8003F23F0010226
:1038500040E800210029F7D1DB07BFF35B8F04D5D7
:103860000430BDE80840F9F735BC08BD00207047BA
:1038700010B583680C463BB1DB682BB198472042FA
:1038800014BF0120002010BD1846FCE748B10068B5
:1038900038B1BFF35B8FC068BFF35B8F084100F0A6
:1038A0000100704708B5034648B10021FFF7EEFF5D
:1038B00018B108211846FFF7E9FF00F0010008BD24
:1038C00003680B604368016003B941607047136887
:1038D00039B9416803608A4200D143600023136014
:1038E00070470B6043689A4208BF4160F6E710B129
:1038F000006800B1103070470278034662B9407822
:1039000050B99A785AB9D87840B91A793AB95879E9
:10391000B0FA80F0400970470020704710467047A9
:1039200008B50BF011FE0A220023CDF741FC08BDBB
:103930000378FF2B11D14378FF2B0ED18378FF2B17
:103940000BD1C378FF2B08D10379FF2B05D1407928
:10395000A0F1FF035842584170470020704740B122
:10396000006830B1BFF35B8FC068BFF35B8FC0F3FB
:1039700040307047F9F7C6B831B1062343700B6881
:10398000C0F802308B88C380704788B1837E9B0764
:103990000DD50388012B0AD190F91930012B06D1DE
:1039A00019B10A6843689A4201D104307047002077
:1039B000704730B500B930BD84688C4203D1C5680A
:1039C0001468A542F7D003B118600068F2E7F9F770
:1039D00011B908B50346FFF7C2FF28B903F1740017
:1039E000BDE80840FFF7F3BF08BD38B5044619B17C
:1039F00000F11805A3692BB90023A360E3602361DC
:103A0000A38238BD4FF0FF324FF0FF332846F9F75D
:103A100041F901F052FEEDE72DE9F7439046826847
:103A20000E4605461146002329B91B2B07D8022054
:103A300003B0BDE8F083088A49680344F4E7D4681A
:103A40002388B3F5807FF2D16388082BEFD12279E8
:103A5000062AECD16379042BE9D1A37B7F2BE6D036
:103A6000E388B3F5807F08D0B3F5007F00F0B08025
:103A7000284601F022FE0020DAE7D5F8189004F17C
:103A800008074846FFF733FF811C38460BF0C7FF95
:103A90000028CCD04046FFF74BFFC0B104F1120222
:103AA0001046FFF745FF18B91046FFF725FF70B124
:103AB000D4F80E20A3699A4209D100233A4604F1B2
:103AC0000E01484600930123DCF7FEFDD0E7DCF74A
:103AD000E7F80622014640460BF0A1FF28B9D4F8CA
:103AE0000E3003F0F003E02BA1D0D5F8188004F1DC
:103AF0001801D8F80800FFF748FF002897D004F114
:103B00001200FFF7F9FE48B101233E463A4604F1A0
:103B10000E01009340460023DCF7D6FD4FF47A7285
:103B20000023AF691C21CDE90023002338461A4643
:103B3000DEF76CFD044600289AD080681C214FF007
:103B400001080C30FEF76EFFA368AA680820DB6846
:103B5000D1680022987006201A70DA70187104205B
:103B60009A71022283F80180DA7103F1120258710E
:103B70003068C3F81200B088D8823846FFF7B7FE25
:103B8000D0F802609E60C0889881D1F80E009861DC
:103B90008969C3F80E103846FFF7A9FE811C04F1AD
:103BA0002400FFF7E9FE114604F12C000022FFF784
:103BB000E3FE40F606032146A069A38694F8373059
:103BC00068F3061384F83730002300F039FC4FE720
:103BD00004F118063046DDF7F1F838B1002304F19E
:103BE000080204F10E010093A8696DE7DDF7B0FE4D
:103BF000A26903689A42F1D031460020DDF764F8EB
:103C000000283FF435AFE9E7104692F8373001223B
:103C100000F1260162F3061300F12E0280F837301E
:103C2000FFF7FABE38B590F8383004460D466FF30A
:103C3000820380F8383083687BB199B194F83830CA
:103C4000204643F0040384F8383001F0CDFD94F8A9
:103C50003730C3F30213032B0DD92046BDE838409B
:103C600001F02BBD0146806900F0E1FB0128E5D0A1
:103C70000028F2D138BDA368DB681B7803F0F0039D
:103C8000402BEAD12946204602F04BFAF0E710B566
:103C9000D8F72EFB01F0A6FFDEF778FBDFF756F82A
:103CA00002F011FBDFF734F8E1F708F8DDF7CEFF9B
:103CB000DDF7E4FBDEF7E2FCDDF772FCDBF74AF947
:103CC000E1F7CCFD044618B9E1F75CFFE2F7F8FC38
:103CD000204610BD2DE9F04115461E460446002839
:103CE00000F08F808368002B00F08B808369002BAD
:103CF00000F08A8001F043FD204601F075FD94F844
:103D00003730C3F30213012B0AD02A46334621462B
:103D1000A06900F0A5FB022836D16FF004000BE08B
:103D2000A368DF683B7A7BB3DDF70EFE3A69036870
:103D30009A4203D16FF07C00BDE8F081A368DF6890
:103D40003B7C7F2B22D1A368DB68DA68A368DB6841
:103D50001969D960A368DB681A614FF40063A5692B
:103D600004F1240004F12C06A386002D3AD1082288
:103D700029460BF0B5FD00231A6801212046E262B6
:103D80005A687260FFF74EFF0020D5E7D4F818801C
:103D9000DDF7DEFD3A6903689A421DD007F1100194
:103DA0004046DCF791FF0146B0B9A368D3F80C8018
:103DB00008F110073846DDF701F80028C3D1DDF718
:103DC000C7FDD8F8102003689A42BCD039460020BD
:103DD000DCF77AFF0028B6D1A368DB681B7B7F2B5A
:103DE00093D1A7E7296841B10B6963624B694360CE
:103DF0002B68002BBFD01033BEE708220BF070FDFC
:103E0000F6E76FF03C0097E76FF0150094E78168E4
:103E100009B9FFF707BF4968FAE738B505460C4608
:103E2000002938D0002836D08B68002B36D0DA68CD
:103E3000A2B31B8A93B3036813B96FF0720038BD45
:103E4000BFF35B8FDB68BFF35B8FDB07F5D591F8C2
:103E50003730084643F0010381F8373001F0C4FCE5
:103E6000A5612B68EBB11B7C84F8243084F82C30DE
:103E7000A36853B994F83C00DEF7F8FB2146C0B2C2
:103E8000DEF7E8FB18B90020D9E75B68F1E72046C8
:103E900001F013FCF7E76FF01500D0E76FF03C007E
:103EA000CDE71B78FFDE036800220BB91846704788
:103EB0008B4210D10B6842B942680360914200D135
:103EC0004360002301200B607047136043689942F0
:103ED00008BF4260F5E71A461B68E6E710B10068C4
:103EE00000B14068704710B1006800B100687047C9
:103EF00010B430B1846B24B1234642685DF8044BA2
:103F000018475DF8044B704710B50346FFF7E6FF0E
:103F100028B1C2681AB11846BDE810401047002009
:103F200010BD48B1006838B1BFF35B8FC068BFF304
:103F30005B8F084100F00100704708B50BF004FBEF
:103F40000A220023CDF734F908BD80B1036873B1AC
:103F500001220C33BFF35B8F02FA01F153E8000F2B
:103F6000084343E80002002AF8D1BFF35B8F704793
:103F700088B103687BB101220C33BFF35B8F02FA77
:103F800001F1C94353E8000F084043E80002002A4A
:103F9000F8D1BFF35B8F7047F8F7B4BD4FF0FF3235
:103FA0004FF0FF336030FFF7F7BFF8F723BE70B56F
:103FB0000C4605461646FFF7F1FF012C0DD1AC6803
:103FC0006CB905F16000FFF7F0FF204670BD626834
:103FD00033689A4218BF0024F3E70024F1E7A37E78
:103FE000C3F340029B07F2D41446EAE7F8B50E4645
:103FF0001746054628B3FFF7D1FFAB682BB900245D
:104000001AE0002F18BF002416E09A7EC2F3400485
:10401000920711D5711C03D093F91920B242EED149
:104020001A88012AEBD11C1D2046DCF7B7FC0028BA
:10403000E7D0002F08BF002405F160002546FFF7F8
:10404000B4FF2846F8BD70B504460D46FFF7A6FF3D
:10405000A36833B9002604F16000FFF7A6FF3046DD
:1040600070BD9A7EC2F340069207F3D51A88012AE2
:10407000F0D1DA695B6863EA02032A689342E9D106
:10408000E9E710B5A8B1006898B101230C30BFF37F
:104090005B8F03FA01F150E8003F43EA010240E878
:1040A0000024002CF7D11942BFF35B8F14BF01200D
:1040B000002010BD30B5B0B10068A0B101230C30B4
:1040C000BFF35B8F03FA01F1CA4350E8003F03EAF4
:1040D000020440E80045002DF7D11942BFF35B8F81
:1040E00014BF0120002030BD2DE9F04104460D46EB
:1040F00017469846FFF752FF08212046FFF711FFA9
:10410000D0B9062F1BD8D4B12668C6B106F112006B
:104110006DB9C6F812508580002586F81080777436
:1041200004F16000FFF741FF2846BDE8F0813A4600
:1041300029460BF0D5FBEFE74FF0FF35F0E76FF0C6
:104140001505EDE738B504460D46FFF727FF0021BA
:104150002046DCF785FD002801DBA3682BB904F1BC
:104160006000BDE83840FFF720BF9A7E9207F6D581
:104170001A88012AF3D12A68DA61F0E770B505469A
:104180000E46FFF70BFFAB6883B19A7E0021C2F3A6
:10419000400492070BD51A88012A05D15868326865
:1041A000DB6942401A4202D00C4600E01C4605F191
:1041B0006000FFF7FAFE204670BD0122FFF716BF30
:1041C0000022FFF713BF38B5DCF704FD044640B109
:1041D000FFF7E4FEA5685DB904F160002C46FFF727
:1041E000E4FE204638BD2B88012B18BF0025F3E7DD
:1041F000AB7EC3F340029B07F5D41546ECE713B53D
:10420000014600200190DCF777FD0446DDF79CFBBA
:10421000844205D1DCF7F0FC0190019802B010BD9A
:1042200001A92046DCF7CAFD019B002BF5D1F1E77F
:10423000F8B505460F461646FFF7B0FE00212846A2
:10424000DCF70EFD002818DBAB68B3B19A7E0021C5
:10425000C2F3400492070AD51A88012A0FD1586880
:104260003A684240D869024209D13268DA6105F100
:104270006000FFF79AFE2046F8BD0024F7E70C46E1
:10428000F5E708B5DCF7A6FC10B1FFF75BFF0120EE
:1042900008BD10B51446DCF79DFC18B12246FFF7A7
:1042A000C7FF012010BD38B504460D46FFF776FE66
:1042B00000212046DCF7D4FC002803DBA3680BB107
:1042C0002A68DA6304F16000BDE83840FFF76DBE8C
:1042D00008B5DCF77FFC10B1FFF7E5FF012008BD52
:1042E00070B515461E46DCF775FC30B133462A46DC
:1042F000DCF78EFD003818BF012070BD38B50C46C4
:10430000054660B159B1FFF749FE237E05F1600013
:104310006FF341032376BDE83840FFF746BE38BD52
:1043200038B50C46054660B159B1FFF737FE237E1C
:1043300005F1600043F002032376BDE83840FFF743
:1043400034BE38BD38B50546FFF728FE00212846A3
:10435000DCF786FC002809DBAC680CB194F840401F
:1043600005F16000FFF721FE204638BD0024F7E785
:1043700038B50546FFF712FE00212846DCF770FC31
:10438000002809DBAC680CB194F8414005F16000ED
:10439000FFF70BFE204638BD0024F7E710B5FFF706
:1043A00006FEB8B1BFF35B8F436900F11402BFF39F
:1043B0005B8F7BB1591CBFF35B8F52E8004F9C426F
:1043C00004D142E8001CBCF1000FF6D1BFF35B8FB3
:1043D000E8D110BD0020FCE737B50C460546D8B142
:1043E000A9B1FFF7DBFDAB6863B101AB2246012148
:1043F0002846DCF785FE00280CDD019B9A7E6FF3D2
:1044000004129A76002405F16000FFF7CEFD2046E5
:1044100003B030BD0124F6E70446F8E708B5DCF741
:10442000D9FB18B1BDE80840FFF7D6BF08BD034669
:1044300010B5FFF753FD02681846BDE8104010475D
:1044400010B50C468B684BB994F83C0001F0D9FBD1
:104450002146A069BDE81040DCF7C2BE5B68F2E708
:104460002DE9F0410C46D1F8148009210546164685
:104470001F46FFF756FD70B96FF07206B8F1000FD6
:1044800003D031464046FFF733FD94F82D30002B22
:104490003AD1022025E004212846FFF742FD0028FA
:1044A000EAD101212846FFF73CFD68B994F8253090
:1044B00053B9A3690BB95B78FFDE186898B1427CE9
:1044C00000F11201062A10D994F83730C3F3021311
:1044D000012B11D0284632463B462146FFF7B0FF5C
:1044E0000020BDE8F0814378E6E704F1260084F877
:1044F00025200BF0F5F9E7E7204601F0E2FE02285F
:1045000009D16FF00406B9E7324604F12C012846C0
:10451000DCF740FEBDE70028E3D1DBE70A460121D6
:10452000DCF748BA0A460221DCF744BA002307B593
:1045300001A90193DCF742FC28B1019803B05DF8B2
:1045400004EBDCF7A1BE03B05DF804FB10B5044634
:1045500078B1FFF723FD09212046FFF792FD10B93E
:104560002046DCF71FFD04F16000BDE81040FFF7B6
:104570001CBD10BD10B5044678B1FFF70FFD092131
:104580002046FFF797FD10B12046DCF70BFD04F144
:104590006000BDE81040FFF708BD10BDF8B50E463D
:1045A000174688B181B1002A0EDD00F1500528467A
:1045B000CCF728FE8742044609DD421C29463046D6
:1045C0000BF08EF92046F8BD6FF01504FAE76FF096
:1045D0002104F7E710B50C0901F00F0103B944B14C
:1045E000092C89BFA2F10A033034E418E4B200F8C0
:1045F000014B09294FF0000389BF0A3A303189186D
:10460000C9B2017000F8013F10BD10292DE9F04733
:104610009A4686B00B4680460C46164628BF1023A5
:104620000025AB4243DC1D46BAF1000F45D02A46B7
:104630003A214046CBF734FE8146A0B3A0EB0803F5
:104640009D42A8BF1D4601AF41462A464FF00008D3
:1046500038460BF045F905F118036B4403F8148C48
:104660000120321D3946DDF797F840451BDB012359
:104670003380BAF1000F2FD0013C09EB030138461B
:10468000641B22460BF02CF904F118030A22694638
:104690000DEB0304384604F8148CFAF7C1F9009BBB
:1046A000BB420CD158B9002006B0BDE8F08718F81D
:1046B0000520002AB8D00135B3E7D146C3E79DF8FD
:1046C0000420002AEFD01B78002BECD1B0F5803FFE
:1046D00083B2E8D25BBA73800120E5E72DE9F041AF
:1046E00011F001064BD140BA334680B28C0708D591
:1046F000012A06D931F8024B023A2418204643F128
:1047000000030D4694464FF0000EBCF10F0F05F16B
:10471000100540D814096FF00F0505FB04224FEA7D
:10472000041C01EB04141746032F4AD86FF003054D
:10473000940805FB04242A40012C624401EB020585
:1047400006D98A5A023C02351218104643F100037A
:10475000012C07D12A78E90748BF12021218104627
:1047600043F10003020C190C42EA034280B252EA00
:1047700013432ED10EB940BA80B2BDE8F0810023B8
:10478000002ABED011F8014B013A2402241843F14B
:1047900000032046AAE755E90447ACF1100CE419E0
:1047A00055F8087C4EEB0E08E41955F8047C48F1E6
:1047B0000008E41948F100072418204643EB0703DA
:1047C000A3E754F8045B043F2D18284643F1000387
:1047D000AAE7801841F10003C4E72DE9F04790F8FB
:1047E00037300546C3F30213012B7DD14B1E012B3D
:1047F00050D983680022002B48D195F836304FF00D
:10480000080995F83A000344CC1A1444A4B2284687
:10481000D5E9038700F0E8FF95F8373095F83610B2
:10482000284603F0010643F00103A1EB090185F8D6
:10483000373001F028F84A4629692046FFF74EFF35
:1048400095F83A1004462846494401F01CF8EA68F5
:1048500062B12B6953B1B2F81090D2689B1AA9EBE0
:104860000309D5F80CA0BAF1000F16D1002C38D0EE
:1048700064BAA4B295F83730E04366F3000380B21F
:10488000C5E9038785F83730BDE8F087188A5B688B
:104890000244B0E70024A146B9E720464A46296908
:1048A000FFF71CFFDAF804300446EB60002BDDD084
:1048B0001A8A002ADAD0DA6819F0010F2A610DD0BD
:1048C000117801320C442A61B3F81090A4B209F1B6
:1048D000FF39A14284BF0134A4B2C2E7B3F81090FB
:1048E000BFE74FF6FF74C5E70020CDE708B590F8A5
:1048F000361090F83A20836800200A44D968FFF700
:10490000EDFE20B140BA80B2C04380B208BD4FF680
:10491000FF70F9E770B4A8B1A1B1037893B15B2B34
:1049200010D004460E18002314F8015B25B13A2D6F
:1049300008BF0133B442F7D1012B70BC18BF00236C
:10494000FFF763BE002070BC7047F8F753B92DE93C
:10495000F0478CB00C4681460021164607A8142269
:104960001D460DF1140A44F00064DDE914870AF0D5
:10497000DFFF012310220021089309AB6846CDE92F
:1049800005AACDE909330AF0D3FFCDF804A00494B9
:10499000B9F1000F01D0CDF82C906846DDF7C8F8CA
:1049A0000198DDE91623F8F7E3F9041E0BDA14F198
:1049B0000B0F684608BF6FF07304DDF7DDF8204683
:1049C0000CB0BDE8F0870EB1049B33600DB10B9BBA
:1049D0002B60B8F1000FF2D0029BC8F80030002F16
:1049E000EDD0039B3B60EAE710B4019CCDE90134B4
:1049F00013465DF8044B0A4601460020FFF7A7BFA7
:104A000010B4019CCDE9013400235DF8044BFFF79D
:104A10009EBF006800F0F000A0F1E003584258414A
:104A2000704748B1006838B1BFF35B8FC068BFF30F
:104A30005B8F084100F001007047F8F763B8F8F7A2
:104A4000D9B8DCF7C7B8F0B5064687B00F460525DC
:104A500002210DF11600D6F793F8BDF81640013D7E
:104A60004FF0000144F400440ED064BA0097304681
:104A7000A4B2CDE90111234696F88C20DDF75CF94C
:104A80001130E5D0204600E0284607B0F0BD90F890
:104A90008A0070470120704700F10803BFF35B8F65
:104AA00053E8000F013043E80002002AF8D1BFF3B9
:104AB0005B8F704738B5BFF35B8F044600F1080386
:104AC00053E8000F421E43E800210029F8D10128D5
:104AD000BFF35B8F01D0013838BD04F10C054FF0F6
:104AE000FF324FF0FF332846FFF7A7FF206B18B1C6
:104AF000DDF794FF00232363B4F88E30284623F0BB
:104B00000703A4F88E30FFF79AFF0020E4E7F0B522
:104B1000056B87B004460E46002D73D10B88012B20
:104B200073D1072A059570D9B0F88E301B0504D5CE
:104B300090F99000FFF785FF0590371D3846FFF785
:104B400068FFB0B1B4F88E30C3F38113022B05D1E6
:104B500094F88B0010B1DCF73DF8059005A93846B4
:104B6000DCF7EEF9002842D16FF00104204607B0CF
:104B7000F0BD7268059B9ABB23B904F12C00FFF7C6
:104B80003EFB0590DCF7E0FE0546059B002B36D08A
:104B900004F10C074FF0FF334FF0FF323846FFF7B8
:104BA0004CFF0598DCF770FB012384F89000238408
:104BB00065627388EBB194F88A20204605990292C9
:104BC00094F88920CDE9006294F88C20DDF7B4F8E0
:104BD00090B97388638400243846FFF730FFC5E737
:104BE00003B905AD29463846DCF7E8F8BAE7051DF4
:104BF000CBE7638C7380EEE76FF06F04ECE76FF048
:104C00007C04B3E76FF07E04B0E76FF01504ADE706
:104C100013B5B0F88E300446C3F3C203012B12D192
:104C2000426A72B969460192ADF80030FFF70BFF96
:104C30000822ADF8020069462046FFF768FF02B07F
:104C400010BD0020FBE76FF01500F8E738B5B0F8AD
:104C50008E300446DB0717D500F10C054FF0FF320C
:104C60004FF0FF332846FFF7E8FE204601F02BFE09
:104C70000028284603DBFFF7E2FE002038BDFFF7DF
:104C8000DEFE6FF05E00F9E76FF00800F6E770B542
:104C90000C4605461E46114602B9416A0B681BB117
:104CA0000846FFF7B6FE30B13146A069DCF724F8BC
:104CB00003680146CBB195F88830324694F83B0042
:104CC0009B0863F3050084F83B0095F8883063F394
:104CD000871084F83B00204695F888305B0984F8FB
:104CE0003C30BDE8704001F0C4B96FF0150070BDF4
:104CF0002DE9F74F1C46B0F88E3005468846D80798
:104D00001746DDF840B09DF84410DDE90C2A40F16B
:104D1000258139B132B95CB9B8F1000F0BD16FF010
:104D2000780495E0002CFAD0C3F3C201012964D0C5
:104D30006FF015048CE0C3F3C202012AF8D1D8F851
:104D400000402CB1D8F80420C146072A03D8EFE769
:104D500005F12804C1466268002AE0D0C3F381133C
:104D6000022B4DD0EB6A002B58D0B9F1000F05D0C3
:104D700027B9D9F80C103B4699425BD195F99000C0
:104D8000FFF75FFE034600285CD1B5F88C3095F93B
:104D90009000062BC5F838A0C5F804B063D1FFF722
:104DA00050FEB5F88C30112B40F09D800026231D5D
:104DB000002231462846B4F802A0FFF768FF041E1F
:104DC00019DB2846FFF724FF044688B95246698C50
:104DD000304602F042F8044650B9BA46B9F1000F25
:104DE00040F09C803A464146304600F0BEFE044604
:104DF000002C80F297805EB371E04FF00009A4E7C9
:104E0000201DFFF706FE0028ACD095F88B00002887
:104E1000A8D0DBF7DFFE0028A7D1A3E7B5F88E30D6
:104E20001B05A2D4201DFFF7EAF9DCF72DFA85F85F
:104E300090009AE7D9F8082002EBC30201335268C8
:104E4000174499E70021FFF7ECFD28B96FF07204D1
:104E5000204603B0BDE8F08F08211846FFF7E1FDBA
:104E6000002892D1F2E7FFF7ECFD42F21072002326
:104E70003946CDE90023012295F88C30DDF7C6FBD9
:104E80000646D8B1456195F88C1000F059FCB8423F
:104E900017D3B5F88C30112B89D0062B1DD14B467A
:104EA0003A464146284601F0B5FE041EA3DB5A46A9
:104EB00051462846274601F00EFD40E06FF0680499
:104EC000C6E7B5F88E30C3F38113022B43D0B5F893
:104ED0008C30112B0CD0062B37D06FF07A04304673
:104EE00000F0EBFBB4E7062B31D06FF07A04AFE7AC
:104EF00007465CE7D9F80830304603EBC40253F8A4
:104F000034105268524528BF5246904600F02DFE9C
:104F100000281EDBBAEB080A04D00134D9F80C30A3
:104F20009C42E7D3304600F05FFC95F88C10304689
:104F300001F0B0F83046DDE90E23FEF7CBFE002885
:104F40000446FFF658AF3C4682E70746A7E700262F
:104F5000A5E704464FE76FF00B04C0E76FF00804C5
:104F600076E72DE9F04700F10C0888B004461546B5
:104F70001F464FF0FF324FF0FF3340460E46DDF83C
:104F80004890FFF75AFDB4F88E30C3F34101012970
:104F900073D0DA0774D5C3F3C20332889A4275D14D
:104FA000032970D0012A71D1072D6FD9B4F88C3044
:104FB000062B0ED073680122E362B6F802A02285A8
:104FC000A4F82AA0B4F88E2023BB22F4807292B2F7
:104FD00022E004F12C0A5046FFF71BFD40B16FF0B0
:104FE0007C054046FFF72BFD284608B0BDE8F0875A
:104FF00094F99000FFF725FD0546DCF7A9FCE26A6D
:1050000003689A42EBD051462846DBF75DFE002844
:10501000D0D0E4E742F480722046A4F88E20FFF757
:10502000F7FD05460028DCD10123618C626A2384E8
:10503000ADF81830ADF81A1012B11368079306AA2C
:10504000B4F88E30C3F38113022B06D1002FC8D0E1
:105050004A4600212046B847C3E7012B19D10091E9
:105060005346314620469DED107BCDE904798DED08
:10507000027BDFF775FC0546B3E76FF07705B0E715
:105080006FF00805ADE76FF05E05AAE76FF0150554
:10509000A7E76FF08505A4E770B5B0F88E30044639
:1050A0000D46DB0726D500F10C064FF0FF324FF01E
:1050B000FF333046FFF7C1FCB4F88E30C3F3410232
:1050C000032A03D0C3F38113012B0ED1B4F88C3023
:1050D000062B0DD12046049A2946DEF7EBF804464C
:1050E0003046FFF7ACFC204670BD6FF01504F7E7C3
:1050F0000024F5E76FF00804F5E72DE9F04300F12F
:105100000C06054687B0904699464FF0FF324FF0A7
:10511000FF3330460F46FFF790FCB5F88E40E205AE
:1051200021D56B8DFBB10023C4F3C2043946284658
:105130000593109BCDF804900493DDE90E23CDE98F
:105140000223631E42465C425C4105F12803E400F1
:105150000094FFF7CDFD04463046FFF770FC204673
:1051600007B0BDE8F0836FF07804F5E7F0B500F123
:105170000C0787B004461E4638464FF0FF324FF00A
:10518000FF330D46FFF759FC0123294620460593BE
:105190000E9B01960493DDE90C23CDE90223002345
:1051A0001A460093FFF7A4FD04463846FFF747FC74
:1051B000204607B0F0BD2DE9F04100F10C0886B0A3
:1051C000044616461F4640464FF0FF324FF0FF336D
:1051D0000D46FFF732FC0123204629460593109B1C
:1051E0000493DDE90E23CDE902230D9B32460193A2
:1051F0000C9B00933B46FFF77BFD04464046FFF7C0
:105200001EFC204606B0BDE8F08170B500F10C062A
:1052100004460D464FF0FF324FF0FF333046FFF7A4
:105220000CFC2946204601F0DBFC04463046FFF723
:1052300006FC204670BD30B413460D46F0B1E9B10E
:10524000E2B1B0F88E20C2F38112012A03D100220C
:1052500030BC01F08FBA022A13D1018C012913D17D
:105260001A682980418C082A698028BF0822416A6F
:105270000020096869601A6030BC70476FF0150043
:10528000FAE76FF06C00F7E76FF06900F4E781610F
:1052900049B10B682BB11B7C80F8243080F82C308E
:1052A00070471B78FFDE704790F8373091F8372051
:1052B000C3F3021363F3061281F8372043694B618D
:1052C00090F8363081F8363091F83B3090F83B203A
:1052D00062F3050381F83B3090F83B3091F83B20B6
:1052E0009B0963F3871281F83B2090F83C3081F8EA
:1052F0003C3091F8383090F8382062F3000391F890
:10530000372081F8383090F83730C3F3400363F327
:10531000410281F83720D2B290F83730C3F38003CE
:1053200063F3820281F83720D2B290F83730C3F3AA
:10533000C00363F3C30281F8372090F8383091F846
:105340003820C3F3C00363F3C30281F83820D2B21C
:1053500090F83830C3F3800363F3820281F8382079
:10536000838E8B8683684BB18B683BB1436A4B62FB
:10537000836A8B62C36ACB62036B0B6390F837302E
:10538000C3F30213012B01BF90F8393081F8393093
:1053900090F83A3081F83A30704738B504460D46F7
:1053A000C3685868E06030B14DB10C30FDF763FB65
:1053B000E3680028F5D0E3681BB9236138BD008A93
:1053C000F6E7DB68F9E738B50446C0680D4688B1F2
:1053D00071B10C30FDF74FFBD4E90323D2689B1A5F
:1053E000834207D129462046BDE83840FFF7D5BFA4
:1053F000008AF1E738BDF8B5044616460F46C06886
:1054000094F83730DA0715D4A6B10C30FDF733FB2A
:105410000546D4E90303C2689B1A3B44AB4211D151
:1054200094F83730DB0708D431462046BDE8F84011
:10543000FFF7B3BF058A0026EBE70C30FDF71BFB37
:10544000A842F1D923693B442361F8BD01280CBF70
:1054500014200020062901D11C307047112901D1E8
:1054600008307047012901D03A2900D10430704733
:105470002DE9F74F00240646174668460D46A2461A
:10548000DDE90C230AF062F8DDE90089DDE90C238F
:105490003046A346FDF771FA044628B9BAF1000F69
:1054A00032D14FF0000A29E0BAF1000F16D1BBF15A
:1054B000000F27D0CBF80400638A9D4238BF658275
:1054C000638A4246ED1A68464B460AF063F8DDE906
:1054D0000023CDE90C23002DD8D10FE05045CBF8A7
:1054E0000400E9D1638A002FE6D03D44AB42E8D9FD
:1054F00042464B46684665820AF04CF8504603B077
:10550000BDE8F08F8246EDE75046D4F7BDFCC8E712
:105510000346002003B970471A8A5B681044F9E714
:105520002DE9F84304460F46164699469DF820801B
:10553000E368002B00F083800EB9304684E094F8D5
:105540003730204613F0010F0CBF41460021FFF712
:105550003AFFE068002875D0B8F1000F1ED094F82B
:105560003730DD071AD40C30FDF785FAD4E9032370
:10557000D2689B1AC51A002D64D0B54228BF3546A3
:10558000B9F1000F2ED07FB9B8F1000F43D14246D8
:1055900029462046FFF72FFF002731E02369C26824
:1055A000058A9B1AED1AE6E720692A46B8F1000F32
:1055B0000DD039460AF094F994F83730D90730D530
:1055C000012229462046FFF716FF4FB9E4E70146BE
:1055D00038460AF085F9424629462046FFF70BFF78
:1055E0002F440DE077B12A46396820690AF0A0F906
:1055F000B8F1000F09D1424629462046FFF7FBFECD
:10560000761B95E7B8F1000FC1D094F83730DB076F
:1056100007D50122F0E794F83730DA0701D50122E7
:10562000B6E7E06829460C30FDF7FCF9424629460A
:105630002046FFF7E0FEB9F1000FC6D1E0E7002EEB
:105640003FF47BAF6FF06800BDE8F8832DE9F041CF
:1056500006460F4615461C4609F095FC08B1002584
:105660002C46802F06D82A4623463046BDE8F04116
:10567000FDF783B90020BDE8F08110B5B8B1BFF3E4
:105680005B8F036A00F12002BFF35B8F7BB1591C73
:10569000BFF35B8F52E8004F9C4204D142E8001CEC
:1056A000BCF1000FF6D1BFF35B8FE8D110BD002035
:1056B000FCE708B1D4F7E8BB704710B5044610B357
:1056C000BFF35B8F236A04F12002BFF35B8FD3B17A
:1056D000591EBFF35B8F52E8000F984204D142E895
:1056E000001CBCF1000FF6D1BFF35B8FE8D1012B9A
:1056F00009DCA06808B1FFF7DCFF21466068BDE85F
:10570000104009F0C7B810BD38B5044608460D462C
:10571000FDF737F9A3684360A56038BD70B504464E
:1057200030B18568002625B9A068FFF7F1FE301A70
:1057300070BD05F10C00FDF79EF96D680644F2E7B7
:1057400038B5044670B190F83720836812F0700FB6
:10575000C2F3021507D11846FFF7DAFE2046FFF71D
:10576000DDFF401B38BD2846FFF770FE0546184692
:10577000FFF7CEFEA84234BF2D1A0025EEE7F8B59C
:10578000044680680027054600B9F8BD038A4668CC
:105790003BB9A368834207D1A6604760D4F774FB86
:1057A000284605463046EFE76B68834208BF6E60C7
:1057B000F3E710B584682046FFF7AAFE884210D3AD
:1057C000411A4CB1238A60688B4207D3218218B1F9
:1057D000FFF76FFF00236360002010BDC91A044665
:1057E000EFE76FF01500F8E78368C36003B1DB688B
:1057F0000361704710B582680C4622B98160BDE82C
:105800001040FFF7F1BF1046FDF7BBF82146BDE899
:105810001040FDF7BCB82DE9F04F85B004461546A1
:105820009A4602A88B46DDE9106732463B4609F0EE
:105830008DFE204632463B46DDE90289DCF7CCFD91
:105840000446D8B159464246FFF721FD90F837305B
:105850006AF3061380F8373002A84B4609F09AFE27
:105860009DF8382029462046DDE90267CDE900672A
:10587000DCF78EFE18B12046FFF71FFF00242046FC
:1058800005B0BDE8F08F012307B5009300230A4659
:105890001946FFF745FE03B05DF804FB1FB5012371
:1058A000039103A900930023FFF73AFE05B05DF8CA
:1058B00004FB002307B500930123FFF731FE03B07B
:1058C0005DF804FB042213B50C460DEB0201FFF753
:1058D000F0FF019B1BBA236002B010BDF8B506466D
:1058E0000F461446F368002B46D0FB68002B43D0CC
:1058F0000CB9204625E001213046FFF764FD38460B
:105900000021FFF760FDF068C8B1FA68BAB1158AE6
:105910000C30D2683B699B1AED1AFDF7ACF80346D0
:10592000AC42D6E90320D268A0EB0202A3EB02034B
:1059300001D29C4206D39D4228BF1D461DB96FF07F
:105940006800F8BD25462A46396909F0C9FF96F86E
:105950003730DB0704D4F06829460C30FDF762F8D5
:10596000012229463046641BFFF745FD00222946E7
:105970003846FFF740FDB5E7002CBAD0DFE770B13D
:10598000C3685BB1006950B1D9681A8A401A101A0D
:105990005B6803B970471A8A1044F9E718467047E4
:1059A00083682BB9002914BF6FF0150000207047E1
:1059B0001A8A8A422ABF1982891A00215B68F0E795
:1059C00070B504460D4645B92046FFF70DFF002D82
:1059D00014BF6FF06800002070BD00212046FFF763
:1059E000F2FCE1680029EFD02269C8680B8A121A1C
:1059F0009A1AE9D095422E4628BF16469B1B921B49
:105A00000B8205D02069811909F078FFAD1BDAE718
:105A1000A06820B14368A3604260D4F735FA2046FD
:105A2000FFF7E2FEF2E710B5C26803467AB10069FB
:105A300038B1996800238A4204D1D268801A03449D
:105A400098B210BD0C8A496823449BB2F3E7104614
:105A5000F7E72DE9F043044685B00D469146984698
:105A6000FFF7E1FF0746A068FFF752FD002394F817
:105A700037600246A1692846009306F00106CDE989
:105A80000298FFF7C8FE0546F0B194F8373020467B
:105A9000214643F0010384F83730D4E90398FFF737
:105AA000A3FEA068FFF734FD02462846FFF716FF65
:105AB00078B12846FFF701FE94F8373066F300030B
:105AC000C4E9039884F837300025284605B0BDE8BE
:105AD000F08395F837302046294643F0010385F8D6
:105AE0003730FFF7E1FB2846FFF77EFE17B1394656
:105AF000FFF7C9FE95F8373066F3000385F83730B5
:105B000094F8373066F30003C4E9039884F837301B
:105B1000DBE74168FFF79DBF10B590F837100446EA
:105B200001F0010181F00101FFF74DFCE3688BB149
:105B3000206948B194F83720D20706D5188AD4E9ED
:105B40000323D2689B1AC01A10BD03F10C00FCF7A6
:105B500092FFF4E71846F7E710B50C46FFF7DCFFB5
:105B6000A04234BF0020012010BD73B50369044674
:105B70000E46154699420AD1FFF7CEFF854206D858
:105B80002946204602B0BDE87040FFF77CBE0123E5
:105B90002A46314620460093FFF7C2FC02B070BD92
:105BA000F8B54E6804460D46FFF7B6FF864203D8A7
:105BB00023692B60286810E094F837302968DB07E8
:105BC000F8D549B16A682046D4E90376FFF771FE3B
:105BD000C4E903760028EDD00020F8BDD1E9001219
:105BE000FFF7C3BF704710B504464FF0FF324FF0C8
:105BF000FF332046F7F74EF80028F6D0FEF707F9F6
:105C0000F3E700207047704707B50123009169460C
:105C1000ADF80430DCF76AFD03B05DF804FBD9B1E0
:105C20000B88012B22D10B6843604B6883604B6863
:105C30002BB190F8233043F0200380F8233090F804
:105C4000233043F0020362B143F0080352BA80F8F4
:105C50002330C2800020704790F8233003F0DD032A
:105C6000F1E723F0080380F82330F3E76FF0150025
:105C7000704738B50C460546DBF76AFE03682268B4
:105C80009A4205D021462846BDE83840DBF71CB8CB
:105C9000012038BDF7B5042300250F4669460446A8
:105CA0001646CDE90053FFF77BFF48B10770694600
:105CB00046708570C5702046FFF790FF03B0F0BDB9
:105CC0006FF06800FAE72DE9F34116680D46F368B6
:105CD0002BB96FF00405284602B0BDE8F0818B684F
:105CE00000226BBB95F83A1095F836300B44C3F59B
:105CF0007F43FC3313449FB21BB2032BE9DD42F216
:105D0000107200233944CDE900230123A8691A4603
:105D1000DCF77CFC04460028DBD0336906F10C0874
:105D2000A86903F0F003E02B0ED14146A869DAF729
:105D3000E3FF036806466BB92046FFF7BEFCC8E7E1
:105D4000198A5B680A44CCE710363146FFF791FFA9
:105D50000028EAD195F83B20314694F83B302046A4
:105D600062F3050384F83B3095F83B3094F83B2010
:105D70009B0963F3871284F83B20424600F079F9CF
:105D800002460028D8D101462046FFF783FF0028AD
:105D9000D2D129463A462046FFF7A0FD0546002805
:105DA000CAD12046FFF720FD0121204600F072F9FC
:105DB000002200232046FDF78DFF00288BDABBE789
:105DC000F7B5042300270E4669460446CDE9007363
:105DD000FFF7E6FE0546C0B187700221C770A069D3
:105DE000FEF79CFB00B956B101212046FEF7F5FCF9
:105DF000688094F8383043F0080384F838306946F6
:105E00002046FFF7EBFE03B0F0BD6FF06800FAE745
:105E10002DE9F047142386B00546002488469146B4
:105E2000CDE90243FFF7E0FC02A92846FFF7B8FEE0
:105E30000646002865D0437A012B10D1042304A91B
:105E4000284604940593FFF7ABFE10B14378072B67
:105E500005D86FF01506304606B0BDE8F08706F1AC
:105E6000100AA8695146FFF704FF002849D1737A48
:105E7000112B49D0062B14BF0027282742F210729D
:105E80000023391DCDE900230123A8691A46DCF758
:105E9000BDFB0446D0B306F10C02514600F0E9F810
:105EA00060BB41464A462046FFF7F4FE014628BB48
:105EB00004222046FFF7F2FC00BB3A462946204662
:105EC000FFF70CFD0646C8B92046FFF78DFC0121FF
:105ED000204600F0DFF895F8252005F12601062A76
:105EE00005D804F12E0084F82D2009F0F9FC0022D9
:105EF00000232046FDF7EEFE0028ACDA2046FFF72F
:105F0000DCFB6FF00406A6E71C27B7E76FF00B0673
:105F1000A1E7F7B5042300220E4669460446CDE901
:105F20000023FFF73DFE074610B9022003B0F0BD85
:105F30000221A069FEF7F6FAA8B906F11001A069DE
:105F4000FFF797FE05460028EFD101992046FFF79D
:105F50009AFC3A4631462046FFF756FE2046FFF7A8
:105F6000ACFB2846E2E701212046FEF736FC00287C
:105F7000E3D0DAE7006800F0F000A0F1E003584257
:105F80005841704738B50C460546DBF7E1FC03681D
:105F900022689A4205D021462846BDE83840DAF703
:105FA00093BE012038BD10B500210446DAF706FF84
:105FB00020B92146BDE81040FFF7E4BF012010BD25
:105FC0002DE9F74F99464FF0000814230F46694614
:105FD00005461646BDF830B0BDF838A0CDE90083BF
:105FE000FFF7DEFD0446002840D0452380F80190ED
:105FF00080F8028003704FEA1B2380F8038003714E
:106000009DF8343080F805B05B0180F807A043EAC2
:106010001A23837195F83930037243B93046FFF77C
:10602000A9FF6B69D0B1A3B193F89230237200231A
:106030006372A372E372336823613B68E3601423E5
:106040006946284685F83630FFF7C8FD03B0BDE83D
:10605000F08FA869FEF78CF92072E8E713B193F886
:106060009130E3E7A869FEF76DF9F5E76FF0680096
:10607000ECE730B590F83B5085B0002405F03F03C5
:1060800000949B0043EA9513CDE90144FFF798FF84
:1060900005B030BDF7B5142300250E466946044609
:1060A000CDE9005390F8373043F0010380F83730E2
:1060B000FFF776FD074678B3A2682B46D2B95BBAE4
:1060C0007E7201217B80A069FEF728FA18B1204674
:1060D000FEF70CFC788169462046FFF77FFD4FF400
:1060E0000063112EA38609D100212046DEF70EFEA3
:1060F00003B0F0BD118A52680B44DFE7062E04D1CD
:1061000000212046DDF71AF9F2E7012E07D1002120
:106110002046FFF755FEEBE76FF06800E8E7002048
:10612000E6E72DE9F041142390B00F4600220DEB75
:106130000301044690460791082108910BA9CDE977
:106140000323CDE9091383689BBB03A92046FFF70E
:1061500027FD054658B3067806F00F06B600132E45
:1061600025D91423143E84F83630F6B2427894F8D8
:106170003B30920862F3050384F83B30427862F3C7
:10618000871384F83B30037A8BB184F83A604188F6
:1061900049BA89B241450ADC02DA2046FFF700FC21
:1061A0005FB105F10C010846FFF7E4FE90B1022053
:1061B00060E01A8A5B689044C6E72B7C7F2BF6D0A0
:1061C0002B7B7F2BF3D005F10C00FFF7ECFE0028B2
:1061D000E7D0ECE7A069FFF7D5FE0028E7D1EB6830
:1061E000A069002B49D00121A069FEF79BF9002886
:1061F0004DD12B7A012205F1100784F8393094F83B
:106200003730384662F3061384F83730FFF7CBFE99
:1062100088B93846FFF7AEFE6B7A60B9112BC6D14C
:10622000DBF796FB2A6903689A4204D0204600F007
:106230006AFF0028BBD06B7A062B05D13946A069CE
:10624000FFF7A0FE0028B2D104992046FFF71BFB00
:106250002EB131462046FFF716FB0028A7D16B7AF6
:10626000062B1AD0112B27D0012BA0D1294620466E
:10627000FFF74FFE10B0BDE8F08105F11001FFF708
:1062800081FE0028AFD16B7A022BACD08FE720467D
:10629000FEF72CFB0028ACD089E709A92046DDF7E2
:1062A00085F80190002882D001AB6A7A02A92046C5
:1062B0000295DCF70DFCDDE707A92046DEF76EFD51
:1062C000EFE70020704770470346006828B159681F
:1062D000026888421A6008BF5A607047D0F82832B6
:1062E000B0F84C22934206D2B0F85022934234BF09
:1062F0000020012070470120704710B5D0F83022EF
:10630000D0F828128A4211D8B0F84C329A4210DAEA
:10631000B0F85042A2420CDA981AA41A891AA04284
:10632000A8BF20468842A8BF084610BD6FF02100D4
:10633000FBE70020F9E74B68D0F840121BBA5A1A65
:10634000002AA1BFB0F848225218981AC00FB8BF4F
:106350000020704713B5044601210DF10700D4F762
:106360000FFC9DF80730C82203F5007353435B0A06
:10637000A4F84E3202B010BDF6F7FABC70B590F832
:106380003730C3F30213012B1BD18368DD682B7CEC
:106390007F2B01D1012070BD05F110060021304690
:1063A000DAF70CFD04460028F4D1DBF7D1FA2A69AC
:1063B00003689A42EED031462046BDE87040DAF7D5
:1063C00083BC0020E7E7F6F79DBB10B504461046F6
:1063D0003AB14968D4F8402209BA521A801A03B176
:1063E000013010BD0346002003B970471A8A5B686C
:1063F0001044F9E738B504468068FFF7F3FF884298
:106400000D4611D32046FFF7EFF994F837302946AF
:10641000204643F0010384F83730FFF7D1FA2046D5
:10642000FFF7ADF9002038BD6FF01500FBE72DE94F
:10643000F74F90F83670044690F83A301F4407F151
:10644000140A2046FFF7D0F994F837303946204631
:1064500043F0010384F83730FFF715FA08BB142125
:106460002046FFF779FB002856D1A068D4F80C80AD
:10647000FFF7B8FF5045D8F8046012D34FF47A7292
:10648000002314212046DBF795FF054648B100F1B3
:106490000C094846FCF7EFFA132806D82846D3F72C
:1064A000F3FC002003B0BDE8F08F4846D5F80CB0EF
:1064B000FCF7E1FA14230146584600933B46A268D4
:1064C000FCF781FA14214846FCF7ACFAB8F8102022
:1064D000D4E90313C9685B1AD31AD21AC3F1140999
:1064E000A8F81020B9F1000F03D16E60C8F804506D
:1064F000A7E7318A06F10C00494528BF4946A9EBB8
:106500000109FCF7A8FA338AD6F804B013B930466B
:10651000D3F7BAFC5E46E5E72069C3E710B5044649
:10652000FFF785FF0146A068FFF75CFF94F83A206B
:1065300094F8363013440A7BC31A1209A3EB820085
:1065400020EAE07010BDF8B591F8373004461746E0
:106550000846C3F30213012B17D18B68DD68FFF7E0
:1065600066FF0646A0B118220021204609F0E0F996
:10657000012F07BF33880C357388103563802B6873
:106580006360012300202380F8BD6FF01500FBE756
:106590006FF06800F8E710B586B004466846FFF76C
:1065A000D2FF00280DDB238869462046012B14BF4B
:1065B0001822082209F033FAB0FA80F0400906B038
:1065C00010BD0020FBE72DE9F843856807468846A3
:1065D000144625B95ABB1646BD689DB932E0284617
:1065E000FCF7CFF900F10C0605463046FCF73BFA04
:1065F000844204D93046FCF736FA211A18D1002615
:10660000002DE9D0F4B105F10C094846FCF72BFA4E
:1066100084421AD34846FCF726FA074641463A46D2
:106620004846B844FCF704FAE41B6D68D5E7114608
:106630004FF47A7200233846DBF706FF061EDFDAD6
:106640006FF068063046BDE8F8832746E6E7F6F7C0
:10665000D1BA38B5A0F1A00504464FF0FF324FF093
:10666000FF332846FFF7AFFE54F8BC3C9868D3F7D9
:106670000BFC54F8BC3C002228469A60BDE8384028
:10668000FFF7E5BFBFF35B8F50E8003F013340E801
:106690000032002AF8D1BFF35B8F704773B500F169
:1066A000280604464FF0FF324FF0FF3330460D46C8
:1066B000FFF789FE0B23304684F83832FFF7C7FF17
:1066C00094F8593213F002031BD0636A2BB160684F
:1066D0002946426898470023636294F859326FF361
:1066E000410384F8593204F13C00F6F767FB04F1EA
:1066F0005400F6F701FB204602B0BDE87040DCF71D
:10670000F3BC6068466B002EF1D062691946CDE992
:1067100000521A46B047EAE770B5A0F17004A0F144
:1067200098064FF0FF324FF0FF332046FFF74BFE45
:106730003046DCF7A1FB05462046FFF788FF35B160
:1067400030466FF07301BDE87040FFF7A7BF70BD22
:106750006FF07301A0F5E470FFF7A0BF6FF0730155
:10676000A0F59470FFF79ABF6FF07301A0F5E47085
:10677000FFF794BF0346084670B515461A8C1E6C89
:10678000012A0BD1B9B196F8381203290DD9082482
:10679000224606F5FC7109F0A3F80DE079B196F8F0
:1067A0003832032B14D91824F2E7596A096841607A
:1067B0005B8C0280438008241DB9002070BD182422
:1067C000FAE7224606F50471284609F089F8F4E74D
:1067D0006FF01500F2E72DE9F0438BB04FF014088D
:1067E000074605ABCDF810800393FFF720FE064661
:1067F000002856D090F80D9019F0040951D14FF4AB
:106800007A70002197F837200623CDE90001C2F302
:1068100002124146B869DBF7F9FE0546002840D070
:1068200097F83730C3F30213012B48D1BB68D968FE
:1068300001F10C021031FFF71CFC00283FDB03A91B
:106840002846FFF7ADF90446C8B34246494609F069
:106850006FF873882380338863800522237B62F37B
:1068600007132373737BDB061ED504236373B3689E
:10687000636003A92846FFF7B1F900281FDB28460B
:10688000FEF7B2FF95F83730C3F30213012B16D190
:1068900006212846FFF7FEFB002810DB2846DCF720
:1068A0005FFA0BB0BDE8F08376683846FFF736FE36
:1068B00084F80D8036BA064436BAA660D9E7284671
:1068C000FEF7FBFEEDE7B0F88E3043F00603A0F8CC
:1068D0008E300020704708B50B4609B1002198475B
:1068E000002008BD036C416303B15A61002070476A
:1068F00008B54268B2F88E30C3F3C203012B0DD144
:1069000092F99000DAF766F928B1006800B1008BBF
:10691000283880B208BD4FF41070F9E70020F9E77D
:10692000D0F83C320022DCF76DBD38B5A0F5B0746C
:10693000A0F5C4754FF0FF334FF0FF322046FFF74C
:1069400042FD28461021FFF7EBFF2046BDE8384006
:10695000FFF77DBE2DE9F3410446FFF7CEFC054667
:1069600094F88C30D80720464CBFB4F888604FF4B8
:106970000676FFF7BDFFB04218DD94F88C30D907DA
:1069800070D5B4F888309D426FDBB4F8885020464B
:10699000FFF7AEFFA84215DD94F88C30DB0716D563
:1069A000B4F88850ADB96FF03C0563E02046FFF7BE
:1069B0009FFF854259DB94F88C30DA07E5D44FF419
:1069C0000675E4E72046FFF793FF0546EAE74FF434
:1069D000067563684FF47A700021B3F88E200623A1
:1069E000CDE90001C2F3C20229462069DBF70EFEA1
:1069F0000646F0B1A768D4F83082FEF7F5FE3846B7
:106A0000FEF7F2FEB8F1000F09D097F83730414693
:106A1000384643F0010387F83730FEF734FF2A4643
:106A200039463046FEF75AFF002805DA3046FEF7B1
:106A300044FE6FF068051DE0D4F83C221821D4F81C
:106A40003032204613443246DCF7DCFC074620B9DE
:106A5000D4F830322B44C4F8303230463D46FEF78D
:106A60002CFE07E0B5F5067FA9DA2046FFF745FCC6
:106A7000051E97DA284602B0BDE8F08138B590F8D7
:106A80008C300446D80720464CBFB4F888504FF4E9
:106A90000675FFF72DFFA84226DD94F88C30D90744
:106AA00027D5B4F88830B4F84622B3EB520F4FEA3A
:106AB000520012DA94F88C302046DA074CBFB4F852
:106AC00088504FF40675FFF713FFA84214DD94F8C1
:106AD0008C30DB0714D5B4F88800B4F84832834210
:106AE000CCBF0020012038BD2046FFF701FF034640
:106AF000D9E74FF40673D6E72046FFF7F9FEECE737
:106B00004FF40670E9E770B5B0F8483204465B18F8
:106B10001CD4B0F846529D42A8BF1D462046FFF740
:106B2000ADFF0646A4F848522046FFF7A7FF7EB106
:106B300070B994F83832042B41D104F5C47008F0D0
:106B4000FEF910212046FFF7EBFE38E00025E5E7CF
:106B500094F88C30D80720464CBFB4F888504FF4D6
:106B60000675FFF7C5FEA8422BDD94F88C30D907D7
:106B70002BD5B4F88800B4F84622B0EB520F4FEA98
:106B8000520312DD94F88C302046DA074CBFB4F87B
:106B900088504FF40675FFF7ABFEA84218DD94F855
:106BA0008C30DB0719D5B4F88830B4F84812B4F843
:106BB0004622914203D1B4F844229A42B9DD002022
:106BC00070BD2046FFF794FED5E74FF40670D2E77C
:106BD0002046FFF78DFE0346E7E74FF40673E4E730
:106BE00070B5046C05460E468CB128344FF0FF3268
:106BF0004FF0FF332046FFF7E6FB286C3146FFF7E6
:106C000082FF05462046FFF722FD284670BD6FF043
:106C10006A05FAE72DE9F84F056C0C4616469846CA
:106C2000002D7DD095F83832042B79D105F1280755
:106C30004FF0FF324FF0FF333846FFF7C4FB2846D2
:106C4000FFF74CFB002868D1B5F84C32D5F8282264
:106C50009B1AB8F1000F35D0D8F80C10814681424C
:106C600040D199454FF0000A28BF99465646D8F8BA
:106C70000C30534510D9D8F80830A86803EBCA0285
:106C800053F83A1052684A4528BF4A469346FFF7E0
:106C90009AFC041E2EDAFEB1D5F828323344C5F82A
:106CA000283295F83932012B2BD02846DCF7B0FE7C
:106CB000041E26DA14F1690F23D021462846FFF777
:106CC000EDFC09E09E422146A86828BF1E463246D8
:106CD000FFF779FC041EDFDA3846FFF7B8FC2046E0
:106CE000BDE8F88FD8F8082002EBC00201305268E6
:106CF0009144B4E7B9EB0B095E44CDD00AF1010A27
:106D0000B5E72846FFF7EAFA28B10022002305F18B
:106D10005400FFF731FB3446DEE76FF00A04DBE78F
:106D20006FF07F04DBE738B590F88C300446D80765
:106D300020464CBFB4F888504FF40675FFF7D8FDD5
:106D4000A84223DD94F88C30D90723D5B4F8880005
:106D500094F88C30A4F850022046DA074CBFB4F8FF
:106D600088504FF40675FFF7C3FDA84215DD94F86F
:106D70008C30DB0715D5B4F8880000EB400080B2FA
:106D80000023A4F85202A4F8543238BD2046FFF77D
:106D9000AFFDDDE74FF40670DAE72046FFF7A8FD08
:106DA000EBE74FF4C960EBE72DE9F041056C0C46C9
:106DB00016461F4605F128084FF0FF324FF0FF330B
:106DC0004046FFF700FB012C0AD0023C032C12D8EE
:106DD0006FF06C044046FFF73AFC2046BDE8F081B6
:106DE000042F0AD13268012A07D895F8593262F384
:106DF000C30385F859320024ECE76FF01504E9E786
:106E00002DE9F041D0F840800C4616461D4608F1A9
:106E100028074FF0FF324FF0FF333846FFF7D3FA21
:106E2000012C0AD0023C032C0FD86FF06C043846BA
:106E3000FFF70DFC2046BDE8F08198F85932C3F306
:106E4000C00333600DB104232B600024EFE7006C16
:106E500054307047006C3C3070477FB508230E46B5
:106E6000044615460DEB0301CDF808D00393FEF759
:106E700097FE60B100230680458002A9037143712B
:106E80008371C3712046FEF7A9FE04B070BD6FF098
:106E90006800FAE710B586B00C9C05940B9C04942E
:106EA0000A9C0394099C0294BDF82040CDE900346B
:106EB00013460A4601461120DBF79EFC06B010BDC2
:106EC00008B508F041FB0A220023CAF771F908BD92
:106ED00073B5042690F8313005469E40331F3D2B94
:106EE00028BF402601210DF10700D3F749FE9DF888
:106EF000074003232846B4FBF3F303EB4303E41AF0
:106F000095F83130E4B20133013C85F83130344436
:106F10002146DDF7B5FF204602B070BD006838B1EC
:106F2000BFF35B8FC068BFF35B8F084100F00100C7
:106F3000704710B5044608F026F8421E204663EB61
:106F40000303BDE81040FCF7C5BE73B515468DF8C8
:106F5000071001220DF1070104461E46FEF705FE4B
:106F600010B1002002B070BD01220DF107012046D2
:106F70008DF80750FEF7F9FD0028F2D12A46314678
:106F80002046FEF7F2FDB0FA80F04009EAE730B59E
:106F9000436A85B0044601334362DAF7D9FC002323
:106FA000009001211A462046CDE90133DEF744F86E
:106FB000054630B1FFF7BDFF00280CDA2846FEF782
:106FC0007CFB606A0923B0FBF3F303EBC303C01A35
:106FD000013005B030BD04F1100005B0BDE830400F
:106FE000FFF776BF2DE9F04F054685B0DAF7B0FC24
:106FF00081466B6A01336B6295F84030072B77D876
:10700000DFE803F07B7B7B0425687B7B6B6B05F102
:1070100010004FF000086B64FFF75AFF012304468D
:10702000284642460321CDF80090CDE9013343467E
:10703000DEF702F8054630B1FFF77BFF002802DAE1
:107040002846FEF73AFB204605B0BDE8F08FFFF773
:1070500037FF05F13808064605F134090F46286B5D
:10706000D5E906AB4FF47A73584310EB0A004BF1A5
:107070000001864277EB010336DA801B40F2E733EA
:107080004FF47A7261EB0701C0184FF0000341F131
:107090000001CAF73DF83B28044602D9772825D9D4
:1070A000440895F84130B6EB0A064FF47A7203F1C2
:1070B000010367EB0B0185F841304FF47A736343AA
:1070C000F0184FF0000341F10001CAF721F8002346
:1070D0002862A5E7FFF7F4FE05F1380806460F46DB
:1070E000A86AD5E906ABBDE70024DAE73C24D8E777
:1070F00000234FF0FF34984692E74FF0FF34A2E7A9
:107100000121DDF755BF7FB508230446CDF808D02F
:1071100003938369C3B193F84030023B032B13D828
:1071200090F83610D0E90365FEF7ADFB02A92046C2
:10713000FEF736FD20B14088A0F5884358425841FB
:10714000C4E9036504B070BD0020FBE72DE9F04100
:1071500007460E4690461C4663B31846CAF752F8D7
:1071600080B238B3B8F1010F03D86FF00B00BDE85F
:10717000F081631E00240125A44613F8012FA9B253
:10718000A2B12E2A11BF013406F80C408C4600240F
:107190001CBFA4B27255884203D20131002039804D
:1071A000E5E70135AAB24245E7D3DEE706F80C4031
:1071B0007255F0E76FF01500D9E7F0B5C48906689D
:1071C000018A2644091B0024A14223DD355DE5B96F
:1071D0000134A5B2491B89B209291BD931194F883D
:1071E000B7F5807F16D14F683FBA1760325B0989C7
:1071F00052BAC789D2B2052A1A7014D01C2A01D0FB
:10720000012A07D16FF014030FE0BF2D05D9023416
:10721000A142DEDA6FF01500F0BD3E2DFAD801353F
:1072200054FA85F4D0E76FF01203436007F10A03C4
:107230001D444BBA058143810020EDE7038A0268B3
:107240000B2B1FD913885BBA9BB299421DD193783F
:10725000D8091AD05B1013F0380F16D1D37813F079
:10726000700FC3F3021010D113F00F0301D01846B2
:107270007047D388928802B939B9002B08BF6FF0E4
:10728000150070476FF00B0070476FF015007047E6
:107290002DE9F843BDF820600F460446194606F173
:1072A0001009914528DCBDF824305BBA03804FF00B
:1072B0000108002580F80280C570057180F80580FE
:1072C0008571C571057245728572C57232460C3082
:1072D00008F006FB06F10C039DF828209BB2120271
:1072E000E2520E36B6B2A555344484F801802846E1
:1072F000A7F80090BDE8F8836FF00B00FAE7F0B54F
:10730000048A0C230268A4F10C01838102F10B05AD
:10731000002389B2994202DC6FF00B001BE015F8E4
:10732000017F5E1C27B13346F4E76FF0150012E0D1
:1073300003F111018C42EFDD0D33D418D35A5BBA3F
:107340009BB2012B01D01C2BEFD16388B3F5807F5A
:10735000EBD1C1810020F0BD2DE9F0470746B3F81D
:107360001080D3F800A00E4600239146BDF82040BF
:107370000B80444529D21AF804500AEB04013F2D32
:1073800008D90134444520DA4C7805F03F0504EB78
:107390000524EEE73088A8EB0403A9EB0002934232
:1073A000A8BF13469D4210DA6A1C384408F098FAC8
:1073B00033880134013315FA84F42B44A4B23380AA
:1073C000002DD6D12846BDE8F0876FF00B00FAE714
:1073D000006800F0F000A0F1E00358425841704707
:1073E0007047936C23B1536B13B1926B40B2184743
:1073F00070470346002010B5D3F8C44044B1B3F839
:10740000DE408C4204D12AB1B3F8E030934201D07F
:107410006FF0010010BDF5F775BB10B5044607F01D
:107420008EFD08B9606310BD0023A364FBE7F5F788
:10743000E1BBF8B500F1700704464FF0FF33164684
:1074400038464FF0FF320D46FFF7E5FF94F8E8307D
:10745000012B13D0324629462046FFF7CAFF0028E9
:1074600012DB5823002103FB00446FF064009034CA
:107470002246FFF7B6FF2046FFF7CFFF002438462D
:10748000FFF7D5FF2046F8BD6FF00104F7E710B510
:107490000446006B002200237030FFF7BCFF30B1C0
:1074A000204664220023BDE81040F5F7B5BEB4F8CD
:1074B0005020B4F84E10206BFFF7BBFF206BBDE8E7
:1074C00010407030FFF7B3BF70472DE9F043164608
:1074D000582287B00D4602FB01028768DDF83C8028
:1074E0000446B2F8DE1092F8DC20B0F80090304686
:1074F000ADF81630CDE90112B8F810300DF11601D3
:10750000BDF838200093D8F80C30FFF7C1FE0028F2
:107510004CDB6FF00A0C06F10C0206F10B01ACEB30
:10752000060CB8F810300CEB0100834235DC023356
:107530004FF6FF714AF20100F8F730FC582303FBC5
:107540000543A3F8E000A36E9F4205D0002B30DA7C
:107550000123A766A4F86C305823B9F1010F03FB8F
:1075600005F514BF4FF018084FF00808631990355F
:10757000D3E934236019F5F74FFE00280ADBBDF884
:107580001620002331463846CDE90048D5F7F8F8F3
:1075900000EAE07007B0BDE8F0834B78A3F141004A
:1075A000192898BF203301F8013FBAE76FF01500A2
:1075B000F0E76FF00100EDE72DE9F047DDF82490EA
:1075C0000D4616461F46BDF820800446A0B1F022A5
:1075D000002108F0ADF904F1700007F06FFA022302
:1075E0003246294684F8E83020463B46CDE90889F2
:1075F000BDE8F047DEF7B6BB6FF00100BDE8F087ED
:107600000022FFF716BF1FB501240394089C0294C3
:10761000079C0194069C0094DEF7C6FE04B010BDE2
:107620000120884070474FF0B042D2F8803023EA02
:107630000003C2F8803070477FB50BAB059303930E
:107640000A9B029300231846CDE90033CCF7B2FE23
:1076500007B05DF804FB10B50C46DFF7A1F910B1D7
:107660008460002010BD6FF01500FBE710B50446E4
:107670000078DFF795F958B1638803802379032BED
:1076800006D8DFE803F0020202020371002010BDF9
:107690006FF01500FBE710B50C46DFF781F920B15C
:1076A0001CB143790020237010BD6FF01500FBE77B
:1076B00010B50446DFF704FD10B16FF0150010BDE2
:1076C0002046DFF763FD0028F9D0F6E708B5DFF7BD
:1076D00067F908B1008808BD6FF01500FBE770B5C9
:1076E00001F07F042046DFF75BF9054600F10C014D
:1076F0002046DFF759FB00232B61AB6823B12046FE
:107700000121BDE87040184770BD70B541F080049C
:107710002046DFF745F905461430F5F7EDFAAB687A
:1077200023B120460221BDE87040184770BD08B55E
:1077300041F08000DFF734F91430BDE80840F5F778
:10774000DBBA0022122008B51146D1F74BFC1220FB
:10775000BDE80840D1F716BC00227F2008B51146CD
:10776000D1F740FC7F20BDE80840D1F70BBC7FB5C6
:107770000BAB059303930A9B029300231846CDE9B4
:107780000033CCF717FE07B05DF804FBD0E92832D0
:10779000C0F8A8205B681A68936823F0004323F0C0
:1077A0003F0343F00403936070470346083810B466
:1077B000BFF35B8F50E8002F511C40E80014002CF1
:1077C000F8D1BFF35B8F1AB95DF8044BFFF7DEBF4A
:1077D0006FF00F025DF8044B9A66704738B5836806
:1077E0000446DA0715D401230A250360836823F0D1
:1077F000004323F03F0343F0010383602368DB076A
:1078000007D4642006F041FF013DF7D16FF073000B
:1078100000E0002038BD8368D90726D583685A0761
:107820000AD5836823F0004323F03F0343F010039D
:10783000836083685B07FCD4836819070AD5836873
:1078400023F0004323F03F0343F020038360836869
:107850001A07FCD4836823F0004323F03F0343F06E
:10786000020383608368DB07FCD4704708B5436874
:10787000186806F01AFF00280CBF6FF012000020F5
:1078800008BD002910B4036909DC1C68944201D1C9
:107890001C794CB91A605DF8044BC9F7F5BE6FF05E
:1078A00015005DF8044B70476FF07700F9E70A2880
:1078B00009D840F27A73C34013F0010F14BF0020BF
:1078C0006FF0850070476FF08500704700220B2035
:1078D00008B51146D1F786FB0B20D1F753FB0022E8
:1078E0000C201146D1F77EFB0C20D1F74BFB002278
:1078F0000D201146D1F776FB0D20D1F743FB002276
:107900000E201146D1F76EFB0E20D1F73BFB002273
:107910000F201146D1F766FB0F20D1F733FB002271
:1079200010201146D1F75EFB1020D1F72BFB00226F
:1079300011201146D1F756FB1120D1F723FB00226D
:107940002F201146D1F74EFB2F20BDE80840D1F77C
:1079500019BB7FB50BAB059303930A9B02930023DE
:107960001846CDE90033CCF725FD07B05DF804FBE0
:1079700070B505460E4641F28A3431462846E1F795
:1079800033F940B1013C04D000210A2007F0D6FBB6
:10799000F3E76FF00F0070BD38B505690C46284657
:1079A000E1F718F821462846E1F70EF82146284667
:1079B000BDE8384000F07AB9F8B546684C1E054677
:1079C00073693769A34213D921463846E1F7FEF8B7
:1079D00060B9F3690122214603EB44139A72686887
:1079E000FFF7DAFF21463846E1F7E2F80020F8BD5C
:1079F0006FF01500FBE70021E0F7F6BE0121E0F78C
:107A0000F3BE0221E0F7F0BE0321E0F7EDBE042152
:107A1000E0F7EABE0521E0F7E7BE0621E0F7E4BEA5
:107A20000721E0F7E1BE0068C0F30010704700686E
:107A3000C0F3802070470068C0F3005070470068B2
:107A4000C0F3806070474068C0F300107047406822
:107A5000C0F3802070474068C0F300507047406812
:107A6000C0F3806070470068C0F340107047006842
:107A7000C0F3C02070470068C0F3405070470068F2
:107A8000C0F3C06070474068C0F340107047406862
:107A9000C0F3C02070474068C0F340507047406852
:107AA000C0F3C06070470068C0F3C0007047006852
:107AB000C0F3402070470068C0F3C04070470068C2
:107AC000C0F3406070474068C0F3C0007047406832
:107AD000C0F3402070474068C0F3C0407047406822
:107AE000C0F3406070470068C0F3800070470068D2
:107AF000C0F3002070470068C0F380407047006802
:107B0000C0F3006070474068C0F380007047406871
:107B1000C0F3002070474068C0F380407047406861
:107B2000C0F300607047006800F001007047006813
:107B3000C0F3801070470068C0F3004070470068D1
:107B4000C0F380507047406800F001007047406803
:107B5000C0F3801070474068C0F300407047406831
:107B6000C0F3805070471023836070474FF48063E8
:107B7000836070474FF48013836070474FF08063D9
:107B8000836070471023C36070474FF48063C36005
:107B900070474FF48013C36070474FF08063C36039
:107BA00070472023836070474FF400638360704701
:107BB0004FF40013836070474FF000638360704799
:107BC0002023C36070474FF40063C36070474FF4D5
:107BD0000013C36070474FF00063C3607047082311
:107BE000836070474FF40073836070474FF4002345
:107BF000836070474FF00073836070470823C36051
:107C000070474FF40073C36070474FF40023C360A4
:107C100070474FF00073C360704704238360704760
:107C20004FF48073836070474FF480238360704704
:107C30004FF08073836070470423C36070474FF434
:107C40008073C36070474FF48023C36070474FF068
:107C50008073C36070470123836070474023836053
:107C600070474FF48033836070474FF48003836024
:107C700070470123C36070474023C36070474FF4CF
:107C80008033C36070474FF48003C36070477FB593
:107C90000BAB059303930A9B029300231846CDE98F
:107CA0000033CCF787FB07B05DF804FB38B504461A
:107CB0000D46E0F7ADFE29462046E0F7AFFE294627
:107CC0002046BDE83840E0F7AFBEC269B2F5005FBC
:107CD000D0E90C0313D0B2F5804F18D0D2B9B3F16C
:107CE000807F08D0B3F1C07F0FD0B3F5000F14BF71
:107CF00000200120704720F002000128F7E7B3F5CB
:107D0000000FF8D0B3F1807F04D10328EFE7B3F57B
:107D1000000FF9E7002070477FB50BAB01220593F8
:107D200003930A9B029300231846CDE90033CCF756
:107D300041FB07B05DF804FB10B504460020E1F7F5
:107D4000CDF920B12046BDE81040F5F7C3B910BD0C
:107D500083681B6803B118476FF0570070473020E5
:107D6000704708B507F0F0FB0A220023C9F720FA94
:107D700008BD00223D2008B51146D1F733F93D205A
:107D8000BDE80840D1F7FEB800690C3002F01DBB19
:107D90007FB50BAB059303930A9B02930023184610
:107DA000CDE90033CCF706FB07B05DF804FB0329EF
:107DB00008B50B46006912D11168416092880281B2
:107DC000C2680189C2F800134168C268C2F804138E
:107DD000011D06220068FCF787F9002008BD6FF03E
:107DE0008500FBE7E030F4F787BF7047C830F4F751
:107DF00083BF7FB50BAB059303930A9B02930023CC
:107E00001846CDE90033CCF7D5FA07B05DF804FB8E
:107E100030B4054680680C46134638B12978E2B282
:107E20008468E46834B1A44630BC60476FF08500D4
:107E300030BC70476FF05700FAE792B24068FFF726
:107E4000E7BF30B4054680680C46134638B1297840
:107E5000E2B28468A46834B1A44630BC60476FF0D5
:107E6000850030BC70476FF05700FAE773B50446E1
:107E700005690E460DF1020204214068FFF7E1FF9B
:107E8000002803DA6FF0040002B070BD01AA0021DF
:107E90006068FFF7D6FF0028F4DB95F85C30606877
:107EA0003BB9B007BDF802300BD423F040039BB2BE
:107EB00009E00DF106020921FFF7C3FF0028F0DAFF
:107EC000E0E743F04003F10756BF23F0200343F0FF
:107ED00020039BB2320756BF23F4807343F48073B0
:107EE0009BB2700756BF23F0800343F080039BB220
:107EF000ADF8023095F85C30BBB9BDF80430042110
:107F0000BDF8022043F480536068ADF80430FFF7F9
:107F10007FFF0028B6DBBDF8042000216068FFF772
:107F200077FF0028AEDB0020AEE7BDF80620B106E3
:107F300060684FF0090156BF22F4007242F40072EB
:107F400092B2F30656BF22F4807242F4807292B26B
:107F5000ADF80620FFF75CFF0028CEDA92E7406814
:107F6000FFF76FBF70B506690C4606F144054FF088
:107F7000FF324FF0FF332846F4F7FAFEB6F84030F0
:107F800023802846F4F7B8FE002070BD13B50469BD
:107F900063683BB101A9FFF7E5FF01A92068D4E9B7
:107FA0000132984702B010BD08B50369C3E9011258
:107FB000FFF7ECFF002008BD0029034614BF012095
:107FC000002007D01A0A0A70C3F3421203F01F03FD
:107FD0004A708B70704710B50C4619460D2A08D8A8
:107FE000DFE802F00C170A1C232830353A43484DCD
:107FF0004D4D6FF0150010BD0020FCE7C3780E2B2F
:108000003DD9A36B13F4007F0CBF6FF085000020F7
:10801000F1E7C378122B32D9A36CF3E72368D803B6
:108020002DD5A089FFF7C8FFE5E723685A0226D5BA
:108030006089F7E7C378102B21D9206C030E1ED07E
:10804000000CEFE72368DB0219D5E089EAE7236833
:10805000980214D52089E5E7C378102B0FD9206C3E
:1080600010F47F4F0BD080B2DCE72369DA0706D526
:10807000E08AD7E72369DB0601D5608BD2E76FF092
:108080008500B8E74B1EC9074FEA530300EB830096
:10809000C36958BF1B0CC3F3072113F0FF031DBFB7
:1080A0000020117053706FF015007047C3780E2BCD
:1080B00021D9896BCB0CC1F3C05003F00E030343ED
:1080C000080B00F0F0000343880800F47C500343E1
:1080D000C1F3402043EA8033C802090500F4782048
:1080E00001F47001034300200B43116801F07F414C
:1080F0000B43136070476FF0850070472DE9F34123
:108100001C469046002382680D4669462360A360A2
:10811000536901AA9847019B5A1E019223B96FF037
:10812000150002B0BDE8F0810098A2684768216898
:10813000676085B9A8EB02030668B34228BF3346DF
:108140001A4403FB0711A260216002689A4206D814
:1081500008300090DFE76B1AB3FBF7F3ECE7002081
:10816000DFE713460022FFF7C9BF13460A46002186
:10817000FFF7C4BF07B5836801AA69465B699847E2
:108180000020019B5A1E019213B903B05DF804FB55
:10819000009B53F8082B10440093F2E7436800203B
:1081A0001B69C1E90030704703697C330B60012310
:1081B00013607047F4F7A0BD00225C2008B511469B
:1081C000D0F710FF5C20BDE80840D0F7DBBE0069A7
:1081D000E8F76ABB7FB50BAB059303930A9B029349
:1081E00000231846CDE90033CCF7E4F807B05DF87A
:1081F00004FB4FF0FF324FF0FF334C30F4F7B8BDC3
:1082000070B58EB004460E4615460021342201A8F2
:1082100007F08EFB4FF48073022E2A4606934FF030
:1082200080736946206909930CBF352305230093A9
:108230000123E1F749FF0EB070BDF0B50D1E8FB000
:10824000064617461C4642DB40682A194FEAE5738A
:108250004FF00001006943F10003904271EB03030A
:1082600035D38CB3302202A807F062FB30694FF49B
:1082700080730195069390F8BF3013F0010F0CBF87
:108280004FF400534FF44053039390F8BD300093E4
:1082900090F88F30042B14BF4FF440634FF4806389
:1082A00007934FF04073099390F8BE300593FFF7A2
:1082B000A0FF23463A4669463069E1F705FF0446C8
:1082C00030694C30FFF776FF20460FB0F0BD6FF0FD
:1082D0001504F9E710B590B004463422002103A834
:1082E00007F026FB052302934FF4807308934FF0A9
:1082F00080730B9301230DF1070202A92069E1F7B6
:10830000E3FE18B99DF80730DB07F3D410B010BDB9
:108310006FF004036430C362FFF74CBF6430FFF7B3
:1083200049BF6430FFF746BF6430FFF743BF643096
:10833000FFF740BFFFF7ECBF7FB50BAB059303938F
:108340000A9B029300231846CDE90033CCF732F89C
:1083500007B05DF804FB2DE9F0430024074689B01F
:108360000D4690461E462046B44213D204F1200921
:10837000B14512D92022FF21684607F0D9FA321BF5
:1083800008EB0401684607F0ABFA6A46294638460E
:10839000E2F712FE09B0BDE8F08324F00704294695
:1083A000384608EB0402E2F707FE0028F2DB20352E
:1083B0004C46D9E7436800205B681B690B60704737
:1083C000436800205B689961704743680904002096
:1083D0005B689961704710B503699868F8B1884285
:1083E00019D1DC680868A142986000D1D8600020EB
:1083F00008602AB19A680A60DA68996002B9D9609F
:10840000002010E0814206D108682060D8688142CF
:10841000EDD1DC60EBE7044600680028F2D1002AC9
:10842000E8D16FF0150010BD12F4003CF8B5054618
:108430000C4613461DD0960714D550075DD5502223
:10844000D90611D542F4007203F4C061B1F5806F12
:1084500042D0B1F5C06F19D0B1F5007F18D142F00C
:10846000800215E01022EBE79F06EDD542F4806212
:10847000EAE7D60305D5D00605D4C2F3401292022E
:10848000E2E73022E0E74FF40072DDE742F4C07229
:1084900013F440372E6908D0306920FA04F1C90777
:1084A0005FBF0121A14001433161BCF1000F06D043
:1084B000180314D5696801234968A3408B61002320
:1084C00021466868E2F7C4FF27B9336923FA04F24A
:1084D000D2070CD40020F8BD42F48072D8E75903CB
:1084E000EDD501212846A140FFF76FFFE7E7012204
:1084F000A24023EA02033361ECE76FF08500EAE76C
:1085000070B50B468968054611B15E680C6801B903
:1085100070BD8A682A4002D04B68304698471CB12B
:10852000236821461C46F2E72346FAE7F8B51F46C2
:10853000044640680E461546E2F78AFF112F07D120
:1085400001212B0501FA06F104D563685B68996186
:108550000020F8BD2046FFF738FFF9E76FF08500EF
:1085600070476FF0850070476FF0850070476FF0BF
:10857000850070476FF0850070476FF08500704789
:108580006FF057007047DF23036000207047436897
:108590000169DB681A6822F002021A601A6822F088
:1085A00004021A601A6822F020021A601A6822F087
:1085B00010021A601A6822F040021A6091F85D20D9
:1085C0001AB91A6822F080021A6070477FB50BABA7
:1085D0000122059303930A9B029300231846CDE9D9
:1085E0000033CBF7E7FE07B05DF804FBC3681A68F9
:1085F00042F020021A601A6842F010021A601A68EB
:1086000042F040021A601A6842F080021A60704715
:1086100038B543680569DC68FFF7B9FF6368DB01BB
:1086200003D5636823F08073636095F85D301BB9F0
:10863000236823F0010323602846BDE83840F4F79F
:108640005BBB10B504694368626DDB688AB19A69E7
:10865000920702D5A26D12789A629A69510702D5E3
:10866000A26D596A1170A26D0132A265626D013A64
:1086700062659A69D20613D49A6991061BD49A69E5
:10868000520602D49A69110614D5226D127A920705
:108690000CD4FFF77CFF2046BDE81040F4F72CBB5C
:1086A000DA6942F01002DA610122A2645A6842F4E7
:1086B00080425A6010BDDA6942F02002DA615A68DD
:1086C00022F080725A60BDE81040FFF7A1BF4368F6
:1086D0000169DB689A69920507D5DA6942F400728C
:1086E000DA6101234B64FFF793BF9A69D20506D57F
:1086F000DA6942F48072DA610123CB64F3E77047F0
:108700002DE9F04F89B00546164603AFBDF84CA0E1
:1087100087E80E009DF8149029F006038DF81F30AD
:10872000049B6968FF2B2C69D1F80C808BBFFF2359
:108730004B460DF11F02129A84BF04939DF814302A
:10874000049888BF03F0FD0303998DF8143013F0EB
:108750000103C4E9150133D14FF0010B2846276509
:108760003946C4F840B0C4E9123300935346E2F7E7
:108770003DFF6868FFF73AFFD8F8003043F0020386
:10878000C8F8003041F2883200232046F4F7F0FAAE
:1087900050B12846FFF73CFF4FF0FF324FF0FF3358
:1087A0002046F4F7E5FA5846E36CD4E91121002994
:1087B0003AD1A3BB8ABB00283DD06FF0040044E04F
:1087C0000023284627653946C4E91033C4E912332B
:1087D0004FF4806300935346E2F708FF6868FFF7A1
:1087E00005FFD8F8003043F00403C8F8003041F228
:1087F000883200232046F4F7BBFA50B12846FFF731
:1088000007FF4FF0FF324FF0FF332046F4F7B0FA86
:108810000120E36CD4E91121C9E76364CDE702B11B
:1088200061640023E364C8E7002102B16164A164CC
:10883000002BF6D1C1E7049A039BB61A1344CDE985
:108840000336002E7FF46CAF304609B0BDE8F08FE0
:1088500000221F20114608B5D0F7C4FB1F20D0F717
:1088600091FB002220201146D0F7BCFB2020BDE860
:108870000840D0F787BB00224820114608B5D0F742
:10888000B1FB4820D0F77EFB002249201146D0F7EB
:10889000A9FB4920BDE80840D0F774BB00225F2047
:1088A000114608B5D0F79EFB5F20D0F76BFB002286
:1088B00060201146D0F796FB6020BDE80840D0F755
:1088C00061BB7FB50BAB0122059303930A9B029317
:1088D00000231846CDE90033CBF76CFD07B05DF8F7
:1088E00004FB2DE9F74398460B7A1546066943F0D9
:1088F000040307460C4601220B720B46AA420AD912
:1089000006F118094FF0FF324FF0FF3348460026BA
:10891000F4F72EFA20E00AD2197A187D81EA000CC9
:108920001CF0010F01D040071FD589071DD401326B
:108930000C33D2B2E2E7012D384614BF04F1140320
:108940000023CDE9003894E80E00FFF7D9FE061E9B
:1089500004DB013D0C34EDB2002DECD14846F4F7B8
:10896000CBF9304603B0BDE8F0836FF01506F8E7A9
:10897000704713B5436801AA04690021186800F024
:10898000F9F800280DDB019B002219791868E3F73C
:10899000EDF8002805DB01222046114606F0A0F97B
:1089A000002002B010BDF7B50C4617461D460669FB
:1089B0004FF0FF324FF0FF333046F4F7D9F921463C
:1089C00001AB3A4606F1180001F0ABFD0446304613
:1089D000F4F792F924B9019B20462B8003B0F0BD37
:1089E0006FF00400FAE77047F8B50C4616461F46CC
:1089F00005694FF0FF324FF0FF332846F4F7B8F91E
:108A000021463B46324605F11800E7F7CBF904460C
:108A10002846F4F771F9002C14BF6FF00400002011
:108A2000F8BD7FB50BAB0122059303930A9B02931C
:108A300000231846CDE90033CBF7BCFC07B05DF846
:108A400004FB2DE9F04192B044683422002105A8CE
:108A5000002506F06DFF1022002101A806F068FF36
:108A60002F4623684FF0440805936369AB4234D81E
:108A7000022B4CD023691B68002B0CBF102308234A
:108A800002930022237A01A905A803936389049322
:108A90000123019302F05BFB606806F077FB022381
:108AA00001A9002205A8019302F051FB032301A9AB
:108AB000002205A8019302F04AFB0423002205A826
:108AC0000DEB0301019302F042FBA18905A802F01E
:108AD0005DFB002012B0BDE8F08108FB05FC06AE8E
:108AE0008DF840702369634403F1280E1868083339
:108AF00053F8041C3246734503C21646F6D1216969
:108B000005A8013561442831E7F7C6FFADE7182312
:108B1000B6E730B5446889B0206805F0C6FD18B9DD
:108B20006FF0120009B030BD0DF1070220680DF1A1
:108B30000601A38802920122002403928DF80740C7
:108B40008DF81040CDE9051207228DF81C209DF804
:108B50001C20816842F002028DF81C2002228D68E0
:108B600002A9A8470028DDDB9DF806307C2BD7D171
:108B70002046D7E730B5036813600579046804EB35
:108B8000C504A34202D36FF0010030BD5C798C4272
:108B900001D00833F0E70020F7E7416370478163B5
:108BA0007047C163704701647047836D816570478A
:108BB000C165704741680369002049681B6801313D
:108BC000B3FBF1F3C2E9003070477FB50BAB012274
:108BD000059303930A9B029300231846CDE90033C3
:108BE000CBF7E8FB07B05DF804FB08B568B163306C
:108BF0004FF064024FF000032CBF01210021C8F7A1
:108C0000D7FABDE8084006F099BA08BD10B5046966
:108C1000204605F053FF0023636110BDF8B5876857
:108C200006467C689CB1436893F82630DB071DD468
:108C300005694FF0FF334FF0FF322846F3F762FF2C
:108C40006B69002B05DC00242846F3F7D3FF204690
:108C5000F8BD013B6B61002BF5D17B68304698472E
:108C6000041EBEBF6B6901336B61EDE70024EEE7C4
:108C7000F0B4D0E901631B693BB177688F4208DB30
:108C80003568954205DCF0BC18476FF05700F0BC22
:108C900070476FF01500FAE7F0B4D0E901631B6A82
:108CA0003BB137698F4208DBF568954205DCF0BCC3
:108CB00018476FF05700F0BC70476FF01500FAE7E7
:108CC00070B4D0E9016203460C46956AA5B196F8E6
:108CD000242012B92B4670BC1847306A024410F8A1
:108CE000011BA14202D121461846F3E79042F6D17A
:108CF0006FF0850070BC70476FF05700FAE72DE900
:108D0000F341D0E901470E46804694F825100569E5
:108D1000FF290FD194F82610C1F38101022914D044
:108D2000D8F8083000391B6B18BF01214BB96FF020
:108D3000570003E0FFF7C4FF0028EBDA02B0BDE8FC
:108D4000F081404698470028F8DBA268B2F1004F56
:108D500005D011464046FFF78BFF0028EEDB626925
:108D6000B2F1004F05D011464046FFF795FF0028AD
:108D7000E4DB2368B3F1004F14D0D8F808305B6906
:108D8000002BD4D001A9404698470028D6DB2268A2
:108D9000019B9A421CDD11464046FFF769FF0028FF
:108DA00005DACBE762686FF000439A42E5D19EB9DD
:108DB00094F826309B0716D03B6840469847002819
:108DC000BCDBA069FFF711FF6B6901336B610AE03F
:108DD00062689342EBDDDEE76B6901336B6194F807
:108DE0002630DA0601D40020A8E74046FFF716FF38
:108DF000A4E7012303FA01F103691B68194218BFB4
:108E000082F0010212B18368DB68184783681B692E
:108E1000FBE708B54368986A38B1012293F82C1033
:108E2000FFF7E7FF00EAE07008BD6FF08500FBE7A1
:108E300043681868B0F1004018BF0120704703462E
:108E4000084631B95B681B68B3F1004F01D013606D
:108E500070476FF0150070474368986A20B1002290
:108E600093F82C10FFF7C5BF6FF08500704770B501
:108E7000B1B101240589AA420CD34689964209D38F
:108E8000521BD0E90014002004FB02121A6070BDCE
:108E90002C46EFE7A14200F10C0004F10105F7D8E0
:108EA0006FF01500F3E730B5436800211B6B0846EF
:108EB0001C7A5B6808338C4203F10C0300D830BD88
:108EC00033F80A2C013133F80C5C521B0132104488
:108ED000F1E713464268106B8AB2017A4068FFF7E7
:108EE000C6BF1346426892F83400022805D8106BBA
:108EF0008AB2017CC068FFF7BABF6FF08500704787
:108F000010B543680446986A05F0CFFB40B120468F
:108F1000FFF77CFE20460021BDE81040FFF7EFBEC2
:108F20006FF0120010BD2DE9F0410C24069E04FBE9
:108F3000010188420ED0B0F80A8007460489D0E9C2
:108F4000005CA8EB040E0C300CFB0E5E7245F0DCEE
:108F5000AB4203DA6FF01500BDE8F081AA4206DBF0
:108F6000734506DD6FF02100A6F80080F4E7A04607
:108F7000F8E7BCF1000F02D134800020ECE70CF1DF
:108F8000FF31551B4A19B2FBFCF21444A4B23480E1
:108F90003A89A41AD7E9002101FB04229A42ECD9AC
:108FA000D8E708B54368186805F07FFB00280CBFB8
:108FB0006FF01200002008BD30B587B00025009288
:108FC00001228DF808500192CDE9033207238DF874
:108FD00014309DF81430826843F002038DF8143089
:108FE0000B46946869460222A04707B030BD2DE9C0
:108FF000F04186B017461C4605468DF80C200DF151
:10900000070303AA8846FFF7D7FF00BB9DF8073088
:109010009DF8302023EA040614403443A34216D0BE
:1090200002AB8DF808708DF8094003930223049376
:109030008DF814309DF8143003A9AA68284643F02F
:1090400002038DF81430434694680122A04706B00D
:10905000BDE8F08113B540680024026B90F82C1035
:109060005378D2780094806AFFF7C1FF02B010BD38
:1090700007B5012340685B22017900930323006850
:10908000FFF7B5FF03B05DF804FB73B540680C460D
:109090000DF10702036B818D5D681E7A1B78806A73
:1090A0008DF807300DF10603FFF786FF002806DB79
:1090B00023469DF8062031462846FFF7D8FE02B029
:1090C00070BD13B54068046B90F82C106378E2789B
:1090D000A4780094806AFFF78AFF02B010BD30B513
:1090E000436893F83420022A13D81B6B00211C7CA0
:1090F0000846DB6808338C4203F10C0300D830BD0E
:1091000033F80A2C013133F80C5C521B0132104445
:10911000F1E76FF08500F2E7F0B5446889B00E46DC
:10912000174694F83430022B3BD8236B05AAA06A6B
:10913000DB78A18D01338DF814300DF10F03FFF7AB
:109140003BFF00282BDB256B0DF112033246297CF7
:1091500000933B46E868FFF7E6FE00281FDB9DF81A
:109160000F209DF81230E9781A43A06AA38D0131CF
:109170008DF80F208DF8112004AA8DF8101005929B
:10918000022206928DF81C209DF81C20816842F076
:1091900002028DF81C2001228C6805A9A04709B0A5
:1091A000F0BD6FF08500FAE770B586B044680E46F2
:1091B0001346206B0DF10A020578017A00923246BF
:1091C0004068FFF7B0FE002818DB9DF80A20A06A6F
:1091D0008DF8092002AAA38D039202228DF808506F
:1091E00004928DF814209DF81420816842F0020248
:1091F0008DF8142001228C6803A9A04706B070BD29
:109200004368C1F34B1001F01F011B68C0580123D4
:109210008B4003424FF0000014BF01230023137062
:10922000704710B54368C1F34B1001F01F011A6875
:10923000012384588B4023438350002010BD10B578
:109240004368C1F34B14012201F01F0118688A40E2
:10925000235823EA02032350002010BD38B50446EA
:109260000D46FFF7DEFF29462046FFF7E8FF002006
:1092700038BDB0F5805F07D0B0F1805F09D100291B
:1092800014BF012002207047002914BF03200420CE
:109290007047002914BF02200320704743681B68F1
:1092A000D869DA69C0F3C000D107DA6948BF40F075
:1092B00002009207DA6948BF40F004005107DA69FA
:1092C00048BF40F02000D20504D54FF4807240F032
:1092D00008001A62C10701D508221A62820701D567
:1092E00001221A62410701D502221A62820601D5C3
:1092F00004221A62704743681A6852E8003F43F03C
:10930000400342E800310029F7D1704743681A68EA
:1093100052E8003F23F0400342E800310029F7D132
:10932000704743681A6852E8003F43F0200342E860
:1093300000310029F7D1704743681A6852E8003FAE
:1093400023F0200342E800310029F7D17047436839
:109350001B68D869C0F3401070470120704703694B
:10936000C3E902127047026993680BB1D1681847CC
:1093700070470022252008B51146CFF733FE25207F
:10938000BDE80840CFF7FEBD0022342008B51146E5
:10939000CFF728FE3420BDE80840CFF7F3BD002208
:1093A000472008B51146CFF71DFE4720BDE808400D
:1093B000CFF7E8BD0022522008B51146CFF712FEC4
:1093C0005220BDE80840CFF7DDBD7FB50BAB0122D1
:1093D000059303930A9B029300231846CDE90033BB
:1093E000CAF7E8FF07B05DF804FB43681B68D8695B
:1093F000C0F38010704743681B68D86910F0800084
:1094000002D01868C0F38010704710B50269044696
:109410000B46526812680A6042681268126802F4C9
:10942000C062B2F5806F33D0A2F5C06042424241C3
:109430001A7162681268526802F44052B2F5805F95
:1094400028D0B2F5405F27D0002A0CBF01220322AA
:109450005A71626812681068116800F0102001F4F7
:10946000C061FFF706FF9871626800201268926879
:1094700002F44072A2F540714A424A41DA716168D1
:109480000968896811F4804F18BF0322DA7110BD92
:109490000222CDE70022DBE70222D9E738B5436894
:1094A0000C461B681868196800F0102001F4C061B0
:1094B000FFF7DFFE04281AD0D86910F0800015D01D
:1094C000EFF31181102080F31288BFF36F8F00201B
:1094D000151A002D06DDDD692D0603D5255C01304A
:1094E0009D62F5E781F31188BFF36F8F38BD6FF090
:1094F0008500FBE710B5436810201B68DA69120687
:10950000FCD5EFF3118280F31288BFF36F8FDC6913
:10951000240604D482F31188BFF36F8FEEE79962BB
:1095200082F31188BFF36F8F10BD43681B68DA693F
:10953000910602D51A68920607D4D86910F0400047
:1095400004D01868C0F3801070470120704738B508
:1095500043680C461B681868196800F0102001F475
:10956000C061FFF786FE04280FD000200821151ADD
:10957000002D0CDDDD69AD0609D55D6A255401308D
:10958000DD692D07F3D51962F1E76FF0850038BD6D
:1095900043681B68DA69100701D508221A62DA6984
:1095A000920603D55B6A00200B7070474FF0FF30C6
:1095B0007047036801F4006201F4C02123F40063E2
:1095C00013430360C36823F4C0230B43C360704795
:1095D00030B50446086808B9106008E0206845689E
:1095E0009D4205D3B5FBF3F515602368186830BDBF
:1095F00008302060086801380860EBE770B5044661
:1096000015461E46E9B901650023636504F164024D
:10961000334604F1540104F15000FFF7D9FF2066EE
:10962000ADB9A5650023E36504F16C02334604F18E
:109630005C0104F15800FFF7CBFF0023A066236410
:1096400070BD0B680365002BDED04B68DDE72B682F
:10965000A365002BE6D06B68E5E710B50B680C46F8
:109660000A6E9B88C3F34513082B24D1DAB14B6EE5
:1096700003B11378DBB280F82030636E93B1013B05
:10968000636693B9236D08332365636D013B63659E
:10969000012304F1640204F1540104F15000FFF7C6
:1096A00097FF206610BD1346E4E7236E002BF9D028
:1096B00001332366F6E792B14B6E03B113889BB278
:1096C0000384636E002BEDD0013B63664BB9236DC1
:1096D00008332365636D013B63650223D9E71346B5
:1096E000EDE7236E002BDDD00233E2E710B50C4628
:1096F00022689288C2F34512082AD1E91A3121D191
:1097000090F83020D2B20BB101B11A70E36E93B170
:10971000013BE36683B9A36D0833A365E36D013BA9
:10972000E365012304F16C0204F15C0104F15800CB
:10973000FFF74EFFA06610BDA36E002BFBD00133D8
:10974000A366F8E7028E92B20BB101B11A80E36E04
:10975000002BF0D0013BE3663BB9A36D0833A36552
:10976000E36D013BE3650223DCE7A36E002BE2D04F
:109770000233E5E70022242008B51146CFF732FC7A
:109780002420BDE80840CFF7FDBB30B5D1B10022A1
:109790004D681346AA420ED18288C2F30222B3FB5F
:1097A000F2F102FB11337BB9B1F5803FB4BF08463B
:1097B0006FF0790030BD0C6804EBC20401326468BC
:1097C0002344E7E70846F5E76FF01500F2E77FB5B9
:1097D0000BAB0122059303930A9B029300231846C7
:1097E000CDE90033CAF7E6FD07B05DF804FB034698
:1097F0000A4600681979012303FA01F103691B681D
:10980000194218BF82F0010212B18368DB68184761
:1098100083681B69FBE74369DA0702D590F83030AB
:10982000F9E7036823F0010303600368DB07FCD456
:10983000704710B5036804464BB19A683AB118698D
:1098400004F023FF206800210830FFF7D0FFA36950
:1098500033B9636004F11000BDE81040F3F74CBA6F
:1098600010BD10B544680069FFF7E3FF2068FFF7FB
:10987000D2FF002010BD2DE9F047D0F80480064645
:1098800005690F46D8F80040236923F002032361DD
:10989000236923F001032361236923F0200323615B
:1098A000236923F040032361236923F080032361AC
:1098B000236923F480732361236923F400732361F4
:1098C00098F81C301BB1236923F0080323616369F6
:1098D000D80702D594F83030F9E7E36859021BD570
:1098E00063689BB2002B34D1636913F4805FF7D0B7
:1098F000D6F81090D9F8003073B19A6862B199889F
:1099000011F4805A08D1186904F0BFFED9F800009C
:1099100051460830FFF76BFF63699A0503D5A369C9
:1099200043F40073A36198F81C102368E268A1B1A6
:10993000A36943F01003A361A36943F04003A3614B
:10994000A36943F00803A36163681B0C1B046360F5
:109950000BE0636913F0080FC9E703F4006302F436
:10996000C0221343B3F5C02FEED02B689B88DB04D5
:1099700002D42046FFF74FFF95F84C3033B92F64DF
:1099800005F12800BDE8F047F3F7B6B96B6C1BB1E1
:10999000AA6C3946304698472B689B8813F40053CD
:1099A00003D16B6005F11000ECE7BDE8F0872DE90D
:1099B000F8434768064604693B7FD7F8009023B117
:1099C000D9F80030DD0740F101814846E2F7A2FEF8
:1099D000054628B129463046BDE8F843FFF74BBF9E
:1099E000626E0AB9E36EF3B123683D689B88D807BD
:1099F00058D43B7F002B37D02B68EA6803F400680B
:109A000002F4C02348EA0308B8F5C12F1CD16B69E2
:109A1000990724D43868E2F77DFE054618B101465F
:109A20003046FFF728FFD9F80030D9F80C2003F4AE
:109A3000006302F4C022134340F0C080636E002B29
:109A400040F0C480E36EBEE06B69DA0703D52146BF
:109A50002846FFF74BFEB8F5C02FD8D1DAE72146EC
:109A60002846FFF7FAFDD5E72B68EA6803F400689B
:109A700002F4C02348EA0308B8F5C02F07D13868BC
:109A80004369DD07FCD52146FFF730FEC2E76B696D
:109A90009B07FCD521462846FFF7DFFDB8F5C12F0F
:109AA000B8D0ECE76969890765D5002A63D0C3F3AC
:109AB0004513226E082B49D1137885F82030636E48
:109AC0009BB1013B6366002B3AD1236D08332365BC
:109AD000636D013B6365012304F1640204F15401E9
:109AE00004F15000FFF774FD20666B69DB0791D528
:109AF000A36E002B8ED0E26E002A8BD02268928853
:109B0000C2F34512082A42D195F830201A70E36E4C
:109B1000002B3FF47FAF013BE366002B30D1A36DF8
:109B20000833A365E36D013BE365012304F16C0297
:109B300004F15C0104F15800FFF74AFDA06669E7F3
:109B4000236E002BD1D001332366CEE713882B84FC
:109B5000636E002BC9D0013B63663BB9236D0833AC
:109B60002365636D013B63650223B5E7236E002B1C
:109B7000BBD00233E8E72B6923F002032B61B4E783
:109B8000A36E002B3FF446AF0133A36642E72A8E53
:109B90001A80E36E002B3FF43DAF013BE3663BB917
:109BA000A36D0833A365E36D013BE3650223BDE7C5
:109BB000A36E002B3FF42EAF0233E6E7B3F5C12FBF
:109BC0007FF440AF636E002B3FF404AFBDE8F88331
:109BD0001FB5079C0294069C019401240094E2F7AF
:109BE00085FE04B010BD1FB50024CDE901440094EA
:109BF000E2F77CFE04B010BD4FF0E022136923F0C1
:109C00000103136170470421E3F756BA03460A467D
:109C1000F0B41979DB8800681343DA0706694FF05E
:109C20000105876848BF83F4402334688D4023F4DE
:109C30008012DB074CBF2C43AC4334603B68F0BC64
:109C4000184710B5036914460FCB84E80F000020B5
:109C500010BD7FB50BAB059303930A9B02930023C2
:109C60001846CDE90033CAF7A5FB07B05DF804FB41
:109C700005F064BA0A2180FB0101FFF7F9BF4068D3
:109C80000A4601B10F22F221E3F75CBA2DE9F8434D
:109C90000C469046FE21002205469946BDF82060FC
:109CA000BDF82470E3F74EFA002842DB4FEA192290
:109CB0002846E1B2E3F746FA00283ADB611C5FFA76
:109CC00089F22846C9B2E3F73DFA002831DBA11C2E
:109CD0004FEA18222846C9B2E3F734FA002828DBF5
:109CE000E11C5FFA88F22846C9B2E3F72BFA002894
:109CF0001FDB211D3A0A2846C9B2E3F723FA0028E0
:109D000017DB611DFAB22846C9B2E3F71BFA002837
:109D10000FDBA11D320A2846C9B2E3F713FA002867
:109D200007DBE11DF2B22846C9B2E3F70BFA00EAFD
:109D3000E070BDE8F883F8B505460F46066914469D
:109D40004368F2B121F0020004301AD11869836827
:109D50005B6843B1984730B9224639462846BDE88A
:109D6000F840E3F7A5BCD6F89C3000202360D6F875
:109D7000A030A360D6F8A4306360D6F8A830E360C2
:109D8000F8BD6FF01500FBE7436818698368DB696D
:109D900003B118476FF0570070474368186983682C
:109DA0001B6A03B118476FF05700704710B521F0D8
:109DB000020100690431D0F8A830D0F8A04004FBBB
:109DC00003F30BD19168994208D300246430114603
:109DD000D360948204F044FF204610BD6FF015005C
:109DE000FBE721F00201043110B5144600690BD1E4
:109DF000DDE902238030F2F74DFF002820600CBF20
:109E00006FF00A00002010BD6FF01500FBE7002284
:109E10004E2008B51146CFF7E5F84E20BDE80840C2
:109E2000CFF7B0B800690430E4F73EB910B4446825
:109E300021F0020004300AD14FF6FF701081D0806B
:109E400020698368DB683BB15DF8044B18476FF00D
:109E500015005DF8044B70476FF05700F9E77FB5C8
:109E60000BAB059303930A9B0293099B0193002379
:109E700018460093CAF79EFA07B05DF804FB10B5C8
:109E8000846BA06CA26B0368BAB11968A26B12F064
:109E900001020BD1090309D5DB68E16B03EBC101BA
:109EA000E5F774FDA36B013BA3630BE01A68120393
:109EB00008D41B690122E16BF0E71A68110312D57F
:109EC000626CDA60A26B236C9A420BD12268D36871
:109ED00043F00103D36023681B689B0702D501236D
:109EE00084F8353010BD1A681203EBD4E16B626C54
:109EF00002EB81021A61236CD6E7704790F8343088
:109F0000012B13D0012380F8343090F83530052B25
:109F100007D10223026880F83530136843F001034B
:109F20001360002380F834301846704702207047D1
:109F300008B5806B836C5B6D022B06D0012380F823
:109F40003530C36C43F04003C364E3F749FE08BDFA
:109F50007047704730B58B6802680D6814682B43F2
:109F60004D6924F07F442B438D6924F47B042B43FB
:109F70004D6A24F4FE442B43CD6A24F07C042B4329
:109F800023430C7943EAC4630C7B43EAC4534C7B00
:109F900043EA84538C7B43EA4453CC7B43EA045327
:109FA0008C7C43EA04430C7F43EA04334C7F43EA4E
:109FB000C423CC7F43EA442391F8284043EA0413A6
:109FC0000C7CB4FA84F4640943EAC4434C7CB4FACC
:109FD00084F4640943EA44438C7FB4FA84F464094A
:109FE00043EA842391F82040B4FA84F4640943EAF4
:109FF000042313600468CA6B636823F07C5323F462
:10A00000EF2323F4FF6323F0070343EA42634A6B21
:10A01000134391F8382043EA026391F8302043EA71
:10A02000824391F8312043EA424391F83220B2FA58
:10A0300082F2520943EA0243636002684C6CD368BF
:10A0400023F4877323F00103234391F8404043EA4C
:10A050000423D36004688A6C236F23F0F2031B048B
:10A060001B0C43EA02430A6D134391F8542043EA60
:10A07000420391F84C20B2FA82F2520943EAC21329
:10A080002367046891F85630D4F8902022F0030238
:10A09000134391F8552043EA4203C4F89030026814
:10A0A0008C6DD2F8003D23F072032343C2F8003DCB
:10A0B0000068CA6DD0F8303D23F07B03134391F85C
:10A0C000612043EA021391F8622043EAC20391F847
:10A0D0006020B2FA82F2520943EA8213C0F8303D9E
:10A0E00030BD2DE9F7430023856E0446C76E01930A
:10A0F00005F112034FF001484FF0414950F8236039
:10A1000037B13369E3B901A8DFF7C2FB019BABB9F3
:10A11000E36EBB420FD0BFF35F8FE91C2368226957
:10A12000182001F0030103F5805300FB0122C3F85E
:10A130002821C4E91A5703B0BDE8F08333613360C6
:10A14000A36D63B1C6F80C906B1C013F032B88BF55
:10A15000EB1E03F112021D4654F82260D0E7C6F848
:10A160000C80F1E7704710B5D0F884300446102B0E
:10A170004FF0010343D1202283650423C0F88420DB
:10A18000C366FFF7AEFF2368002003F58053D3F8C2
:10A19000042142F00102C3F80421236803F580532F
:10A1A000D3F8082142F00102C3F80821236803F51F
:10A1B0008053D3F8602142F48172C3F86021226891
:10A1C000D2F8003D43F00103C2F8003D2268136855
:10A1D00043F0020313602268136843F00103136025
:10A1E000226802F58052D2F8343143F4504343F0F0
:10A1F000C103C2F834314023C4F8843010BD18467E
:10A20000FCE710B5044639B9D0F8883043F00103B3
:10A21000C4F88830012010BDD0F88420402AF9D13C
:10A220004B6B0122C363E5F72FFC20B1D4F88830D3
:10A2300043F00203ECE7BFF34F8FA26A0020531CE8
:10A24000032B88BFD31E2268A362063354F8231061
:10A2500002F58053C3F82011DDE72DE9F04F85B0FA
:10A260000446009149B9D0F8883043F00103C0F8A2
:10A270008830012005B0BDE8F08FD0F88430402B45
:10A28000F7D1D0F85C804FF0000A00F1800108F1AE
:10A2900012035746D34650F823507C3050F8103CF8
:10A2A000C3F104030193EB68002B05DB019B9F4284
:10A2B00002D0BAF1000F11D0E36E1F44E76617B168
:10A2C0002046FFF70EFFC4F85C80BAF1000FD0D033
:10A2D000E36F0020009A1360E067CBE7EB6808F1BA
:10A2E000010613F0005F02D1E36F002B34D0EB685E
:10A2F0009B0048BFC4E918BBEB68C3F30E09636E4B
:10A30000A9EB0309EB68DA0015D5EB6823676B68E6
:10A310005B040ED5032E334688BFA8F10303123326
:10A3200054F82330DA68520003D55A68A2671B68D4
:10A3300063674FF0010A1FFA89F32A69CDE9020128
:10A34000DFF7C6FA236E01332366636EDDE902018F
:10A350004B446366C5F810B0032E07F1010788BFB0
:10A36000A8F1030606F11203B04654F823509AE709
:10A370002DE9F843D0E9105604466DB14FF01808A6
:10A380004FF0000904EB8607013DF86A48B9731CD9
:10A39000032B00D9F31E15B90020BDE8F8831E4633
:10A3A000F0E7E36808FB0633DB68002BF4DBDFF73C
:10A3B000A7FA731CC7F82C90032B88BFF31EC4E9BF
:10A3C0001053E8E77047704770472DE9F84303687A
:10A3D0004FF0B0420446D3F8B06003F58053D3F891
:10A3E0006051D3F83491D2F8A880D2F8E8706A06A8
:10A3F00008D519F0400F05D048F24002C3F860219B
:10A40000FDF7F4FCEB070CD519F0010F09D0236818
:10A4100048F20102204603F58053C3F86021FDF79E
:10A42000E1FC680424D519F4804F21D0D4F8883099
:10A4300015F4805F43F00803C4F88830236803F5FF
:10A440008053D3F860215AD022F46F6222F00D02BB
:10A45000D204D20CC4F88C20D3F8342122F4404228
:10A46000C3F83421E023C4F884302046FDF7BDFC56
:10A4700016F4C04F13D0D4F88830204643F01003B0
:10A48000C4F888302368D3F8B830C4F89030E0239B
:10A49000C4F88430FDF7A9FC0023C4F89030F1061D
:10A4A0000CD523682046D3F8C03003F06003C4F80D
:10A4B0009430FFF787FF0023C4F89430B2060CD520
:10A4C00023682046D3F8D03003F00F03C4F8983047
:10A4D000FFF779FF0023C4F89830E3F7A5FC0328C1
:10A4E00016D118F4800F08D04FF0B0434FF480021B
:10A4F000C3F8A8202046FFF767FFBDE8F88302F401
:10A50000CD42C4F88C204FF4CD42C3F86021ACE7B3
:10A510007B02F2D54FF0B0434FF48002C3F8E8203D
:10A52000E8E770B51E4603680546D3F80002C00789
:10A5300001D5012070BDD3F8004224F0787444EABC
:10A54000415121F4F81141EA024242F00D02C3F8F0
:10A550000022F6F7CDFA04462A68D2F8000210F07D
:10A56000010004D1D2F804329BB23360E2E7F6F77F
:10A57000BFFA001BB0F57A7FEED9DAE7002900F0C8
:10A58000E78003681B6803F00C03CB6203681B6859
:10A59000C3F3001381F8283003681B6803F06003DD
:10A5A0004B6203681B6883F48073C3F3002381F854
:10A5B000203003681B68C3F34023CB7703681B6814
:10A5C00083F48063C3F380238B7703681B68C3F332
:10A5D000C0234B7703681B68C3F300330B77036812
:10A5E0001B6803F400538B6103681B6803F480430A
:10A5F0004B6103681B68C3F300438B7403681B68DB
:10A6000083F40033C3F340434B7403681B6883F443
:10A610000023C3F3C0430B7403681B68C3F30053E8
:10A62000CB7303681B68C3F340538B7303681B68C9
:10A63000C3F380534B7303681B68C3F3C0530B739E
:10A6400003681B6803F0E0638B6003681B68C3F357
:10A65000C0630B7103681B6803F0E0430B60036881
:10A660005B68C3F30D034B6303685B6883F480335B
:10A67000C3F3004381F8323003685B68C3F340439F
:10A6800081F8313003685B68C3F3804381F8303070
:10A6900003685B68C3F3006381F8383003685B6864
:10A6A000C3F34463CB630368DB68C3F3002381F81F
:10A6B00040300368DB6803F00F034B6403681B6FD3
:10A6C000C3F3400381F8543003681B6F83F08003A9
:10A6D000C3F3C01381F84C3003681B6F03F07003A1
:10A6E0000B6503681B6F1B0C8B640368D3F89030F9
:10A6F00003F0010381F856300368D3F89030C3F3B8
:10A70000400381F855300368D3F8003D03F072032D
:10A710008B650368D3F8303D03F02303CB650368F2
:10A72000D3F8303DC3F3C00381F862300368D3F837
:10A73000303DC3F3001381F8613003680020D3F883
:10A74000303D83F04003C3F3801381F860307047DD
:10A750000120704708B539B1D0F88430102B03D1EF
:10A76000FFF7F8FB002008BD0120FCE7002937D0E7
:10A7700003689B6803F001030B7003689B68C3F3D5
:10A780004003CB7003689B68C3F380030B710368BD
:10A790009B68C3F3C0030B7203689B68C3F3001389
:10A7A0004B7103689B68C3F340134B7203689B684B
:10A7B00003F0C003CB6003689B68C3F30023CB7135
:10A7C00003689B68C3F340238B7103689B68C3F3E2
:10A7D00080238B70036800209B68DB0F4B707047F1
:10A7E00001207047D0F884007047D0F88800704787
:10A7F000D0F88C007047D0F89000704728B190F8DE
:10A800003D30022B03D0802383660120704702680D
:10A81000042380F83D300020D36823F00103D36087
:10A8200070477047F7B50446E0B190F8953403F0EF
:10A83000FF021BB980F89424FFF7F3FF032320687D
:10A84000251D84F8953400F0D5FD237C8DF800306B
:10A85000206895E80E0000F079FD014630B1022332
:10A8600084F895340125284603B0F0BD206800F037
:10A87000C7FD0028F3D1267904F11403012702460D
:10A88000C1B224338E4220D8002104F515730A4644
:10A89000C8B22433864226D8237C8DF80030206845
:10A8A00095E80E00E6F7F4FC05460028D7D1012311
:10A8B000607484F89534237B012B02D1204600F08C
:10A8C000D3F9206800F072FFCDE723F80A0C0130BD
:10A8D00003F8237C03F8241C03F8202C43F8142CE1
:10A8E00043E90722CCE7013103F8232C03F8240CB9
:10A8F00003F8202C43F8142C43E90722C8E77047DB
:10A9000038B5044610B90125284638BD032380F820
:10A910009534006800F00CFF05460028F3D120466E
:10A92000FFF7EDFF84F89554EEE710B590F8942406
:10A9300004460368012A16D0012280F89424DA68BC
:10A94000520606D5427B012A03D19A6B42F480322B
:10A950009A63206800F048FD206800F019FF00208D
:10A9600084F8940410BD0220FCE738B590F89434C4
:10A970000446012B1BD00123056880F89434284637
:10A9800000F038FD206800F011FF1021206800F071
:10A9900065FDEB685B0606D5637B012B03D1AB6BD2
:10A9A00023F48033AB63002084F8940438BD022084
:10A9B000FCE77047704710B590F894240446012ACC
:10A9C0000AD00122417480F89424006800F0D0FE7F
:10A9D000002084F8940410BD0220FCE770B501F05B
:10A9E0000F0611F0800F05464FF0240006EBC60459
:10A9F0004FEA840420D004F1140100FB0650012426
:10AA000029444475C2F30A020E700B718A604A78B9
:10AA100002B14E83022B04BF00234B7195F894348E
:10AA2000012B12D00123286885F8943400F06CFDC6
:10AA3000002085F8940470BD04F5157100FB0650E4
:10AA40000024294480F85542DCE70220F3E710B5E2
:10AA5000044601F00F0011F0800F4FF0240200EBCC
:10AA6000C0034FEA830315D003F1140102FB004237
:10AA7000012321445375087094F89434012B12D0AB
:10AA80000123206884F89434E6F7C2FC002084F89F
:10AA9000940410BD03F5157102FB0042002321440C
:10AAA00082F85532E7E70220F3E770B501F00F05B1
:10AAB0002424164604FB050104FB050401F5157169
:10AAC00084F85452C4E998230023C4F8683284F807
:10AAD00055328279012A08BFC4F870620068E6F72F
:10AAE000F7FC002070BD01F00F01242303FB0100DF
:10AAF000D0F86802704770B501F00F05242416469F
:10AB000004FB050104FB050414312575C4E9082381
:10AB10000023A3620123637582799A4208BF2663EA
:10AB20000068E6F7D5FC002070BD38B501F00F05D0
:10AB300003790446AB422BD311F0800F4FF0240071
:10AB40001DD000FB0541012300FB05401431437576
:10AB500001230D708B7094F894249A421AD02068C7
:10AB600084F8943400F090FD2DB904F29C42A17950
:10AB70002068E6F791FD002084F8940438BD00FBBE
:10AB800001431A4603F51571002382F85532DFE7B9
:10AB90000120F3E70220F1E738B501F00F02037955
:10ABA0000446934229D302EBC20311F0800F4FF009
:10ABB00024004FEA830317D003F1140100FB024085
:10ABC00001232144437500250A708D7094F8943454
:10ABD000012B14D00123206884F8943400F07FFD09
:10ABE000284684F8945438BD03F5157100FB0240E3
:10ABF0000023214480F85532E5E70120F3E70220E5
:10AC0000F1E701F00F030A0603EBC3034FEA8303E6
:10AC10004CBF03F1140103F515710144006800F005
:10AC2000B2BC70B503681204586A19B902439A623B
:10AC3000002070BD9C6A4E1E00EB14400024B442FC
:10AC400005D33F31024303EB81035A60F0E704F17F
:10AC50004005013403EB85056D6800EB1540EEE718
:10AC60000368002059627047012102680346C0F85A
:10AC7000D814002083F8CC04936943F000639361F7
:10AC8000536D43F0805343F003035365704770479F
:10AC90004B6A2DE9F04333B1B2F1406F03D08B6AB8
:10ACA0000468013B23618B690D6A002B5ED0046848
:10ACB0005DB38B68E361CD69D1F824C004688E6907
:10ACC0000F6AD1F834E0D1E90B3885B12B430D6917
:10ACD000134343EA080343EA0E0343EA0C032B43FE
:10ACE000CD683B432B430D6833432B435CE043EA81
:10ACF00008031A430B6942EA0E0242EA0C021A43A5
:10AD00000B683A4332431A435DE04D69CE69D1F88E
:10AD10000090AD04D1F824804F6BD1E90BECAEB1BB
:10AD20003343CE68134343EA090343EA080343EA83
:10AD30000E0343EA0C033B4333432B43B2F1406F12
:10AD4000636111D003684A689A610DE043EA090320
:10AD50001A4342EA080242EA0E0242EA0C023A436D
:10AD60002A43626103689E61BDE8F083002D31D003
:10AD700003688C68DC61CD69D1F824C004688E69F1
:10AD80000F6AD1F834E0D1E90B388DB12B430D694E
:10AD9000134343EA080343EA0E0343EA0C032B433D
:10ADA000CD683B432B4333434D6943EA8543C5E7B5
:10ADB00043EA08031A430B6942EA0E0242EA0C0214
:10ADC0001A433A4332434B6942EA83426261036861
:10ADD0009D61C9E7CD694B6A55B12B43CD6A0468C3
:10ADE00013432B430D6B2B434D6B2B43CD687CE7FB
:10ADF000002BB9D0CE6A046833431A430B6B1A4355
:10AE00004B6B80E72DE9F041DDF8188004460E46D3
:10AE100015461F4622689368334214BF012300235E
:10AE2000AB4201D1002012E0B8F1FF3FF3D0F5F7BB
:10AE30005FFEC01B404502D8B8F1000FEAD10423E1
:10AE4000012084F84130636C43F001036364BDE882
:10AE5000F08170472DE9F34704468A469046F5F79E
:10AE600047FE94F840300746012B35D001230226D7
:10AE700084F8403094F84130012B5FFA83F927D1F0
:10AE80000022034620212046626484F84160CDF808
:10AE90000080FFF7B7FF054698B9024651462046A5
:10AEA000FFF7F6FEDAF824304BB93B464A46314606
:10AEB000CDF80080FFF7A6FF60B92368DE6084F854
:10AEC0004190002384F84030284602B0BDE8F08766
:10AED0003546F6E70546F4E70225F5E7F7B50446FB
:10AEE0000F46F5F705FE034694F84020012A36D0B8
:10AEF0000122002684F8402094F84120012A2CD118
:10AF0000022266642021204684F84120A26C00922F
:10AF10003246FFF777FF0546E0B97B6A13B923682D
:10AF20000322DA60002239462046FFF7B1FE7B6A31
:10AF30004BB9226884F84030136843F440331360FF
:10AF4000284603B0F0BD012384F84130002384F883
:10AF50004030F5E784F84060F2E784F8406002256D
:10AF6000EEE72DE9F341044617468846F5F7C0FDA4
:10AF700025680646AA6994F84030012B50D0012379
:10AF800084F8403094F84130012BD8B246D10023E8
:10AF90006364B8F1000F3CD0222384F841302B6960
:10AFA0000133A3632B69C4F830800133636369699B
:10AFB00021F0406141F08061696123689A61A36B6F
:10AFC0009BB933460122022120460097FFF71AFF62
:10AFD00010B923680222DA60012384F8413000238B
:10AFE00084F8403002B0BDE8F081334601220621EA
:10AFF00020460097FFF706FF0028EDD195F82020A6
:10B00000236B1A70236B01332363A36B013BA36390
:10B01000D5E7636C43F008036364E0E70220DEE7F2
:10B020000220DFE710B590F840200346012A2FD018
:10B03000012280F8402090F84120012AD0B24FF040
:10B04000000223D15A64D1B1122083F8410018685C
:10B0500004690134DC6204695962032101349C6291
:10B06000C1601868416921F040614161104619686A
:10B0700083F840200B6843F4E0230B6010BD5A6C4A
:10B0800042F008025A6483F84010F7E783F8402042
:10B090000220F3E730B502680346956990F8400056
:10B0A000012832D0012083F8400093F84140012C60
:10B0B000E0B24FF0000426D15C64E9B1222083F8AD
:10B0C0004100106901309863106919630321013050
:10B0D00058632046D16019684A6922F0406242F004
:10B0E00080624A611A6895611A6883F84040136863
:10B0F00043F4E023136030BD5A6C42F008025A64F6
:10B1000083F84010F7E783F840400220F3E708B5E2
:10B110000023006C8363C36290F84130082B0DD18B
:10B1200003680222DA600268136843F40033136094
:10B130000268136843F00203136008BD012380F81E
:10B140004130FDF7E5F8F8E770477047704770B594
:10B1500090F82C3005460E46022BD8B210D000F0E5
:10B16000FB04012C10D10223286885F82C3000F054
:10B170007AF83368022B04D1052385F82C3000209F
:10B1800070BD85F82C40FAE70120F9E738B590F852
:10B190002C300446022BD8B20DD094F82C30012B61
:10B1A000DDB209D10223206884F82C3000F06DF85C
:10B1B000002084F82C5038BD0120FCE70023C0E9B2
:10B1C0000033C0E90233C0E90433C0E90633C0E903
:10B1D0000833C0E90A33C0E90C33C0E90E33036415
:10B1E000704710B54C69CB68013C013B240544EA2B
:10B1F0000334CAB90B688268013B02F070422343F2
:10B2000013434A68013A43EA02138A68013A43EA5F
:10B2100002230A69013A43EA02438A69013A43EA8E
:10B2200002638360002010BD836823F4700323F45D
:10B23000704323438360C3684A6803F07043013A54
:10B2400043EA02130A68013A13438A68013A43EA5F
:10B2500002230A69013A43EA02438A69013A43EA4E
:10B260000263C360DEE710B5D1E90034026923430D
:10B27000CC68920D43EA4423920513438A68013A4D
:10B2800043EA42130361002010BD436923F47F5356
:10B2900023F03E0343EA410343610020704706EE7A
:10B2A000900A07EE101A06EE102A07EE903AF8EE12
:10B2B000666AB8EE466AB8EE477AFBEEE97A77EE50
:10B2C000867A86EE876A9DED007AB8EE477A67EE59
:10B2D000867AC7EE876AFCEEE67A17EE900A704728
:10B2E00000234FF0FF32038043600361C0E9022373
:10B2F00070470023C0E90033C0E90233C0E90433DA
:10B30000C0E90633704782B0002302460193019BD7
:10B3100001330193019BB3F1706F15D81369002BB2
:10B32000F5DA00230193136943F001031361019BD4
:10B3300001330193019BB3F1706F05D8106910F0D0
:10B340000100F4D102B070470320FBE784B038B5A8
:10B3500005AD044685E80E009DF81930012B31D16A
:10B36000836B23F480338363C36823F4840323F063
:10B370004003C360C36823F44013C3609DF82030CA
:10B38000012B03D1C36843F48013C3602046FFF749
:10B39000BAFF9DF81630012B10D1E36D9BB2E36527
:10B3A000E36D43F07B7343F40033E365A36843F03C
:10B3B0000603A360A36843F02003A360BDE8384000
:10B3C00004B07047C36843F04003C360FFF79BFFBE
:10B3D0009DF81D3023B9A36B43F48033A363D8E7F2
:10B3E000A36B23F48033F9E7836843F001038360A0
:10B3F00000207047836823F00103836000207047BA
:10B4000038B5C368012905460C4623F0C043C36024
:10B4100013D1C368002443F00053C3600A200A34E8
:10B42000F5F76EFB6B69D90702D4C82CF6D1C82496
:10B43000A4F1C8035842584138BD69B9C36843F004
:10B440008043C3600A200A34F5F75AFB6B69DA07B8
:10B45000EED5C82CF6D1EAE70120EDE782B0002353
:10B4600002460193019B01330193019BB3F1706F7D
:10B4700015D81369002BF5DA8901002341F020016A
:10B4800001931161019B01330193019BB3F1706F33
:10B4900005D8106910F02000F4D102B070470320E5
:10B4A000FBE782B0002302460193019B0133019325
:10B4B000019BB3F1706F13D81369002BF5DA0023E9
:10B4C000019310231361019B01330193019BB3F19D
:10B4D000706F05D8106910F01000F4D102B07047F9
:10B4E0000320FBE7D0F800381943C0F8001800200B
:10B4F0007047D0F8083813F0060004D013F0020F9C
:10B5000014BF02200F20704730B50C78012200F5DF
:10B51000006304F00F0500EB4410AA404D78012DA4
:10B5200019D1DD692A43DA61D0F800391A0410D440
:10B530008A68D0F80059C2F30A030A792B4343EA18
:10B54000824343EA845343F0805343F40043C0F8FA
:10B550000039002030BDDC6944EA0242DA61D0F8EB
:10B56000003B1B04F5D48B68D0F8002BC3F30A030F
:10B5700013430A7943EA824343F0805343F4004380
:10B58000C0F8003BE5E700234A7813B5012A019390
:10B590000B784FEA431324D100F510601A58002AA3
:10B5A00002DB002002B010BD1A58202442F00062D5
:10B5B0001A500B7814FB03031A6842F080421A6099
:10B5C00042F21072019B01330193019B934201D916
:10B5D0000120E7E70B7814FB03031B68002BF1DB6A
:10B5E000DFE700F530601A58002ADADA1A5820240A
:10B5F00042F000621A500B7814FB03031A6842F001
:10B6000080421A6042F21072019B01330193019B48
:10B610009342DDD80B7814FB03031B68002BF3DB8C
:10B62000BFE710B59DF8084044B9033301329B08C9
:10B6300000EB023001EB83038B4201D1002010BDEF
:10B6400051F8042B0260F7E70346002070B5940818
:10B6500003F5805502F00302A04210D301EB8400F1
:10B6600062B103F580531C680023D90024FA01F16C
:10B67000C154013399B28A42F7D1104470BD2E688B
:10B6800041F820600130E7E74A780B78012A00EBA7
:10B69000431012D1D0F80029002A06DB2BB1D0F8D4
:10B6A000003923F08043C0F80039D0F8003943F462
:10B6B0000013C0F8003900207047D0F8002B002A92
:10B6C00006DB2BB1D0F8003B23F08043C0F8003BF1
:10B6D000D0F8003B43F40013C0F8003BEBE70B78D5
:10B6E00000EB43104B78012B11D1D0F8003923F433
:10B6F0000013C0F800390B79023B012B05D8D0F8B4
:10B70000003943F08053C0F8003900207047D0F86A
:10B71000003B23F40013C0F8003B0B79023B012BE4
:10B72000F3D8D0F8003B43F08053C0F8003BECE77F
:10B7300010B500F51063044600F52E614FF67F3218
:10B740009A602033C3F8E8218B42F9D100222046C9
:10B75000C4F81028C4F81428C4F81C28FFF7A1FE68
:10B7600028B920461021BDE81040FFF777BE10BD74
:10B77000D0F80038090123F4FE6301F4FE61C0F83B
:10B780000038D0F800381943C0F80018002070477E
:10B79000D0F8003E23F00303C0F8003ED0F8043890
:10B7A00023F00203C0F8043800207047D0F8003EB0
:10B7B00023F00303C0F8003ED0F8043843F002033E
:10B7C000C0F8043800207047426980691040704713
:10B7D000D0F8183800F50060C0691840000C7047B8
:10B7E000D0F8183800F50060C069184080B2704782
:10B7F00000EB411100F50060D1F8082B40691040C2
:10B800007047D0F81028D0F8343800EB411001F020
:10B810000F0100F51060CB408068DB01DBB2134301
:10B8200018407047406900F001007047D0F80039B7
:10B8300023F4FF6323F00703C0F80039D0F804387D
:10B8400043F48073C0F80438002070474FF48C72C2
:10B85000002104F06DB818B14FF48C71E8F792BB79
:10B86000704710B40C4611461A46012C08D81CB972
:10B870005DF8044BE6F7D2BB5DF8044BE6F714BA6B
:10B880006FF020005DF8044B704701292DE9FF4758
:10B890001E4680461546DDE90C345AD892B32A0775
:10B8A0005AD100294BD10DF110091D44EC461A461E
:10B8B00003F1100A67461068083252F8041CE64685
:10B8C0005245AEE80300F446F5D1224619464046FB
:10B8D000E6F7A4FBB8B9335822585340235004303C
:10B8E0001028F8D132463B46083203CB4B4542F88C
:10B8F000080C42F8041C1F46F5D1AA45534604F132
:10B900001004D3D1002004B0BDE8F087C25851F82C
:10B9100003C082EA0C02E2500433102BF6D1224617
:10B9200021464046E6F7C0F90028ECD1103D04F16D
:10B930001003214606D01C460023781BE6E731465B
:10B940005F19F9E754F8042B9C4246F8042BF9D10F
:10B95000D8E76FF02000D6E76FF02100D3E72DE99C
:10B96000F04144681F4605460E46A368904633B131
:10B9700010210120E8F712FBE06038B104460020F6
:10B980002660C4E901786C60BDE8F0816FF0690061
:10B99000FAE770B504680D1B002D02DC6FF05F0044
:10B9A00070BD94F900602378002E0ADB631C0360ED
:10B9B000237813600368C91A13688B42EED80020FD
:10B9C000EEE703F07F035C1E032C13D89D42E5DDF8
:10B9D000002414600468013404600468013B1568A5
:10B9E000247844EA05241460046804F10104046026
:10B9F000F3D1DFE76FF06300D2E770B404680E1B89
:10BA0000002E07DD26789E4208D10134046070BC08
:10BA1000FFF7BFBF6FF05F0070BC70476FF0610051
:10BA2000FAE773B51D46134601AA0446FFF7E5FF82
:10BA300018B9019A1AB96FF0630002B070BD23689B
:10BA400093F90030002BF6DB06462368197839B1EC
:10BA500006B10192042AEED809D10B06EBD406E018
:10BA60000133013A4FF001062360EED10192002329
:10BA70002B60019B013BE0D322682968127842EADF
:10BA800001222A60226801322260F3E737B50123E0
:10BA9000154601AA0446FFF7B0FF58B9019B012BD8
:10BAA0000AD123681B78003B18BF01232B60236851
:10BAB0000133236003B030BD6FF06300FAE7134633
:10BAC0000222FFF7AEBF73B50223154601AA044652
:10BAD000FFF793FF40B9019E28462168324600F0E7
:10BAE00019FD23683344236002B070BD70B5032391
:10BAF00005460E46FFF781FF98B9136893B1013BE5
:10BB000013602B681B78072B13710ED82B68013339
:10BB10002B60936012681344B3422B6018BF6FF020
:10BB2000650070BD6FF05F00FBE76FF06300F8E742
:10BB30002DE9F04F85B0984630230446009203AAC1
:10BB40000E469DF838A09DF83CB0FFF756FF05461D
:10BB500010BB2368039A13449E421AD06FF0650508
:10BB60001AE05A1C226093F80090009B09EA030334
:10BB7000434522D103AA31462046FFF70AFFD0B938
:10BB800009EA0A012268039B594509D022681A4430
:10BB900022602368B342E4D3284605B0BDE8F08FA5
:10BBA00010990029F2D049460193DDE91070B84799
:10BBB000019B0028EAD00546EEE76FF06105EBE750
:10BBC00038B503230446FFF718FF18B9136813B9F3
:10BBD0006FF0670038BD013B136023681A78002AB4
:10BBE000F6D101332360F5E710B500B910BDC46884
:10BBF000E8F7DAF92046F8E72DE9F34190461F46C9
:10BC000001AA302305460E46FFF7F7FE0446F0B9B9
:10BC10002B68F61A002E34DD1B784246284642F87F
:10BC2000043B019B2E681E4406233146FFF7E5FEC8
:10BC3000044660B92B68D8F80420C8F80830991871
:10BC4000B142296007D10C213846E8F79BF920461C
:10BC500002B0BDE8F0819B5C3A463146284642F886
:10BC6000043B2B6801332B60FFF793FE60B92B6810
:10BC70007A68BB601344B3422B6018BF6FF0650451
:10BC8000E5E76FF05F04E2E70446E0E710B500B9CE
:10BC900010BD8469E8F788F92046F8E738B5A0F1C7
:10BCA0004003054602465A21DBB24120E6F78EFBEF
:10BCB000A5F1460304462A46DBB27A216120E6F765
:10BCC00085FB04436B1D2A46E4B23921DBB23020E8
:10BCD000E6F77CFB04432B2105F11403E4B22A466A
:10BCE000DBB20846E6F772FB04432F2105F111038E
:10BCF000E4B22A46DBB20846E6F768FB2043013887
:10BD000040B238BD0139002901DA0020704750F8EF
:10BD10002130002BF6D0B3FA83F00131C0EB411093
:10BD2000704739B101F18041013900EB8101814255
:10BD3000034600D270471B680A681BBA12BA40F863
:10BD4000042B41F80439F2E72DE9F0411C4613F0C9
:10BD5000030306460D4618BF0123904603EB9403E8
:10BD60008B4213D879B18F0000213A4603F0E0FDF1
:10BD70002CB1381B22464146304403F0B1FD294620
:10BD80003046FFF7CEFF0020BDE8F0816FF00700DE
:10BD9000FAE7B3EB810F70B504464FEA8105104610
:10BDA00019D95A1B0021861803F0C2FD2B463046D4
:10BDB000C21800218B4210D1002070BD22F0030177
:10BDC00002F003066158F600F140C9B281B90132B0
:10BDD000AA42F3D1ECE71A46FAE721F0030001F09A
:10BDE000030501312058ED00E84002F8010DE1E7BC
:10BDF0006FF00700E1E7F8B5054650090C4602F080
:10BE00001F06884201D80AD136B1A2002846002177
:10BE1000BDE8F84003F08CBD1F2A02D8F8BD1F2AE8
:10BE200010D98200291F05EB800305EB8407BB4274
:10BE30001BD1201A4FF0000138BF002205EB800013
:10BE400003F076FD002EE9D005EB84040022C6F154
:10BE50002000AC42E2D054F8041C21FA06F313434C
:10BE600001FA00F244F8043DF3E753F804CB41F83B
:10BE700004CFDCE71F2AF8B503460D464FEA5214FB
:10BE800002F01F0613D96FF003000A4600FB0430CE
:10BE9000944202F1FF3113D3621B18460021AC42D9
:10BEA00088BF00222A44920003F042FD034636B1C7
:10BEB00003EB84030021C6F12007AC4206D3F8BD92
:10BEC00050F8212043F821200A46E1E718680134A0
:10BED00000FA06F20A4320FA07F143F8042BECE7D4
:10BEE000F0B50024844620469C4200D1F0BD51F8B4
:10BEF000245052F824702E182CBF01250025BF199C
:10BF00004CF8247045F100000134EDE7F0B5002451
:10BF1000064620469C4200D1F0BD51F824C052F89C
:10BF20002470ACEB0005AF42A5EB070594BF4FF0C2
:10BF3000000E4FF0010E46F82450013484452CBF0A
:10BF400070460EF10100E5E78B4228BF0B462DE954
:10BF5000F0479646DE080446C91A03F00708089A17
:10BF600003467546B44600200CF1FF3C20332035D3
:10BF7000BCF1FF3F11D104EB46140EEB46164FEA1D
:10BF8000880C254606EB880E764540F08180644497
:10BF9000013980F08B80BDE8F08755F8207CA2FB4A
:10BFA000079710EB090953F8200C47F1000710EB35
:10BFB000090043F8200C47F1000755F81C0CA2FBC0
:10BFC00000093F1853F81C0C49F10009C01943F847
:10BFD0001C0C49F1000955F8180CA2FB000719EBDD
:10BFE000000953F8180C47F1000710EB090043F85B
:10BFF000180C47F1000755F8140CA2FB00093F1874
:10C0000053F8140C49F10009C01943F8140C49F114
:10C01000000955F8100CA2FB000719EB000953F8B2
:10C02000100C47F1000710EB090043F8100C47F122
:10C03000000755F80C0CA2FB00093F1853F80C0C34
:10C0400049F10009C01943F80C0C49F1000955F8F1
:10C05000080CA2FB000719EB000953F8080C47F184
:10C06000000710EB090043F8080C47F1000755F8EA
:10C07000040CA2FB000A17EB000953F8047C4AF1F8
:10C08000000017EB090740F1000043F8047C6BE760
:10C0900056F8043BA2FB0337C318286847F1000792
:10C0A000C31847F1000045F8043B6DE723681B18EF
:10C0B0002CBF0120002044F8043B69E72DE9F34739
:10C0C000DDF82890154600240F464A4405F1010A80
:10C0D000002106469200984603F02AFC4C4502D106
:10C0E00002B0BDE8F08758F8243006EB84003A46E9
:10C0F000514600932B460134FFF726FFEEE7016817
:10C100000323881C400000F00800084400FB01F2F3
:10C11000013BC2F1020202FB00F0F7D1404270473E
:10C120002DE9F04F87B0914683468A46049300215B
:10C13000109B0024139D029328462E46DDE91183AF
:10C140004FEAC8020593043203F0F2FB08F1020340
:10C150000393444515D105EB84012346029A5846C2
:10C1600051F82450FFF7D2FEA6000A46684059460F
:10C17000E6F7D4F90023109607B0BDE8F04FE6F7D4
:10C18000FDBE5AF824303046D9F800200134376813
:10C19000039902FB0377059A00935743049B4A4691
:10C1A000FFF7D2FE3046434600970436DDE9022110
:10C1B000FFF7CAFECDE738B50D460121044600F071
:10C1C00060F988B9E9882046890100F0BFF958B9BB
:10C1D0002A462146204600F00DFC28B9E988204671
:10C1E000BDE8384000F0E7B838BD2DE9F04712F05F
:10C1F000030406468846174618BF01241D4604EB73
:10C2000092048C424FEA840AC2EB840919D84A4648
:10C21000002103F08DFBA8EB0402002106EB0A00CD
:10C22000920003F085FB3A4606EB09010898A847FF
:10C23000054618B921463046FFF773FD2846BDE88C
:10C24000F0876FF00305F9E749010123502934BF56
:10C25000012203229340033358430130704710B545
:10C2600086B00B9C04940A9C039400240294099CBD
:10C270000194089C0094E6F775F906B010BD10B55E
:10C2800086B00B9C04940A9C03944FF02A340294C9
:10C29000099C0194089C0094E6F764F906B010BD6F
:10C2A00030B50546104600229A4200D130BD51F803
:10C2B0002240241A45F8224034BF012000200132D8
:10C2C000F2E7034600EB810100208B4201D1E6F743
:10C2D00025B953F8042B1043F7E71FB5089C0092CB
:10C2E0000394069C079ACDE90134FFF719FF04B0C7
:10C2F00010BD30B587B01C4601230B9D009205AAE6
:10C3000003950A9D0593CDE90145FFF709FF07B0A5
:10C3100030BD00220123C0E90023704710B5044658
:10C3200048B1006818B1E188890000F093FF00224D
:10C330000123C4E9002310BD42F21073994270B585
:10C3400004460D4602D96FF00F0070BDC3888B42C2
:10C3500001D30020F9E704212846E7F71FFE06462F
:10C360000028F0D0216841B1E288920003F0B8FAC9
:10C37000E1882068890000F06DFFE5802660E8E72D
:10C3800038B504460D4619B9FFF7C8FF002038BD7F
:10C39000C2888A4207D192000021006803F0C8FADF
:10C3A0000123A380F2E7FFF7B9FF29462046BDE845
:10C3B0003840FFF7C1BF42F210730A46994270B588
:10C3C000054602D96FF00F0070BDC3888B4207D8B5
:10C3D000BDE87040FFF7B0BF296851F8231011B9CC
:10C3E000013B002BF8D15C1C0421944238BF144659
:10C3F0002046E7F7D3FD06460028E3D0296839B187
:10C40000A20003F06DFAE9882868890000F022FF95
:10C410000020EC802E60D7E7884270B505460E46B6
:10C4200009D0C988C28841B92AB10123920083800A
:10C43000006803F07DFA002070BD4C1E8CB90134F9
:10C44000B6F90430A242AB8012D221462846FFF74B
:10C4500073FF0028F0D1A2003168286803F040FA89
:10C46000E9E7336853F82430002BE8D1013CE5E7D5
:10C47000121B28680021920000EB840003F058FA98
:10C48000E9E770B50C4601210546FFF755FF064662
:10C4900088B9EA8801462868920003F049FA2B68B7
:10C4A00084EAE472A2EBE472E40F1A60C4EBC434D1
:10C4B00064000134AC80304670BDC388B1EB431FCB
:10C4C0003FBF03684A0901F01F0153F822003ABF39
:10C4D000C84000F0010000207047C188002291424E
:10C4E00001D800207047036853F8223033B193FA23
:10C4F000A3F0B0FA80F000EB421070470132EEE793
:10C50000C1880068FFF7FEBB08B5FFF7F9FF0730E9
:10C51000C00808BD70B50E4612F00301054614466A
:10C5200018BF012101EB9201FFF72AFF38B923461A
:10C530003246E9882868BDE87040FFF705BC70BD49
:10C5400013460A46C1880068FFF723BC38B5044685
:10C550000D46FFF7D5FFE3882844B0EB431F06D80C
:10C5600020682A46E188FFF785FC002038BD10F0DE
:10C570001F0118BF012101EB50112046FFF7DCFE1F
:10C580000028EDD0F2E70A4608B5C18811B100686D
:10C59000FFF731FC002008BD10B5C38823B9CA8855
:10C5A0005AB9ABB1012017E0026802EB830252F8DE
:10C5B000042C002AF3D1013BF0E70C6804EB820461
:10C5C00054F8044C0CB9013AEAE79342EAD80FD385
:10C5D000013B5A1C01D1002010BD026852F82340D3
:10C5E0000A6852F823209442DCD803F1FF33F0D2DA
:10C5F0004FF0FF30F0E730B5C38823B9CA885AB985
:10C60000002B3DD136E0026802EB830252F8042C85
:10C61000002AF3D1013BF0E70C6804EB820555F8E2
:10C62000045C4DBB013AEAE7B1F9045003D2B1F919
:10C630000400404226E0B0F90420002A03DD002D6A
:10C640000CDA01201EE0002D08DD3AB14FF0FF307A
:10C6500018E003F1FF330BD2504213E0013B0168B5
:10C6600051F8235054F823108D42F2D9104609E0B6
:10C67000591CF4D1002005E0002BD8D09342D3D927
:10C68000B0F9040030BD1FB581EAE173A3EBE1739B
:10C69000C90F01930123C1EBC131ADF80E3001ABDD
:10C6A000490002930131ADF80C1002A9FFF7A3FF76
:10C6B00005B05DF804FB90422DE9F04105460F46B8
:10C6C000144602D0884206D127460123AB80FC885D
:10C6D0003CB9002003E0FFF79FFE0028F4D0BDE83E
:10C6E000F0813B684FEA840803EB840353F8043C71
:10C6F0000BB9013CECE721462846FFF71DFE002858
:10C70000EDD12E6823463A6831463046FFF7E8FB04
:10C7100006EB08030746002FDBD0EA88661CA2421E
:10C7200008D831462846FFF707FE0028D7D12B68E6
:10C7300003EB84031A683446D2192CBF0127002763
:10C7400043F8042BE7E72DE9F04105460E469046F5
:10C75000D4883CB9F188A1420ED26FF0090738465F
:10C76000BDE8F081D8F8003003EB840353F8043CB3
:10C77000002BEFD1013CECE72846FFF7DDFD074633
:10C780000028ECD1F28894420BD2AE4209D028683E
:10C79000121B3168920001EB840100EB840003F06E
:10C7A0009FF8EA88F088824207D9121A2B68002184
:10C7B000920003EB800003F0BBF8D8F8002023467A
:10C7C00031682868FFF7A2FB024610B90123AB804D
:10C7D000C5E72968EB8801EB84011B1B0846FFF7BE
:10C7E0005FFD0028F2D0B8E72DE9F843B1F9044025
:10C7F0008146B2F804C00D4617461CFB04FC664691
:10C8000073431CD511462846FFF7C6FEB0F1000859
:10C810000DDB3A4629464846FFF795FF98B9B8F12F
:10C82000000F08BF01240020A9F804400BE02A46AD
:10C830004846FFF788FF30B9644224B2F3E7FFF7B8
:10C840003AFF0028EFD0BDE8F8830123FFF7CCBF03
:10C850004FF0FF33FFF7C8BF1FB582EAE273A3EBC7
:10C86000E273D20F01930123C2EBC232ADF80E3056
:10C8700001AB520002930132ADF80C2002AAFFF77F
:10C88000E4FF05B05DF804FB1FB582EAE273A3EB99
:10C89000E273D20F01930123C2EBC232ADF80E3026
:10C8A00001AB520002930132ADF80C2002AAFFF74F
:10C8B000CFFF05B05DF804FB2DE9F047012386B0FA
:10C8C000164688424FF0000207460D46CDE9022386
:10C8D000CDE9042306D102A8FFF79EFD04460028F7
:10C8E00033D102ADB74206D1394604A8FFF794FD13
:10C8F000044650BB04AEB5F80680B8F1000F2ED147
:10C90000B6F80690B9F1000F33D14FF0010A09EBE8
:10C9100008013846FFF710FD0446B0B90146384615
:10C92000FFF7AFFD044680B9CDF80090424633686A
:10C9300029683868FFF7C2FBBAF1000F22D1AB8833
:10C94000B28813FB02F31BB2BB8004A8FFF7E6FC1E
:10C9500002A8FFF7E3FC204606B0BDE8F0872B688D
:10C9600003EB880353F8043C002BC9D108F1FF38CE
:10C97000C3E7336803EB890353F8043C23B909F197
:10C98000FF39BFE70123DFE7B8FA88FA4FEA5A1AFE
:10C99000BDE72DE9F341054688461646CF883FB1ED
:10C9A000D8F8003003EB870353F8043C3BB146B999
:10C9B0000021284602B0BDE8F041FFF762BD013F0B
:10C9C000EDE7791C2846FFF7B7FC044670B94146ED
:10C9D0002846FFF721FD044640B9013E3B4600963C
:10C9E000D8F80020E9882868FFF7AEFA204602B0A0
:10C9F000BDE8F08170B504460D461046002116468C
:10CA0000FFF741FE002824DB2A463346214600205A
:10CA1000E5F786FE054638B1284670BD3246214608
:10CA20002046FFF712FF90B900212046FFF72BFEAA
:10CA30000028F3DB31462046FFF7DDFD0028EBDB65
:10CA4000324621462046FFF703FF0028F2D0054674
:10CA5000E2E76FF00905DFE72DE9F04F89B0064600
:10CA60008B46002191460593DDE912582846FFF7D1
:10CA70000AFE002805DC6FF00304204609B0BDE87B
:10CA8000F08F2B681B68D907F5D500214846FFF7C2
:10CA9000FAFD0028EFDB4846FFF732FDB0F5005FF6
:10CAA000E9D82846FFF72CFDB0F5005FE3D8B9F8C8
:10CAB000061031B90121304609B0BDE8F04FFFF74B
:10CAC000E0BCE888FFF7C0FB04218246E7F766FA7E
:10CAD0000746002800F0AA80002201234FEA8A0AB4
:10CAE000CDE90623B8F1000F0DD1294606A8FFF7BE
:10CAF00062FB044600B35146384600F0ABFB06A883
:10CB0000FFF70CFCB9E7D8F80030002B6ED106AB6C
:10CB100029461846FFF74FFB06AB044640B1514685
:10CB2000384600F097FBD8F80030002BA5D1E6E797
:10CB300093E8030088E8030059463046FFF76CFC91
:10CB40000446002867D1012329463046B380FFF709
:10CB500052FD002857DAE9883046FFF7EDFB04461E
:10CB6000002858D12868FFF7CAFA069B0090029760
:10CB700001933168EB882A6804900846FFF7ADFB03
:10CB8000B9F80620059B06983168B3F12A3FEB8877
:10CB90000192CDE90207D9F80020084600922A68E0
:10CBA00041D1FFF76CFB049B019700933168EB8840
:10CBB0002A680846FFF79DFBBBF904B0BBF1FF3FB5
:10CBC00029D1D9F800301B68DB0724D5F1883068FB
:10CBD000FFF777FB01225946E5F794FD3246B08016
:10CBE00029463046FFF731FE044614E0E988404606
:10CBF000FFF7A2FB0446002891D108AB98E8030098
:10CC000003E9030098E72A4631463046FFF7F2FE73
:10CC1000044600289FD05146384600F01BFBB8F16F
:10CC2000000F80D16BE7FFF71AFBBCE76FF00F0432
:10CC300023E713B5049CCDE900340023FFF70CFF74
:10CC400002B010BD13B5049CCDE900344FF02A3377
:10CC5000FFF702FF02B010BD2DE9FF410123164688
:10CC60000022054668468846CDE90023CDE9022327
:10CC7000FFF7D2FB0446002855D1314602A8FFF742
:10CC8000CBFB044600284ED16846FFF726FC07463A
:10CC900002A8FFF722FC064650B9214602A8FFF77A
:10CCA0000CFC28B941462846FFF7B6FB04463AE09B
:10CCB0000123ADF80C30ADF8043000216846FFF7D1
:10CCC000E2FC50B9B742394602A828BF3146FFF707
:10CCD0003DFC044638BB02A9E5E76846FFF7FDFBCB
:10CCE00001466846FFF74FFC0446E0B902A8FFF78B
:10CCF000F4FB014602A8FFF746FC044698B902A9D6
:10CD00006846FFF778FC002817DB02AA69466846E8
:10CD1000FFF719FD044630B901216846FFF733FCDF
:10CD200004460028C9D06846FFF7F8FA02A8FFF7C2
:10CD3000F5FA204604B0BDE8F08102A96A4608462B
:10CD4000FFF701FD04460028EDD1012102A8E5E727
:10CD5000F7B50C4611F003010546164618BF012130
:10CD60001F4601EB9401FFF70BFB38B934B1009774
:10CD700033462246E9882868FFF737FA03B0F0BD4A
:10CD80002DE9F041064692B088461046012115462D
:10CD9000FFF779FC002840F34381002301272A464E
:10CDA00041466846CDE90237CDE90437CDE906377B
:10CDB000CDE90837CDE90037CDE90A37CDE90C37A1
:10CDC000CDE90E37CDE91037FFF746FF04460028BE
:10CDD00040F0978039466846FFF755FC002840F040
:10CDE0001C812A46414602A8FFF704FE044600289B
:10CDF00040F0878002A904A8FFF70EFB0446002834
:10CE00007FD129460AA8FFF707FB0446002878D1FE
:10CE100029460CA8FFF700FB0446002871D13946CB
:10CE200006A8FFF72EFB044600286AD1014608A891
:10CE3000FFF727FB0446002863D101460EA8FFF741
:10CE400020FB044600285CD1394610A8FFF719FBE7
:10CE50000446002855D1049B1B68D8073CD50C9B81
:10CE60001B68DB0740F182800CA904A8FFF7C3FB15
:10CE70000028C0F2AB8004A90CAA0846FFF7E8FC22
:10CE8000044600283DD106A90EAA0846FFF7E0FC9B
:10CE90000446002835D110AA08A90846FFF7D8FC97
:10CEA000044670BB002104A8FFF7EDFB0028D2D197
:10CEB00000210EA8FFF7E7FB0028C0F29A80294660
:10CEC0000EA8FFF798FB002880F29D800EA930463F
:10CED000FFF7A2FA044614E0012104A8FFF753FB70
:10CEE000044670B9069B1B68DF0729D4089B1B68A2
:10CEF000DC0725D4012106A8FFF745FB04460028DE
:10CF00002FD002A8FFF70AFA04A8FFF707FA06A82D
:10CF1000FFF704FA08A8FFF701FA6846FFF7FEF9E1
:10CF20000AA8FFF7FBF90CA8FFF7F8F90EA8FFF71E
:10CF3000F5F910A8FFF7F2F9204612B0BDE8F0812C
:10CF400006A90AAA0846FFF780FC04460028D8D1A3
:10CF500008A902AA0846FFF77BFC04460028C9D0AE
:10CF6000CFE7012108A8FFF70EFB71E701210CA80C
:10CF7000FFF709FB04460028C3D10E9B1B68D907A5
:10CF800013D4109B1B68DA070FD401210EA8FFF7FA
:10CF9000FAFA04460028B4D1012110A8FFF7F3FAE9
:10CFA000044600283FF45BAFABE70EA90AAA084687
:10CFB000FFF74BFC04460028A3D110A902AA08469B
:10CFC000FFF746FC04460028DFD09AE70CA904AA24
:10CFD0000846FFF73DFC0446002892D10EA906AA98
:10CFE0000846FFF735FC044600288AD108AA10A994
:10CFF00053E70EA92A460846FFF727FC04460028F7
:10D000003FF456AF7DE70EA92A460846FFF720FCFD
:10D01000044600283FF453AF73E76FF00D0470E748
:10D020006FF0030488E710B50446FEF714FC2046B1
:10D03000BDE81040E6F7B8BF10B54FF48C71012081
:10D04000E6F7ACFF044608B1FEF700FC204610BD31
:10D05000E4F7A2BDE4F7C2BCFEF717BCFEF701BCC3
:10D060004422002102F064BC70B50446002003464F
:10D07000934200D170BDE55CCE5C0133754028431E
:10D08000F6E730B5C04300230D1F1C1D944204D9A0
:10D090000B445C1AA24205D830BD2B5903402B51DA
:10D0A0002346F2E71C78044003F8014BF1E7002324
:10D0B000036043608360704710B5044648B303685B
:10D0C0003BB3406878B11B78033B082B08D8DFE8F6
:10D0D00003F005071707071A1A1D1D0000F027F8AF
:10D0E0006068E6F761FFA06820B12368997849007D
:10D0F00000F0B0F820460C21BDE81040E6F742BF32
:10D1000000F025FAECE700F0D2FAE9E700F093FB33
:10D11000E6E710BD00B14078704700B10078704775
:10D1200000B1006870475822002102F001BC10B124
:10D130005821E6F727BF7047582208B502F0D0FB08
:10D1400008BD2DE9F84305460E4614467AB3036838
:10D1500003F03F079B18036022BF4368013343601D
:10D160009FB1C7F140094A450FD300F118084A465C
:10D1700008EB070002F0B4FB41462846E6F758F9F1
:10D18000B0B93C444E440746403C264404E028469F
:10D19000E6F74EF960B9403C3F2CA6EB0401F6D807
:10D1A0002CB105F118002246384402F099FB00200A
:10D1B000BDE8F883F8B503680E4600F11807802132
:10D1C00003F03F0304465A1C0344382A07EB0200CD
:10D1D00019761FD8C2F13802002102F0A9FB2046BF
:10D1E000D4E900315A0FDB0042EAC1023946236517
:10D1F0006265E6F71DF9054638B9A3683360E36850
:10D2000073602369B3606369F3602046FFF78FFFA3
:10D210002846F8BDC2F14002002102F089FB3946E0
:10D220002046E6F705F905460028EED101463822EA
:10D230003846D2E738B50D46144640B1E6F744FE0D
:10D2400028B1037C2B70437C0020237038BD6FF025
:10D250002D00FBE710B5044608B1E6F793FE204623
:10D26000BDE81040E6F7A0BE2DE9FF4104460F4699
:10D2700016461D462BB96FF00304204604B0BDE8E6
:10D28000F08100211846FFF7FEF980460028F2D110
:10D2900001212046FFF7F7F90028ECDD012138468F
:10D2A000FFF7F1F90028E6DD41463046FFF7EBF9DC
:10D2B0000028E0D06846FFF72CF802A8FFF729F80D
:10D2C000214601226846FFF7DFFA044610BB01221F
:10D2D000394602A8FFF7D8FA0446D8B902AA694627
:10D2E0002846FFF7B9FC0446A0B902AA6946684679
:10D2F000FFF7E2FA044668B901462B466A466846DB
:10D30000E5F70EFA044628B96A4631462846FFF783
:10D3100037FD04466846FFF701F802A8FEF7FEFF56
:10D32000ABE72DE9F3479A46064668460D46174691
:10D33000DDE90A98FEF7EDFFBAF1000F07D1B9F168
:10D34000000F1AD1B8F1000F28D144460EE0012297
:10D3500031466846FFF798FA044638B96A463946B6
:10D360005046FFF747FB04460028E8D06846FEF722
:10D37000D5FF204602B0BDE8F08701222946684665
:10D38000FFF782FA04460028F0D16A46394648463B
:10D39000FFF730FB04460028D4D0E7E732462946A1
:10D3A0004046FFF7EDFC0446E0E708B5E5F730FE40
:10D3B000BDE80840FFF7AEBE2DE9F84304469146AC
:10D3C00098460D46DDE9087651B9B9F1000F10D144
:10D3D000B8F1000F15D1E7B91EBB55BB002006E020
:10D3E0000830FFF719F80028EFD0A0F58140BDE81C
:10D3F000F883494604F12000FFF70EF80028E7D033
:10D40000F3E7414604F12800FFF706F80028E2D0D0
:10D41000EBE7394604F11800FEF7FEFF0028DBD0E9
:10D42000E3E7314604F11000FEF7F6FF0028D4D000
:10D43000DBE704F10800FFF767F86060CEE72DE94D
:10D44000F843DDF8248004461D460B9F0D9E49B12C
:10D4500000F108094846FFF75DF8A0B94846FFF714
:10D4600053F860603DB9B8F1000F0FD1BFB9FEB9F4
:10D470000020BDE8F883089A294604F12000FFF750
:10D4800049F80028EFD0A0F58140F2E70A9A41461A
:10D4900004F12800FFF73EF80028E7D0F3E70C9AE4
:10D4A000394604F11800FFF735F80028DFD0EAE725
:10D4B0000E9A314604F11000FFF72CF80028D7D05F
:10D4C000E1E77822002102F033BA0830FFF718B8FC
:10D4D0004068704710B50446A0B36030FEF71EFFE9
:10D4E00004F16800FEF71AFF04F14800FEF716FF8A
:10D4F00004F11800FEF712FF04F12800FEF70EFFFA
:10D5000004F12000FEF70AFF04F11000FEF706FF09
:10D5100004F10800FEF702FF04F15800FEF7FEFEDA
:10D5200004F15000FEF7FAFE04F14000FEF7F6FEAB
:10D5300004F13800FEF7F2FE04F13000BDE81040BF
:10D54000FEF7ECBE10BD5C22002102F0F1B910B173
:10D550005C21E6F717BD70475C2208B502F0C0F900
:10D5600008BD2DE9F84305460E4614467AB3036814
:10D5700003F03F079B18036022BF436801334360F9
:10D580009FB1C7F140094A450FD300F11C084A4634
:10D5900008EB070002F0A4F941462846E8F78CFAA8
:10D5A000B0B93C444E440746403C264404E028467B
:10D5B000E8F782FA60B9403C3F2CA6EB0401F6D8AC
:10D5C0002CB105F11C002246384402F089F90020F4
:10D5D000BDE8F883F8B503680E4600F11C0780210A
:10D5E00003F03F0304465A1C0344382A07EB0200A9
:10D5F000197728D8C2F13802002102F099F92046A3
:10D60000D4E900315A0FDB0042EAC10239461BBAA5
:10D6100012BAA3656265E8F74FFA054670B9A368C8
:10D620001BBA3360E3681BBA736023691BBAB3602B
:10D6300063691BBAF360A3691BBA33612046FFF725
:10D6400086FF2846F8BDC2F14002002102F070F9C1
:10D6500039462046E8F730FA05460028EED1014663
:10D6600038223846C9E7F0B599B0064615460F4648
:10D6700001A8FFF768FF01A8E8F704FA044658B9C3
:10D680003A46314601A8FFF76CFF044620B9294607
:10D6900001A8FFF79FFF044601A85C21E6F772FC92
:10D6A000204619B0F0BD6C22002102F041B910B142
:10D6B0006C21E6F767BC70476C2208B502F010F9E0
:10D6C00008BD2DE9F04105460E4614467AB3036CB9
:10D6D00003F03F079B18036422BF436C013343648C
:10D6E0005FB3C7F1400842451CD34246384402F0BC
:10D6F000F7F829462846E9F799F9C8B92744464476
:10D70000A7F140043F2C0BD90027F1192846E9F76F
:10D710008DF978B94037E31B3F2BF6D83E441C46C1
:10D720002CB1002722463146E81902F0D9F8002032
:10D73000BDE8F0814FF0FF30FAE73F2AE4D8F1E787
:10D7400070B5036C0D468021044603F03F035A1C5C
:10D75000C154382A104433D8C2F13802002102F0F3
:10D76000E7F82046D4E910315A0FDB0042EAC10243
:10D7700021461BBA12BAE363A263E9F757F90646DA
:10D78000C8B9A36C1BBA2B60E36C1BBA6B60236D2A
:10D790001BBAAB60636D1BBAEB60A36D1BBA2B6148
:10D7A000E36D1BBA6B61236E1BBAAB61A36E13B939
:10D7B000636E1BBAEB612046FFF779FF304670BD00
:10D7C000C2F14002002102F0B3F821462046E9F7F9
:10D7D0002DF906460028EED1014638222046BEE744
:10D7E000012BF0B506469DB00F4615461C461BD8CA
:10D7F00001A8FFF758FF214601A8E9F7B1F8044650
:10D8000058B93A46314601A8FFF75BFF044620B9F4
:10D81000294601A8FFF794FF04466C2101A8E6F70A
:10D82000B1FB20461DB0F0BD6FF07304F9E7D822BC
:10D83000002102F07DB810B1D821E6F7A3BB7047F4
:10D84000D82208B502F04CF808BD2DE9F84304468B
:10D850000E461546002A3FD00021D0E9003203F0E1
:10D860007F075B1952F1000228BF0121C0E9003295
:10D8700031B1D0E90232013342F10002C0E9023293
:10D8800087B3C7F180094D451FD304F150083146D5
:10D890004A4608EB070002F023F841462046E9F724
:10D8A0005FF9D0B9803D4E443D447F2D0BD9002710
:10D8B000F1192046E9F754F988B98037EB1B7F2B23
:10D8C000F6D83E441D463DB1002704F150002A46DB
:10D8D0003146384402F004F80020BDE8F8834FF0E8
:10D8E000FF30FAE77F2DE2D8EFE7F8B503680D4681
:10D8F00000F15007802103F07F0304465A1C0344C3
:10D90000702A07EB020083F850105DD8C2F1700254
:10D91000002102F00DF8D4E90013D4E90262580F97
:10D92000D200DB0042EA567240EAC60043EA517375
:10D9300012BAC90000BA1BBAC4F8C02009BAC4F8A8
:10D94000C400C4F8C8302046C4F8CC103946E9F702
:10D9500007F90646002832D1236962691BBA12BA58
:10D960006B602A60A369E2691BBA12BAEB60AA6015
:10D97000236A626A1BBA12BA6B612A61A36AE26AFD
:10D980001BBA12BAEB61AA61236B626B1BBA12BAA3
:10D990006B622A62A36BE26B1BBA12BAEB62AA62D9
:10D9A000D4F8D0305BB9236C626C1BBA12BA6B63CB
:10D9B0002A63A36CE26C1BBA12BAEB63AA6320461B
:10D9C000FFF739FF3046F8BDC2F18002002101F0B7
:10D9D000AFFF39462046E9F7C3F806460028EED1E6
:10D9E00001467022384694E7012BF0B50646B7B0E1
:10D9F0000F4615461C461BD86846FFF718FF214600
:10DA00006846C3F7A5FF044658B93A46314668460A
:10DA1000FFF71BFF044620B929466846FFF765FF5C
:10DA20000446D8216846E6F7ADFA204637B0F0BD87
:10DA30006FF07404F9E72DE9F04FD9B006460D46B2
:10DA4000174612A898460DF11809DDE962ABFDF7FB
:10DA5000FDFE03A8FFF72BFB0320E5F7D9FA002210
:10DA6000014603A8E5F70EFB044603A824B1FFF71F
:10DA700023FB1021484658E0E5F760FB0446B0BBA5
:10DA80005A46514603A8E5F77DFB044678BB0822B9
:10DA9000314603A8E5F776FB044640BB494603A898
:10DAA000E5F79AFB044610BB0AAC102D99E80F006D
:10DAB00084E80F0003A816D1FFF7FEFA10214846AC
:10DAC000E6F760FA0AA9EA0012A8E4F765F8044646
:10DAD00068BB01463346424612A8CDE90077FDF700
:10DAE000D4FE044623E0E5F729FB044608B103A869
:10DAF000BDE71022494603A8E5F744FB0446002889
:10DB0000F5D15A46514603A8E5F73CFB04460028E8
:10DB1000EDD10822314603A8E5F734FB044688B16D
:10DB200003A8FFF7C9FA102106A8E6F72BFA12A8F6
:10DB3000FDF791FE0AA82946E6F724FA204659B0D7
:10DB4000BDE8F08F494603A8E5F746FB04460028E8
:10DB5000CDD1202D49460EA814BFA5F110021022E8
:10DB600001F0BEFE03A8A7E70023036043608360C3
:10DB7000704710B5044668B1006810B16168FFF7DE
:10DB800069FBA068E6F710FA20460C21BDE81040BA
:10DB9000E6F7F8B910BD07B56B4683E803001846F1
:10DBA00000F046F801280CBF0198002003B05DF892
:10DBB00004FB0B6810B50C464BB9E5F729FAFFF7E3
:10DBC000A9FA2060B0FA80F04009404210BD002060
:10DBD000FCE70023C0E90033704710B5044658B194
:10DBE00003681BB19B6A0BB1406898472046082127
:10DBF000BDE81040E6F7C6B910BD034608461BB1A4
:10DC00001B680BB1DB681847002070471FB5002464
:10DC10000294079C0194069C0094E9F76FFF04B0FE
:10DC200010BD18B103680BB19B68184700207047FE
:10DC300010B1006800B100787047012802D0831F3E
:10DC400058425841704710B50446FFF743FC204640
:10DC5000BDE81040E6F7A8B910B578210120E6F735
:10DC60009DF9044608B1FFF72CFC204610BD496819
:10DC70004068E6F707BF4068FFF727BC03784078A5
:10DC8000303B3038092B05D8092803D80A2202FB7B
:10DC9000030070474FF0FF30704708B5FDF7ACFF49
:10DCA00008B1A0F50C5008BD7FB50023144601AAA9
:10DCB00001938DF808300393FDF718FF18B1A0F514
:10DCC000145004B070BD019D2060002DF9D0039E5A
:10DCD0000346F15CDA000133914022689D4242EA3A
:10DCE00001022260EDD0042BF3D1EAE70368042B94
:10DCF00002D1C069FDF7CABF704770B500249442D5
:10DD000001D1002070BD035D0D5DAB4283EA0506C5
:10DD100006D0202E06D123F02003413B192B01D839
:10DD20000134ECE74FF0FF30ECE7F8B505460C4660
:10DD30002A6823689A4234D163686A689A4230D16B
:10DD4000A168A86801F06BFE58BBEF68E668B742AF
:10DD500008D123692A699A4204D16169686901F08E
:10DD60005EFE80B10C2F01D0132F1AD10C2E01D0E2
:10DD7000132E16D123692A699A4212D16169686902
:10DD8000FFF7BBFF68B92A7F237F9A4209D1AD69AB
:10DD9000A46925B9201E18BF01204042F8BD002CFF
:10DDA000C6D14FF0FF30F9E738B5054608460C46B6
:10DDB000FFF73EFF012801D0062809D12046FFF7D2
:10DDC00030FFEB6898424FF0FF3028BF002038BD8D
:10DDD0004FF0FF30FBE770B5456806460C469542AC
:10DDE00004D181682046FFF788FF28B32046C3F797
:10DDF00009FA022D024609D9B06803782A2B05D109
:10DE000043782E2B02D100239A4202D14FF0FF30EB
:10DE100012E0E15C2E2901D00133F5E7002BF5D0AB
:10DE2000013DD21AAA42F1D1E1180130FFF765FF96
:10DE3000003818BF0120404270BD38B504460D4679
:10DE40003A2101F023FE2A46214638B90120F4F791
:10DE50005EFD421E50425041800038BD0220F4F762
:10DE600056FD431E584258410001F6E770B41A4669
:10DE7000DDE90556DDE90334CDE90456039470BCB1
:10DE8000EAF768BB4FF4CA72002101F051BD70B5CA
:10DE90000546044604B970BD04F1CC00FFF79DFEB1
:10DEA000A06EFDF7F3FED4F88800FDF7EFFED4F87E
:10DEB0007401FDF799FED4F80401FDF795FED4F83E
:10DEC0005401FDF791FED4F82C01FDF78DFEE068BA
:10DED00020B1236813B1A168FFF7BCF94FF4CA71F0
:10DEE0002046D4F89061E6F74DF8AC4202D02046C7
:10DEF000E6F75AF83446CDE7002307B5CDE90033FD
:10DF0000EAF708FD03B05DF804FB002307B5CDE98F
:10DF100000330123EAF7FEFC03B05DF804FB08B50B
:10DF2000EBF774F900B1006808BD807A431E092B35
:10DF30000AD8DFE803F00505050A090905090707FE
:10DF4000012070470220704700207047807A032824
:10DF500004D8012894BF002001207047031F5842B5
:10DF6000584180007047036D0A4613B18908C06CA0
:10DF70001847704708B5436D3BB1C06C98470228FD
:10DF80004FF0FF3018BF002008BD1846FCE710B561
:10DF9000D0F8A8400434146041F6FC321A6016230D
:10DFA000C0F8AC30D0F8A8300020197010BD10B403
:10DFB00042681A2A09DC826B3AB1D468C16E2346E2
:10DFC000D0F880205DF8044B184700205DF8044B22
:10DFD0007047D0F89C30DA1C0533C0F8A020C0E9A7
:10DFE000293329B1D1E90121521A1344C0F8A830CC
:10DFF00070470432C0F8B02000221146EBF74CBE47
:10E0000001221421C0E92B12D0F8A8100A7041682F
:10E01000114441601146EBF73FBE036EA3F10802C5
:10E02000C265DA1C05334266C0E91A337047D0F87E
:10E0300094200021C0F898200832C0F89C20826DFE
:10E04000083208B50266FFF7C4FFBDE80840FFF7D5
:10E05000E4BF0346006F00B1986F704710B50446E7
:10E06000A0B15030E4F70AFD04F19400E4F706FD96
:10E0700004F13400FFF720F804F14000FFF71CF82A
:10E080002046D821BDE81040E5F77CBF10BD52BA4C
:10E0900002807047008840BA80B2704710B590F88F
:10E0A0008C30044673B190F88D200221EBF730FEDE
:10E0B00010F5D14F05D0002384F88C3008B9D4F87E
:10E0C000900010BD1846FCE7012380F88D10C0F8C1
:10E0D000902080F88C307047826B03460AB1D06C78
:10E0E00010B91B68986B00B1406870471FB5089C59
:10E0F0000394079C0294069CCDE9003413460A461B
:10E1000001460920ECF7CEFF04B010BD1FB5089CF6
:10E110000394079C0294069CCDE9003413460A46FA
:10E1200001460A20ECF7BEFF04B010BD806B9C30A6
:10E13000E5F728B8806BA830E5F724B810B58AB0A9
:10E14000846B2023CDE9001202AA04F19C01EDF7B3
:10E150005DF80AB010BD10B58EB0846B3023CDE9E8
:10E16000001202AA04F1A801EDF750F80EB010BD9C
:10E17000F0B585B005460F46164601A8FEF797FF95
:10E180002846FEF7CDFF0022014601A8E4F77AFFFA
:10E19000044688B9294601A8E4F746FF044658B961
:10E1A000394601A8E5F718F8044628B92846FEF7CD
:10E1B000B7FFFEF7AFFF306001A8FEF77DFF2046F6
:10E1C00005B0F0BD806BA830FFF7D2BF806B9C30EC
:10E1D000FFF7CEBF70B50446806B0D4616469C30E7
:10E1E000E4F7D0FF38B9A06B32462946A830BDE825
:10E1F0007040E4F7C7BF70BD07B5130C52BA8DF875
:10E2000004108DF80530ADF806200422836B0DEB69
:10E210000201DB68984703B05DF804FB70B5054662
:10E22000806B9C30FEF748FFA86B9C30FEF73FFFE9
:10E23000AC6B09209C34E4F7EBFE0022014620463B
:10E24000E4F720FF0446F8B9A86B9C30E4F776FFAA
:10E250000446C8B9A86BA830FEF72EFFA86BA830FB
:10E26000FEF725FFAE6B0A20A836E4F7D1FE224662
:10E2700001463046E4F706FF044628B9A86BBDE81E
:10E280007040A830E4F75ABF204670BD10B5044670
:10E29000D822002101F04CFB04F15000FEF7E0FE13
:10E2A00004F19400FEF7DCFE04F13400FEF7FFFEFB
:10E2B00004F14000BDE81040FEF7F9BE70220021D5
:10E2C00001F036BBD422002101F032BB38B5044640
:10E2D00000250021FFF747FE2046FFF7A8FE41F684
:10E2E0004D522946A06D2567C4F88450C4F880506B
:10E2F000C4F88850E563E567C4E91D5501F018FBD3
:10E3000041F64D522946D4F8940084F88C50C4F854
:10E31000B450C4E92B5501F00BFB606CC4F8B85045
:10E32000C4F8BC50256428B1FFF798FE606CE5F78F
:10E330003BFE656438BD81717047C0E906127047C5
:10E34000C0E90623009B416203627047C1607047C9
:10E3500041637047C0E90F127047006D20B14079EA
:10E360000009831E58425841704708B5007AE4F707
:10E3700079FB20B140790009831E5842584108BDFD
:10E3800020B1006B10B18068EAF784BF00207047AD
:10E3900008B503680146187AECF778FECB6A0246A6
:10E3A0002BB11878ECF772FE824228BF02464B6B05
:10E3B0002BB11878ECF76AFE824228BF024610465D
:10E3C00008BD10B50446FFF7E3FFB0F5E05F236C2E
:10E3D00028BF4FF4E05043B1B3F84C30B3F5417F60
:10E3E00004BF20F00F0000F1FF3010BD10B5846BAA
:10E3F000CCB1E37913B1A06CE5F7D6FD002304F1AD
:10E400009C00A364FEF758FE04F1A800FEF754FE3A
:10E4100004F15000FFF7E1FB20464FF4A471BDE882
:10E420001040E5F7AFBD10BD10B5044670B1006EE9
:10E4300030B1E5F7B9FD0023236684F868306366E0
:10E4400020467021BDE81040E5F79CBD10BD38B5F1
:10E450000446002843D0D0F8940030B141F64D5125
:10E46000FEF7F8FE0023C4F89430A06D28B141F601
:10E470004D51FEF7EFFE0023A365606C20B1FFF75E
:10E48000EDFD606CE5F790FDA36B8BB12046FFF7C7
:10E49000ADFFA06BE5F788FDA06CFFF7DFFDA06C7A
:10E4A000E5F782FD606BFFF7BFFF606BE5F77CFD72
:10E4B000206B20B1FFF7B8FF206BE5F775FDD4F8AE
:10E4C000C05035B12846C2F79DFE01462846FEF7EA
:10E4D000C1FE2046D421BDE83840E5F753BD38BD24
:10E4E0006422002101F024BA38B5044660B1806B83
:10E4F00028B920466421BDE83840E5F743BD85686A
:10E50000E5F752FD2846F3E738BD012108B5FFF7CE
:10E5100074FB003818BF012008BD022805D004286C
:10E5200003D0431E58425841704703207047431E92
:10E5300058425841704738B5002503680446456085
:10E540001B880381FFF7C2FE206BC4F8C450C4E9E6
:10E550000A5528B1FFF768FF206BE5F725FD256315
:10E560002046BDE83840EDF72FB90021FFF7E3BFA3
:10E5700010B50446FFF73AFFA06BE5F715FD002341
:10E58000606CA36320B1FFF769FD606CE5F70CFDDB
:10E59000A36C63640023A36410BD70B50446836B51
:10E5A000006B1E7820B1FFF73FFF206BE5F7FCFC06
:10E5B000636B0022206823636263456A35B1DA68C1
:10E5C00022B11EB903F11001806AA8472046FFF767
:10E5D000CFFF1B23636070BD10B50446816CFFF74D
:10E5E000F8FC22682046D4F8A810A36B12790431F5
:10E5F0005B69984716231022C4E92B32D4F8A8305F
:10E6000014221A70A36B1B78CBB123681A790AB94C
:10E610000F2262601B79012B01D10A236360002362
:10E6200001222046C4F8B8301146C4F8BC30A36CAF
:10E630002364636BE362BDE81040EBF72DBB6368B6
:10E640000133EBE738B581B1846B1A3434F8022F0B
:10E650000AB9114609E0150A2846EDF7A1F8002885
:10E66000F4D0D2B29142F1D12946084638BD49B121
:10E670008889984206D8C88990424FF0FF3028BF59
:10E68000002070474FF0FF30704738B5044650B156
:10E69000DEF7E6FC4FF4C87305465C43DEF7E0FCAA
:10E6A000431BA342FAD338BD704740B1C3685878C2
:10E6B00010F001001EBF1878B0FA80F040097047D2
:10E6C00010B5C36804465B78DB070BD5836963B17B
:10E6D0009847002805DBE36800205A786FF30002B2
:10E6E0005A7010BD4FF0FF30FBE76FF08500F8E780
:10E6F0007FB50BAB0122059303930A9B0293002382
:10E700001846CDE90033C5F755FE07B05DF804FBA8
:10E71000EFF31183102383F31288BFF36F8FFEE7AB
:10E7200008B5FFF7F5FF10B54369044633B900207B
:10E73000E268537843F00103537010BD98470028F6
:10E74000F5D00028E368B8BF4042FF28A8BFFF20EB
:10E750001870EDE701F0ECB801F0C2B8C3685B785F
:10E76000DB0701D4FFF7DFBF6FF07700704708B514
:10E77000EEF77EF8BDE80840EEF788B810B400F177
:10E780000C04C0E90344002404755DF8044BF1F760
:10E7900016BE2DE9F04F89B00546914606A80591B1
:10E7A00005F1140ADDE912673B46324600F0CEFE61
:10E7B000DDE90634CDE90234EFF311844FF010089F
:10E7C00088F31288BFF36F8F05F10C0B4A46059949
:10E7D0002846F1F7DCFC30B184F31188BFF36F8F6A
:10E7E00009B0BDE8F08F3E43F6D006A8DDE902236C
:10E7F00000F0D0FE5A4621465046DDE90667CDE9D5
:10E800000067EEF7F3FFEFF3118488F31288BFF38C
:10E810006F8FDBE707B5CDE900230A460421FFF738
:10E82000B8FF03B05DF804FB38B50446EFF311857B
:10E83000102383F31288BFF36F8FF1F75EFC04F1AE
:10E840000C0000F068FC30B1294604F11400BDE86A
:10E850003840EFF747B885F31188BFF36F8F38BDA5
:10E860008169C36843EA010212F003020FD1026119
:10E870004269013A01FB0233C2689A4201D9002081
:10E88000704702691A60826903619B1AF4E76FF0AE
:10E89000150070472DE9F04105460F46EFF311884A
:10E8A000102383F31288BFF36F8F0669FEB90468E3
:10E8B000A0421CD0DCB104F11800D4E9003213608E
:10E8C0005A60637BA66023F00203C4E900666373A9
:10E8D00000F0F9FD2046C4F8B060276100F0BCFBF1
:10E8E000414605F10800BDE8F041EEF7FBBF3E6090
:10E8F000EB692F61013BEB6188F31188BFF36F8FE8
:10E90000BDE8F081CAF712BCF3F77BBE00BF7047C9
:10E91000102408B5EFF3118384F31288BFF36F8FCF
:10E92000F3F779FEF6E7D0E9003213605A6000236E
:10E93000427B836022F00202C0E9003342737047D9
:10E94000C0E9032303FB021200234161436280F804
:10E950003030037200F128030162C0E90621C0E9EA
:10E960000000C0E90A337047F8B50D46A1FB021458
:10E97000074616463CB92046EFF75AFE014628B92D
:10E980006FF00B0001E06FF01500F8BD334638461C
:10E990002A46FFF7D5FF0123204687F83030F4E7F9
:10E9A000C3680B6003694B60436A8B607047034622
:10E9B000084610B5EFF31184102282F31288BFF3DA
:10E9C0006F8F5A6A4AB1DA68D96900F089FF00206E
:10E9D00084F31188BFF36F8F10BD6FF02200F7E74B
:10E9E00070B5134604460846EFF31186102282F3F1
:10E9F0001288BFF36F8F626A9A4211D9E268D4E934
:10EA0000065153436D1A9D429CBF5B1B61691944BB
:10EA100000F066FF002086F31188BFF36F8F70BD92
:10EA20006FF02200F7E7F8B50446EFF311861023E4
:10EA300083F31288BFF36F8F0568A84231D02DB3DE
:10EA400028466FF02207FFF76EFF05F1180000F06F
:10EA50003AFD2846C5F8B07000F0FEFA2568AC42D1
:10EA60000AD100236362236AE361314604F108009E
:10EA7000BDE8F840EEF736BF3DB12846FFF753FF3B
:10EA800005F1180000F01FFDE3E701250023636294
:10EA9000236AE361002DE8D186F31188BFF36F8FFD
:10EAA000F8BD00234362036AC361F5E790F90E30B5
:10EAB0008B4201D0EEF7C6BE00207047034600200F
:10EAC000C3E90033C3E902007047D0E900321360A4
:10EAD0005A600023427B836022F00202C0E90033C7
:10EAE000427370472DE9F041904604460D469DF86B
:10EAF0001820EFF31186102181F31288BFF36F8F76
:10EB000002B14568224652F80C7F974217D0B7B140
:10EB10003846FFF7DAFF07F1180000F0D4FC0023B5
:10EB20003846C7F81080C7F8B03000F095FA04F105
:10EB300008003146EEF7D6FE0020BDE8F081ABB10B
:10EB400008210020EFF774FD002838D00122C0F81A
:10EB500004800260016801F003015DB922680A4384
:10EB60000260626820606AB960600BE04046C8F8E5
:10EB70000030EFE72A68032A16D80160616869B996
:10EB8000C4E90000042104F1140000F05AFE00283A
:10EB9000CDD186F31188BFF36F8FCEE70A6802F0FC
:10EBA000030202430A60DFE722F003020A43026025
:10EBB0002A6802F0030240EA02032B60E2E76FF0EA
:10EBC0000B00E6E710B5044630B10268930703D0A6
:10EBD000446809B100F074FE204610BD0023C0E96E
:10EBE0000033037200F10C03C0E9033300F1140396
:10EBF000C0E905337047F8B50546EFF311861023D9
:10EC000083F31288BFF36F8FC46800F10C0300F127
:10EC100014079C4219D0C4B12046FFF756FF04F1F7
:10EC2000180000F050FC00232046C4F8B0302361E7
:10EC300000F012FA0821384600F003FE314605F1D3
:10EC40000800BDE8F840EEF74DBE0821384600F058
:10EC5000F8FD0028F2D186F31188BFF36F8FF8BD5D
:10EC6000012307B5009300230A461946FFF73AFF30
:10EC700003B05DF804FB002307B50A46194600936C
:10EC8000FFF730FF03B05DF804FB012307B50A4628
:10EC900000210093FFF726FF03B05DF804FB07B5E2
:10ECA0000A46002101230091FFF71CFF03B05DF825
:10ECB00004FB08B503681BB9FFF7D2FF012008BDAC
:10ECC0008B4203D01B6823F00303F4E70020F6E730
:10ECD00000210068FFF776BF00214068FFF772BF90
:10ECE0005AB18A4209D300F11003C0E90212C0E907
:10ECF0000000C0E90433002070476FF01500704732
:10ED00000023C0E9031101EB82010372C0E9000096
:10ED10004161704738B505460C4600208900EFF781
:10ED200087FC014638B128462246FFF7E9FF012358
:10ED300000202B7638BD6FF00B00FBE72DE9F0418A
:10ED400006460F46EFF31188102383F31288BFF3B2
:10ED50006F8FD0E9043293422BD00468A0421ED0BA
:10ED6000ECB1002504F11800D4E9003213605A60B8
:10ED7000637BA56023F00203C4E90055637300F0D0
:10ED8000A2FB2046C4F8B050276100F065F906F1F7
:10ED900008004146EEF7A6FD2846BDE8F0811F6059
:10EDA000002033690433336188F31188BFF36F8F18
:10EDB000F3E76FF00B00F7E7012302688B4022EACC
:10EDC0000303036022FA01F000F00100704710B560
:10EDD000032104460C30FFF7EFFF30B104F11000BF
:10EDE00000F071FBB0FA80F0400910BD28B100229C
:10EDF00000F58070114600F0D9B9704770B5C3684E
:10EE00000446C3F340069B0716D4856802210C30E4
:10EE1000FFF7D2FF80B1D5F8F8206AB194421DD136
:10EE200022689EB9D5F8FC30C5F8F8209C4201D183
:10EE3000C5F8FC2000232360E36813F01F001EBF09
:10EE400043F0020340F00200E36070BD3260D5F889
:10EE5000FC20944208BFC5F8FC60EBE71646126838
:10EE6000DBE773B50446EFF31185102383F31288B3
:10EE7000BFF36F8F0023A0F1100603210438019324
:10EE8000FFF79AFF28B1A36901A930460193EEF775
:10EE9000C9F885F31188BFF36F8F02B070BD38B524
:10EEA00004460D461022002100F042FD656038BD89
:10EEB000EFF31183102282F31288BFF36F8FC068C3
:10EEC00000F01F0083F31188BFF36F8F704713B5F5
:10EED00001900846EFF31184102383F31288BFF3E7
:10EEE0006F8F01A9EEF79EF884F31188BFF36F8F3F
:10EEF00002B010BD10B5FFF7EAFF041E08DDEFF306
:10EF00001180102383F31288BFF36F8FEEF71AFD81
:10EF1000204610BD4FF48C72002108B500F008FDAA
:10EF200008BD38B530220D460021044600F000FD32
:10EF30004FF480736560E36038BDFFF7B9BF38B543
:10EF40000446EFF31185102383F31288BFF36F8F0C
:10EF5000FFF73DFF2046FFF751FF85F31188BFF310
:10EF60006F8F38BDD0E9003213605A600023427BB6
:10EF7000836022F00202C0E9003342737047C0E9A7
:10EF8000000000207047EFF30580003818BF012013
:10EF9000704790F90E0070477830704708B50B46FF
:10EFA00000F17801184600F090FD002008BD10B572
:10EFB00000240373427384608173C473C0E9064400
:10EFC00010BD002310B58B4202D10020136010BD8C
:10EFD000C45CAA2CF9D10133F5E70A46D0E9260131
:10EFE000FFF7EFBFD0E9003213605A600023C0E999
:10EFF0000033704708B5FFF7F5FF437B23F00203AA
:10F0000043730023836008BD38B504460D46EEF710
:10F0100003FB637B43F002036373E5B1A5602B68D8
:10F020009D4209D16B68C4E900531C606C6012E01A
:10F030006A689A42F6D01B68002BF3D094F90E2030
:10F0400093F90E108A42F3D09142F1DD5A68C4E977
:10F05000003214605C6038BD10B5EFF311841023EA
:10F0600083F31288BFF36F8FEEF794FA84F311885D
:10F07000BFF36F8F10BD08B5EFF31181102282F33B
:10F080001288BFF36F8F83680BB1FFF7B3FF81F373
:10F090001188BFF36F8F08BD014610B5EFF31184DF
:10F0A000102383F31288BFF36F8F437B13F0280F75
:10F0B0000AD183680BB1FFF79DFF4B7B084623F015
:10F0C00004034B73EEF766FA84F31188BFF36F8F76
:10F0D00010BD01211838FFF7DFBF08B50346EFF375
:10F0E0001181102282F31288BFF36F8F0068834270
:10F0F00007D008B1FFF77EFF81F31188BFF36F8F50
:10F1000008BD0020F8E710B5FFF7B5FF1830BDE8DF
:10F11000104000F0D8B938B5054604680020AC426C
:10F1200000D138BD002CFCD02046FFF7ECFF204674
:10F13000FFF792FF2C680120A542F1E738B504469D
:10F140000D46EEF7E7FC0346B5F1FF3F08BFB4F10B
:10F15000FF3F204614D013F109004FEAE37141F15B
:10F1600000010A2871F100030BD36FF00A038342F8
:10F170004FF004038B4106D30A220023C2F718F88C
:10F1800038BD0020FCE76FF00040F9E7C11763309D
:10F190004FF0640241F1000108B50023C2F708F8FE
:10F1A000C117EEF7B7FC6423584308BD38B5EFF339
:10F1B0001185102383F31288BFF36F8F0468A04278
:10F1C00013D0A4B1C4F8B01020462261FFF712FF9B
:10F1D00004F1180000F077F92046EEF7DBF9012082
:10F1E00085F31188BFF36F8F38BD0020F8E7204604
:10F1F000F6E7F0B585B0064615460C4602A8DDE9EF
:10F200000A2300F0C7F9DDE9021251EA020326D011
:10F21000236820460027013340F8183B0C9B1F70E1
:10F22000CDE9001232462968EEF7E0FAEFF31183D8
:10F23000102282F31288BFF36F8F2B60226894F83C
:10F240002C30013A9907226002D51AB16FF08B0079
:10F2500005B0F0BD23F0020384F82C30F6E76FF020
:10F260000A00F5E738B5044600200022054620468E
:10F270001146FFF79BFF0028F7D1284638BD002331
:10F2800042610122416003610360037680F82C2013
:10F29000C0E9023300F11C03C0E9073300F1240385
:10F2A000C0E9093300F13003C0E90C3370472DE9A0
:10F2B000F04F2DED028B8DB00546904608A80491C5
:10F2C000DDE9182300F042F99DED088BEFF311837F
:10F2D000102282F31288BFF36F8F95F82C400B93A6
:10F2E000002314F002048DF82B3040F0908095F844
:10F2F0002C60F64316F0010640F08C80EA896B8999
:10F300009A4262D12B68002B5AD005F11C03A8EB5E
:10F31000040BB2460593EF69059B9F423ED0002F38
:10F320003CD0D7F81090ABEB06010498D9E9012343
:10F33000D21A8A4228BF0A46D9F800100691A119AC
:10F34000079201440698184400F0CAFAD9F8081048
:10F35000079A16440A44D9F80410C9F808208A42CA
:10F360001CD307F11800D7E900210A6051607A7BAD
:10F37000C7F808A022F00202C7E900AA7A7300F0D9
:10F38000A2F83846C7F8B0A0C7F810A0FFF764FE8F
:10F390004FF00103B3458DF82B30BCD83444A04561
:10F3A0000ED826469DF82B30BBB30B9905F11800FB
:10F3B000EEF798FA30460DB0BDEC028BBDE8F08F49
:10F3C000202105F1300000F03CFA049BA8EB040278
:10F3D000281D1919F1F728FB0444A04501D1464620
:10F3E000E0E70DF12B030BAA294605F12400029357
:10F3F0008DED008BFFF7FDFE064600283FF477AF4A
:10F4000010F10B0FCED1002C18BF2646CAE76FF0C3
:10F410008B06C7E76FF01F06C4E70B9B83F31188C9
:10F42000BFF36F8FC6E738B50446EFF3118510239D
:10F4300083F31288BFF36F8F0023C0E902330361A7
:10F4400003685BB190F82C301C3043F00203037466
:10F45000FFF708FF04F12400FFF704FF85F311888C
:10F46000BFF36F8F38BD38B50446EFF31185102315
:10F4700083F31288BFF36F8F00231C300374FFF7F0
:10F48000F1FE04F12400FFF7EDFE85F31188BFF3D0
:10F490006F8F38BD10B5EEF70DFE0446EEF712FE85
:10F4A00074B1D4E904321B1A62EBE072B3F1004F7D
:10F4B00072F1000104DA002AACBF1846002010BD2A
:10F4C0006FF00040FBE7024638B5EFF311851023DB
:10F4D00083F31288BFF36F8F036893B1EEF7EAFDF1
:10F4E00004461046EEF7F8FD844204D1FFF7D2FF40
:10F4F0000021DDF719FD002085F31188BFF36F8F20
:10F5000038BD6FF01500F7E770B5EFF311861022E4
:10F5100082F31288BFF36F8F036873B1EEF7F8FDC3
:10F5200004460D46EEF7CEFD0346201A65EBE37167
:10F5300086F31188BFF36F8F70BD18461946F7E741
:10F5400008B5EEF7CBFE08BDEEF7C8BEB3F1FF3F3E
:10F5500008BFB2F1FF3F70B504461D46164613D0F2
:10F560001A4315D06FF001024FF0FF33921B63EB8B
:10F570000501002904DAEEF7B1FE821941EB05011D
:10F580002046C4E9002170BD4FF0FF321146F7E775
:10F590000022FBE7B3F1FF3F08BFB2F1FF3FF8B530
:10F5A000074616461C4610D054EA020311D0EEF767
:10F5B00095FEB0420A460346A1410AD2F31A64EB13
:10F5C00002043846C7E90034F8BD4FF0FF331C464B
:10F5D000F7E70023FBE70023C0E9081200F1180257
:10F5E00003634363C0E90622C0E90033704710B5E6
:10F5F0000446FFF768FFA8B9636A0BB12046984735
:10F6000004F11800FFF769FD60B1FFF725FDEFF386
:10F610001180102383F31288BFF36F8FBDE8104071
:10F62000EEF790B910BD0346EFF31182102181F37C
:10F630001288BFF36F8F0021006B196382F311886A
:10F64000BFF36F8F704770B5D0E90034984209D08E
:10F6500044B1A568EDB115F9526C12F9525CB5428E
:10F6600008D007DDC1E900042160416010E0A34239
:10F67000F8D01B68002BF5D09A6862B112F9522CB1
:10F68000AA42F4D0F3DD5A68C1E900321160596032
:10F6900070BDAB7BFFDE937BFCE72DE9F84F0025C7
:10F6A0000F461446984601462E464FF0100AA946CA
:10F6B000BD4202DB3046BDE8F88FEFF3118B8AF3D1
:10F6C0001288BFF36F8F4B7B03F03F03082B09D8E1
:10F6D00053B1013B072B07D8DFE803F0281C0622B3
:10F6E0000606062E102B3ED0B8F1000F34D1237839
:10F6F000002B31D04B7B03F03F03082B35D8002B78
:10F7000035D0013B072B32D8DFE803F03E34313AE5
:10F71000313131410B699B68002BE5D0022310E0A9
:10F720000B691B68002BDFD004230AE00B699B6880
:10F73000002BD9D0012304E00B695B6A002BD3D0E6
:10F740001023CA68C1F80890C2F38630034363F3FC
:10F750009432CA6084F800908BF31188BFF36F8FE6
:10F7600001351431A4E72023EBE7102B13D0013629
:10F770008C60F1E7086922461030FFF764FFF6E776
:10F78000086922461430F8E722460869F5E7086957
:10F7900022462830F1E7086922463030EDE72DE9AE
:10F7A000F041846805460E46D4B16378012B22D11E
:10F7B00014F8533C9A0711D5A4F160073846FFF7B7
:10F7C000A2FC082E0CBF6FF003030023236514F87E
:10F7D000533CDB0602D13846FFF73EFC0023237082
:10F7E000EB680020C3F38632A860164366F39433B7
:10F7F000EB60BDE8F081022BF0D12378002BEDD037
:10F8000054F8048CB8F1000FE8D004F11400A4F10E
:10F810001407FFF758FE002339464046E362FFF71E
:10F8200056FBDBE75205090202F4001201F47C5199
:10F830000A43017B10B50A430024C0E90323846016
:10F8400010BD38B5EFF31185102383F31288BFF391
:10F850006F8F0468A04211D02046D4E900321360B3
:10F860005A600023C4E90033FFF799FF85F311883C
:10F87000BFF36F8F201E18BF012038BD0024F5E7AD
:10F880000023C0E900008360704700238360704755
:10F8900083680B60C368136070470432D3B50446B5
:10F8A00008D20026002741F00401CDE90067FEF7E9
:10F8B00070FF10B9002002B0D0BD40F8044BFAE749
:10F8C00020B1011F50F8040CFEF7AEBF704701468F
:10F8D0000420EEF79FBE002070476FF0570070477E
:10F8E0000A44914200F1FF3300D1704710B511F87E
:10F8F000014B03F8014F9142F9D110BD884210B578
:10F9000001EB020402D98442234607D8431EA142D8
:10F9100008D011F8012B03F8012FF8E70244014643
:10F920008A4200D110BD13F8014D02F8014DF7E7EE
:10F9300002440346934200D1704703F8011BF9E7E4
:10F9400020F02003413B192B05D9303809288CBF02
:10F950000020012070470120704720F0200041382E
:10F9600019288CBF0020012070471F2804D9A0F15E
:10F970007F035842584170470120704730380928AA
:10F980008CBF00200120704721385D288CBF0020EB
:10F9900001207047613819288CBF00200120704772
:10F9A00020385E288CBF002001207047202805D019
:10F9B000093804288CBF00200120704701207047BF
:10F9C000413819288CBF002001207047A0F1300376
:10F9D000092B07D920F02000413805288CBF0020D2
:10F9E0000120704701207047A0F14103192B98BFF7
:10F9F00020307047A0F16103192B98BF2038704761
:10FA00000021C2F73DB80A220021EEF793BF0A2277
:10FA10000021EEF78FBFEEF723BEEEF73DBE10B527
:10FA200001390244904201D1002005E0037811F829
:10FA3000014FA34201D0181B10BD0130F2E710B5F1
:10FA4000044614F8013BA3F14102192A11F8012BD5
:10FA5000A2F1410098BF2033192803D82032981A08
:10FA6000EFD010BD981AFCD1002AEAD1F9E710B501
:10FA70000246147813460132002CFAD1013B11F8EA
:10FA8000012B03F8012F002AF9D110BDC9B203469A
:10FA9000184613F8012B12B18A42F9D17047002998
:10FAA00018BF0020704710B56AB10139841810F8EA
:10FAB000012B11F8013F9A4203D1A04201D0002A44
:10FAC000F5D1D01A10BD1046FCE710B50139044637
:10FAD00032B111F8013F00F8013B013A002BF7D198
:10FAE0000021FFF725FF204610BD10B50246014456
:10FAF0008A42134603D01C780132002CF8D1181A20
:10FB000010BD38B511F0FF0403460ED12146BDE803
:10FB10003840FFF7BBBF431C054621461846FFF798
:10FB2000B5FF0028F7D1284638BD0025F5E70A784B
:10FB300070B56AB970BD9A4209D10C46054614F8F1
:10FB4000013F002BF6D015F8016F9E42F7D001302F
:10FB50000378002BEFD11846ECE72DE9F047C3F10D
:10FB60003709074688465FFA89F903F01F051646EC
:10FB70004FF0000A384641462A465346C1F718FB63
:10FB8000D4B2092C88BF4C443A46434688BFE4B2FD
:10FB9000AA4204F1300473EB0A0306F8014B07464E
:10FBA0008846E7D23046BDE8F0872DE9F04387B0BC
:10FBB0001C4602AB00931746D2E9022381468846D1
:10FBC00000F0E1F804AB0093D7E9002306460D46A8
:10FBD0004846414600F0D7F8DDE90423901953EB7D
:10FBE00005014FF0000728BF012737B1029B039A98
:10FBF000013342F10002CDE90232403CDDE902234B
:10FC0000009400F0DBF807B0BDE8F0832DE9F04F79
:10FC100089B00618994604AB41EB010400931546E0
:10FC20003046D2E900232146DDF84CB000F0ABF8B5
:10FC300006AB0093D5E902230746884630462146A5
:10FC400000F0A1F8DDE90463841951EB0306069B7B
:10FC5000D5E900014FF0000228BF0122D218079B0E
:10FC600043F10003381848EB0101B84271EB080179
:10FC7000E9680391A96834BF0120002014EB010C4E
:10FC8000039946EB010110EB0C0041F10001A04289
:10FC900071EB060C34BF4FF0010C4FF0000CCDE9B6
:10FCA0000623A9F1410A1CEB020243F10003CDF83F
:10FCB00000A000F083F8129BC3E90001149B012B04
:10FCC000DDE9062329D1D5E90201D5E900C5201ACD
:10FCD00066EB0101674578EB050534BF012500257A
:10FCE000401B61F10001844276EB010534BF012520
:10FCF0000025521BCDF800A063F1000300F05EF870
:10FD0000DDE90623CBE90001CDF800A0204631460D
:10FD100000F054F809B0BDE8F08F17EB070E48EB80
:10FD2000080C201946EB0601BE457CEB080834BFE1
:10FD300001270027C71941F10008D5E900018645D0
:10FD40007CEB010CD5E9021534BF01200020381AE4
:10FD500068F1000C401A6CEB050192185B41A74258
:10FD600078EB060534BF01250025521943F1000345
:10FD7000874278EB010834BF01250025521BA9F109
:10FD800040050095B8E7F0B50F460446A0FB020118
:10FD9000A7FB02524919A3FB044542F10002A7FB4D
:10FDA0000373611845F10004D219059E43F1000365
:10FDB000121943F10003C6E90023F0BDF0B5059C1C
:10FDC000C4F14007C4F1200602FA06F6A4F12005AA
:10FDD000BB4022FA05F53343C4F120062B4301FA58
:10FDE00006F6A4F12005E04021FA05F53043BA40BB
:10FDF0002843E14010431943F0BD2DE9F04357EC8F
:10FE0000106B3B463446C3F30A55C3F31303FE0F8E
:10FE100054EA030C067140F2FF7707D0BD420CD1C3
:10FE200046F0080606710020BDE8F083002D63D07F
:10FE3000BD425ED146F00406F4E7002D59D10125FC
:10FE4000A5F2FF350029056059DB0C2959DCC1F109
:10FE50000D05AD00012605F1FF3EA5F1210CC5F110
:10FE6000210726FA07F706FA0CFC06FA0EF64CEA0A
:10FE7000070CB7194CEB0C09D7F1000869EB490ED8
:10FE8000013F49F1FF39274009EA0309BE427CEBF3
:10FE900009090FDBC5F12009B5F1200703FA09F9BB
:10FEA00024FA05F545EA09055CBF43FA07F73D4327
:10FEB000ED0703D5A619344643EB0C0304EA080406
:10FEC00003EA0E0300F112050D260846C2F12702CF
:10FED0004FF0300E04F00F01240944EA037406F1D8
:10FEE000FF3C1B116F1EB1B9B0420CDA66463D46AD
:10FEF000F0E743F48013A3E72C462B46A2E700214A
:10FF0000E0E70D21DEE785F800E01CF1010166461F
:10FF10003D46DFD188E70929C8BF89183031B04292
:10FF20002970B8BF3046F0E7D1E9043293421EBFD2
:10FF30005A1C0A611870704738B58B789B070D46BC
:10FF400009D5C4B24B6820469847002806DAAB783A
:10FF500043F00403AB704FF0FF3038BD2046FCE7A0
:0CFF60000148006870470000946A00240B
:08FF6C003403FC7F01000000DA
:10FF74006998040800000000959C04080000000033
:10FF8400B19C040800000000CD9C0408000000009F
:10FF940000000000DC010808E53E04080000000041
:10FFA400A9C8060800000000CDC80608000000002B
:10FFB4004DC90608000000000000000048020808BF
:10FFC40000000000D8020808000000002003080810
:10FFD400000000001C04080800000000F8030808E2
:10FFE40000000000D403080800000000B003080863
:0CFFF400000000008C0308080000000062
:020000040808EA
:10000000680308080000000044030808000000001E
:10001000FC02080800000000B4020808000000000C
:100020006C0208080000000090020808393004083B
:10003000000000000000000040040808000000006C
:10004000F40408080000000018050808000000007B
:10005000D004080800000000640408080000000044
:100060008804080800000000AC040808FD810508A9
:100070000000000091CE0508000000000000000014
:10008000000208080000000024020808450B0708C9
:10009000000000007DFA04080000000069970408D1
:1000A00000000000000000003C050808B15B0408E7
:1000B00000000000C574060800000000A5CE060878
:1000C00000000000000000006005080800000000BB
:1000D00038060808000000001406080800000000A8
:1000E000F005080800000000840508080000000072
:1000F000EC06080800000000A40608080000000044
:100100005C06080800000000C8060808000000009F
:100110008006080800000000CC0508080000000068
:10012000A805080885A604080000000000000000DB
:1001300010070808653004080000000000000000F7
:1001400034070808000000005807080800000000F5
:100150007C07080800000000A00708080000000055
:10016000C407080800000000E807080800000000B5
:100170000C0808080000000008090808000000003A
:10018000E408080800000000C0080808000000009B
:100190009C0808080000000078080808000000001B
:1001A000540808080000000030080808000000009B
:1001B0002C090808013F040800000000350E07085C
:1001C000000000002D670408000000008F3C0708B5
:0C01D00000000000D1DF04080000000067
:1001DC00519A080800000000340F0808621500242A
:1001EC0000000000617F0508000000000000000016
:1001FC0010330808F2AA0808A43908080000000007
:10020C009215002400000000C1BA0508000000008F
:10021C0000000000983908083CAB0808103B08089F
:10022C00000000009415002400000000438A070819
:10023C000000000000000000043B08088CAE080819
:10024C0078400808FC0E0808B215002400000000D5
:10025C000000000000000000000000006C400808D6
:10026C008693080800000000000000005A150024C6
:10027C00E873002469670508000000000000000016
:10028C00B03008085D9C0808283308080C0E0808D4
:10029C0064150024B8820024918205080000000037
:1002AC00000000001C330808A6A608080C37080834
:1002BC00940E080872150024B884002419B405089B
:1002CC00000000000000000000370808CEA6080857
:1002DC002C370808940E080874150024CC840024CC
:1002EC0019B40508000000000000000020370808C1
:1002FC00F6A608084C370808940E08087615002452
:10030C00E084002419B4050800000000000000007F
:10031C00403708081EA708086C370808940E080810
:10032C0078150024F484002419B40508000000009A
:10033C00000000006037080846A708088C3708083A
:10034C00940E08087A1500240885002419B40508B1
:10035C000000000000000000803708086EA70808A5
:10036C00AC370808940E08087C1500241C85002462
:10037C0019B405080000000000000000A0370808B0
:10038C0096A70808CC370808940E08087E15002498
:10039C003085002419B4050800000000000000009E
:1003AC00C0370808BEA70808EC370808940E0808E0
:1003BC00801500244485002419B4050800000000B1
:1003CC0000000000E0370808E6A708080C38080809
:1003DC00940E0808821500245885002419B40508C9
:1003EC000000000000000000003808080EA80808F3
:1003FC002C380808940E0808841500246C850024F9
:10040C0019B405080000000000000000203808089E
:10041C0036A808084C380808940E080886150024DD
:10042C008085002419B405080000000000000000BD
:10043C0040380808679E0808CC340808340E0808B1
:10044C0066150024C4830024B98F05080000000041
:10045C0000000000C034080816560808D01A002402
:10046C0050100808581500240009002429590408C4
:10047C000000000000000000B0290808A19E080838
:10048C00941100245C0E080868150024281100241F
:10049C0025920508000000000000000074350808D3
:1004AC0014AF080888400808A4100808B4150024E4
:1004BC0080130024A5C30508000000000000000004
:1004CC007C4008083EAF0808F4400808A41008084F
:1004DC00B615002498130024A5C3050800000000DD
:1004EC0000000000E840080869AF080850410808FF
:1004FC00A4100808B8150024B0130024A5C30508DF
:10050C0000000000000000004441080893AF0808F8
:10051C00AC410808A4100808BA150024C81300241C
:10052C00A5C305080000000000000000A041080859
:10053C005EA808086C380808B80E0808881500244E
:10054C009485002400000000000000000000000062
:10055C00603808088E99080848310808000E080809
:10056C005C150024780B00249D7605080000000023
:10057C00000000003C310808B4990808BC31080898
:10058C00000E08085E150024300C00249D7605082A
:10059C000000000000000000B0310808B4A40808F6
:1005AC004C360808640E08086E150024A0110024AF
:1005BC0065A3050800000000000000004036080894
:1005CC006AA60808000000007C0E080870150024BC
:1005DC006012002471AB0508000000000000000050
:1005EC00EC36080807AA08087C380808DC0E08084E
:1005FC008A1500249885002435B9050800000000F0
:10060C0000000000703808082DAA0808D038080827
:10061C00DC0E08088C150024F885002435B9050873
:10062C000000000000000000C438080853AA0808A5
:10063C0024390808DC0E08088E150024588600247E
:10064C0035B9050800000000000000001839080842
:10065C003A9A0808D03B0808F40E080898150024AC
:10066C0050130024FDBE050800000000000000002F
:10067C00C43B08083A9A08080C3C0808F40E080811
:10068C009A1500245C130024FDBE05080000000030
:10069C0000000000003C08083A9A0808583C08087A
:1006AC00F40E08089C15002468130024FDBE0508F0
:1006BC0000000000000000004C3C08083A9A0808B2
:1006CC009C3C0808F40E08089E15002474130024A2
:1006DC00FDBE05080000000000000000903C08086A
:1006EC00F4B00808104208080C0F0808BC150024C8
:1006FC00E013002465C7050800000000000000009E
:10070C00FC410808239A0808FC320808180F08084E
:10071C0060150024B08200246D78070800000000EA
:10072C0000000000F03208086EB208087442080895
:10073C00E80F0808BE150024D4870024F1D405085E
:10074C0000000000000000006842080828B90808F2
:10075C00404308081C100808C01500245414002439
:10076C0095D705080000000000000000344308087D
:10077C0035AD08081C3D0808AC0F0808A01500246E
:10078C00B8860024A1C0050800000000000000008D
:10079C00103D080859AD0808583D0808AC0F08086A
:1007AC00A2150024D0860024A1C00508000000007A
:1007BC00000000004C3D0808C4A008088C3508084F
:1007CC00F43508086A1500240000002485940508F7
:1007DC0000000000000000008035080887AA080807
:1007EC0084120024500F080890150024881200244D
:1007FC007389070800000000000000006C3908082D
:10080C0057AB0808783B0808000000009615002438
:10081C0000000000138B070800000000000000001F
:10082C006C3B080884AD0808943D0808700F080854
:10083C00A4150024E8860024018F0708000000009E
:10084C0000000000883D0808AAAD0808D83D08083B
:10085C00700F0808A615002400870024018F0708D4
:10086C000000000000000000CC3D0808D0AD0808D6
:10087C001C3E0808700F0808A815002418870024CF
:10088C00018F07080000000000000000103E08085F
:10089C00F6AD0808603E0808700F0808AA15002479
:1008AC0030870024018F07080000000000000000C2
:1008BC00543E08081CAE0808A43E0808700F08082F
:1008CC00AC15002448870024018F070800000000A5
:1008DC0000000000983E080842AE0808E83E0808F0
:1008EC00700F0808AE15002460870024018F0708DC
:1008FC000000000000000000DC3E08086DAE080897
:10090C002C3F0808680F0808B015002400000000F0
:10091C00A38F07080000000000000000203F08081B
:10092C0067A1080834360808F81008086C1500246C
:10093C00E8500024799D050800000000000000002C
:04094C002C36080835
:1009500000000000FB25070800000000FB25070839
:1009600000000000FB25070800000000FB25070829
:1009700000000000FB25070800000000FB25070819
:100980006F930808CD6605086D930808CD660508C5
:100990006B930808CD66050869930808CD660508BD
:1009A00067930808CD66050890020808F7790708DC
:1009B00090020808FD79070890020808037A0708E2
:1009C00090020808097A0708900208080F7A0708B9
:1009D00090020808157A0708900208081B7A070891
:1009E000000000008D75050800000000FB250708C9
:1009F00000000000FB25070800000000FB25070899
:100A000000000000FB25070865930808CD6605086F
:100A100000000000FB25070800000000FB25070878
:100A200000000000FB25070800000000FB25070868
:100A300000000000FB25070800000000FB25070858
:100A400000000000FB250708380608084386070851
:100A500038060808CF86070800000000FB250708B5
:100A600000000000FB25070800000000FB25070828
:100A7000EC060808AF9907081805080867930708E7
:100A800000000000FB25070800000000FB25070808
:100A900063930808CD66050800000000FB250708E1
:100AA00000000000FB25070800000000FB250708E8
:100AB00000000000FB25070800000000FB250708D8
:100AC00000000000FB25070890020808217A0708AB
:100AD00000000000FB25070800000000FB250708B8
:100AE00000000000FB25070800000000FB250708A8
:100AF000F40408086793070800000000FB250708B6
:100B000000000000FB25070800000000FB25070887
:100B100000000000FB25070800000000FB25070877
:100B200000000000FB25070800000000FB25070867
:100B300000000000FB250708C4070808897D070896
:100B400000000000FB25070800000000FB25070847
:100B500000000000FB25070800000000FB25070837
:100B600000000000FB25070800000000FB25070827
:100B700000000000FB25070800000000FB25070817
:100B800000000000FB250708D00408086793070849
:100B9000140608084386070814060808CF860708C5
:100BA00000000000FB25070800000000FB250708E7
:100BB00000000000FB25070800000000CD690508C3
:100BC00058070808259E070800000000FB250708B5
:100BD00028110024F993050800000000FB250708F0
:100BE000AC0408086793070800000000FB2507080D
:100BF00000000000FB25070800000000FB25070897
:100C000000000000FB25070800000000FB25070886
:100C100000000000FB25070800000000FB25070876
:100C200000000000FB25070800000000FB25070866
:100C3000A8050808CF81070800000000FB25070869
:100C400000000000FB250708F00508084386070898
:100C5000F0050808CF86070800000000FB250708FC
:100C600000000000FB25070800000000FB25070826
:100C700000000000FB25070800000000FB25070816
:100C800000000000FB25070800000000FB25070806
:100C900000000000FB25070800000000FB250708F6
:100CA00000000000FB25070800000000FB250708E6
:100CB00000000000FB25070800000000FB250708D6
:100CC00000000000FB25070800000000FB250708C6
:100CD00000000000FB25070800000000FB250708B6
:100CE00000000000FB25070800000000FB250708A6
:100CF00000000000FB25070800000000FB25070896
:100D000000000000FB25070800000000FB25070885
:100D100000000000FB25070800000000FB25070875
:100D200000000000FB25070800000000FB25070865
:100D300000000000FB25070800000000FB25070855
:100D400000000000FB250708000000009975050859
:100D500000000000FB25070800000000FB25070835
:100D600000000000FB25070800000000FB25070825
:100D700000000000FB25070800000000FB25070815
:100D800000000000FB25070800000000FB25070805
:100D900000000000FB25070800000000FB250708F5
:100DA00000000000FB25070800000000FB250708E5
:100DB00000000000FB25070800000000FB250708D5
:100DC00000000000FB25070800000000FB250708C5
:100DD00000000000FB25070800000000FB250708B5
:100DE00000000000FB25070800000000FB250708A5
:100DF00000000000FB25070800000000FB25070895
:0C0E00005D73050881790508E40C000012
:100E0C00B5830508C9880508B97907083D83050825
:100E1C0000000000000000004D82050800000000EA
:100E2C000000000000000000098F0508A98D0508CE
:100E3C00958E0508218E05080000000000000000BA
:100E4C00358D0508000000000000000000000000C7
:080E5C00CD910508159305086E
:100E64003B82070879A2050849A10508219F0508C6
:100E74009D810708A981070839AE05084DB2050808
:100E840075B105080DAB05080000000015AB050899
:100E940029840708B5830708F1B30508C183070847
:100EA400CB830708CDB30508E9B20508D783070843
:100EB400000000005D850708638507086985070849
:100EC4006F850708758507087B8507080000000003
:080ED400000000000000000016
:100EDC0099B8050815B80508E38807080000000054
:080EEC000000000000000000FE
:080EF40055BC0508B58B070889
:100EFC0001920708239207083F9207085D920708A2
:0C0F0C00E79B0708D19B070863980708C3
:100F1800891604080000000000000000E97C0508AC
:100F2800000000008378070800000000097F05081A
:100F3800C57E050800000000A97D05080000000026
:080F4800000000009D81050876
:100F500071890708E7890708A7890708E989070849
:080F6000000000000000000089
:080F6800000000007190070871
:100F7000C390070855900708A78E0708D38E070867
:100F8000A99107088B900708DF900708E38E0708F0
:100F90001991070800000000000000000000000098
:100FA000000000000000000000000000138E070891
:100FB000598E0708318E07083F8E07080000000091
:100FC0000000000000000000000000000000000021
:100FD0000000000000000000000000000000000011
:080FE000000000000000000009
:100FE80051D20508439C07087F9C070839D105089A
:100FF80000000000000000000000000081D4050887
:1010080000000000000000000000000000000000D8
:1010180000000000B1D60508379D070805DB050864
:101028002D9E0708AD9D0708E39D070800000000F6
:10103800899D07089B9D070800000000000000002C
:081048000000000000000000A0
:10105000DF100708B559040800000000630F0708F7
:101060007B0F0708C557040895100708A557040803
:10107000CB0E0708D50E070885570408F50E07089C
:1010800000000000FF0E0708000000000000000044
:101090000D0F0708F1100708290F0708D70F0708D9
:1010A000310F070891950708F59407089D920708E6
:1010B000A9C505080B9407089D9407084F950708D4
:1010C000F79207080D930708F7930708239307087B
:1010D00039930708EB9307084F93070821C10508C8
:1010E00099C105082B9507085B9307085F930708CC
:0810F0000000000000000000F8
:1010F800657F07086D7E0708A97F07085F7F0708D7
:101108003B7E07080000000000000000000000000F
:081118000000000000000000CF
:0C112000000000000000000000000000C3
:10112C0019930808FC190024093C0708060800005C
:10113C000E930808FC190024473707080008000024
:10114C000000000000000000B535070899E0040815
:10115C0000000000000000001D30070879CB0408D7
:10116C00050000000000000039360708D1EF040824
:0C117C001411002401000000E4730024A2
:10118800C699080803000000AB53080803000000D4
:1011980052540808030000002C9A080803000000B5
:1011A8006F9C080803000000529D08080300000017
:1011B8007F9E080803000000656A08080100000017
:1011C800DAA0080803000000D1A208080300000004
:1011D800D8A408080300000084A60808030000003B
:1011E800A28C080803000000FD6D08080300000039
:1011F80072A808080300000065AA08080300000098
:101208002FA90808030000002E910808010000001B
:101218001D8F080801000000C492080801000000A2
:10122800E154080803000000E55408080300000022
:101238008CAA08080300000011AB0808030000008E
:1012480031AB080803000000A76D08080300000080
:10125800586E080803000000606E080803000000CC
:10126800165008080300000076A1080803000000D3
:10127800046E0808030000000E6E08080300000052
:10128800506E080803000000296E080803000000DB
:10129800366E080803000000426E080803000000CC
:1012A8001A6E080803000000E4AC080803000000F8
:1012B8005FAD080803000000795F0808030000001C
:1012C8007F5F08080300000006B10808030000005B
:1012D800739C080803000000AAAF08080300000078
:1012E800F79608080300000078B208080400000018
:0812F80036B9080804000000EB
:10130000782B08088C6A0024935F0808000000000E
:101310002B4F08083D0D0408764E0808AD0C040854
:101320007E4F08083B120408A34E0808FD0C040871
:101330000F4F0808E1030408834E08081D0C040839
:10134000E44E08086D0C04088B4F0808450C04088F
:10135000514F0808310C04089A4F0808810C040802
:10136000444F0808A1090408374F08084D0704082E
:10137000D74E0808DD0304086A4E08089D060408D5
:10138000004F0808A91004081C4F0808E5100408BD
:10139000CB4E080879060408F34E0808A503040894
:1013A0005A4E0808C1030408B14E0808F1060408A3
:1013B0004A4E080811110408604F0808590604082D
:1013C000BD4E080881030408924E080895030408DE
:1013D0003D4E08086D0F04086D4F0808B111040850
:1013E0002A4E0808C7FD06080156080864040808C4
:1013F0007A99080860050808529E08084004080801
:10140000719308086C0208088C9E08088804080874
:10141000BAA60808D802080821AD08087C07080801
:10142000489C08089002080859B2080834070808C0
:1014300013B9080858070808AFA00808C407080827
:1014400072AA0808E807080852A108082C09080829
:1014500055A60808CC05080842AB08080C0808087F
:1014600053AE0808080908082DAE0808E408080863
:1014700007AE0808C0080808E1AD08089C0808087D
:10148000BBAD08087808080895AD08085408080896
:101490006FAD0808300808080AA7080820030808E4
:1014A00045AD0808A0070808DDAA080800020808DA
:1014B0001CAB080824020808FFAE0808AC040808A2
:1014C0009FA40808A80508083FAA080838060808C5
:1014D0000E9A08081007080819AA08081406080830
:1014E000F3A90808F00508084AA808083C050808F8
:1014F000A09908088405080878AE0808480208087A
:1015000055AF0808F40408087FAF08081805080854
:101510002AAF0808D0040808E0B00808EC0608085C
:1015200022A808081C040808FAA70808F8030808F5
:10153000D2A70808D4030808AAA70808B003080817
:1015400082A708088C0308085AA708086803080837
:1015500032A7080844030808E2A60808FC020808A5
:1015600092A60808B4020808B2AC0808A406080845
:101570007FAC08085C060808CBAC0808C806080859
:1015800099AC0808800608083E9A0808DC0108089B
:10159000508308084D970408B678080817290708EB
:1015A000EAC508080DE90708785408081506070871
:1015B0006B5408082706070810500808E11F0408A4
:1015C0008A52080801FA07088F52080807FA070824
:1015D000855208080FFA0708A47808081B2907088D
:1015E0009A52080835980408E84F0808DD96040860
:1015F00047500808995B040854860808D92807084A
:101600007C7808081F29070815500808E1210408FC
:1016100065500808B5E606081282080819980408FB
:101620007950080813290708CA7708080F290708FE
:101630007552080841F907085D5208085BF9070868
:10164000555208086BF907084D5208087DF907083C
:101650004552080889F907082D52080895F9070826
:101660003D520808A1F907087D520808ADF907089E
:1016700035520808C1F9070824520808CDF90708AF
:101680002D50080821E707083CC6080887EF07081F
:10169000A9520808CFF80708175208086DD906089C
:1016A0000852080895D906083A500808D7F50708DF
:1016B0001D500808B1D106089E770808232907089D
:1016C000AB520808AD970408D68E08081FFA070821
:1016D000CF8E0808E1F80708B2520808FDF807089D
:1016E000C88E080831F907084B5108081D5805082D
:1016F0006A51080801710708BC5108084D13050814
:10170000C8510808B5120508A8510808891205082B
:1017100092510808D90E05087B5108082143070893
:101720002F510808311B050812510808014A070803
:101730006A500808DD280708F44F08081DE8060865
:1017400064540808C90507080350080841E806085A
:101750000B5008084DE806089552080817FA0708C4
:10176000A1520808E19704086F50080827290708C4
:101770008877080837290708DB4F0808690A07082F
:10178000CD4F0808AD0A0708C04F0808290A070806
:1017900074500808472907084A7708085729070896
:1017A00032770808672907089C500808FD320408AA
:1017B00085500808F132040819500808F924040873
:1017C000F24F08088DE80608087708087529070809
:1017D000FB4F0808E5E80608945208081BFA0708BA
:1017E000DE5208083FFA0708BA5208086FFA0708DD
:1017F000C15208088DFA0708CF520808E111040801
:10180000CF520808E1110408DD8E0808F51104081C
:10181000C852080805120408C8520808051204082E
:10182000F1520808A7FA0708F1520808A7FA0708B2
:10183000E9520808CBFA0708E9520808CBFA07086A
:101840000053080803FB0708F95208082FFB070894
:10185000D652080821EA0608A94F080861D00508F1
:1018600013B1080889D00508115008089925040803
:10187000FF5008081DFB04086D520808E9F9070825
:1018800065520808F5F90708F1510808F94E0408EF
:10189000FD510808C1500408E4500808B9D00508F3
:1018A000D1500808079C0708BC50080801D105085A
:1018B00063540808C5050708AA8E0808B99B0408E0
:1018C000918E080800000000818E080800000000CA
:1018D0006B8E080800000000568E0808C1E6070855
:1018E0003C8E080869C406081A8E0808B1C40608A8
:1018F000078E08085DE70708F08D0808ABE60708C3
:10190000D98D080800000000BE8D08080000000006
:10191000A38D080800000000918D08080000000059
:10192000808D080800000000708D0808000000008D
:101930005D8D080800000000428D080800000000CE
:10194000308D0808A32407081D8D0808000000003A
:101950000A8D080800000000F88C0808218104089E
:10196000E38C08087B240708C78C080875810708E2
:10197000A58C08086B810708828C0808638107081A
:10198000668C080800000000508C08080000000069
:101990002E8C0808000000001C8C080800000000C5
:1019A000018C080800000000EA8B08080000000015
:1019B000D78B080800000000BB8B0808000000005F
:1019C000A18B080800000000868B080800000000BA
:1019D000628B080800000000428B0808000000002D
:1019E000238B0808000000000A8B08080000000094
:1019F000EC8A080800000000CC8A080800000000FB
:101A0000AF8A0808000000008F8A0808C9B50508D9
:101A1000708A080881850708548A080811B50508E6
:101A2000368A080849B505080E8A08088785070818
:101A3000F989080800000000E38908080000000098
:101A4000CC89080800000000AA89080800000000EE
:101A5000868908080000000072890808000000005C
:101A60005F8908088BE607084489080871D20608D0
:101A70002E8908087FEF07081689080825D206086E
:101A800000890808E1D20608EB8808080000000079
:101A9000D788080800000000C3880808000000007C
:101AA000B0880808000000009688080800000000C0
:101AB00082880808000000006A880808000000000A
:101AC0005388080805E907083D88080809E9070858
:101AD0002988080800000000158808080000000098
:101AE000FA8708082DD30608E187080869E907087E
:101AF000CF8708083DCA0608B7870808A1E9070884
:101B00009C8708080000000081870808000000008A
:101B10006E870808AFE9070858870808E1E9070851
:101B20004487080827EA0708328708087DC906089D
:101B30001E870808BDEA07080A87080805CB0608BB
:101B4000F4860808F5CB0608D786080800000000D0
:101B5000C186080800000000A686080800000000F2
:101B60008E86080800000000758608080000000046
:101B70005A860808000000004686080867F407082F
:101B800032860808000000002086080800000000D7
:101B90000D8608087FF20708FB8508080000000092
:101BA000E8850808D1DD0608CF8508080000000098
:101BB000BB85080827F40708A7850808AFF20708BF
:101BC0008D850808000000007F85080815E50608D7
:101BD0006485080891F807084A85080881F807080D
:101BE0002F850808C5E50608148508088BF807083E
:101BF000F88408088BEC0708DB8408089FEC0708CA
:101C0000C0840808F7EB0708AD84080895CC0608DF
:101C100099840808DDEB07088184080800000000AB
:101C200068840808D1EC07084F840808D9EC070835
:101C30003B84080839DA060817840808DDDB060843
:101C40000084080800000000EE830808F9CC0608AC
:101C5000DC830808E1EC0708C9830808BDCD060845
:101C6000B783080871CD0608A88308083DF1070866
:101C70008E83080815ED07087B8308083DCE06080B
:101C8000678308083DED070856830808A13A040851
:101C900040830808958E040829830808E9D40608BB
:101CA0000983080800000000E9820808000000001D
:101CB000CC82080800000000B78208082DDD060865
:101CC0009D8208089DEF0708848208084DD3060806
:101CD0006782080893EF07084A8208080DDA0608A9
:101CE0003382080809D9060817820808D7F80708B8
:101CF000FC810808DBF80708DC810808DBEF07082F
:101D0000C4810808FDD606089E810808000000006E
:101D100076810808000000005981080800000000D2
:101D20003A8108080000000025810808EDE3060854
:101D30000B81080827F60708F080080861E4060808
:101D4000DC800808EFF50708BF80080800000000E5
:101D5000A2800808000000008C80080849F50708E8
:101D60007C8008088DF107086C80080895DB060860
:101D70005D8008088DDA0608438008082DBF040836
:101D80002B80080845410408158008087D0B0708CA
:101D9000F67F08088D0B0708E57F0808094104084D
:101DA000D27F0808710B0708BD7F0808C915050810
:101DB000A87F080899170508827F08086D3807086A
:101DC000677F0808D50B0508427F0808E14207082D
:101DD0001A7F08082D450708F67E08081D440708E5
:101DE000D37E0808D1420708A37E0808934207085B
:101DF0007B7E080883420708567E08080000000022
:101E00002E7E0808000000000A7E0808000000007E
:101E1000F07D080800000000D57D080800000000E3
:101E2000BB7D0808000000009D7D08080000000040
:101E3000877D0808000000006E7D08080000000093
:101E4000537D0808000000003A7D080800000000EB
:101E5000267D080800000000137D0808000000002F
:101E6000FD7C080800000000D27C0808000000008B
:101E7000B07C0808000000008F7C0808000000000B
:101E8000607C0808000000004A7C0808C1AB040818
:101E9000367C080881AB04081F7C0808000000009D
:101EA000097C080800000000F57B0808000000001D
:101EB000DF7B080800000000C37B0808000000006A
:101EC000A87B0808000000008D7B080800000000C7
:101ED000727B080800000000587B08080000000022
:101EE0003D7B080800000000237B0808000000007C
:101EF0000C7B080800000000F27A080800000000CF
:101F0000D87A080800000000C47A08080000000021
:101F1000AC7A080800000000977A0808000000006A
:101F20007E7A080800000000677A080800000000B8
:101F3000517A080800000000377A08080000000005
:101F4000287A080800000000137A08080000000042
:101F5000007A080800000000DF790808BF0C0708B5
:101F6000BE790808D10C07089D790808E50C070818
:101F70007E790808694404085F79080800000000B9
:101F80003E790808000000001A79080809C304080F
:101F90000679080825970408F17808080000000071
:101FA000D878080800000000BD780808000000008C
:101FB000A978080829C704089778080825C60408DE
:101FC00084780808F32F07086F7808087DC604088E
:101FD0005778080809C9040837780808E32F070864
:101FE0001E780808053007080578080879CA04082B
:101FF000EC770808D1CA0408D4770808A9C90408EE
:10200000BD770808F72F0708A577080859C90408FD
:1020100091770808D5C604087B77080845C80408E6
:1020200066770808B1C8040851770808EDC70408A6
:102030003D77080881C704082577080811CA0408F5
:102040000F770808D1C50408FB7608086DC5040899
:10205000E37608084DF90408D27608086F2B0708C4
:10206000BF760808CDA40408D7510808B543040872
:08207000D7510808B54304082C
:102078008A5F0808601000240C5900243C100024D2
:1020880002000000FC2A080808590024102B080840
:10209800641600247F5F0808183C0024809A0124F5
:1020A800E42B0808502A0808102A0808A42A080857
:1020B800642B0808BC2B0808BC290808942E0808BB
:1020C800F82B0808A82B0808942B0808D02B080818
:0420D8004C28080880
:1020DC0000000000000000000000000000000000F4
:1020EC0000000000037E08085A5608080000000093
:1020FC00E55B04080000000048580808525808081E
:10210C0000000000595C0408030000007158080826
:10211C0078580808D0290808211107080000000089
:10212C00B18308088956080800000000015C040807
:10213C00020000000E880808A45808087C21080832
:10214C0000000000000000000F5708081657080890
:10215C000000000011150408010100006D5708086B
:10216C007557080800000000415C040800000000DE
:10217C000000000000000000000000000000000053
:10218C0000000000675B08086C5B0808000000009A
:10219C00895F040802000000935908089859080840
:1021AC0000000000FD5C0408000000009C8D080885
:1021BC000D5B080800000000255F04080200000009
:1021CC00395A0808405A080800000000F15D04085C
:1021DC0000000000688D0808B25A080800000000D2
:1021EC00C15E0408020000000000000000000000B6
:0C21FC00000000000000000000000000D7
:08220800DDBF04082D2E0708BC
:082210000100000000000000C5
:1022180002000000000000C00000400000000000B4
:102228000000001000000020000000300000004006
:10223800000000500000006000000070FAC50808A7
:102248000001000000C201000000081B5B4A0000FA
:102258001B5B4800001B5B324A00001B5B4A000006
:102268001B5B6D00001B3700001B3800001B5B3F29
:10227800336C00001B5B4800001B5B324A00001BEC
:102288003700001B380000000000000000000000BC
:1022980000000000000000551D250000551D20000D
:1022A80000030602000A0000000000000000000011
:1022B80022AE28D7982F8A42CD65EF2391443771F3
:1022C8002F3B4DECCFFBC0B5BCDB8981A5DBB5E965
:1022D80038B548F35BC2563919D005B6F111F15932
:1022E8009B4F19AFA4823F9218816DDAD55E1CAB63
:1022F800420203A398AA07D8BE6F7045015B8312F8
:102308008CB2E44EBE853124E2B4FFD5C37D0C55B2
:102318006F897BF2745DBE72B196163BFEB1DE80AA
:102328003512C725A706DC9B942669CF74F19BC19B
:10233800D24AF19EC1699BE4E3254F388647BEEF38
:10234800B5D58C8BC69DC10F659CAC77CCA10C24F0
:1023580075022B596F2CE92D83E4A66EAA84744A62
:10236800D4FB41BDDCA9B05CB5531183DA88F9769A
:10237800ABDF66EE52513E981032B42D6DC631A8CF
:102388003F21FB98C82703B0E40EEFBEC77F59BFB3
:10239800C28FA83DF30BE0C625A70A934791A7D59E
:1023A8006F8203E05163CA06706E0E0A672929140A
:1023B800FC2FD246850AB72726C9265C38211B2E52
:1023C800ED2AC45AFC6D2C4DDFB3959D130D38537F
:1023D800DE63AF8B54730A65A8B2773CBB0A6A7692
:1023E800E6AEED472EC9C2813B358214852C729228
:1023F8006403F14CA1E8BFA2013042BC4B661AA8A5
:102408009197F8D0708B4BC230BE5406A3516CC75D
:102418001852EFD619E892D110A96555240699D615
:102428002A20715785350EF4B8D1BB3270A06A10D6
:10243800C8D0D2B816C1A41953AB4151086C371E85
:1024480099EB8EDF4C774827A8489BE1B5BCB034A0
:10245800635AC9C5B30C1C39CB8A41E34AAAD84E82
:1024680073E363774FCA9C5BA3B8B2D6F36F2E6849
:10247800FCB2EF5DEE828F74602F17436F63A5780F
:1024880072ABF0A11478C884EC39641A0802C78CBE
:10249800281E6323FAFFBE90E9BD82DEEB6C50A4D0
:1024A8001579C6B2F7A3F9BE2B5372E3F27871C659
:1024B8009C6126EACE3E27CA07C2C021C7B886D18A
:1024C8001EEBE0CDD67DDAEA78D16EEE7F4F7DF552
:1024D800BA6F1772AA67F006A698C8A2C57D630AE4
:1024E800AE0DF9BE04983F111B471C13350B711B29
:1024F800847D0423F577DB289324C7407BABCA325D
:10250800BCBEC9150ABE9E3C4C0D109CC4671D4339
:10251800B6423ECBBED4C54C2A7E65FC9C297F5969
:10252800ECFAD63AAB6FCB5F1758474A8C19446C14
:10253800010000000000000005000000000000008D
:1025480019000000000000007D00000000000000ED
:102558007102000000000000350C000000000000BF
:10256800093D0000000000002D31010000000000BE
:10257800E1F505000000000065CD1D000000000029
:10258800F902950000000000DD0EE90200000000DD
:10259800514A8D0E000000009573C24800000000EB
:1025A800E941CC6B010000008D49FD1A07000000CD
:1025B800C16FF28623000000C52EBCA2B100000046
:1025C800D9E9AC2D780300003D9160E45811000072
:1025D80031D6E275BC560000F52E6E4DAEB1010045
:1025E800C9EA268367780800ED95C28F055A2A0044
:1025F800A1EDCCCE1BC2D30025A4000A8BCA2204AD
:1026080000000000000000000000000000000010B2
:102618000000000000000000B9340332B7F4AD1424
:1026280010DB1AB30892540E0D307D951447BA1A70
:1026380066088F4D26ADC66DF598BF85E2B7451182
:10264800CA96853D92BD1DEBFCA11860DCEF5216C1
:102658003C92AE220BB8C1B4839D2D5B0562DA1C97
:10266800304C7E8F4E8BB25B16F4529F8B56A51260
:10267800FBD4827643ED8AF08FE7F9311565191896
:1026880050F19BD94A13EEB4284CF0A686C1251FF9
:10269800035FC270CB9E4916E642889C44EB201427
:1026A800B0650836AD6EA58585F0CA14E2FD031A3B
:1026B8000B899979D5B13D09D8DA973A35EBCF101E
:1026C800AC363F5E73BB38CF3E6752FA44AFBA159B
:1026D80001000000000000000000000000000020D1
:1026E800345065C05FC9A652BB13CBAEC440C218F4
:1026F80006C8DF7100D5A87CF56F0FDA58FC2713E0
:102708006E4756357D24206502C7E768E48CA41D12
:10271800E9E60268D7CD39617977FCC2405BEF16EC
:10272800798CDE43FFA751F991F3B278F5BDBE115C
:10273800E857E9D6E8BEE87BB054AC8F848D751BAA
:10274800EA23A499E9F9D38BB7A3714061DA3E155E
:10275800CEE33ECB73F948088C97B427D51B70108D
:10276800A2BFEFB9EB8532154DB44DB49BBB6F19C1
:1027780096B6076CF8E7EEAD36D9B4F59135AE13D9
:10278800222218AF4E6A684D91DAAA3D4F40741E56
:102798009FBD9EE006A1C09857C2A7FDA40E901742
:1027A8000E7D497173E3208FB220D87605143B1251
:1027B800853D7434811343B0AD297A5F27F4351C05
:1027C800E2652F227F2B7A3C075C143326A6813CD6
:1027D800BDCBF07A8807703C075C143326A6913C81
:1027E8004FBB610567ACDD3F182D4454FB21E93F21
:1027F8009BF681D20B73EF3F182D4454FB21F93F10
:1028080000000040FB21F93F000000002D44743E09
:10281800000000809846F83C0000006051CC783BEE
:1028280000000080831BF0390000004020257A3822
:10283800000000802282E336000000001DF36935A5
:102848003A000000A4530808A0530808000000003C
:102858008D30040800000000000000006410B71D5F
:10286800C8206E3BAC30D9269041DC76F4516B6BB6
:102878005861B24D3C7105502083B8ED44930FF078
:10288800E8A3D6D68CB361CBB0C2649BD4D2D3862E
:1028980078E20AA01CF2BDBDE30507080506070893
:1028A80000000000F13A040805000000B8280808F4
:1028B80000000008B45408082600020200000024A2
:1028C800BA54080824000B110000F01FBF54080870
:1028D8002400041100000430C65408081A00081126
:1028E80000000430D35408080E0004010000000062
:1028F800B1550808B955080800000000000000009C
:1029080000000000C1550808C5550808C955080841
:10291800CD550808D15508080000009000000010A7
:1029280000000002E1550808000000C00000800017
:102938000000100007000000000000000000000078
:1029480000000100CC05080801000000000001009B
:1029580000000300CC050808020000000000040085
:1029680000000600CC0508080300000000000A006B
:1029780000000600CC0508080400000000000E0056
:1029880000000200CC050808050000000000000057
:102998000000F800A8050808060000000000F8007C
:1029A80000000800A8050808B4290808010000006C
:1029B800165608082D56080834560808DC2008085A
:1029C8000000000000000000D4290808805808080A
:1029D80085580808000000002111070800000000C1
:1029E800925808089758080800000000291107089D
:1029F80000000000000000000000000000000000CF
:102A080000000000000000005CBE0808C05B080869
:102A1800242A08080000000000000000282A0808EE
:102A280093590808D05B080800000000ED5F04080F
:102A3800000000000000000000000000000000008E
:102A480000000000000000001E7B0808935C0808D6
:102A5800642A08080000000000000000682A08082E
:102A6800E8A30808A15C08080000000089610408C0
:102A78000000000025830808B15C08080000000079
:102A88003D110708000000000000000000000000E1
:102A9800000000000000000000000000175E0808A9
:102AA8001E5E0808B82A0808956204080202000099
:102AB800BC2A0808E05E0808E55E08080000000077
:102AC8005963040805020000F69108081D5F08080C
:102AD8000000000031660408020100000000000048
:102AE80000000000000000000000000000000000DE
:102AF8003A00000014A900241E000000F51C070875
:102B08007820080834100024001308083C2B080813
:102B1800786A002464000000282B0808346A00241E
:102B2800103D00248000000000000000611107082B
:102B3800020000006F1F0708806A002414A90024FF
:102B48001E00000065670408491207089511070868
:102B5800E3110708A711070800000000AF62080882
:102B680071620808000000002D75040801000000CB
:102B7800F71E0708371F0708691E0708000000002E
:102B8800000000000000000000000000706308085A
:102B98007763080800000000F17D040801000000C8
:102BA800A1630808A86308080C2C0808957E040887
:102BB800010100004D640808556408080000000081
:102BC800B17D040801000000CA920808666408087C
:102BD800382C08080000000000000000FA880808E7
:102BE8008C640808000000005D7E040801000000F5
:102BF8009A6408089E64080800000000EB20070893
:102C080000000000102C08081D9D0808C164080871
:102C180000000000117D0408010000000000000011
:102C2800000000000000000000000000000000009C
:102C38003C2C0808056508080E6508080000000017
:102C4800517D0408010000002B6508083A65080852
:102C5800DC2C08080000000000000000EA650808F5
:102C6800F16508081C2E080800000000000000009C
:102C7800086608080E660808DC2D08080000000031
:102C880000000000256608082C6608089C2D080826
:102C980000000000000000003B66080840660808C5
:102CA8005C2D08080D7E0408010100005366080821
:102CB800596608081C2D08080000000000000000E4
:102CC80000000000000000000000000000000000FC
:102CD80000000000E02C08086B6608087566080804
:102CE800000000008921070801000000AD660808FF
:102CF800B466080800000000412107080100000030
:102D080000000000000000000000000000000000BB
:102D180000000000202D0808C9850808EB6608088F
:102D280000000000EF2007080100000019670808EC
:102D38001E670808000000003D7D0408010000002F
:102D4800000000000000000000000000000000007B
:102D580000000000602D0808FE6208084A6708089D
:102D680000000000AD21070801000000098F0808D5
:102D78008967080800000000192207080100000000
:102D8800000000000000000000000000000000003B
:102D980000000000A02D0808FE6208089C670808CB
:102DA80000000000A17D040801000000098F080848
:102DB800AC670808000000001121070801000000A6
:102DC80000000000000000000000000000000000FB
:102DD80000000000E02D0808FE620808BB6708082C
:102DE800000000001D21070801000000098F0808E5
:102DF800D367080800000000F5210708010000005B
:102E080000000000000000000000000000000000BA
:102E180000000000202E0808FE620808EA6708087B
:102E2800000000006521070801000000098F08085C
:102E38000268080800000000D1210708010000000E
:102E4800000000000000000000000000000000007A
:102E580000000000000000240000000000000C1129
:102E6800000000240000000000000B066C10002485
:102E7800659D04080000000079290708F9A00408E6
:102E8800EDA0040805A10408C19E04082E910808B5
:102E9800DD900808A82E08080000000000000000C7
:102EA800AC2E080893590808F9900808000000009B
:102EB80079C0040800000000299108083491080826
:102EC8000000000085C1040803000000889108087C
:102ED8009191080800000000B1C004080300000038
:102EE800F4910808FB9108080822080871C2040830
:102EF800020000002B9208083892080808220808E7
:102F08000DC0040802000000639208086B920808CC
:102F18000C22080845C20408030000000000000055
:102F28000000000000000000000000000000000099
:102F38006D32070817320708FF31070851CD04081A
:102F480003320708073207080B3207080F32070851
:102F58006532070813320708693207088332070801
:102F680087320708293207087F3207088B3207089B
:102F78008F320708F9350708DF350708CF35070806
:102F880035E104086B33070865330708D3350708AC
:102F980057330708D7350708DB350708F53507081D
:102FA8000B3607080F360708F13507080000000040
:102FB800513307084B3307084B36070899EF0408C5
:102FC80000000000B9EF040800000000D1F0040878
:102FD8002D3607083136070835360708EDF104089D
:102FE8005B36070885F004083DF00408000000007F
:102FF80000000000000000000000000061F3040869
:10300800A9F404086B36070811F70408000000004B
:103018000DF2040849F3040825F204083DF20408F7
:10302800993607088736070855F204086DF2040830
:1030380079F604080000000000000000000000000D
:10304800FFFFFFFF0000000000000000000000007C
:103058000000000000000000782E08086C30080806
:10306800800000001C200524782E08087C30080801
:10307800800000000C360524782E08088C300808DB
:10308800000200003C610524782E08089C300808DE
:10309800FF0000006C650524782E0808AC3008088D
:1030A800000200009C670524B430080801000000F5
:1030B800A4930808C430080801000000CC300808B0
:1030C8000C0000006A00000000010000AA000000D7
:1030D800000100000A020000000100002A020000AE
:1030E80000010000AA020000000100004A030000DD
:1030F800000100006A030000000100008A030000CC
:1031080000010000AA030000000100000A040000FA
:10311800000100008A0E0000000100006A11000092
:1031280000010000D80000000000000605000000B3
:103138005400D41840310808010000009B99080881
:103148000060025859770708883108080100000014
:103158000000030090310808020003000900110074
:103168002100410084012B03000102050CE28000CC
:103178000CE275000CE266000CE253000CE247001A
:10318800E00000000000000198310808010000007C
:10319800A0310808020000005004000000000000F0
:1031A8007004000000000000B431080801000000AD
:1031B800C19908080020024043770708FC31080835
:1031C80001000000000003000432080802000300A8
:1031D800090011002100410084012B0300010205B0
:1031E8000CE280000CE275000CE266000CE2530071
:1031F8000CE24700D8000000200000000C3208084C
:103208000100000014320808060000005004000005
:1032180000000000700400000000000090000000A2
:1032280000000000D00000000000000010000000B6
:103238000000000030000000000000000000000056
:103248002000000040000000600000008000000036
:10325800A0000000C0000000E00000000001000025
:1032680020010000400100000000000001000000F3
:103278000200000003000000040000000500000038
:103288000600000007000000080000000900000018
:103298000A0000000B0000000C0000000D000000F8
:1032A8000E0000000F000000060000000C000000E7
:1032B80012000000180000000001000006010000D4
:1032C8000C010000120100001801000000020000BB
:1032D800060200000C0200001202000018020000A2
:1032E8000003000006030000F43208080100000093
:1032F800239A0808C80608080100000053000000C7
:10330800000000000000000014330808010000005D
:103318005E9A080820330808010000006A9C080823
:10332800D800000001000000CD7807080100000067
:10333800000002400800000000000000C4820024D1
:10334800000000000008000000100000000000005D
:103358000020000000400000277B07082F7B07089B
:10336800377B07083F7B0708477B07084F7B070821
:10337800577B07085F7B0708E77A0708EF7A070893
:10338800F77A0708FF7A0708077B07080F7B070803
:10339800177B07081F7B0708A77A0708AF7A070873
:1033A800B77A0708BF7A0708C77A0708CF7A0708E5
:1033B800D77A0708DF7A0708577C07085D7C070873
:1033C800637C07086B7C0708737C0708797C07080F
:1033D8007F7C0708877C07081B7C0708217C070877
:1033E800297C0708317C0708397C07083F7C0708D7
:1033F800477C07084F7C0708DF7B0708E57B070841
:10340800ED7B0708F57B0708FD7B0708037C0708A9
:103418000B7C0708137C0708677A07086F7A070888
:10342800777A07087F7A0708877A07088F7A070864
:10343800977A07089F7A0708277A07082F7A0708D4
:10344800377A07083F7A0708477A07084F7A070844
:10345800577A07085F7A0708A37B0708A97B07083C
:10346800B17B0708B97B0708C17B0708C77B07083A
:10347800CF7B0708D77B0708677B07086D7B0708A2
:10348800757B07087D7B0708857B07088B7B07080A
:10349800937B07089B7B07080000000001000000E1
:1034A8000200000003000000040000000500000006
:1034B8000600000007000000C434080801000000EE
:1034C800779E0808D80000000100000000080240AC
:1034D80010086B00E034080890020808010000009A
:1034E800900208080200000090020808030000008B
:1034F8009002080804000000900208080500000077
:103508009002080806000000900208080700000062
:1035180090020808080000000000000001000000F8
:10352800000000000200000000000000030000008E
:10353800000000000400000000000000050000007A
:103548000000000006000000000000000700000066
:103558000000000008000000B5830508B9790708D5
:103568003D830508C98805084D820508783508088F
:1035780001000000AE9E080884350808010000001C
:10358800D6A00808737D0708D80000000080000056
:10359800D800000000000200D80000000000010070
:1035A800AC350808B435080801000000BC35080827
:1035B800070000002B00000080010000EB00000065
:1035C800800100008B04000080010000AB040000B3
:1035D800800100006B0D0000800100008B0D0000D1
:1035E80080010000AB0D000080010000D99505089E
:1035F80000000000000000005F7D0708AF7D07089D
:10360800000000007D9405081D99050801000000D0
:103618000200000004000000080000001000000084
:1036280020000000303608080000000000000000FC
:1036380000000000E80708084436080801000000F8
:10364800CCA4080800500052D4000000004000003C
:10365800B981070800000001005A62026C360808A8
:103668006666200074360808010000007C360808E9
:1036780006000000690700008001000089070000BB
:1036880080010000E90A000080010000A90700008D
:1036980080010000CA0C000080010000490B0000F6
:1036A800800100000100000000FF0000060000008B
:1036B8000000000000000000000000000000000002
:1036C80000000000000100000000000000000000F1
:1036D80000000000000000000000000000000000E2
:1036E80000000000F036080801000000D1A2080818
:1036F8002000000000FF0000043708080100000057
:10370800B4A60808FFFF0000002802580A000000BD
:10371800E000000000040000243708080100000051
:10372800DCA60808FFFF000000240258090000007A
:10373800E000000000020000443708080100000013
:1037480004A70808FFFF0000002002580800000036
:10375800E0000000000100006437080801000000D4
:103768002CA70808FFFF0000001C025807000000F3
:10377800E000000080000000843708080100000015
:1037880054A70808FFFF00000018025806000000B0
:10379800E000000040000000A43708080100000015
:1037A8007CA70808FFFF000000140258050000006D
:1037B800E000000020000000C437080801000000F5
:1037C800A4A70808FFFF000000100258040000002A
:1037D800E000000010000000E437080801000000C5
:1037E800CCA70808FFFF0000000C025803000000E7
:1037F800E00000000800000004380808010000008C
:10380800F4A70808FFFF00000008025802000000A3
:10381800E00000000400000024380808010000004F
:103828001CA80808FFFF000000040258010000005F
:10383800E000000002000000443808080100000011
:1038480044A80808FFFF000000000258000000001C
:10385800E0000000010000006438080801000000D2
:103868006CA80808FFFFFFFF743808080100000073
:1038780014AA08089D8807089C3808080100000059
:10388800001C0058801A0600A4380808C438080824
:1038980000000000F400000080000000AC380808B8
:1038A80001000000B438080802000000640F00009E
:1038B80040020000840F000040020000C8380808D9
:1038C800010000003AAA080877880708F0380808B5
:1038D80001000000005C0040801A0600F838080863
:1038E8001839080800000000E80000000000800007
:1038F8000039080801000000083908080200000023
:10390800E40E000040020000040F00004002000026
:103918001C3908080100000060AA08085188070837
:10392800443908080100000000540040801A0600CD
:103938004C3908086C39080800000000E80000004D
:103948000000200054390808010000005C3908080C
:1039580002000000C402000040020000E40200006F
:1039680040020000703908080100000087AA080812
:1039780080390808010000008839080802000000A2
:103988004B000000800100002B04000080010000B3
:103998009C390808010000000DAB080800400052DF
:1039A800B439080801000000BC390808D400000038
:1039B80000100000C439080801000000CC390808CC
:1039C800270000000C060000800300002C06000001
:1039D800800300000C070000800300002C07000093
:1039E800800300004C07000080030000CC070000A3
:1039F80080030000EC070000800300000C080000B2
:103A0800800300002C08000080030000EC08000080
:103A1800800300000C090000800300002C0900004E
:103A2800800300004C090000800300006C090000BE
:103A3800800300008C09000080030000AC0900002E
:103A480080030000CC09000080030000EC0900009E
:103A5800800300000C0A0000800300002C0A00000C
:103A6800800300004C0A0000800300006C0A00007C
:103A7800800300008C0A000080030000AC0A0000EC
:103A8800800300006C0B0000800300008C0B00001A
:103A980080030000AC0B000080030000CC0B00008A
:103AA80080030000EC0B0000800300000C0C0000F9
:103AB800800300002C0C0000800300004C0C000068
:103AC800800300008C0C000080030000AC0C000098
:103AD800800300000C0D000080030000EC0D0000C6
:103AE800800300004C0E0000800300006C0E0000F4
:103AF80080030000AC0E000080030000083B0808AB
:103B0800010000003CAB080840410052640000007E
:103B180008002002AB020000283B08080100000052
:103B28000000000000000000040000001000000079
:103B38004000000000010000000000000008000034
:103B48000010000000000000020000000700000054
:103B5800050000000700000002000000030000004C
:103B680003000000703B0808010000005EAB080875
:103B780038060808080000001C040808F8030808AC
:103B8800D4030808B00308088C0308086803080869
:103B98004403080820030808FC020808D80208089B
:103BA800B402080800000000000000000000000047
:103BB800000000000000000000000000C83B0808EA
:103BC8000100000093AC08080018004064000000E1
:103BD80000000000E800000040000000E83B080882
:103BE800F03B080801000000F83B0808010000004D
:103BF800C20E000000000000043C0808010000009C
:103C0800ADAC08080004014064000000000000009A
:103C1800F000000002000000243C08082C3C0808C2
:103C280001000000343C080803000000E30F000016
:103C3800000000004313000000000000E312000031
:103C480000000000503C080801000000C6AC08084D
:103C5800000400406400000000000000E8000000CC
:103C680002000000703C0808783C080801000000C9
:103C7800803C080802000000C204000000000000A8
:103C8800E204000000000000943C08080100000065
:103C9800DFAC080800000140000000000000000040
:103CA800F000000001000000B43C0808BC3C080813
:103CB80001000000C43C08080200000001010000E7
:103CC8000000000061130000000000009B8B070843
:103CD8009F8B0708A38B0708A78B0708AB8B0708E0
:103CE800B18B070804000000400000000004000039
:103CF800010000001000000000010000001000009A
:103D08000000010000001000143D08080100000038
:103D180035AD080800000080FFFFFF7F000000802D
:103D280000000080FFFFFF7F00000080000000000F
:103D3800000000006FAD080800FF0A00D80208085C
:103D48000F000000503D08080100000059AD0808A8
:103D580000000080FFFFFF7F00000080000000805F
:103D6800FFFFFF7F0000008000000000000000004F
:103D78006FAD080800FF0A002003080801000000D2
:103D88008C3D08080100000089AD0808000000808B
:103D9800FFFFFF7F804F120000000080FFFFFF7FC2
:103DA80000000080000000000000000078AE080855
:103DB80000FF0A003806080808000000343F080819
:103DC80005000000D03D080801000000AFAD08085C
:103DD80000000080FFFFFF7F40771B00000000808D
:103DE800FFFFFF7F000000800000000000000000CF
:103DF80078AE080800FF0A00380608080800000026
:103E0800483F080804000000143E080801000000AC
:103E1800D5AD080800000080FFFFFF7F40420F007B
:103E280000000080FFFFFF7F00000080000000000E
:103E38000000000078AE080800FF0A0038060808ED
:103E4800080000005C3F080803000000583E08080E
:103E580001000000FCAD080800000080FFFFFF7FA4
:103E6800A05A320000000080FFFFFF7F80841E0000
:103E7800000000000000000078AE080800FF0A00FB
:103E88003806080808000000703F08080200000013
:103E98009C3E08080100000022AE080800000080CF
:103EA800FFFFFF7FA05A320000000080FFFFFF7F66
:103EB80000000080000000000000000078AE080844
:103EC80000FF0A003806080808000000843F0808B8
:103ED80001000000E03E08080100000048AE0808A4
:103EE80000000080FFFFFF7FC0C62D00000000809B
:103EF800FFFFFF7F000000800000000000000000BE
:103F080078AE080800FF0A00380608080800000014
:103F1800983F080800000000243F0808010000003E
:103F280068AE080838060808080000005201035364
:103F3800B83F080802000000000000000000000070
:103F48004F010350AC3F08080100000000000000CA
:103F5800000000004C01034DB83F080802000000B3
:103F680000000000000000003E0103410040080876
:103F780001000000D03F0808040000003801033B9E
:103F88000C40080808000000D03F080804000000A2
:103F9800320103350C40080808000000D03F08082B
:103FA8000400000040771B00A086010000000F00FD
:103FB800B0710B0050C3000000000F0040771B00D9
:103FC800A086010010001F0040420F000000000002
:103FD80000000000804F12000000000000000000F8
:103FE80060E31600000000000000000080841E004E
:103FF800000000000000000040771B00A0860100C0
:1040080000000F00E0C810000000000000000000E1
:10401800804F120000000000010001007099140098
:10402800000000000200020060E31600000000002B
:104038000300030040771B00000000000400040098
:10404800A02526000000000005000500C0C62D00C0
:104058000000000006000600A05A32000000000020
:104068000700070070400808010000009DAE08081E
:1040780000440258804008080100000024AF0808E6
:1040880000780040480208081E120000B0400808E6
:104098000100000000000000000000000000000017
:1040A800B8400808B5930708E80000000000004081
:1040B800C040080801000000C840080804000000CB
:1040C800EB01000000020000C70A00000000000029
:1040D800270B000000020000070B00000000000092
:1040E800EC400808010000004EAF08080014014029
:1040F80048020808051300001C41080801000000D8
:104108000000000000000000000000002441080832
:104118009F930708F0000000200000002C410808C9
:10412800010000003441080802000000C70D00002B
:1041380000020000270D00000000000048410808A8
:104148000100000079AF0808004C00404802080848
:104158001312000078410808010000000000000068
:10416800000000000000000080410808899307084B
:10417800E80000000000080088410808010000006D
:10418800904108080200000008000000000200003A
:104198002811000000000000A441080801000000E8
:1041A800A3AF0808001001404802080804130000E3
:1041B800D4410808010000000000000000000000D1
:1041C80000000000DC41080873930708F0000000B5
:1041D80010000000E441080801000000EC41080854
:1041E8000200000027010000000200004701000053
:1041F80000000000004208080100000001B10808A2
:10420800000000000000000000380040404208089C
:104218007597070800000000000000000200000079
:104228003042080800000000E800000000400000DC
:10423800090000005000CC014842080801000000B5
:104248005042080803000000251000008005000007
:10425800450400000004000065040000000400009C
:104268006C420808010000007EB20808140608081D
:104278003C000000B0030808050001008C03080892
:104288000300010052474250400100004001000075
:10429800F0000000F000000000000000524742500B
:1042A8008002000080020000E0010000E001000040
:1042B800000000005247425040060000400600003F
:1042C800B0040000B0040000000000005955595621
:1042D8004001000040010000F0000000F000000074
:1042E8000000000059555956800200008002000065
:1042F800E0010000E0010000000000005955595697
:104308004006000040060000B0040000B0040000B1
:104318000000000000000000000000000000000095
:1043280000000000000000000000000038430808FA
:104338000100000042B90808DC000000010000008C
:104348000F9E07087C43080834070808000002404D
:1043580090020808000000004B020100040004005D
:104368000100010000000000000000000000000043
:104378005DD7050884430808010000008C4308083D
:104388000B0000008D00000080010000CD0000003F
:1043980080010000AD100000800100002D0F00001A
:1043A800800100004D0F0000800100006D0F00002B
:1043B800800100008D0F000080010000CD0F00007B
:1043C800800100008D10000080010000CD10000069
:1043D80080010000ED1000008001000002000000D4
:1043E80044440808030000003C4408080400000096
:1043F80034440808050000002C44080806000000A2
:1044080024440808070000001C44080800000000B5
:10441800000000006FB90808902407007BB908085D
:104428009023060087B908089022050093B9080868
:10443800101404009FB9080810130300ABB908084A
:1044480010120200020000005DD0070859D00708CA
:1044580055D0070851D0070839D0070827D00708D2
:10446800C6B9080800000000C3B908080000000029
:1044780000000000C0B90808BDB90808BAB90808A2
:10448800B7B908086ABA08080800000073BA08082B
:10449800F8BB0808030000007ABA08080500000005
:1044A80080BA0808E0B908080500000088BA0808BA
:1044B8000900000092BA080856BC08080800000065
:1044C8009CBA080809000000A6BA080889BC0808B0
:1044D80009000000B0BA080809000000BABA0808C4
:1044E800BCBC08080A000000C4BA0808090000009B
:1044F800CEBA0808EFBC08080B0000000000000056
:1045080000000000000000000000000000000000A3
:1045180070BB0808090000007ABB080888BB0808B7
:10452800010000008CBB08080700000094BB0808C5
:10453800A3BB080802000000B2BB08080500000081
:10454800B8BB0808C0BB0808030000000000000052
:104558000000000000000000000000000000000053
:10456800D0BB080809000000DABB0808EFBB080840
:1045780003010000FCBB08080900000006BC08088D
:104588001DBC0808050100002BBC08080900000034
:1045980035BC08084DBC0808080100005EBC0808C6
:1045A8000900000068BC080880BC08080901000070
:1045B80091BC0808090000009BBC0808B3BC0808A7
:1045C8000A010000C4BC080809000000CEBC0808A5
:1045D800E6BC08080B010000F7BC0808050000004D
:1045E80006BC08081DBC080805010000FDBC080839
:1045F8000900000007BD080807BD080800060000FC
:1046080000000000000000000000000000000000A2
:10461800000000008CBE08080300000090BE0808D7
:10462800A7BE080800010000B9BE08080300000082
:10463800BDBE0808EBBE080804000000CCBE080890
:1046480003000000D0BE0808E2BE08080008000009
:10465800F5BE080803000000F9BE08080EBF0808E8
:10466800200000001FBF08080900000029BF080833
:104678003EBF08080000010058BF080803000000FA
:104688005CBF080876BF0808080000008BBF080850
:10469800030000008FBF0808AABF08080200000036
:1046A800C1BF080803000000C5BF0808E2BF08082A
:1046B80001000000000000000000000000000000F1
:1046C8000000000000000000982F8A4291443771D2
:1046D800CFFBC0B5A5DBB5E95BC25639F111F1597D
:1046E800A4823F92D55E1CAB98AA07D8015B8312BF
:1046F800BE853124C37D0C55745DBE72FEB1DE806B
:10470800A706DC9B74F19BC1C1699BE48647BEEF99
:10471800C69DC10FCCA10C246F2CE92DAA84744A24
:10472800DCA9B05CDA88F97652513E986DC631A89A
:10473800C82703B0C77F59BFF30BE0C64791A7D579
:104748005163CA0667292914850AB72738211B2E01
:10475800FC6D2C4D130D385354730A65BB0A6A76E9
:104768002EC9C281852C7292A1E8BFA24B661AA8F5
:10477800708B4BC2A3516CC719E892D1240699D605
:1047880085350EF470A06A1016C1A419086C371E7E
:104798004C774827B5BCB034B30C1C394AAAD84E5C
:1047A8004FCA9C5BF36F2E68EE828F746F63A57897
:1047B8001478C8840802C78CFAFFBE90EB6C50A42A
:1047C800F7A3F9BEF27871C60100000088BB08089B
:1047D80077DC07083BDC0708D17D0608897D0608D9
:1047E800457D0608017D06086FDC070859DC0708C7
:1047F80047DC0708DD7C0608000300000A0000000B
:10480800000000000000000000070000FFFFFF0F8D
:1048180000000000000800003C00000019C408085F
:1048280005090100030303033D00000039C408081B
:1048380007090100030303032F00000059C40808F7
:1048480005050100030303033500000076C40808CA
:1048580007050100030303030000000079BB0808F3
:104868000000000000000000A8CC0000A9CC000057
:10487800AACC00002CC0000030C000009F0000003F
:10488800ADC000009FC0000024C0000028C0000088
:104898006B0000000AC0000014C0000039000000CE
:1048A800AFC00000A3C0000087C000008BC000009C
:1048B8007DC0000073C0000077C00000C400000085
:1048C800880000005DC0000061C0000053C0000007
:1048D80049C000004DC0000045C000002BC00000CA
:1048E8002FC000009E000000ACC000009EC0000069
:1048F80023C0000027C000006700000009C00000B6
:1049080013C0000033000000AEC00000A2C00000C9
:1049180086C000008AC000007CC0000072C0000091
:1049280076C00000BE000000450000005CC000002A
:1049380060C0000052C0000048C000004CC0000029
:1049480044C00000ACCC0000ADCC0000AB000000BF
:10495800A7C0000038C00000B300000036C0000047
:104968009100000091C000009BC0000097C00000AB
:10497800ABC000006DC0000071C0000067C000003F
:10498800AA000000A6C0000037C00000B200000066
:1049980035C000009000000090C0000096C00000E4
:1049A8009AC00000AAC000006CC0000070C00000DF
:1049B80066C00000FFC000009D0000009DC0000010
:1049C8003D0000003500000032C000002AC0000091
:1049D8000FC000002EC0000026C0000005C0000067
:1049E800A1C000007BC00000C000000084000000DF
:1049F8008DC0000079C0000089C0000075C00000AB
:104A08005FC0000063C0000051C000004BC0000040
:104A18004FC000003DC000009C0000009CC000008A
:104A28003C0000002F00000031C0000029C0000039
:104A38000EC000002DC0000025C0000004C000000A
:104A4800A0C000007AC00000BA00000041000000C9
:104A58008CC0000078C0000088C0000074C000004E
:104A68005EC0000062C0000050C000004AC00000E4
:104A78004EC000003CC00000AECC0000AD000000FD
:104A8800B70000009500000093C0000099C0000026
:104A98006FC0000069C00000AC000000B600000054
:104AA8009400000092C0000098C000006EC0000092
:104AB80068C00000ABCC0000A9000000A5C0000041
:104AC800AF0000008D0000008FC0000095C00000FE
:104AD800A9C000006BC0000065C00000A80000006D
:104AE800A4C00000AE0000008C0000008EC00000D2
:104AF80094C00000A8C000006AC0000064C00000A4
:104B080006C0000010C000003BC000003AC0000012
:104B180039C00000B5000000B40000002D000000FE
:104B28003B00000002000000010000000BC0000074
:104B380001C00000B9000000B80000002E0000000D
:104B4800B1000000B00000002C00000000000000D0
:104B58002BC000002CC00000000000009BC5080806
:104B6800A9C50808BDC50808CCC50808D8C50808DF
:104B780074FF070874FF0708740008087C00080819
:104B8800D4010808DC01080803C60808010005006C
:104B9800A07B08080200070009C6080804000800EE
:104BA80012C608080800040017C608081000090003
:104BB80021C60808200008002AC6080840000A0084
:104BC80035C608088000060000000000000000004C
:104BD80000000000000000000000004095596959DD
:104BE80055555455155555560405154110545540FD
:104BF80045515544404550445055554500400040A6
:104C08004004449665555655454045545141154014
:104C1800559155555555405105010000544554547A
:104C2800455505040010041014044000000001401C
:104C3800555515415404000044000100000000408F
:104C48004100004450444550540055555455655151
:104C580000400040010000010005010011545151BD
:104C68005455550500000000000000000000000039
:104C7800FB21F93FFB2109407CD91240FB21194057
:104C88007A6A1F407CD92240BBFD2540FB21294080
:104C98003A462C407A6A2F405C4731407CD93240F2
:104CA8009C6B3440BBFD3540DB8F3740FB213940DE
:104CB8001BB43A403A463C405AD83D407A6A3F4095
:104CC8004C7E40405C4741406C1042407CD9424099
:104CD8008CA243409C6B4440AC344540BBFD4540EE
:104CE800CBC64640DB8F4740EB584840FB21494044
:104CF80083F9A200444E6E00FC291500D157270005
:104D0800DD34F50062DBC0003C999500419043001A
:104D18006351FE00BBDEAB00B761C5003A6E2400EC
:104D2800D24D42004906E00009EA2E001C92D1004B
:104D3800EB1DFE0029B11C00E83EA700F5358200F6
:104D480044BB2E009CE98400B4267000417E5F00BD
:104D5800D6913900538339009CF439008B5F840065
:104D680028F9BD00F81F3B00DEFF97000F980500EB
:104D7800112FEF000A5A8B006D1F6D00CF7E360091
:104D880009CB2700464FB7009E663F002DEA5F001B
:104D9800BA277500E5EBC7003D7BF100F73907003E
:104DA80092528A00FB6BEA001FB15F00085D8D001C
:104DB800300356007BFC4600F0AB6B0020BCCF00F4
:104DC80036F49A00E3A91D005E619100081BE60015
:104DD80085996500A0145F008D40680080D8FF00A9
:104DE80027734D0006063100CA561500C9A873007E
:104DF8007BE260006B8CC000020000000300000032
:104E0800040000000600000000100000003000024E
:104E1800000400080010000001060105010400005C
:104E280000005F5F6378615F707572655F766972B5
:104E38007475616C005F5F61656162695F756C3292
:104E480066005F5F61656162695F6C6469766D6F5A
:104E580064005F5F61656162695F696469766D6F4F
:104E680064005F5F61656162695F663264005F5F0D
:104E780061656162695F6432697A005F5F6165617B
:104E880062695F64636D706571005F5F616561622F
:104E9800695F75696469766D6F64005F5F616561FC
:104EA80062695F643275697A005F5F616561626932
:104EB8005F6C3264005F5F61656162695F75696438
:104EC8006976005F5F61656162695F693264005F8E
:104ED8005F61656162695F64737562005F5F6165E8
:104EE8006162695F64636D706774005F5F616561CB
:104EF80062695F69646976005F5F61656162695FC5
:104F080066636D706C65005F5F61656162695F64AF
:104F1800616464005F5F61656162695F66636D70AB
:104F2800756E005F5F61656162695F643266005F2C
:104F38005F61656162695F646D756C005F5F616583
:104F48006162695F64646976005F5F616561626977
:104F58005F64636D706C74005F5F61656162695F57
:104F680075693264005F5F61656162695F756C6471
:104F780069766D6F64005F5F61656162695F643265
:104F88006C7A005F5F61656162695F64636D706C14
:104F980065005F5F61656162695F64636D70756E0E
:104FA800007379735F636C6F636B5F6379636C65C0
:104FB8005F6765745F33320072696E675F6275663A
:104FC8005F7075740072696E675F6275665F7065A1
:104FD800656B0072696E675F6275665F676574000E
:104FE8006362767072696E746600736E7072696E51
:104FF800746600737072696E7466007075746368A5
:1050080061720070757473006174616E00636F7310
:105018000073696E006B5F776F726B5F73636865AF
:1050280064756C65006B5F666174616C5F68616C68
:1050380074006B5F74696D65725F696E6974006393
:1050480064635F61636D5F6474655F726174655FFB
:1050580063616C6C6261636B5F736574006578692A
:1050680074006F70656E00726563760073656E64B8
:105078000067657461646472696E666F0073686165
:105088007265645F6D756C74695F686561705F6691
:10509800726565007368617265645F6D756C7469CB
:1050A8005F686561705F616C69676E65645F616C9C
:1050B8006C6F6300766964656F5F627566666572BA
:1050C8005F72656C6561736500766964656F5F62C0
:1050D80075666665725F616C6C6F6300766964659E
:1050E8006F5F6275666665725F616C69676E65643D
:1050F8005F616C6C6F6300746C735F637265646589
:105108006E7469616C5F616464006E65745F6D677D
:105118006D745F6576656E745F776169745F6F6ED5
:105128005F6966616365006E65745F6D676D745F66
:105138006164645F6576656E745F63616C6C6261FF
:10514800636B006E65745F6468637076345F616476
:10515800645F6F7074696F6E5F63616C6C626163CA
:105168006B006E65745F6468637076345F73746136
:105178007274006E65745F69665F697076345F6D1E
:10518800616464725F6A6F696E006E65745F6966F8
:105198005F697076345F6D616464725F6164640036
:1051A8006E65745F69665F6765745F62795F69667B
:1051B800616365006E65745F69665F646F776E0032
:1051C8006E65745F69665F666F7265616368007AB1
:1051D8005F6C6F675F6D73675F72756E74696D651D
:1051E8005F76637265617465007573625F64697385
:1051F80061626C65007573625F656E61626C650003
:105208006B5F73636865645F756E6C6F636B006B6F
:105218005F73636865645F6C6F636B006973786460
:10522800696769740069736C6F7765720069737573
:10523800707065720069737072696E740069736763
:10524800726170680069736469676974006973637F
:105258006E74726C006973616C70686100746F754C
:105268007070657200746F6C6F7765720069736136
:105278006C6E756D00697373706163650061746F3E
:105288006C0061746F660061746F69007372616E9F
:10529800640063616C6C6F63007265616C6C6F6352
:1052A800006B5F6D616C6C6F63006D656D6D6F7623
:1052B800650073747263617400737472636872005A
:1052C8007374726C656E00737472636D70007374BE
:1052D80072746F756C0073747263617365636D705B
:1052E800007374726E637079007374726E636D709C
:1052F80000737472737472007374727263687200EC
:105308004661696C656420746F206F70656E2066F5
:105318006C61736820617265612C2072632025645A
:105328000A004661696C656420746F207265616467
:10533800206865616465722C2072632025640A0008
:10534800496E76616C696420736B65746368206864
:1053580065616465720A006D61696E004661696C19
:10536800656420746F206C6F616420736B6574636F
:10537800682C2072632025640A004661696C6564A4
:1053880020746F2066696E64206D61696E20667591
:105398006E6374696F6E0A0052756E20736B657464
:1053A8006368006170700028756E7369676E656464
:1053B800292063686172202A207573656420666FEE
:1053C800722025257020617267756D656E742E20B8
:1053D80049742773207265636F6D6D656E646564CB
:1053E80020746F206361737420697420746F207651
:1053F8006F6964202A20626563617573652069742A
:10540800206D6179206361757365206D69736265CC
:10541800686176696F7220696E206365727461696C
:105428006E20636F6E66696775726174696F6E73FB
:105438002E20537472696E673A2225732220617296
:1054480067756D656E743A25640063627072696E83
:1054580074665F7061636B61676500767072696E10
:10546800746B006173736572745F7072696E740037
:105478006173736572745F706F73745F616374696D
:105488006F6E004661696C656420746F2072656296
:105498006F6F743A207370696E6E696E6720656EFF
:1054A800646C6573736C792E2E2E0A00464C41533A
:1054B80048005352414D0053595354454D005352DF
:1054C800414D5F4554485F425546005352414D5F38
:1054D8004554485F44455343006C6F67006C6F67E1
:1054E8005F6D676D74004D657373616765206472E5
:1054F8006F70706564206265636175736520697497
:1055080020657863656564732073697A65206C69C2
:105518006D69746174696F6E2028257529004D6561
:105528007373616765202822257322292064726FAE
:1055380070706564206265636175736520697420A5
:10554800657863656564732073697A65206C696D35
:1055580069746174696F6E2028257529000D0A0029
:105568001B5B306D00257320005B2530386C755D42
:1055780020005B253032753A253032753A253032B5
:10558800752E253033752C253033755D2000257335
:105598002F003C25733E200025733A200025303229
:1055A800782000202020007C001B5B313B33316DCC
:1055B800001B5B313B33336D006572720077726E8E
:1055C80000696E6600646267006D656D6F72794090
:1055D800393030303030303000736472616D406380
:1055E80030303030303030003031323334353637C7
:1055F8003839414243444546005F5F6465766963D4
:10560800655F6474735F6F72645F31303200636426
:10561800635F61636D5F7561727430007573627783
:105628006F726B71006B65726E656C004B65726EA4
:10563800656C20636F6D6D616E6473006379636C74
:1056480065733A202575206877206379636C6573E4
:105658000A004B65726E656C206379636C65732E06
:1056680000556E61626C6520746F2070617273659D
:1056780020696E7075742028657272202564290A65
:10568800006D7300557074696D653A20256C6C75F2
:10569800206D730A002D70002D2D70726574747959
:1056A80000556E737570706F72746564206F7074D6
:1056B800696F6E3A2025730A00757074696D653AD2
:1056C80020256C6C7520646179732C20256C6C75B1
:1056D80020686F7572732C20256C6C75206D696E4F
:1056E800757465732C20256C6C75207365636F6EFB
:1056F80064732C20256C6C75206D696C6C697365FE
:10570800636F6E64730A00757074696D65004B652C
:10571800726E656C20757074696D652E2043616EBC
:105728002062652063616C6C656420776974682009
:10573800746865202D70206F72202D2D707265742D
:105748007479206F7074696F6E7300342E312E393E
:1057580039005A65706879722076657273696F6E60
:105768002025730A0076657273696F6E004B657247
:105778006E656C2076657273696F6E2E0054686969
:105788007320636F6D6D616E64206973206465704A
:10579800726563617465642061732069742069733C
:1057A8002061206475706C69636174652E2055737F
:1057B8006520276C6F6720656E61626C65272063C2
:1057C8006F6D6D616E642066726F6D206C6F6767B8
:1057D800696E6720636F6D6D616E647320736574A5
:1057E8002E0A00556E61626C6520746F20706172BC
:1057F8007365206C6F6720736576657269747920AC
:1058080028657272202564290A00496E76616C69E0
:1058180064206C6F67206C6576656C3A2025640A95
:1058280000556E61626C6520746F2066696E642035
:105838006C6F6720736F757263653A2025730A0071
:105848006C6F675F6C6576656C003C6D6F64756C3A
:1058580065206E616D653E203C736576657269747E
:10586800792028302D34293E007265626F6F7400EC
:105878005265626F6F742E00636F6C6400436F6CC7
:1058880064207265626F6F742E007761726D0057C5
:1058980061726D207265626F6F742E004B65726E57
:1058A800656C20746872656164732E005363686563
:1058B80064756C65723A2025752073696E6365207E
:1058C8006C6173742063616C6C0A00546872656162
:1058D80064733A0A004E41002573257020252D3146
:1058E80030730A00096F7074696F6E733A203078EC
:1058F80025782C207072696F726974793A20256452
:105908002074696D656F75743A20256C6C640A00A3
:105918000973746174653A2025732C20656E74725E
:10592800793A2025700A00556E61626C6520746FA3
:105938002064657465726D696E6520756E75736532
:105948006420737461636B2073697A652028256409
:10595800290A0A0009737461636B2073697A6520E8
:10596800257A752C20756E7573656420257A752CDB
:1059780020757361676520257A75202F20257A7533
:1059880020282575202525290A0A006C69737400CA
:105998004C697374206B65726E656C2074687265EF
:1059A8006164732E002570204952512025303264DD
:1059B800202573287265616C2073697A6520253407
:1059C8007A75293A09756E757365642025347A7578
:1059D8000975736167652025347A75202F20253471
:1059E8007A75202825327A75202525290A00257000
:1059F80020252D33327320287265616C2073697AF3
:105A0800652025347A75293A09756E7573656420A1
:105A180025347A750975736167652025347A752090
:105A28002F2025347A752028253275202525290A26
:105A380000737461636B73004C69737420746872CB
:105A48006561647320737461636B20757361676546
:105A58002E005468726561642049442025702069CD
:105A680073206E6F742076616C69640A00457272E7
:105A78006F723A5368656C6C207468726561642053
:105A880063616E6E6F742062652073757370656EE6
:105A98006465640A00546872656164202570207327
:105AA800757370656E6465640A006B65726E656C0B
:105AB800207468726561642073757370656E642004
:105AC8003C7468726561645F69643E004572726F18
:105AD800723A5368656C6C207468726561642063FF
:105AE800616E6E6F7420626520726573756D656492
:105AF8000A005468726561642025702072657375A8
:105B08006D65640A006B65726E656C2074687265F9
:105B1800616420726573756D65203C746872656197
:105B2800645F69643E004572726F723A5368656CCF
:105B38006C207468726561642063616E6E6F742096
:105B48006265206B696C6C65640A000A205468728F
:105B5800656164202570206B696C6C65640A006B54
:105B6800696C6C006B65726E656C20746872656137
:105B780064206B696C6C203C7468726561645F6951
:105B8800643E0052454144590044495341424C4502
:105B98004400646576696365733A0A005B25705D45
:105BA800002D2025730020204454206E6F6465204A
:105BB8006C6162656C733A0044657669636520635D
:105BC8006F6D6D616E6473004C69737420636F6EE2
:105BD80066696775726564206465766963657300D4
:105BE80025642D253032752D25303275202530322B
:105BF800753A253032753A25303275205554430AA6
:105C080000496E76616C696420686F75720A004994
:105C18006E76616C6964206D696E7574650A0049F9
:105C28006E76616C6964207365636F6E640A0049FF
:105C38006E76616C6964206D6F6E74680A00496ED7
:105C480076616C6964206461790A004661696C65F3
:105C58006420746F2063616C63756C617465207374
:105C680065636F6E64732073696E63652045706F3A
:105C780063680A00436F756C64206E6F74207365E7
:105C88007420646174652025640A00446174652089
:105C9800636F6D6D616E6473005B592D6D2D645D6E
:105CA800203C483A4D3A533E005B6E6F6E655D008E
:105CB8005573696E672064617461207769647468DC
:105CC8002025640A00496E636F72726563742064EC
:105CD8006174612077696474680A005265616420A0
:105CE80076616C756520307825780A00577269747A
:105CF800696E672076616C756520307825780A00B2
:105D0800696E76616C69642061646472202725730A
:105D1800270A00696E76616C69642073697A652068
:105D2800272573270A00696E76616C696420776994
:105D380064746820272573270A00613A733A773A12
:105D480000272D61203C616464726573733E2720CF
:105D58006973206D616E6461746F72790A00272D12
:105D680073203C73697A653E27206973206D616EE4
:105D78006461746F72790A006465766D656D206C74
:105D88006F616420737570706F72747320736574BB
:105D980074696E6720627970617373206F6E206119
:105DA8002073696E676C6520696E7374616E6365D4
:105DB8002E0A004C6F6164696E672E2E2E0A70726F
:105DC800657373206374726C2D78206374726C2D04
:105DD8007120746F206573636170650A004E756D7C
:105DE800626572206F6620627974657320726561DE
:105DF800643A2025640A002D6500556E6B6E6F7736
:105E08006E206F7074696F6E20222573220A0064F9
:105E180065766D656D00526561642F77726974658A
:105E280020706879736963616C206D656D6F727934
:105E38000A55736167653A0A52656164206D656D3C
:105E48006F7279206174206164647265737320775E
:105E5800697468206F7074696F6E616C207769640B
:105E680074683A0A6465766D656D203C6164647295
:105E78006573733E205B3C77696474683E5D0A57BE
:105E880072697465206D656D6F7279206174206127
:105E98006464726573732077697468206D616E64D9
:105EA80061746F727920776964746820616E642008
:105EB80076616C75653A0A6465766D656D203C613E
:105EC8006464726573733E203C77696474683E202D
:105ED8003C76616C75653E0064756D700055736144
:105EE80067653A0A6465766D656D2064756D702026
:105EF8002D61203C616464726573733E202D7320AC
:105F08003C73697A653E205B2D77203C7769647421
:105F1800683E5D0A0055736167653A0A6465766D87
:105F2800656D206C6F6164205B6F7074696F6E7350
:105F38005D205B616464726573735D0A4F70746998
:105F48006F6E733A0A2D65096C6974746C652D65FA
:105F58006E6469616E2070617273650052582072B8
:105F6800696E67206275666665722066756C6C2E50
:105F7800007368656C6C2E7368656C6C5F75617214
:105F88007400756172743A7E2420007368656C6CC5
:105F98005F756172745F6261636B656E64005375EF
:105FA80062636F6D6D616E64733A0A006E6F742080
:105FB8007465726D696E617465643A2025630A00C0
:105FC800506C6561736520737065636966792061DB
:105FD80020737562636F6D6D616E642E0A00457281
:105FE800726F723A20726571756573746564206D9D
:105FF800756C7469706C652066756E6374696F6E14
:1060080020657865637574696F6E730A003A20635A
:106018006F6D6D616E64206E6F7420666F756E644F
:1060280000546F6F206D616E7920617267756D65C0
:106038006E747320696E2074686520636F6D6D617E
:106048006E642E0A0025733A2077726F6E6720708F
:106058006172616D6574657220636F756E740A0094
:106068005741524E494E473A2041207072696E742A
:106078002072657175657374207761732064657427
:106088006563746564206F6E206E6F74206163743D
:10609800697665207368656C6C206261636B656EF8
:1060A800642E0A000A25732573005368656C6C20FA
:1060B800746872656164206572726F723A20256433
:1060C80000506C6561736520707265737320746825
:1060D80065203C5461623E20627574746F6E207452
:1060E8006F2073656520616C6C20617661696C61F5
:1060F800626C6520636F6D6D616E64732E0A005962
:106108006F752063616E20616C736F2075736520F5
:10611800746865203C5461623E20627574746F6EC9
:1061280020746F2070726F6D7074206F72206175AB
:10613800746F2D636F6D706C65746520616C6C2075
:10614800636F6D6D616E6473206F72206974732064
:10615800737562636F6D6D616E64732E0A00596F9B
:10616800752063616E2074727920746F2063616C8E
:106178006C20636F6D6D616E64732077697468203D
:106188003C2D683E206F72203C2D2D68656C703E5A
:1061980020706172616D6574657220666F72206D22
:1061A8006F726520696E666F726D6174696F6E2EAD
:1061B8000A000A5368656C6C20737570706F72748E
:1061C8007320666F6C6C6F77696E67206D6574619C
:1061D8002D6B6579733A0A20204374726C202B204A
:1061E8002861206B65792066726F6D3A2061626361
:1061F8006465666B6C6E707577290A2020416C7433
:1062080020202B202861206B65792066726F6D3AFB
:10621800206266290A506C6561736520726566653F
:106228007220746F207368656C6C20646F63756D81
:10623800656E746174696F6E20666F72206D6F721F
:10624800652064657461696C732E0A000A41766181
:10625800696C61626C6520636F6D6D616E64733A21
:106268000A00253038583A20005072696E7473203D
:106278007468652068656C70206D65737361676507
:106288002E001B5B25642563001B5B313B332564B3
:106298006D001B5B34303325646D002573252D2A72
:1062A80073002D68002D2D68656C7000202D20006E
:1062B8002020004C6F7374206C6F67733A20256C34
:1062C800750A00416374697665207368656C6C2093
:1062D8006261636B656E64733A0A0020202532643C
:1062E8002E203A257320282573290A005B2533645C
:1062F8005D2025730A006F66660020756E6B6E6FF1
:10630800776E20706172616D657465723A20002540
:10631800733A257325730A004563686F20737461A7
:106328007475733A2025730A004E6F207265737076
:106338006F6E73652066726F6D2074686520746572
:10634800726D696E616C2C20617373756D65642064
:1063580038307832342073637265656E2073697AD9
:10636800650A001B5B366E0072657476616C0050BE
:1063780072696E742072657475726E2076616C75C0
:1063880065206F66206D6F737420726563656E7427
:1063980020636F6D6D616E6400726573697A650064
:1063A800436F6E736F6C65206765747320746572D4
:1063B8006D696E616C2073637265656E2073697AAE
:1063C80065206F7220617373756D657320646566EF
:1063D80061756C7420696E206361736520746865EB
:1063E80020726561646F7574206661696C732E2014
:1063F8004974206D757374206265206578656375CE
:1064080074656420616674657220656163682074D0
:1064180065726D696E616C20776964746820636861
:10642800616E676520746F20656E73757265206391
:106438006F72726563742074657874206469737010
:106448006C61792E00686973746F727900436F6D9F
:106458006D616E6420686973746F72792E0055736C
:106468006566756C2C206E6F7420556E69782D6C7E
:10647800696B65207368656C6C20636F6D6D616E08
:1064880064732E00436C6561722073637265656E78
:106498002E0072656D0049676E6F7265206C696EBB
:1064A800657320626567696E6E696E6720776974C7
:1064B80068202772656D202700417373756D65200C
:1064C80038302063686172732073637265656E206B
:1064D800776964746820616E642073656E642074E3
:1064E8006869732073657474696E6720746F2074AB
:1064F8006865207465726D696E616C2E00626163F7
:106508006B656E6473004C6973742061637469769B
:1065180065207368656C6C206261636B656E64737B
:106528002E0A006261636B73706163655F6D6F64EF
:106538006500546F67676C65206261636B73706197
:106548006365206B6579206D6F64652E0A536F6DE6
:1065580065207465726D696E616C73206172652067
:106568006E6F742073656E64696E67207365706101
:10657800726174652065736361706520636F64651B
:1065880020666F72206261636B737061636520615E
:106598006E642064656C65746520627574746F6ED2
:1065A8002E205468697320636F6D6D616E64206678
:1065B8006F72636573207368656C6C20746F2069F3
:1065C8006E746572707265742064656C657465209C
:1065D8006B6579206173206261636B7370616365B9
:1065E8002E00636F6C6F727300546F67676C652061
:1065F800636F6C6F7265642073796E7461782E00B6
:10660800767431303000546F67676C65207674316A
:10661800303020636F6D6D616E64732E0070726F21
:106628006D707400546F67676C652070726F6D7061
:10663800742E006563686F00546F67676C6520731C
:1066480068656C6C206563686F2E00737461747381
:10665800005368656C6C2073746174697374696342
:10666800732E006261636B737061636500536574B8
:1066780020646966666572656E742065736361700F
:106688006520636F646520666F72206261636B7357
:106698007061636520616E642064656C6574652053
:1066A8006B65792E0064656C6574650053657420AC
:1066B8007468652073616D6520657363617065201A
:1066C800636F646520666F72206261636B737061CB
:1066D800636520616E642064656C657465206B6514
:1066E800792E005265736574207368656C6C20732D
:1066F80074617469737469637320666F7220746857
:1067080065204C6F67676572206D6F64756C652EC8
:106718000073686F7700476574207368656C6C2038
:106728007374617469737469637320666F7220741B
:106738006865204C6F67676572206D6F64756C655E
:106748002E0044697361626C65207368656C6C2007
:106758006563686F2E2045646974696E67206B6590
:10676800797320616E64206D6574612D6B65797332
:1067780020617265206E6F742068616E646C656458
:1067880000456E61626C65207368656C6C2065639A
:10679800686F2E0044697361626C652070726F6D5A
:1067A80070742E00456E61626C652070726F6D703A
:1067B800742E0044697361626C65207674313030E0
:1067C80020636F6D6D616E64732E00456E61626C3F
:1067D8006520767431303020636F6D6D616E64733F
:1067E8002E0044697361626C6520636F6C6F72651B
:1067F800642073796E7461782E00456E61626C65F1
:1068080020636F6C6F7265642073796E7461782E83
:1068180000436F6D6D616E642062756666657220F7
:10682800697320746F6F2073686F727420746F209F
:10683800657870616E6420616C6C20636F6D6D614A
:106848006E6473206D61746368696E672077696C24
:106858006463617264207061747465726E3A202595
:10686800730A0053697A65206F6620434F4E464984
:10687800475F464C4153485F46494C4C5F4255463A
:106888004645525F53495A45004E656761746976BB
:1068980065206F6666736574206E6F7420616C6C1A
:1068A8006F7765640A00496E636F7272656374205E
:1068B80073697A65206F72206F66667365742061EC
:1068C8006C69676E6D656E742C206578706563748D
:1068D800656420257A780A0072302F61313A2020C9
:1068E800307825303878202072312F61323A2020D4
:1068F800307825303878202072322F61333A2020C2
:106908003078253038780072332F61343A202030BF
:106918007825303878207231322F69703A2020304B
:106928007825303878207231342F6C723A20203034
:1069380078253038780020787073723A20203078C3
:106948002530387800735B2532645D3A2020307832
:10695800253038782020735B2532645D3A2020305A
:1069680078253038782020735B2532645D3A202002
:106978003078253038782020735B2532645D3A20E2
:10698800203078253038780066707363723A20209A
:10699800307825303878004661756C74696E6720E8
:1069A800696E737472756374696F6E206164647262
:1069B80065737320287231352F7063293A20307837
:1069C8002530387800556E68616E646C65642049BE
:1069D80052516E3A20256400436F756C64206E6FC7
:1069E8007420726561642073796D626F6C206672C1
:1069F8006F6D2062696E6172792100436F756C64F6
:106A0800206E6F742066696E642073796D626F6C96
:106A1800202573210073796D20272573273A20726A
:106A2800656C6F636174696F6E206F7574206F6633
:106A38002072616E67652028252378202D3E202549
:106A48002378290A00756E6B6E6F776E2072656CFD
:106A58006F636174696F6E3A2025750A00656C660C
:106A6800002A2A2A2A2A20425553204641554C54A6
:106A7800202A2A2A2A2A002020537461636B696E0F
:106A880067206572726F72002020556E737461639F
:106A98006B696E67206572726F7200202050726594
:106AA800636973652064617461206275732065721F
:106AB800726F720020204246415220416464726520
:106AC80073733A2030782578002020496D707265FC
:106AD80063697365206461746120627573206572EF
:106AE800726F72002020496E737472756374696FD7
:106AF8006E20627573206572726F72002020466C7A
:106B08006F6174696E672D706F696E74206C617A3D
:106B1800792073746174652070726573657276612B
:106B280074696F6E206572726F72002A2A2A2A2A87
:106B3800205553414745204641554C54202A2A2A7E
:106B48002A2A0020204469766973696F6E20627969
:106B5800207A65726F002020556E616C69676E65DA
:106B680064206D656D6F727920616363657373006E
:106B780020204E6F20636F70726F636573736F723E
:106B880020696E737472756374696F6E7300202068
:106B9800496C6C6567616C206C6F6164206F66205E
:106BA8004558435F52455455524E20696E746F20C4
:106BB8005043002020496C6C6567616C20757365D3
:106BC800206F66207468652045505352002020418C
:106BD8007474656D707420746F206578656375745E
:106BE8006520756E646566696E656420696E737488
:106BF80072756374696F6E002A2A2A2A2A204D50FA
:106C080055204641554C54202A2A2A2A2A00202059
:106C1800537461636B696E67206572726F722028A6
:106C2800636F6E746578742061726561206D696741
:106C38006874206265206E6F742076616C696429BF
:106C4800002020446174612041636365737320569A
:106C5800696F6C6174696F6E0020204D4D4641521A
:106C680020416464726573733A2030782578002077
:106C780020496E737472756374696F6E2041636323
:106C88006573732056696F6C6174696F6E00526525
:106C980073657276656420457863657074696F6E94
:106CA80020280053707572696F757320696E74655A
:106CB8007272757074202849525120005350534500
:106CC8004C20696E20746872656164206D6F64651C
:106CD80020646F6573206E6F7420696E64696361E8
:106CE800746520505350002A2A2A2A2A20484152E3
:106CF80044204641554C54202A2A2A2A2A0020207A
:106D0800427573206661756C74206F6E20766563BA
:106D1800746F72207461626C652072656164002012
:106D2800204465627567206576656E74002020468C
:106D380061756C7420657363616C6174696F6E2032
:106D4800287365652062656C6F7729004152434856
:106D58005F455843455054207769746820726561CF
:106D6800736F6E2025780A002A2A2A2A2A20446569
:106D7800627567206D6F6E69746F722065786365E0
:106D88007074696F6E202A2A2A2A2A002A2A2A2A37
:106D98002A20257320256429202A2A2A2A2A006DD8
:106DA8007075004661696C656420746F20616C6C55
:106DB8006F63617465206E6577204D50552072654C
:106DC80067696F6E2025750A00506172746974696D
:106DD8006F6E2025753A2073616E69747920636837
:106DE80065636B206661696C65642E0061626F7211
:106DF8007428290A006765746F707400706F73696E
:106E0800785F656E7600706F7369785F74696D6519
:106E18007200707468726561645F72776C6F636B1F
:106E280000707468726561645F636F6E640070748B
:106E380068726561645F6B6579007074687265611A
:106E4800645F6D757465780070746872656164005C
:106E58006E65745F627566006E65745F6275665F05
:106E680073696D706C6500696E76616C6964206623
:106E7800696C65206E616D652121006D6F756E749A
:106E880020706F696E74206E6F7420666F756E6403
:106E980021210066696C652073686F756C642062D7
:106EA80065206F70656E656420666F722077726901
:106EB800746520746F207472756E63617465212126
:106EC8000066696C65207472756E636174696F6EB3
:106ED800206E6F7420737570706F727465642121F1
:106EE8000066696C65206F70656E206572726F72DE
:106EF80020282564290066696C65207472756E63A4
:106F08006174696F6E206661696C65642028256408
:106F1800290066696C6520636C6F73652065727201
:106F28006F7220282564290066696C652072656186
:106F380064206572726F7220282564290066696C66
:106F480065207772697465206572726F72202825D2
:106F580064290066696C65207365656B20657272CB
:106F68006F7220282564290066696C652074656C39
:106F78006C206572726F7220282564290066696C1E
:106F880065207472756E63617465206572726F72C4
:106F980020282564290066696C652073796E632052
:106FA8006572726F72202825642900696E76616C9B
:106FB80069642066696C65206F7220646972206E4E
:106FC800616D652121006661696C6564206765747F
:106FD8002066696C65206F72206469722073746121
:106FE800742028256429004661696C656420746FE3
:106FF80020676574207461626C652073697A653AEC
:10700800202564004661696C656420746F2067659B
:10701800742066756E6374696F6E207461626C6546
:107028003A202564004E6F7420656E6F756768207E
:107038006D656D6F727920666F7220657874656E04
:1070480073696F6E206D6574616461746100466177
:10705800696C656420746F2063616C6C20696E696B
:10706800742066756E6374696F6E733A20256400C8
:107078004661696C656420746F2063616C6C206480
:10708800652D696E69742066756E6374696F6E73B9
:107098003A202564004661696C656420616C6C6FF8
:1070A800636174696E6720257A64206279746573F8
:1070B80020257A642D616C69676E656420666F723D
:1070C80020726567696F6E202564004661696C658A
:1070D8006420746F207072657061726520746865D1
:1070E800206C6F616465722C2072657420256400C1
:1070F8004661696C656420746F207365656B2066F2
:107108006F7220454C46206865616465720046616F
:10711800696C656420746F207265616420454C4613
:107128002068656164657200496E76616C696420E7
:10713800454C462C206D6167696320646F65732038
:107148006E6F74206D6174636800556E737570702E
:107158006F7274656420454C462066696C652074BE
:1071680079706520257800496E76616C69642073B2
:10717800656374696F6E2068656164657220736900
:107188007A65202564004661696C656420746F2007
:10719800616C6C6F636174652073656374696F6E8D
:1071A800206D61702C2073697A6520257A750046F8
:1071B80061696C656420746F20616C6C6F636174C5
:1071C800652073656374696F6E20686561646572B4
:1071D800732C2073697A6520257A75004661696C7D
:1071E800656420746F207365656B20666F72207309
:1071F800656374696F6E20686561646572730046C3
:1072080061696C656420746F2072656164207365C0
:107218006374696F6E2068656164657273004661A6
:10722800696C656420746F206C6F6164206261739F
:10723800696320454C4620646174612C2072657432
:1072480020256400536F6D652073656374696F6EE4
:107258007320617265206D697373696E67206F7240
:107268002070726573656E74206D756C7469706CCE
:10727800652074696D657321004661696C656420D9
:10728800746F2066696E6420696D706F7274616EC8
:107298007420454C46207461626C65732C207265BD
:1072A80074202564004661696C656420746F2063EE
:1072B8006F707920454C4620737472696E6720732D
:1072C800656374696F6E732C207265742025640081
:1072D8002E6578706F727465645F73796D00496E9E
:1072E80076616C6964202573206172726179206906
:1072F8006E2073656374696F6E20256400556E7324
:107308007570706F727465642073656374696F6EED
:1073180020666C61677320252378202F2025237829
:1073280020666F722025732028726567696F6E204A
:10733800256429004D756C7469706C652053485438
:107348005F4E4F424954532073656374696F6E737F
:1073580020617265206E6F7420737570706F72741F
:10736800656400526567696F6E20256420726564E4
:107378006566696E656400496E636F6D70617469F6
:10738800626C652073656374696F6E2061646472F2
:10739800657373657320666F722025732028726584
:1073A80067696F6E202564290042616420736563F4
:1073B80074696F6E20616C69676E6D656E742069A3
:1073C8006E20726567696F6E202564005265676973
:1073D8006F6E20256420564D412072616E676520CE
:1073E8002825237A782D25237A7829206F766572C7
:1073F8006C617073207769746820256420282523C0
:107408007A782D25237A782900526567696F6E206E
:10741800256420454C462066696C652072616E675C
:1074280065202825237A782D25237A7829206F76D8
:1074380065726C61707320776974682025642028F0
:1074480025237A782D25237A7829004661696C6589
:107458006420746F206D617020454C46207365630D
:1074680074696F6E732C2072657420256400466100
:10747800696C656420746F20636F7079207265672A
:10748800696F6E732C2072657420256400466169EB
:107498006C656420746F20636F756E7420657870F6
:1074A8006F7274656420454C462073796D626F6C09
:1074B800732C20726574202564004661696C6564CC
:1074C80020746F20616C6C6F6361746520657874DB
:1074D800656E73696F6E2073796D626F6C2074616D
:1074E800626C652C20726574202564004E6F2064E0
:1074F80061746120666F722073656374696F6E20B2
:107508002564004661696C656420746F20636F7040
:10751800792073796D626F6C732C207265742025E5
:1075280064004661696C656420746F206C696E6BD9
:107538002C20726574202564004661696C6564209E
:10754800746F206578706F72742C207265742025B2
:1075580064007F454C46556E646566696E656420B7
:1075680073796D626F6C2077697468206E6F20651F
:107578006E74727920696E2073796D626F6C2074F5
:1075880061626C652025732C206F666673657420B4
:10759800257A642C206C696E6B2073656374696F3F
:1075A8006E2025640063616E6E6F74206170706C6C
:1075B800792072656C6F636174696F6E3A207461CB
:1075C800726765742073796D626F6C2068617320CF
:1075D800756E657870656374656420736563746936
:1075E8006F6E20696E6465782025642028252378CD
:1075F8002900496E76616C696420656E7472792021
:1076080073697A6520257A6420666F72205348541E
:107618005F52454C2073656374696F6E2025640062
:10762800466F756E6420756E737570706F727465D1
:1076380064205348545F52454C4120736563746914
:107648006F6E2025640053616E69747920636865E4
:10765800636B73206661696C656420666F72207362
:10766800656374696F6E2025642028696E666F20D3
:10767800257A642C2073697A6520257A642C206524
:107688006E7473697A6520257A642900536563747A
:10769800696F6E202564206E6F74206C6F6164655D
:1076A8006420696E20616E79206D656D6F72792036
:1076B800726567696F6E007A5F696D706C5F7A7664
:1076C80066735F73656C656374007A5F696D706C6F
:1076D8005F7A7666735F706F6C6C007A5F696D7045
:1076E8006C5F7A736F636B5F736F636B65747061E4
:1076F8006972007A5F696D706C5F7A736F636B5F34
:10770800736F636B6574007A5F696D706C5F7A7311
:107718006F636B5F73687574646F776E007A5F6907
:107728006D706C5F7A736F636B5F736574736F638F
:107738006B6F7074007A5F696D706C5F7A736F63DA
:107748006B5F73656E64746F007A5F696D706C5FF0
:107758007A736F636B5F73656E646D7367007A5FCE
:10776800696D706C5F7A736F636B5F726563766D5A
:107778007367007A5F696D706C5F7A736F636B5FB4
:107788007265637666726F6D007A5F696D706C5FA3
:107798007A736F636B5F6C697374656E007A5F6987
:1077A8006D706C5F7A736F636B5F696F63746C5F26
:1077B800696D706C007A5F696D706C5F7A736F6366
:1077C8006B5F696E65745F70746F6E007A5F696D68
:1077D800706C5F7A736F636B5F676574736F636BED
:1077E8006F7074007A5F696D706C5F7A736F636B2A
:1077F8005F676574736F636B6E616D65007A5F694F
:107808006D706C5F7A736F636B5F676574706565C5
:10781800726E616D65007A5F696D706C5F7A736F07
:10782800636B5F676574686F73746E616D65007A0A
:107838005F696D706C5F7A736F636B5F6765745FA8
:10784800636F6E746578745F6F626A656374007ADB
:107858005F696D706C5F7A736F636B5F66636E747C
:107868006C5F696D706C007A5F696D706C5F7A73BC
:107878006F636B5F636F6E6E656374007A5F696DCB
:10788800706C5F7A736F636B5F636C6F7365007A9C
:107898005F696D706C5F7A736F636B5F62696E644A
:1078A800007A5F696D706C5F7A736F636B5F616399
:1078B80063657074007A5F696D706C5F7A65706873
:1078C80079725F77726974655F7374646F75740039
:1078D8007A5F696D706C5F7A65706879725F7265DE
:1078E80061645F737464696E007A5F696D706C5F60
:1078F8007A65706879725F667772697465007A5F15
:10790800696D706C5F7A65706879725F667075749E
:1079180063007A5F696D706C5F7A5F7A736F636B0F
:107928005F67657461646472696E666F5F696E74BF
:1079380065726E616C007A5F696D706C5F7A5F73F7
:1079480079735F6D757465785F6B65726E656C5F72
:10795800756E6C6F636B007A5F696D706C5F7A5FD0
:107968007379735F6D757465785F6B65726E656C3E
:107978005F6C6F636B007A5F696D706C5F7A5F6CC8
:107988006F675F6D73675F7374617469635F637258
:1079980065617465007A5F696D706C5F7A5F6C6FA2
:1079A800675F6D73675F73696D706C655F63726540
:1079B8006174655F32007A5F696D706C5F7A5F6CC5
:1079C8006F675F6D73675F73696D706C655F637216
:1079D800656174655F31007A5F696D706C5F7A5FAD
:1079E8006C6F675F6D73675F73696D706C655F63FC
:1079F80072656174655F30007A5F696D706C5F7580
:107A08006172745F74785F753136007A5F696D7082
:107A18006C5F756172745F74785F61626F72740015
:107A28007A5F696D706C5F756172745F7478007AE3
:107A38005F696D706C5F756172745F72785F656E97
:107A480061626C655F753136007A5F696D706C5F75
:107A5800756172745F72785F656E61626C65007AD9
:107A68005F696D706C5F756172745F72785F64696D
:107A78007361626C65007A5F696D706C5F756172C5
:107A8800745F706F6C6C5F6F75745F753136007AF8
:107A98005F696D706C5F756172745F706F6C6C5F3D
:107AA8006F7574007A5F696D706C5F756172745F71
:107AB800706F6C6C5F696E5F753136007A5F696DE7
:107AC800706C5F756172745F706F6C6C5F696E006B
:107AD8007A5F696D706C5F756172745F6C696E65F1
:107AE8005F6374726C5F736574007A5F696D706C44
:107AF8005F756172745F6C696E655F6374726C5FE9
:107B0800676574007A5F696D706C5F756172745F28
:107B18006972715F757064617465007A5F696D7010
:107B28006C5F756172745F6972715F74785F656E9E
:107B380061626C65007A5F696D706C5F7561727403
:107B48005F6972715F74785F64697361626C650004
:107B58007A5F696D706C5F756172745F6972715F6D
:107B680072785F656E61626C65007A5F696D706CD2
:107B78005F756172745F6972715F72785F6469734F
:107B880061626C65007A5F696D706C5F75617274B3
:107B98005F6972715F69735F70656E64696E6700B3
:107BA8007A5F696D706C5F756172745F6972715F1D
:107BB8006572725F656E61626C65007A5F696D708F
:107BC8006C5F756172745F6972715F6572725F6410
:107BD800697361626C65007A5F696D706C5F75616D
:107BE80072745F6572725F636865636B007A5F6960
:107BF8006D706C5F756172745F6472765F636D64DB
:107C0800007A5F696D706C5F756172745F636F6E27
:107C1800666967757265007A5F696D706C5F75611A
:107C280072745F636F6E6669675F676574007A5F19
:107C3800696D706C5F7379735F72616E645F67659D
:107C480074007A5F696D706C5F7379735F637372C8
:107C5800616E645F676574007A5F696D706C5F73ED
:107C680079735F636C6F636B5F68775F6379636C6D
:107C780065735F7065725F7365635F72756E746953
:107C88006D655F676574007A5F696D706C5F7379A5
:107C9800735F63616368655F646174615F696E7671
:107CA800645F72616E6765007A5F696D706C5F739F
:107CB80079735F63616368655F646174615F666C53
:107CC8007573685F72616E6765007A5F696D706C65
:107CD8005F7379735F63616368655F646174615F33
:107CE800666C7573685F616E645F696E76645F72F7
:107CF800616E6765007A5F696D706C5F7370695F4C
:107D08007472616E736365697665007A5F696D7018
:107D18006C5F7370695F72656C65617365007A5F2B
:107D2800696D706C5F72657365745F737461747587
:107D380073007A5F696D706C5F72657365745F6CF0
:107D4800696E655F746F67676C65007A5F696D70EF
:107D58006C5F72657365745F6C696E655F6465619D
:107D68007373657274007A5F696D706C5F726573A6
:107D780065745F6C696E655F617373657274007AB0
:107D88005F696D706C5F70776D5F7365745F637941
:107D9800636C6573007A5F696D706C5F70776D5F97
:107DA8006765745F6379636C65735F7065725F7331
:107DB8006563007A5F696D706C5F70776D5F656E83
:107DC80061626C655F63617074757265007A5F6982
:107DD8006D706C5F70776D5F64697361626C655F0D
:107DE80063617074757265007A5F696D706C5F703D
:107DF800776D5F636170747572655F6379636C65D5
:107E080073007A5F696D706C5F6E65745F69665F39
:107E1800697076365F616464725F726D5F62795F04
:107E2800696E646578007A5F696D706C5F6E657401
:107E38005F69665F697076365F616464725F6C6FF4
:107E48006F6B75705F62795F696E646578007A5FE1
:107E5800696D706C5F6E65745F69665F69707636B0
:107E68005F616464725F6164645F62795F696E64B4
:107E78006578007A5F696D706C5F6E65745F6966BE
:107E88005F697076345F7365745F6E65746D617376
:107E98006B5F62795F696E646578007A5F696D709F
:107EA8006C5F6E65745F69665F697076345F736571
:107EB800745F6E65746D61736B5F62795F61646432
:107EC800725F62795F696E646578007A5F696D7068
:107ED8006C5F6E65745F69665F697076345F736541
:107EE800745F67775F62795F696E646578007A5F4F
:107EF800696D706C5F6E65745F69665F6970763412
:107F08005F616464725F726D5F62795F696E6465F8
:107F180078007A5F696D706C5F6E65745F69665F23
:107F2800697076345F616464725F6C6F6F6B7570D3
:107F38005F62795F696E646578007A5F696D706CFD
:107F48005F6E65745F69665F697076345F616464EB
:107F5800725F6164645F62795F696E646578007AF4
:107F68005F696D706C5F6E65745F69665F67657485
:107F78005F62795F696E646578007A5F696D706CBD
:107F88005F6E65745F6574685F6765745F70747051
:107F98005F636C6F636B5F62795F696E64657800BD
:107FA8007A5F696D706C5F6E65745F616464725F3F
:107FB80070746F6E007A5F696D706C5F6E65745F68
:107FC800616464725F6E746F70007A5F696D706C63
:107FD8005F6C6F675F70726F63657373007A5F6958
:107FE8006D706C5F6C6F675F70616E6963007A5F5C
:107FF800696D706C5F6C6F675F66726F6E74656ECB
:10800800645F66696C7465725F736574007A5F6932
:108018006D706C5F6C6F675F66696C7465725F73B7
:108028006574007A5F696D706C5F6C6F675F62750D
:108038006666657265645F636E74007A5F696D7009
:108048006C5F6C6C6578745F6765745F666E5F748F
:1080580061626C65007A5F696D706C5F6B5F7969EE
:10806800656C64007A5F696D706C5F6B5F77616BDC
:10807800657570007A5F696D706C5F6B5F75736CA6
:10808800656570007A5F696D706C5F6B5F757074A1
:10809800696D655F7469636B73007A5F696D706C95
:1080A8005F6B5F74696D65725F757365725F64613C
:1080B80074615F736574007A5F696D706C5F6B5F84
:1080C80074696D65725F757365725F646174615F11
:1080D800676574007A5F696D706C5F6B5F74696D5A
:1080E80065725F73746F70007A5F696D706C5F6B37
:1080F8005F74696D65725F7374617475735F7379AA
:108108006E63007A5F696D706C5F6B5F74696D6533
:10811800725F7374617475735F676574007A5F6901
:108128006D706C5F6B5F74696D65725F737461729B
:1081380074007A5F696D706C5F6B5F74696D6572EE
:108148005F72656D61696E696E675F7469636B7391
:10815800007A5F696D706C5F6B5F74696D65725FE3
:10816800657870697265735F7469636B73007A5FB1
:10817800696D706C5F6B5F7468726561645F746968
:108188006D656F75745F72656D61696E696E675F45
:108198007469636B73007A5F696D706C5F6B5F7491
:1081A80068726561645F74696D656F75745F657821
:1081B80070697265735F7469636B73007A5F696D68
:1081C800706C5F6B5F7468726561645F7375737000
:1081D800656E64007A5F696D706C5F6B5F7468725E
:1081E8006561645F737461636B5F73706163655F1E
:1081F800676574007A5F696D706C5F6B5F74687235
:108208006561645F737461636B5F66726565007A4C
:108218005F696D706C5F6B5F7468726561645F73D2
:108228007461636B5F616C6C6F63007A5F696D701A
:108238006C5F6B5F7468726561645F726573756D9E
:1082480065007A5F696D706C5F6B5F7468726561F9
:10825800645F7072696F726974795F736574007AAC
:108268005F696D706C5F6B5F7468726561645F7085
:1082780072696F726974795F676574007A5F696D96
:10828800706C5F6B5F7468726561645F6E616D6569
:108298005F736574007A5F696D706C5F6B5F74689B
:1082A800726561645F6E616D655F636F7079007A96
:1082B8005F696D706C5F6B5F7468726561645F6A3B
:1082C8006F696E007A5F696D706C5F6B5F7468725E
:1082D8006561645F646561646C696E655F7365742C
:1082E800007A5F696D706C5F6B5F7468726561645A
:1082F8005F637573746F6D5F646174615F736574D8
:10830800007A5F696D706C5F6B5F74687265616439
:108318005F637573746F6D5F646174615F676574C3
:10832800007A5F696D706C5F6B5F74687265616419
:108338005F637265617465007A5F696D706C5F6B0D
:108348005F7468726561645F61626F7274007A5FFE
:10835800696D706C5F6B5F7374725F6F7574007AB0
:108368005F696D706C5F6B5F737461636B5F707571
:108378007368007A5F696D706C5F6B5F73746163BB
:108388006B5F706F70007A5F696D706C5F6B5F73A5
:108398007461636B5F616C6C6F635F696E697400B5
:1083A8007A5F696D706C5F6B5F736C656570007A7E
:1083B8005F696D706C5F6B5F73656D5F74616B6532
:1083C800007A5F696D706C5F6B5F73656D5F726576
:1083D800736574007A5F696D706C5F6B5F73656D50
:1083E8005F696E6974007A5F696D706C5F6B5F734B
:1083F800656D5F67697665007A5F696D706C5F6B44
:108408005F73656D5F636F756E745F676574007A1F
:108418005F696D706C5F6B5F73636865645F6375DC
:108428007272656E745F7468726561645F71756598
:108438007279007A5F696D706C5F6B5F72657363E8
:10844800686564756C65007A5F696D706C5F6B5FF9
:1084580071756575655F7065656B5F7461696C00E2
:108468007A5F696D706C5F6B5F71756575655F705C
:1084780065656B5F68656164007A5F696D706C5FE4
:108488006B5F71756575655F69735F656D7074792C
:10849800007A5F696D706C5F6B5F71756575655F9C
:1084A800696E6974007A5F696D706C5F6B5F717576
:1084B8006575655F676574007A5F696D706C5F6B81
:1084C8005F71756575655F63616E63656C5F776124
:1084D8006974007A5F696D706C5F6B5F7175657543
:1084E800655F616C6C6F635F70726570656E640068
:1084F8007A5F696D706C5F6B5F71756575655F61DB
:108508006C6C6F635F617070656E64007A5F696D33
:10851800706C5F6B5F706F6C6C5F7369676E616CBA
:108528005F7265736574007A5F696D706C5F6B5F0D
:10853800706F6C6C5F7369676E616C5F7261697391
:1085480065007A5F696D706C5F6B5F706F6C6C5FF4
:108558007369676E616C5F696E6974007A5F696DD3
:10856800706C5F6B5F706F6C6C5F7369676E616C6A
:108578005F636865636B007A5F696D706C5F6B5FE2
:10858800706F6C6C007A5F696D706C5F6B5F70699F
:1085980070655F77726974655F617661696C007A8E
:1085A8005F696D706C5F6B5F706970655F7772692A
:1085B8007465007A5F696D706C5F6B5F7069706578
:1085C8005F7265736574007A5F696D706C5F6B5F6D
:1085D800706970655F726561645F617661696C007E
:1085E8007A5F696D706C5F6B5F706970655F7265EB
:1085F8006164007A5F696D706C5F6B5F706970654C
:108608005F707574007A5F696D706C5F6B5F70691D
:1086180070655F696E6974007A5F696D706C5F6B15
:108628005F706970655F676574007A5F696D706C0B
:108638005F6B5F706970655F666C757368007A5F01
:10864800696D706C5F6B5F706970655F636C6F7389
:1086580065007A5F696D706C5F6B5F706970655FEC
:108668006275666665725F666C757368007A5F69C5
:108678006D706C5F6B5F706970655F616C6C6F6368
:108688005F696E6974007A5F696D706C5F6B5F6FAC
:10869800626A6563745F72656C65617365007A5FB1
:1086A800696D706C5F6B5F6F626A6563745F616C44
:1086B8006C6F635F73697A65007A5F696D706C5F70
:1086C8006B5F6F626A6563745F616C6C6F63007A7D
:1086D8005F696D706C5F6B5F6F626A6563745F6121
:1086E80063636573735F6772616E74007A5F696D47
:1086F800706C5F6B5F6D757465785F756E6C6F63BA
:108708006B007A5F696D706C5F6B5F6D757465780F
:108718005F6C6F636B007A5F696D706C5F6B5F6D28
:10872800757465785F696E6974007A5F696D706CDD
:108738005F6B5F6D7367715F707574007A5F696DE9
:10874800706C5F6B5F6D7367715F707572676500E2
:108758007A5F696D706C5F6B5F6D7367715F706571
:10876800656B5F6174007A5F696D706C5F6B5F6DDC
:108778007367715F7065656B007A5F696D706C5FB8
:108788006B5F6D7367715F6E756D5F757365645F41
:10879800676574007A5F696D706C5F6B5F6D736796
:1087A800715F6E756D5F667265655F676574007A87
:1087B8005F696D706C5F6B5F6D7367715F67657420
:1087C8005F6174747273007A5F696D706C5F6B5F60
:1087D8006D7367715F676574007A5F696D706C5F50
:1087E8006B5F6D7367715F616C6C6F635F696E69F6
:1087F80074007A5F696D706C5F6B5F69735F70722C
:1088080065656D70745F746872656164007A5F692C
:108818006D706C5F6B5F66757465785F77616B65AB
:10882800007A5F696D706C5F6B5F66757465785F01
:1088380077616974007A5F696D706C5F6B5F666CF5
:108848006F61745F656E61626C65007A5F696D70F7
:108858006C5F6B5F666C6F61745F64697361626C97
:1088680065007A5F696D706C5F6B5F6576656E74C5
:108878005F776169745F616C6C007A5F696D706CB9
:108888005F6B5F6576656E745F77616974007A5FA8
:10889800696D706C5F6B5F6576656E745F73657428
:1088A8005F6D61736B6564007A5F696D706C5F6B97
:1088B8005F6576656E745F736574007A5F696D7065
:1088C8006C5F6B5F6576656E745F706F7374007A4A
:1088D8005F696D706C5F6B5F6576656E745F696EFE
:1088E8006974007A5F696D706C5F6B5F6576656E41
:1088F800745F636C656172007A5F696D706C5F6B41
:108908005F636F6E647661725F77616974007A5F26
:10891800696D706C5F6B5F636F6E647661725F73B5
:1089280069676E616C007A5F696D706C5F6B5F631D
:108938006F6E647661725F696E6974007A5F696DE3
:10894800706C5F6B5F636F6E647661725F62726F8B
:10895800616463617374007A5F696D706C5F6B5FEB
:10896800627573795F77616974007A5F696D706C9D
:108978005F6932635F7472616E73666572007A5FF5
:10898800696D706C5F6932635F7461726765745F8B
:108998006472697665725F756E726567697374650E
:1089A80072007A5F696D706C5F6932635F746172BF
:1089B8006765745F6472697665725F72656769730B
:1089C800746572007A5F696D706C5F6932635F729B
:1089D80065636F7665725F627573007A5F696D7043
:1089E8006C5F6932635F6765745F636F6E66696742
:1089F800007A5F696D706C5F6932635F636F6E6682
:108A08006967757265007A5F696D706C5F68776910
:108A18006E666F5F6765745F737570706F7274658B
:108A2800645F72657365745F6361757365007A5F0F
:108A3800696D706C5F6877696E666F5F6765745F94
:108A480072657365745F6361757365007A5F696DDC
:108A5800706C5F6877696E666F5F6765745F646581
:108A6800766963655F6964007A5F696D706C5F68D9
:108A780077696E666F5F6765745F6465766963655D
:108A88005F6575693634007A5F696D706C5F687709
:108A9800696E666F5F636C6561725F72657365743A
:108AA8005F6361757365007A5F696D706C5F67708D
:108AB800696F5F706F72745F746F67676C655F6210
:108AC800697473007A5F696D706C5F6770696F5F56
:108AD800706F72745F7365745F6D61736B65645FEB
:108AE800726177007A5F696D706C5F6770696F5F3C
:108AF800706F72745F7365745F626974735F7261BB
:108B080077007A5F696D706C5F6770696F5F706F0F
:108B180072745F6765745F726177007A5F696D7000
:108B28006C5F6770696F5F706F72745F6765745FA1
:108B3800646972656374696F6E007A5F696D706CE1
:108B48005F6770696F5F706F72745F636C65617285
:108B58005F626974735F726177007A5F696D706CC8
:108B68005F6770696F5F70696E5F696E7465727256
:108B78007570745F636F6E666967757265007A5F9A
:108B8800696D706C5F6770696F5F70696E5F67654C
:108B9800745F636F6E666967007A5F696D706C5F9A
:108BA8006770696F5F70696E5F636F6E666967751E
:108BB8007265007A5F696D706C5F6770696F5F6777
:108BC80065745F70656E64696E675F696E74007A5C
:108BD8005F696D706C5F666C6173685F77726974EA
:108BE80065007A5F696D706C5F666C6173685F734E
:108BF8006664705F72656164007A5F696D706C5F4E
:108C0800666C6173685F726561645F6A65646563F9
:108C18005F6964007A5F696D706C5F666C61736828
:108C28005F72656164007A5F696D706C5F666C6124
:108C380073685F6765745F77726974655F626C6F8C
:108C4800636B5F73697A65007A5F696D706C5F66E4
:108C58006C6173685F6765745F73697A65007A5FD2
:108C6800696D706C5F666C6173685F6765745F706F
:108C78006172616D6574657273007A5F696D706C9D
:108C88005F666C6173685F6765745F706167655F75
:108C9800696E666F5F62795F6F666673007A5F6997
:108CA8006D706C5F666C6173685F6765745F706137
:108CB80067655F696E666F5F62795F696478007A7D
:108CC8005F696D706C5F666C6173685F6765745F20
:108CD800706167655F636F756E74007A5F696D7048
:108CE8006C5F666C6173685F666C617474656E0056
:108CF8007A5F696D706C5F666C6173685F66696CDA
:108D08006C007A5F696D706C5F666C6173685F6533
:108D1800785F6F70007A5F696D706C5F666C617305
:108D2800685F6572617365007A5F696D706C5F6614
:108D38006C6173685F636F7079007A5F696D706CDE
:108D48005F656E74726F70795F6765745F656E7466
:108D5800726F7079007A5F696D706C5F646D615FC6
:108D680073757370656E64007A5F696D706C5F64AB
:108D78006D615F73746F70007A5F696D706C5F64AA
:108D88006D615F7374617274007A5F696D706C5F96
:108D9800646D615F726573756D65007A5F696D708A
:108DA8006C5F646D615F726571756573745F63682C
:108DB800616E6E656C007A5F696D706C5F646D6181
:108DC8005F72656C656173655F6368616E6E656C23
:108DD800007A5F696D706C5F646D615F6368616E76
:108DE8005F66696C746572007A5F696D706C5F6448
:108DF80065766963655F69735F7265616479007A36
:108E08005F696D706C5F6465766963655F696E69DB
:108E180074007A5F696D706C5F6465766963655F1D
:108E28006765745F62795F64745F6E6F64656C61B7
:108E380062656C007A5F696D706C5F646576696302
:108E4800655F6765745F62696E64696E67007A5F03
:108E5800696D706C5F6465766963655F6465696E8A
:108E68006974007A5F696D706C5F6164635F7265D5
:108E780061645F6173796E63007A5F696D706C5FBE
:108E88006164635F72656164007A5F696D706C5FCD
:108E98006164635F6368616E6E656C5F736574754A
:108EA80070007A5F696D706C5F5F5F706F7369786F
:108EB8005F636C6F636B5F6765745F6261736500A6
:108EC8006D656D736574006D656D637079006D65B2
:108ED8006D636D700073747263707900257320661A
:108EE800756E6374696F6E202569202825702920A6
:108EF8006F7574736964652074657874207265672A
:108F0800696F6E006272696E677570007465617270
:108F1800646F776E006C6C6578745F66735F6C6FF6
:108F280061646572004E6F2073756368206C6C65B0
:108F380078742025730A00457874656E73696F6EBE
:108F48003A2025732073796D626F6C730A007C2058
:108F580053796D626F6C2020202020202020202053
:108F6800207C2041646472657373202020207C0A71
:108F7800007C2025313673207C202570207C0A0057
:108F88007C204E616D65202020202020202020207C
:108F98002020207C2053697A652020202020202052
:108FA80020207C0A007C2025313673207C20253146
:108FB8003264207C0A00457874656E73696F6E2090
:108FC8006E616D6520746F6F206C6F6E672C206DFD
:108FD80061782025642063686172730A0A00457805
:108FE80074656E73696F6E20256420627974657389
:108FF80020746F6F206C6172676520746F206C6FCE
:1090080061642C206D617820256420627974657311
:109018000A0A005375636365737366756C6C79200F
:109028006C6F6164656420657874656E73696F6ED2
:109038002025732C20616464722025700A0A00467A
:1090480061696C656420746F206C6F616420657859
:1090580074656E73696F6E2025732C207265747544
:10906800726E20636F64652025640A0A0046616990
:109078006C656420746F206F627461696E20666924
:109088006C652025732C2072657475726E20636F71
:1090980064652025640A0A004E6F742061206669A1
:1090A8006C652025730A004E6F2073756368206510
:1090B8007874656E73696F6E2025730A00556E6C3F
:1090C8006F6164656420657874656E73696F6E207E
:1090D80025730A0A004C6F616461626C65206578CB
:1090E80074656E73696F6E20636F6D6D616E647306
:1090F800004C697374206C6F6164656420657874D2
:10910800656E73696F6E7320616E6420746865693B
:10911800722073697A6520696E206D656D6F72794A
:10912800006C6F61645F6C6C657874004C6F61648F
:1091380020616E20656C662066696C6520646972C2
:109148006563746C792066726F6D2066696C6573EF
:10915800797374656D2E2053796E7461783A0A3C80
:109168006578745F6E616D653E203C6578745F6CF0
:109178006C6578745F66696C655F6E616D653E00ED
:109188006C6F61645F686578004C6F616420616E24
:1091980020656C662066696C6520656E636F646522
:1091A8006420696E20686578206469726563746CF0
:1091B800792066726F6D20746865207368656C6CC1
:1091C80020696E7075742E2053796E7461783A0A2E
:1091D8003C6578745F6E616D653E203C6578745FB0
:1091E8006865785F737472696E673E00756E6C6F40
:1091F800616400556E6C6F616420616E20657874DF
:10920800656E73696F6E206279206E616D652E20C0
:1092180053796E7461783A0A3C6578745F6E616D53
:10922800653E006C6973745F73796D626F6C73006F
:109238004C69737420657874656E73696F6E2073FA
:10924800796D626F6C732E2053796E7461783A0A67
:109258003C6578745F6E616D653E0063616C6C5F40
:10926800666E0043616C6C20657874656E73696F17
:109278006E2066756E6374696F6E207769746820F6
:1092880070726F746F7479706520766F6964206688
:109298006E28766F6964292E2053796E7461783A46
:1092A8000A3C6578745F6E616D653E203C66756E3C
:1092B8006374696F6E5F6E616D653E006C6C657896
:1092C800745F7368656C6C007A6570687972002DDC
:1092D8002D2D2D2D424547494E2043455254494690
:1092E80049434154452D2D2D2D2D006E65745F7316
:1092F8006F636B65745F736572766963650006FFFB
:10930800FFFFFFFFFF004950763400FFFFFFFFFF1C
:10931800FF41525000776C616E25640065746825C2
:1093280064006E65742564006E65745F6D676D74A6
:109338000072785F715B25645D000000000000002A
:1093480000007463705F776F726B0001030600633F
:10935800825363382E382E382E38000A0605050445
:109368000103010201010100015F5F646576696321
:10937800655F6474735F6F72645F31333800696E60
:10938800746572727570742D636F6E74726F6C6C25
:109398006572403538303030303030006578746967
:1093A800005265736574204750494F20646576699B
:1093B8006365206E6F7420726561647900436F7510
:1093C8006C646E277420636F6E66696775726520BA
:1093D80072657365742070696E00636C6F636B20CF
:1093E800636F6E74726F6C20646576696365206E56
:1093F8006F7420726561647900436F756C64206EC8
:109408006F742073656C6563742055534220646FD4
:109418006D61696E20636C6F636B00556E61626C81
:109428006520746F20656E61626C6520555342201B
:10943800636C6F636B004661696C656420746F20B0
:109448006765742055534220646F6D61696E2063AF
:109458006C6F636B20726174650055534220436CD6
:109468006F636B206973206E6F742034384D487AAF
:10947800202825642900505752206E6F742061639C
:109488007469766520796574005553422070696E59
:109498006374726C207365747570206661696C659D
:1094A800642028256429005043445F496E6974206C
:1094B8006661696C65642C202564005043445F53E1
:1094C800746F70206661696C65642C202564005097
:1094D80043445F5374617274206661696C65642CDF
:1094E8002025640048414C5F5043445F53657441F4
:1094F800646472657373206661696C65642830788A
:1095080025303278292C20256400696E76616C69D3
:1095180064206570203078253032780048414C5FEF
:109528005043445F45505F526563656976652066C0
:1095380061696C656428307825303278292C2025BB
:109548006400696E76616C696420656E64706F6929
:109558006E7420636F6E66696775726174696F6E89
:1095680000656E64706F696E7420696E6465782F2B
:1095780061646472657373206F7574206F662072FE
:10958800616E67650048414C5F5043445F45505FDA
:109598005365745374616C6C206661696C656428EA
:1095A800307825303278292C2025640048414C5FDA
:1095B8005043445F45505F436C725374616C6C2038
:1095C8006661696C656428307825303278292C20EA
:1095D80025640048414C5F5043445F45505F4F70DD
:1095E800656E206661696C6564283078253032784C
:1095F800292C2025640048414C5F5043445F455066
:109608005F436C6F7365206661696C6564283078A8
:1096180025303278292C20256400556E61626C65EE
:1096280020746F20676574207772697465206C6F89
:10963800636B20282564290048414C5F5043445FF0
:1096480045505F5472616E736D6974206661696C10
:10965800656428307825303278292C202564004923
:109668006E76616C696420456E64706F696E7420F3
:1096780025780057726F6E6720656E64706F696E2B
:109688007420646972656374696F6E3A2030782556
:109698003032780057726F6E6720617267756D653A
:1096A8006E7473004E6F742076616C696420656E09
:1096B80064706F696E743A202530327800504344E4
:1096C8005F4465496E6974206661696C65642C2025
:1096D800256400556E61626C6520746F206469733F
:1096E80061626C652055534220636C6F636B007533
:1096F80073625F64635F73746D33320044696666D6
:109708006572656E7469616C206368616E6E656C04
:109718007320617265206E6F7420737570706F723C
:1097280074656400496E76616C6964206368616E73
:109738006E656C206761696E00496E76616C69645C
:10974800206368616E6E656C207265666572656E11
:1097580063650053616D706C696E672074696D652F
:109768002076616C7565206E6F7420737570706FEC
:10977800727465642E004E756D626572206F662086
:10978800636F6D6D6F6E2073616D706C696E6720AD
:1097980074696D65206368616E6E656C73206E6FA9
:1097A8007420737570706F7274656400496E7661A9
:1097B8006C69642073616D706C696E672074696D83
:1097C8006500414443206F76657272756E2065723C
:1097D800726F72206F636375727265642E205573A1
:1097E8006520444D412C2072656475636520636C67
:1097F8006F636B20736F7572636520667265717530
:10980800656E63792C20696E63726561736520707B
:1098180072657363616C65722076616C7565206F23
:109828007220696E6372656173652073616D706C17
:10983800696E672074696D65732E00414443206327
:109848006C6F636B20726174652067657420657244
:10985800726F722E0041444320436C6F636B207219
:10986800617465206E756C6C004661696C65642076
:10987800746F206765742041444320636C6F636B89
:10988800206672657175656E637900496E76616CE4
:10989800696420636C6F636B207072657363616CBD
:1098A80065722076616C75650041444320636C6F76
:1098B800636B206672657175656E637920746F6F6E
:1098C8002068696768202575004144432070696EE7
:1098D8006374726C207365747570206661696C6559
:1098E800642028256429004E6F206368616E6E65C8
:1098F8006C732073656C656374656400546F6F20C6
:109908006D616E79206368616E6E656C7320666F39
:10991800722073657175656E6365722E204D61786E
:109928003A20256400496E76616C6964207265731B
:109938006F6C7574696F6E0050726F7669646564D8
:109948002062756666657220697320746F6F207374
:109958006D616C6C202825752F25752900496E7658
:10996800616C6964206F76657273616D706C696E85
:1099780067005F5F6465766963655F6474735F6FD2
:1099880072645F313200616463403538303236309A
:1099980030300061646333005F5F646576696365D6
:1099A8005F6474735F6F72645F343800616463402E
:1099B80034303032323030300061646331006164F9
:1099C800635F73746D33320054617267657420632A
:1099D8006C6F636B206672657175656E6379206361
:1099E800616E6E6F7420626520657870726573733E
:1099F800656420696E2050574D20636C6F636B203F
:109A08007469636B73005F5F6465766963655F643F
:109A180074735F6F72645F3330300070776D636C9E
:109A28006F636B00636C6F636B5F636F6E74726FF1
:109A38006C5F70776D005F5F6465766963655F640E
:109A480074735F6F72645F380072636340353830D7
:109A580032343430300072636300636C6F636B20A0
:109A68006F70206661696C65640A0063616E6E6F71
:109A78007420636F6E666967757265207468652007
:109A8800646D612073747265616D2025642E0064B5
:109A98006D612073747265616D202564206973207F
:109AA800627573792E00636F756C64206E6F742015
:109AB80064697361626C6520646D6120737472659A
:109AC800616D2025642E00446174612073697A6594
:109AD80020746F6F206269673A2025640A004D651B
:109AE8006D636F7079206E6F7420737570706F720C
:109AF80074656420666F72206465766963652025E5
:109B08007300736F7572636520616E64206465739A
:109B18007420646174612073697A6520646966667B
:109B280065722E00736F7572636520616E642064C0
:109B380065737420756E69742073697A652065721F
:109B4800726F722C20256400736F757263655F7283
:109B5800656C6F61645F656E20616E642064657317
:109B6800745F72656C6F61645F656E206D75737488
:109B7800206265207468652073616D652E00736FBF
:109B8800757263655F62756666657220616464728A
:109B9800657373206973206E756C6C2E0064657331
:109BA800745F62756666657220616464726573735A
:109BB800206973206E756C6C2E005072696F726923
:109BC8007479206572726F722E2025640044697260
:109BD800656374696F6E206572726F722E202564DA
:109BE800004D656D6F727920696E6372656D656E83
:109BF80074206572726F722E202564005065726938
:109C0800706820696E6372656D656E742065727226
:109C18006F722E20256400556E65787065637465D3
:109C280064206972712068617070656E65642E00C9
:109C38005472616E73666572204572726F722E007F
:109C48005F5F6465766963655F6474735F6F726490
:109C58005F31373000646D6140343030323030303D
:109C68003000646D613100646D615F73746D33320F
:109C780000102840587088A0B874633A2025642CD6
:109C88002068743A2025642C2074653A2025642CB9
:109C980020646D653A2025642C2066653A20256489
:109CA800004669466F206572726F722E004D656DB1
:109CB8006F72792062757273742073697A65206592
:109CC80072726F722C7573696E672073696E676C38
:109CD80065206275727374206173206465666175AE
:109CE8006C74005065726970686572616C20627589
:109CF8007273742073697A65206572726F722C753D
:109D080073696E672073696E676C6520627572731C
:109D1800742061732064656661756C7400464946F9
:109D28004F207468726573686F6C6420706172612B
:109D38006D65746572206572726F722C207265731E
:109D4800657420746F20312F3400646D615F737403
:109D58006D33325F763100102840587088A0B863A0
:109D680068616E6E656C2049442025642069732003
:109D7800746F6F206269672E0063616E6E6F742066
:109D88006765742074686520737461747573206FD7
:109D98006620646D616D7578206368616E6E656CB0
:109DA8002025642E0063616E6E6F742072656C6F7F
:109DB80061642074686520646D616D7578206368DE
:109DC800616E6E656C2025642E0063616E6E6F7423
:109DD8002073746F702074686520646D616D757888
:109DE800206368616E6E656C2025642E0063616E69
:109DF8006E6F742073746172742074686520646D6A
:109E0800616D7578206368616E6E656C2025642EBF
:109E18000072657175657374204944202564206952
:109E280073206E6F742076616C69642E0063616EB6
:109E38006E6F7420636F6E666967757265207468EB
:109E48006520646D616D75782E005F5F6465766965
:109E580063655F6474735F6F72645F313334006489
:109E68006D616D7578403430303230383030006490
:109E78006D616D75783100646D616D75785F7374AF
:109E88006D3332005F5F6465766963655F64747320
:109E98005F6F72645F31343100726E6740343830FE
:109EA800323138303000726E67004661696C656423
:109EB80020746F20656E61626C65206574686572D8
:109EC8006E657420636C6F636B00436F756C642000
:109ED8006E6F7420636F6E6669677572652065744E
:109EE8006865726E65742070696E73004661696C8E
:109EF800656420746F20656E71756575652066727E
:109F0800616D6520696E746F205258207175657592
:109F1800653A202564004661696C656420746F2089
:109F28006F627461696E2052582062756666657248
:109F3800004661696C656420746F20617070656E9D
:109F4800642052582062756666657220746F2063BB
:109F58006F6E746578742062756666657200484134
:109F68004C5F4554485F496E69742054696D656457
:109F7800206F75740048414C5F4554485F496E69CD
:109F880074206661696C65643A20256400457272C4
:109F98006F722072656164696E6720424352207255
:109FA800656769737465720A0048414C5F45544897
:109FB8005F5365744D4143436F6E6669673A206627
:109FC80061696C65643A2025640048414C5F4554DA
:109FD800485F53746172747B5F49547D2066616980
:109FE8006C65640073746D5F65746800504B542031
:109FF800746F6F206269670048414C5F4554485F41
:10A008005472616E736D69743A206661696C656437
:10A01800210048414C5F4554485F5472616E736D2E
:10A02800697449542074785F696E745F73656D2034
:10A0380074616B652074696D656F75740025733A7A
:10A048002045544820696E206572726F72207374BF
:10A058006174653A206572726F72636F64653A2540
:10A06800780025733A2045544820444D41206572B4
:10A07800726F723A20646D616572726F723A2578F8
:10A088000025733A20455448204D4143206572729B
:10A098006F723A206D61636572726F723A2578004B
:10A0A8006574685F7478005F5F6465766963655F8F
:10A0B8006474735F6F72645F313933006574686507
:10A0C800726E6574403430303238303030006D6133
:10A0D80063006574685F73746D33325F68616C0028
:10A0E80066756C6C0068616C6600504859202825BC
:10A0F800642920697320646F776E005048592028BE
:10A10800256429204C696E6B207370656564202571
:10A1180073204D622C202573206475706C6578005F
:10A128004E6F2050485920666F756E642061742008
:10A13800616464726573732025640050485920284F
:10A14800256429204944202558005F5F64657669A5
:10A1580063655F6474735F6F72645F31393700657C
:10A16800746865726E65742D706879403000706827
:10A17800795F6D69690052656164696E672053464D
:10A1880044500025643A204661696C656420746F08
:10A198002073656E64205346445020696E73747250
:10A1A800756374696F6E0025643A204661696C6551
:10A1B8006420746F20726561642053464450002502
:10A1C800643A204661696C656420746F2073656E1B
:10A1D80064205153504920696E73747275637469B1
:10A1E8006F6E0025643A204661696C656420746F5F
:10A1F800207265616420646174610043616E277434
:10A2080020657261736520257A7520617420307825
:10A21800256C7800515350492070696E6374726CD4
:10A22800207365747570206661696C6564202825E3
:10A238006429005346445020726561642066616950
:10A248006C65643A2025640053464450206D61676C
:10A258006963202530387820696E76616C696400FE
:10A2680025733A205346445020762025752E2575AF
:10A278002041502025782077697468202575205062
:10A288004800504825753A20253034782072657684
:10A298002025752E25753A20257520445720402005
:10A2A800257800556E657870656374656420666C02
:10A2B8006173682073697A653A2025750025733AB9
:10A2C800202575204D69427920666C6173680046C7
:10A2D8006C617368202D2061646472657373206DEE
:10A2E8006F64653A20344200556E61626C65207473
:10A2F8006F20656E746572203442206D6F64653A14
:10A308002025640A00517561642072656164206DBE
:10A318006F646520256420696E737472205B3078E1
:10A3280025785D20737570706F72746564004E6F68
:10A3380020737570706F7274656420666C617368E1
:10A348002072656164206D6F646520666F756E6448
:10A3580000517561642072656164206D6F646520C9
:10A36800256420696E737472205B307825785D20CF
:10A3780077696C6C206265207573656400556E6141
:10A38800626C6520746F206465636F646520514555
:10A3980020726571756972656D656E74205B4457CE
:10A3A80031355D3A20256400514520726571756923
:10A3B80072656D656E74206D6F64653A202578004E
:10A3C800537461747573205265676973746572207C
:10A3D8002575205B3078253032785D206E6F7420CB
:10A3E800736574004661696C656420746F20656EDE
:10A3F80061626C652051756164206D6F64653A20F7
:10A4080025640051756164206D6F646520656E6117
:10A41800626C656400534644502042465020666191
:10A42800696C65643A202564006C61796F757420E5
:10A438007061676520257520776173746573207373
:10A4480070616365207769746820646576696365FF
:10A458002073697A6520257A75006C61796F757447
:10A46800207365747570206661696C65643A20258F
:10A4780064004E4F5220717561642D666C6173687B
:10A48800206174203078256C782028307825782051
:10A49800627974657329005F5F6465766963655FD7
:10A4A8006474735F6F72645F3237350071737069FB
:10A4B8002D6E6F722D666C617368403930303030A4
:10A4C800303030006D7832356C31323833336600D5
:10A4D800666C6173685F73746D33325F7173706932
:10A4E800004661696C656420746F20656E61626CFA
:10A4F8006520636C6F636B0042616E6B2564204559
:10A508004343206572726F72206174203078253061
:10A518003878005374617475732042616E6B2564DA
:10A528003A203078253038780052616E6765206FA0
:10A5380076656C61707320666C6173682062616E09
:10A548006B20646973636F6E74696E7569747900E2
:10A558005772697465206F6666736574206E6F74D0
:10A5680020616C69676E6564206F6E20666C61732C
:10A5780068776F7264206C656E6774682E204F660A
:10A58800667365743A203078256C782C20666C6187
:10A598007368776F7264206C656E6774683A2025FB
:10A5A8006400526561642072616E676520696E7629
:10A5B800616C69642E204F66667365743A20256C59
:10A5C800642C206C656E3A20257A750054696D6597
:10A5D8006F7574212076616C3A202564004F666699
:10A5E80073657420256C6420646F6573206E6F74C6
:10A5F8002065786973740045726173652072616EB5
:10A60800676520696E76616C69642E204F66667393
:10A6180065743A20256C642C206C656E3A20257A86
:10A62800750057726974652072616E676520696E7E
:10A6380076616C69642E204F66667365743A2025CE
:10A648006C642C206C656E3A20257A75005F5F6417
:10A6580065766963655F6474735F6F72645F3139CF
:10A668003800666C6173682D636F6E74726F6C6C02
:10A67800657240353230303230303000666C61738C
:10A68800685F73746D33326837005F5F646576693D
:10A6980063655F6474735F6F72645F3731006770FE
:10A6A800696F403538303232383030006770696F42
:10A6B8006B005F5F6465766963655F6474735F6F81
:10A6C80072645F3134006770696F403538303232F8
:10A6D800343030006770696F6A005F5F646576695F
:10A6E80063655F6474735F6F72645F3730006770AF
:10A6F800696F403538303232303030006770696FFA
:10A7080069005F5F6465766963655F6474735F6F32
:10A7180072645F3232006770696F403538303231A9
:10A72800433030006770696F68005F5F6465766901
:10A7380063655F6474735F6F72645F363900677056
:10A74800696F403538303231383030006770696FA2
:10A7580067005F5F6465766963655F6474735F6FE4
:10A7680072645F3638006770696F4035383032314F
:10A77800343030006770696F66005F5F64657669C2
:10A7880063655F6474735F6F72645F363700677008
:10A79800696F403538303231303030006770696F5A
:10A7A80065005F5F6465766963655F6474735F6F96
:10A7B80072645F3636006770696F40353830323002
:10A7C800433030006770696F64005F5F6465766965
:10A7D80063655F6474735F6F72645F3635006770BA
:10A7E800696F403538303230383030006770696F03
:10A7F80063005F5F6465766963655F6474735F6F48
:10A8080072645F3634006770696F403538303230B3
:10A81800343030006770696F62005F5F6465766925
:10A8280063655F6474735F6F72645F36330067706B
:10A83800696F403538303230303030006770696FBA
:10A8480061005F5F6465766963655F6474735F6FF9
:10A8580072645F3431006770696F40646561646277
:10A86800656566006770696F7A0069326300496ED2
:10A8780076616C6964204932432062697420726190
:10A8880074652076616C7565006932633A2073706F
:10A898006565642061626F76652022666173742243
:10A8A800207265717569726573206D616E75616C72
:10A8B8002074696D696E6720636F6E66696775726B
:10A8C8006174696F6E2C20736565202274696D69E7
:10A8D8006E6773222070726F7065727479206F666C
:10A8E8002073742C73746D33322D6932632D763274
:10A8F80020646576696365747265652062696E6453
:10A90800696E67004932433A6661696C6564207410
:10A918006F2066696E64207072657363616C65721E
:10A928002076616C7565006932635F6C6C5F737467
:10A938006D33325F76320049324320636F6E747232
:10A948006F6C6C6572206E6F7420636F6E666967DA
:10A95800757265640025733A20696E76616C696466
:10A96800206D6F6465202569004661696C65642007
:10A9780063616C6C20636C6F636B5F636F6E747282
:10A988006F6C5F6765745F726174652870636C6B68
:10A99800656E5B305D29004932432070696E6374CF
:10A9A800726C207365747570206661696C656420CB
:10A9B80028256429006932633A206661696C7572DA
:10A9C8006520656E61626C696E6720636C6F636B8E
:10A9D800006932633A206661696C75726520696E38
:10A9E800697469616C697A696E67005F5F6465762E
:10A9F8006963655F6474735F6F72645F333700699E
:10AA08003263403538303031633030006932633476
:10AA1800005F5F6465766963655F6474735F6F7216
:10AA2800645F33330069326340343030303563302B
:10AA3800300069326333005F5F6465766963655F20
:10AA48006474735F6F72645F3237006932634034D5
:10AA58003030303534303000693263310069326368
:10AA68005F6C6C5F73746D3332005F5F6465766929
:10AA780063655F6474735F6F72645F313936006D4C
:10AA880064696F006D64696F5F73746D33325F68FA
:10AA9800616C00464D432070696E6374726C20735C
:10AAA80065747570206661696C6564202825642961
:10AAB80000436F756C64206E6F7420696E697469E9
:10AAC800616C697A6520464D4320636C6F636B2027
:10AAD80028256429005F5F6465766963655F64742F
:10AAE800735F6F72645F323536006D656D6F7279B2
:10AAF8002D636F6E74726F6C6C65724035323030D6
:10AB08003430303000666D63006D656D635F73745B
:10AB18006D3332005F5F6465766963655F64747383
:10AB28005F6F72645F323537006D656D635F737494
:10AB38006D33325F736472616D005F5F646576695F
:10AB480063655F6474735F6F72645F323036007080
:10AB58006D696340380070663135353000496E766E
:10AB6800616C6964206368616E6E656C2028256479
:10AB7800290043616E6E6F74207365742050574DC1
:10AB8800206F75747075742C2076616C75652065FE
:10AB98007863656564732031362D62697420746941
:10ABA8006D6572206C696D69742E004368616E6E04
:10ABB800656C20256420686173204E4F20636F6D9B
:10ABC800706C656D656E74617279206F75747075DF
:10ABD8007400436F756C64206E6F7420696E6974BD
:10ABE80069616C697A652074696D65722063686152
:10ABF8006E6E656C206F757470757400436F756C3C
:10AC080064206E6F7420696E697469616C697A6515
:10AC180020636C6F636B202825642900436F756C73
:10AC280064206E6F74206F627461696E2074696D40
:10AC3800657220636C6F636B202825642900505768
:10AC48004D2070696E6374726C2073657475702022
:10AC58006661696C6564202825642900436F756CFA
:10AC680064206E6F7420696E697469616C697A65B5
:10AC78002074696D6572005F5F6465766963655FFE
:10AC88006474735F6F72645F37380070776D313248
:10AC9800005F5F6465766963655F6474735F6F7294
:10ACA800645F38370070776D38005F5F6465766978
:10ACB80063655F6474735F6F72645F3735007077C4
:10ACC8006D33005F5F6465766963655F6474735FA5
:10ACD8006F72645F38320070776D310070776D5F26
:10ACE80073746D33320000020406080A0C10140055
:10ACF8000008000000080008000000000404043CEC
:10AD08003C4750494F20706F72743A202573206E6B
:10AD18006F74207265616479005F5F64657669634A
:10AD2800655F6474735F6F72645F31350065746862
:10AD380065726E65745F7068795F656E005F5F64E9
:10AD480065766963655F6474735F6F72645F3233DD
:10AD5800006F7363656E00726567756C61746F72FE
:10AD68005F6669786564005F5F6465766963655FDF
:10AD78006474735F6F72645F323134004C444F33D4
:10AD8800007066313535305F6C646F33005F5F6427
:10AD980065766963655F6474735F6F72645F32318F
:10ADA80033004C444F32007066313535305F6C6487
:10ADB8006F32005F5F6465766963655F6474735FB3
:10ADC8006F72645F323132004C444F31007066312B
:10ADD8003535305F6C646F31005F5F646576696339
:10ADE800655F6474735F6F72645F3231310042551E
:10ADF800434B33007066313535305F737733005F0E
:10AE08005F6465766963655F6474735F6F72645FBE
:10AE1800323130004255434B32007066313535309F
:10AE28005F737732005F5F6465766963655F64743A
:10AE3800735F6F72645F323039004255434B3100A3
:10AE48007066313535305F737731005F5F646576E2
:10AE58006963655F6474735F6F72645F3230380072
:10AE6800706D69635F726567756C61746F7273008A
:10AE78005F5F6465766963655F6474735F6F72644E
:10AE88005F35310072657365742D636F6E74726F10
:10AE98006C6C6572007263746C00436F756C64202F
:10AEA8006E6F7420656E61626C6520284C50295560
:10AEB80041525420636C6F636B0072657365742034
:10AEC800636F6E74726F6C6C6572206E6F74207233
:10AED8006561647900257320646F6573206E6F74F3
:10AEE80020737570706F7274206472697665722051
:10AEF800656E61626C65005F5F6465766963655F56
:10AF08006474735F6F72645F32363500736572699B
:10AF1800616C4034303030373830300075617274CD
:10AF280037005F5F6465766963655F6474735F6F3C
:10AF380072645F35380073657269616C4034303013
:10AF4800313134303000757361727436005F5F647C
:10AF580065766963655F6474735F6F72645F3532C9
:10AF68000073657269616C4034303030346330305E
:10AF7800007561727434005F5F6465766963655F4C
:10AF88006474735F6F72645F3535007365726961ED
:10AF98006C40343030313130303000757361727448
:10AFA8003100756172745F73746D33320025733AC2
:10AFB800206572723D256400436F756C64206E6F66
:10AFC8007420656E61626C652053504920636C6F14
:10AFD800636B00436F756C64206E6F742073656CCF
:10AFE8006563742053504920646F6D61696E2063F6
:10AFF8006C6F636B004353204750494F20706F724A
:10B00800742025732070696E202564206973206E72
:10B018006F74207265616479004661696C656420AB
:10B0280063616C6C20636C6F636B5F636F6E7472CB
:10B038006F6C5F6765745F726174652870636C6BB1
:10B048005B315D29004661696C65642063616C6CE5
:10B0580020636C6F636B5F636F6E74726F6C5F6796
:10B0680065745F726174652870636C6B5B305D2911
:10B0780000556E737570706F7274656420667265C2
:10B088007175656E6379202575487A2C206D617815
:10B09800202575487A2C206D696E202575487A0020
:10B0A80054696D656F75742077616974696E67207E
:10B0B800666F72207472616E7366657220636F6D5D
:10B0C800706C657465007370695F73746D33325F9B
:10B0D8006765745F657272005F5F64657669636552
:10B0E8005F6474735F6F72645F36320073706940B7
:10B0F8003430303033383030007370693200737058
:10B10800695F6C6C5F73746D3332007379735F635E
:10B118006C6F636B5F6379636C655F6765745F36DB
:10B1280034006661696C656420746F207772697495
:10B1380065203078257820746F20307825782C00A9
:10B148006661696C656420746F2072656164203083
:10B1580078257820726567697374657200496D6136
:10B16800676520666F726D6174206E6F74207375E9
:10B1780070706F72746564004661696C65642074F0
:10B188006F2073657420746865206F7574707574AA
:10B1980020666F726D617400556E737570706F7292
:10B1A800746564207265736F6C7574696F6E2025A1
:10B1B80064202564004661696C656420746F20739F
:10B1C800657420746865207265736F6C7574696F37
:10B1D8006E00427573206465766963652069732023
:10B1E8006E6F742072656164790025733A20646516
:10B1F80076696365202573206973206E6F742072E9
:10B208006561647900556E6578706563746564205E
:10B21800474332313435207069643A2030782578D4
:10B22800206F72207265763A203078257800556E46
:10B2380061626C6520746F20636F6E6669677572F2
:10B24800652064656661756C7420666F726D6174E3
:10B25800005F5F6465766963655F6474735F6F72CE
:10B26800645F31373100676332313435403363000E
:10B27800766964656F5F67633231343500FEF0FECE
:10B28800F0FEF0FC06F600F71DF885FA00F9FEF26C
:10B2980000FE00030404E209000A000B000C000D84
:10B2A800040EC00F06105299119A0E122E17141878
:10B2B80022190E1A011B4B1C071D101E881F78200F
:10B2C80003214022A02416250126102D60300131CB
:10B2D8009033063401807F812682FA8300840686B3
:10B2E800238803890385088A008B00B055C300C4EE
:10B2F80080C590C63BC746EC06ED04EE60EF90B6FD
:10B30800019001910092009300940095029658973D
:10B3180003982099229A0E9B009C009D009E009FF6
:10B3280000A000A100A200FE0040424100435B5E75
:10B33800005F0060006100620063006400650066F1
:10B348002067206820692076006A086B086C086D01
:10B35800086E086F0870087108760072F07E3C7FEE
:10B3680000FE02481549004B0BFE00FE01010402D5
:10B37800C003040490053006900730088009000ACD
:10B38800820B110C101110136884001C111E611F10
:10B3980035204022402320FE020F04FE0112301502
:10B3A800B010313E283FB04090410FFE02906C91A2
:10B3B8000392CB943395849765A211FE00FE028018
:10B3C800C1810882058308840A86F0875088158918
:10B3D800B08A308B10FE012104FE02A350A420A5E0
:10B3E80040A680AB40AE0CB346B464B638B701B9DA
:10B3F8002B3C043D154B064C20FE00FE02100911A3
:10B408000D12131319142715371645845318691983
:10B418007D1A8F1B9D1CA91DBD1ECD1FD920E321A0
:10B42800EA22EF23F524F925FFFE00C620C72BFEEC
:10B4380002260F27142819291E2A272B332C3B2DC7
:10B44800452E592F69307C3189329833AE34C03556
:10B45800CF36DA37E238E939F33AF93BFFFE02D161
:10B4680032D232D340D6F0D710D8DADD14DE86EDEA
:10B4780080EE00EF3FD8D8FE019F40FE01C214C302
:10B488000DC40CC815C90DCA0ABC24BD10BE0BB624
:10B4980025B716B815C500C600C700CB00CC00CD2F
:10B4A80000BF07C000C100B900BA00BB00AA01ABC9
:10B4B80001AC00AD05AE06AF0EB00BB107B206B3D6
:10B4C80017B40EB50ED009D100D200D608D700D8CF
:10B4D80000D900DA00DB00D30AD400D500A400A507
:10B4E80000A677A777A877A977A180A280FE01DFB9
:10B4F8000DDC25DD30E077E180E277E390E690E748
:10B50800A0E890E9A0FE00FE014F004F004B014F5C
:10B51800004C014D714E014C014D914E014C014DB5
:10B52800704E014C014D904E024C014DB04E024CF4
:10B53800014D8F4E024C014D6F4E024C014DAF4EE6
:10B54800024C014DD04E024C014DF04E024C014DC3
:10B55800CF4E024C014DEF4E024C014D6E4E034C46
:10B56800014D8E4E034C014DAE4E034C014DCE4E57
:10B57800034C014D4D4E034C014D6D4E034C014D96
:10B588008D4E034C014DAD4E034C014DCD4E034C39
:10B59800014D4C4E034C014D6C4E034C014D8C4EED
:10B5A800034C014DAC4E034C014DCC4E034C014DA8
:10B5B800CB4E034C014D4B4E034C014D6B4E034C8F
:10B5C800014D8B4E034C014DAB4E034C014D8A4E41
:10B5D800044C014DAA4E044C014DCA4E044C014D79
:10B5E800CA4E044C014DC94E044C014D8A4E044CC0
:10B5F800014D894E044C014DA94E044C024D0B4E91
:10B60800054C024D0A4E054C014DEB4E054C014DC3
:10B61800EA4E054C024D094E054C024D294E054C8B
:10B62800024D2A4E054C024D4A4E054C024D8A4E9B
:10B63800064C024D494E064C024D694E064C024DD1
:10B64800894E064C024DA94E064C024D484E064CFA
:10B65800024D684E064C024D694E064C024DCA4ECC
:10B66800074C024DC94E074C024DE94E074C034D9D
:10B67800094E074C024DC84E074C024DE84E074C88
:10B68800024DA74E074C024DC74E074C024DE74EE0
:10B69800074C034D074E074F01508051A85247539E
:10B6A8003854C7560E58085B005C745D8B61DB62CA
:10B6B800B8638664C0650467A868B069006AA86B47
:10B6C800B06CAF6D8B6E506F1873F0700D71607247
:10B6D80080740175017F0C7670775878A0795E7A4E
:10B6E800547B58FE00FE02C001C144C2FDC304C41D
:10B6F800F0C548C6FDC746C8FDC902CAE0CB45CC5F
:10B70800ECCD48CEF0CFF0E30CE44BE5E0FE019F32
:10B7180040FE00FE00F20FFE0240BF46CFFE00FED4
:10B72800000501061C070008321100121D13001441
:10B7380000FE013C003D04FE000000444D41206332
:10B74800616C6C6261636B206572726F72207769DD
:10B758007468206368616E6E656C2025642E0070C5
:10B76800696E6374726C20736574757020666169A4
:10B778006C65642E204572726F722025642E002538
:10B788007320444D4120646576696365206E6F744B
:10B79800207265616479004661696C656420746F24
:10B7A80020636F6E66696775726520444D4120633A
:10B7B80068616E6E656C2025640044434D492044E1
:10B7C8004D4120496E6974206661696C6564004466
:10B7D8004D4120696E697469616C697A6174696F39
:10B7E8006E206661696C65642E004661696C6564EB
:10B7F80020746F20656E61626C652044434D49205A
:10B80800636C6F636B2E204572726F722025640023
:10B81800436C6F636B20656E61626C696E6720664E
:10B8280061696C65642E0044434D4920696E6974F2
:10B8380069616C697A6174696F6E206661696C65AB
:10B84800642E0025733A20257320696E6974656437
:10B85800004661696C656420746F2073746F702092
:10B8680044434D49004661696C656420746F2064E7
:10B8780065717565756520612044434D4920627581
:10B88800666665722E004661696C656420746F2077
:10B8980073746172742044434D4920444D4100251E
:10B8A800733A204661696C656420746F206765741B
:10B8B800206275666665722066726F6D20666966BD
:10B8C8006F00766964656F5F73746D33325F6463AC
:10B8D8006D695F696E69740048414C5F44434D4926
:10B8E8005F4672616D654576656E7443616C6C6226
:10B8F80061636B0048414C5F44434D495F45727238
:10B908006F7243616C6C6261636B005F5F64657644
:10B918006963655F6474735F6F72645F31383300A5
:10B9280064636D69403438303230303030007669C5
:10B9380064656F5F73746D33325F64636D690000B3
:10B9480000000000000000010203040607080910B7
:10B958002840587088A0B8000000000102030401C4
:10B96800020304060708094145532D3235362D4395
:10B978004243004145532D3139322D434243004162
:10B9880045532D3132382D434243004145532D3222
:10B9980035362D454342004145532D3139322D4529
:10B9A8004342004145532D3132382D454342000B67
:10B9B80040800A3080092040081C400514400310CC
:10B9C800402A864886F70D020700686D6163534870
:10B9D800413100484D41432D5348412D31002A86BD
:10B9E8004886F70D020800686D616353484132329A
:10B9F8003400484D41432D5348412D323234002AFA
:10BA0800864886F70D020900686D61635348413224
:10BA1800353600484D41432D5348412D32353600C7
:10BA28002A864886F70D020A00686D61635348410B
:10BA380033383400484D41432D5348412D33383471
:10BA4800002A864886F70D020B00686D616353482B
:10BA58004135313200484D41432D5348412D353150
:10BA680032002A864886F70D02050069642D6D6448
:10BA780035002B0E03021A0069642D7368613100CA
:10BA88006086480165030402040069642D736861D7
:10BA9800323234006086480165030402010069649B
:10BAA8002D736861323536006086480165030402EB
:10BAB800020069642D736861333834006086480178
:10BAC80065030402030069642D736861353132002F
:10BAD8002B0E030207006465734342430044455339
:10BAE8002D434243002A864886F70D030700646504
:10BAF800732D656465332D636263004445532D459A
:10BB08004445332D434243006086480165030401E0
:10BB180002006165733132382D6362630041455319
:10BB28003132382D434243006086480165030401E1
:10BB380016006165733139322D63626300414553E4
:10BB48003139322D434243006086480165030401C0
:10BB58002A006165733235362D63626300414553AF
:10BB68003235362D434243002A864886F70D0101B7
:10BB78000100727361456E6372797074696F6E004B
:10BB8800525341002A8648CE3D02010069642D6562
:10BB9800635075626C69634B65790047656E6572C1
:10BBA8006963204543206B6579002B8104010C00F3
:10BBB80069642D65634448004543206B65792066B8
:10BBC8006F722045434448002A864886F70D0101D4
:10BBD80004006D643557697468525341456E637249
:10BBE800797074696F6E00525341207769746820C8
:10BBF8004D4435002A864886F70D01010500736813
:10BC0800612D3157697468525341456E637279707A
:10BC180074696F6E005253412077697468205348E5
:10BC28004131002A864886F70D01010E00736861CC
:10BC380032323457697468525341456E6372797071
:10BC480074696F6E005253412077697468205348B5
:10BC5800412D323234002A864886F70D01010B0047
:10BC680073686132353657697468525341456E635B
:10BC780072797074696F6E005253412077697468E5
:10BC8800205348412D323536002A864886F70D0163
:10BC9800010C007368613338345769746852534132
:10BCA800456E6372797074696F6E005253412077E4
:10BCB800697468205348412D333834002A864886F1
:10BCC800F70D01010D0073686135313257697468E9
:10BCD800525341456E6372797074696F6E005253A6
:10BCE800412077697468205348412D353132002B43
:10BCF8000E03021D002A864886F70D01010A00522C
:10BD080053415353412D50535300616E79506F6C1A
:10BD180069637900416E7920506F6C696379002BF3
:10BD2800060105050703010069642D6B702D736515
:10BD3800727665724175746800544C532057656279
:10BD4800205365727665722041757468656E7469F2
:10BD5800636174696F6E002B060105050703020015
:10BD680069642D6B702D636C69656E7441757468B8
:10BD780000544C532057656220436C69656E7420EB
:10BD880041757468656E7469636174696F6E002BC0
:10BD9800060105050703030069642D6B702D636FA9
:10BDA80064655369676E696E6700436F6465205305
:10BDB80069676E696E67002B0601050507030400B5
:10BDC80069642D6B702D656D61696C50726F746557
:10BDD8006374696F6E00452D6D61696C2050726FD8
:10BDE80074656374696F6E002B0601050507030807
:10BDF8000069642D6B702D74696D655374616D7085
:10BE0800696E670054696D65205374616D70696E61
:10BE180067002B060105050703090069642D6B708F
:10BE28002D4F4353505369676E696E67004F4353F4
:10BE380050205369676E696E67002B060104018202
:10BE4800E425010069642D6B702D776973756E2D7B
:10BE580066616E2D6465766963650057692D535573
:10BE68004E20416C6C69616E6365204669656C643F
:10BE78002041726561204E6574776F726B20284689
:10BE8800414E2900551D130069642D63652D6261BB
:10BE9800736963436F6E73747261696E7473004281
:10BEA8006173696320436F6E73747261696E747332
:10BEB80000551D0F0069642D63652D6B65795573F9
:10BEC80061676500551D250069642D63652D6578DA
:10BED800744B6579557361676500457874656E6460
:10BEE8006564204B657920557361676500551D11A0
:10BEF8000069642D63652D7375626A656374416CAE
:10BF0800744E616D65005375626A65637420416C97
:10BF180074204E616D65006086480186F842010113
:10BF28000069642D6E657473636170652D63657255
:10BF38007474797065004E6574736361706520432D
:10BF48006572746966696361746520547970650007
:10BF5800551D200069642D63652D636572746966DB
:10BF68006963617465506F6C6963696573004365E3
:10BF780072746966696361746520506F6C6963697E
:10BF8800657300551D0E0069642D63652D73756218
:10BF98006A6563744B65794964656E746966696539
:10BFA80072005375626A656374204B657920496431
:10BFB800656E74696669657200551D230069642D94
:10BFC80063652D617574686F726974794B65794919
:10BFD80064656E74696669657200417574686F722C
:10BFE800697479204B6579204964656E746966695E
:10BFF8006572005504030069642D61742D636F6DCB
:10C008006D6F6E4E616D6500436F6D6D6F6E204E86
:10C01800616D6500434E005504060069642D617426
:10C028002D636F756E7472794E616D6500436F751F
:10C038006E747279005504070069642D61742D6C63
:10C048006F63616C697479004C6F63616C697479B2
:10C05800004C005504080069642D61742D737461E7
:10C0680074650053746174650053540055040A00E4
:10C0780069642D61742D6F7267616E697A61746984
:10C088006F6E4E616D65004F7267616E697A61749B
:10C09800696F6E004F0055040B0069642D61742DA3
:10C0A8006F7267616E697A6174696F6E616C556EE3
:10C0B80069744E616D65004F726720556E69740032
:10C0C8004F55002A864886F70D01090100656D6104
:10C0D800696C4164647265737300452D6D61696CA8
:10C0E8002061646472657373005504050069642DEA
:10C0F80061742D73657269616C4E756D626572004D
:10C1080053657269616C206E756D626572005504C5
:10C11800100069642D61742D706F7374616C4164D3
:10C12800647265737300506F7374616C206164642A
:10C1380072657373005504110069642D61742D7064
:10C148006F7374616C436F646500506F7374616CD6
:10C1580020636F6465005504040069642D61742DC3
:10C168007375724E616D65005375726E616D650011
:10C17800534E0055042A0069642D61742D67697651
:10C18800656E4E616D6500476976656E206E616DFE
:10C198006500474E0055042B0069642D61742D69B4
:10C1A8006E697469616C7300496E697469616C7356
:10C1B8000055042C0069642D61742D67656E6572E5
:10C1C8006174696F6E5175616C6966696572004763
:10C1D800656E65726174696F6E207175616C6966F0
:10C1E8006965720055040C0069642D61742D7469C9
:10C1F800746C65005469746C650055042E0069649C
:10C208002D61742D646E5175616C69666965720083
:10C2180044697374696E67756973686564204E61F3
:10C228006D65207175616C696669657200550441B8
:10C238000069642D61742D70736575646F6E796D16
:10C248000050736575646F6E796D00099226899345
:10C25800F22C6401010069642D75696400557365E9
:10C2680072204964000992268993F22C640119000E
:10C2780069642D646F6D61696E436F6D706F6E6573
:10C288006E7400446F6D61696E20636F6D706F6EC0
:10C29800656E740044430055042D0069642D617473
:10C2A8002D756E697175654964656E746966696531
:10C2B8007200556E69717565204964656E746966AA
:10C2C80069657200020305070B0D1113171D1F2561
:10C2D800292B2F353B3D4347494F53596165676BC0
:10C2E8006D717F83898B95979DA3A7ADB3B5BFC1AA
:10C2F800C5C7D3DFE3E5E9EFF1FB0050726F632DAB
:10C30800547970653A20342C454E4352595054455F
:10C31800440044454B2D496E666F3A204145532DE4
:10C328000044454B2D496E666F3A204145532D31E7
:10C3380032382D4342432C0044454B2D496E666FDD
:10C348003A204145532D3139322D4342432C004484
:10C35800454B2D496E666F3A204145532D3235368F
:10C368002D4342432C002D2D2D2D2D454E4420527A
:10C3780053412050524956415445204B45592D2D83
:10C388002D2D2D002D2D2D2D2D424547494E205266
:10C3980053412050524956415445204B45592D2D63
:10C3A8002D2D2D002D2D2D2D2D454E44205052493B
:10C3B80056415445204B45592D2D2D2D2D002D2D01
:10C3C8002D2D2D424547494E20505249564154453E
:10C3D800204B45592D2D2D2D2D007273612E4E00A9
:10C3E8007273612E45002B06010505070804002D10
:10C3F8002D2D2D2D454E4420434552544946494341
:10C408004154452D2D2D2D2D00756E6B6E6F776E59
:10C4180000544C532D5253412D574954482D4145F2
:10C42800532D3132382D4342432D5348413235364E
:10C4380000544C532D5253412D574954482D4145D2
:10C44800532D3235362D4342432D5348413235362C
:10C4580000544C532D5253412D574954482D4145B2
:10C46800532D3132382D4342432D53484100544C0B
:10C47800532D5253412D574954482D4145532D3280
:10C4880035362D4342432D53484100636C69656E30
:10C49800742066696E697368656400736572766591
:10C4A800722066696E6973686564006D617374658E
:10C4B8007220736563726574006B657920657870A6
:10C4C800616E73696F6E00010002000003040506C7
:10C4D800030508090A0B030602000A2A2A2A204231
:10C4E8006F6F74696E67205A6570687972204F5350
:10C4F800206275696C642076342E312E302D3839DF
:10C50800342D673966303666633630653235352006
:10C518002A2A2A0A0048616C74696E672073797345
:10C5280074656D00556E6B6E6F776E206572726FF5
:10C5380072003E3E3E205A455048595220464154CA
:10C54800414C204552524F522025643A20257320F1
:10C558006F6E20435055202564004661756C742029
:10C56800647572696E6720696E746572727570742D
:10C578002068616E646C696E670A00437572726543
:10C588006E74207468726561643A202570202825CD
:10C5980073290043505520657863657074696F6E20
:10C5A80000556E68616E646C656420696E746572AE
:10C5B8007275707400537461636B206F7665726670
:10C5C8006C6F77004B65726E656C206F6F707300CF
:10C5D8004B65726E656C2070616E69630069646C8E
:10C5E8006500617263685F7370696E5F72656C6124
:10C5F8007800737973776F726B710064756D6D79FC
:10C6080000736C656570696E6700646561640073CA
:10C61800757370656E6465640061626F7274696ECB
:10C62800670073757370656E64696E670071756510
:10C63800756564006B5F69735F696E5F697372002B
:10C64800616E006E66696E697479006E616E0028AD
:08C658006E756C6C29000000F6
:10C660000000000000000000000000000080024008
:10C6700000000000010000000000000000000000B9
:10C6800000000000000000000000000000000000AA
:10C69000000000000000000000000000000000009A
:10C6A000000000000000000000000000000000008A
:10C6B000000000000000000000000000000000007A
:10C6C000000000000000000000000000000000006A
:10C6D000000000000000000000000000000000005A
:10C6E000000000000000000000000000000000004A
:10C6F000000000000000000000000000000000003A
:10C700000000000000000000000000000000000029
:10C710000000000000000000000000000000000019
:10C720000000000000000000000000000000000009
:10C7300000000000000000000000000000000000F9
:10C7400000000000000000000000000000000000E9
:10C7500000000000000000000000000000000000D9
:10C7600000000000000000000000000000000000C9
:10C7700000000000000000000000000000000000B9
:10C7800000000000000000000000000000000000A9
:10C790000000000000000000000000000000000099
:10C7A0000000000000000000000000000000000089
:10C7B0000000000000000000000000000000000079
:10C7C0000000000000000000000000000000000069
:10C7D0000000000000000000000000000000000059
:10C7E0000000000000000000000000000000000049
:10C7F0000000000000000000000000000000000039
:10C800000000000000000000000000000000000028
:10C810000000000000000000000000000000000018
:10C820000000000000000000000000000000000008
:10C8300000000000000000000000000000000000F8
:10C8400000000000000000000000000000000000E8
:10C8500000000000000000000000000000000000D8
:10C8600000000000000000000000000000000000C8
:10C8700000000000000000000000000000000000B8
:10C8800000000000000000000000000000000000A8
:10C890000000000000000000000000000000000098
:10C8A0000000000000000000000000000000000088
:10C8B0000000000000000000000000000000000078
:10C8C0000000000000000000000000000000000068
:10C8D0000000000000000000000000000000000058
:10C8E0000000000000000000000000000000000048
:10C8F0000000000000000000000000000000000038
:10C900000000000000000000000000000000000027
:10C910000000000000000000000000000000000017
:10C920000000000000000000000000000000000007
:10C9300000000000000000000000000000000000F7
:10C9400000000000000000000000000000000000E7
:10C9500000000000000000000000000000000000D7
:10C9600000000000000000000000000000000000C7
:10C9700000000000000000000000000000000000B7
:10C9800000000000000000000000000000000000A7
:10C990000000000000000000000000000000000097
:10C9A0000000000000000000000000000000000087
:10C9B0000000000000000000000000000000000077
:10C9C0000000000000000000000000000000000067
:10C9D0000000000000000000000000000000000057
:10C9E0000000000000000000000000000000000047
:10C9F0000000000000000000000000000000000037
:10CA00000000000000000000000000000000000026
:10CA10000000000000000000000000000000000016
:10CA20000000000000000000000000000000000006
:10CA300000000000000000000000000000000000F6
:10CA400000000000000000000000000000000000E6
:10CA500000000000000000000000000000000000D6
:10CA600000000000000000000000000000000000C6
:10CA700000000000000000000000000000000000B6
:10CA800000000000000000000000000000000000A6
:10CA90000000000000000000000000000000000096
:10CAA0000000000000000000000000000000000086
:10CAB0000000000000000000000000000000000076
:10CAC0000000000000000000000000000000000066
:10CAD0000000000000000000000000000000000056
:10CAE0000000000000000000000000000000000046
:10CAF0000000000000000000000000000000000036
:10CB00000000000000000000000000000000000025
:10CB10000000000000000000000000000000000015
:10CB20000000000000000000000000000000000005
:10CB300000000000000000000000000000000000F5
:10CB400000000000000000000000000000000000E5
:10CB500000000000000000000000000000000000D5
:10CB600000000000000000000000000000000000C5
:10CB700000000000000000000000000000000000B5
:10CB800000000000000000000000000000000000A5
:10CB90000000000000000000000000000000000095
:10CBA0000000000000000000000000000000000085
:10CBB0000000000000000000000000000000000075
:10CBC0000000000000000000000000000000000065
:10CBD0000000000000000000000000000000000055
:10CBE0000000000000000000000000000000000045
:10CBF0000000000000000000000000000000000035
:10CC00000000000000000000000000000000000024
:10CC10000000000000000000000000000000000014
:10CC20000000000000000000000000000000000004
:10CC300000000000000000000000000000000000F4
:10CC400000000000000000000000000000000000E4
:10CC500000000000000000000000000000000000D4
:10CC600000000000000000000000000000000000C4
:10CC700000000000000000000000000000000000B4
:10CC800000000000000000000000000000000000A4
:10CC90000000000000000000000000000000000094
:10CCA0000000000000000000000000000000000084
:10CCB0000000000000000000000000000000000074
:10CCC0000000000000000000000000000000000064
:10CCD0000000000000000000000000000000000054
:10CCE0000000000000000000000000000000000044
:10CCF0000000000000000000000000000000000034
:10CD00000000000000000000000000000000000023
:10CD10000000000000000000000000000000000013
:10CD20000000000000000000000000000000000003
:10CD300000000000000000000000000000000000F3
:10CD400000000000000000000000000000000000E3
:10CD500000000000000000000000000000000000D3
:10CD600000000000000000000000000000000000C3
:10CD700000000000000000000000000000000000B3
:10CD800000000000000000000000000000000000A3
:10CD90000000000000000000000000000000000093
:10CDA0000000000000000000000000000000000083
:10CDB0000000000000000000000000000000000073
:10CDC0000000000000000000000000000000000063
:10CDD0000000000000000000000000000000000053
:10CDE0000000000000000000000000000000000043
:10CDF0000000000000000000000000000000000033
:10CE00000000000000000000000000000000000022
:10CE10000000000000000000000000000000000012
:10CE20000000000000000000000000000000000002
:10CE300000000000000000000000000000000000F2
:10CE400000000000000000000000000000000000E2
:10CE500000000000000000000000000000000000D2
:10CE600000000000000000000000000000000000C2
:10CE700000000000000000000000000000000000B2
:10CE800000000000000000000000000000000000A2
:10CE90000000000000000000000000000000000092
:10CEA0000000000000000000000000000000000082
:10CEB0000000000000000000000000000000000072
:10CEC0000000000000000000000000000000000062
:10CED0000000000000000000000000000000000052
:10CEE0000000000000000000000000000000000042
:10CEF0000000000000000000000000000000000032
:10CF00000000000000000000000000000000000021
:10CF10000000000000000000000000000000000011
:10CF20000000000000000000000000000000000001
:10CF300000000000000000000000000000000000F1
:10CF400000000000000000000000000000000000E1
:10CF500000000000000000000000000000000000D1
:10CF600000000000000000000000000000000000C1
:10CF700000000000000000000000000000000000B1
:10CF800000000000000000000000000000000000A1
:10CF90000000000000000000000000000000000091
:10CFA0000000000000000000000000000000000081
:10CFB0000000000000000000000000000000000071
:10CFC0000000000000000000000000000000000061
:10CFD0000000000000000000000000000000000051
:10CFE0000000000000000000000000000000000041
:10CFF0000000000000000000000000000000000031
:10D000000000000000000000000000000000000020
:10D010000000000000000000000000000000000010
:10D020000000000000000000000000000000000000
:10D0300000000000000000000000000000000000F0
:10D0400000000000000000000000000000000000E0
:10D0500000000000000000000000000000000000D0
:10D0600000000000000000000000000000000000C0
:10D0700000000000000000000000000000000000B0
:10D0800000000000000000000000000000000000A0
:10D090000000000000000000000000000000000090
:10D0A0000000000000000000000000000000000080
:10D0B0000000000000000000000000000000000070
:10D0C0000000000000000000000000000000000060
:10D0D0000000000000000000000000000000000050
:10D0E0000000000000000000000000000000000040
:10D0F0000000000000000000000000000000000030
:10D10000000000000000000000000000000000001F
:10D11000000000000000000000000000000000000F
:10D1200000000000000000000000000000000000FF
:10D1300000000000000000000000000000000000EF
:10D1400000000000000000000000000000000000DF
:10D1500000000000000000000000000000000000CF
:10D1600000000000000000000000000000000000BF
:10D1700000000000000000000000000000000000AF
:10D18000000000000000000000000000000000009F
:10D19000000000000000000000000000000000008F
:10D1A000000000000000000000000000000000007F
:10D1B0000000000008100024F40F002400C2010049
:10D1C0000000080000000000000000000000000057
:10D1D000000000000000000000000000000000004F
:10D1E00000000000000000000DE306080000000041
:10D1F0000000000000000000980B0024980B0024A1
:10D20000AB770708000000000000000000000000ED
:10D210000000000000000000B80B0024B80B002440
:10D220000000000001000000C80B0024C80B00240F
:10D23000D00B0024D00B00240000000001000000EF
:10D24000E00B0024E00B00240000000000000000C0
:10D2500000000000000000000000000000000000CE
:10D2600000000000000000000000000000000000BE
:10D2700000000000000000000000000000000000AE
:10D28000000000000000000000000000000000009E
:10D29000000000000000000000000000000000008E
:10D2A0000DE3060800000000000000000000000080
:10D2B000500C0024500C0024AB770708000000003D
:10D2C000000000000000000000000000000000005E
:10D2D000700C0024700C002400000000010000000D
:10D2E000800C0024800C0024880C0024880C00246E
:10D2F0000000000001000000980C0024980C00249D
:10D30000000000000000000000000000000000001D
:10D31000000000000000000000000000000000000D
:10D3200000000000000000000000000000000000FD
:10D3300000000000000000000000000000000000ED
:10D340000000000000000000C10507080000000008
:10D35000A028080801000000F80C0024F80C0024A4
:10D3600000000000000000000E0000000C0D002472
:10D370000C0D002400000000000000000000000070
:10D38000A028080801000000280D0024280D002412
:10D3900000000000000000000E0000003C0D002412
:10D3A0003C0D002400000000000000000000000010
:10D3B000A028080801000000580D0024580D002482
:10D3C00000000000000000000E0000006C0D0024B2
:10D3D0006C0D0024000000000000000000000000B0
:10D3E000000000000000000000000000000000003D
:10D3F000000000000000000000000000000000002D
:10D40000000000000000000000000000000000001C
:10D41000000000000000000000000000000000000C
:10D4200000000000000000000000000000000000FC
:10D4300000000000000000000000000000000000EC
:10D4400000000000000000000000000000000000DC
:10D4500000000000000000000000000000000000CC
:10D4600000000000000000000000000000000000BC
:10D4700000000000000000000000000000000000AC
:10D48000000000000000000000000000000000009C
:10D49000000000000000000000000000000000008C
:10D4A000000000000000000000000000000000007C
:10D4B000000000000000000000000000000000006C
:10D4C000000000000000000000000000000000005C
:10D4D000000000000000000000000000000000004C
:10D4E000000000000000000000000000000000003C
:10D4F000000000000000000000000000000000002C
:10D50000000000000000000000000000000000001B
:10D51000000000000000000000000000000000000B
:10D5200000000000000000000000000000000000FB
:10D5300000000000000000000000000000000000EB
:10D5400000000000000000000000000000000000DB
:10D5500000000000000000000000000000000000CB
:10D5600000000000000000000000000000000000BB
:10D5700000000000000000000000000000000000AB
:10D58000000000000000000000000000000000009B
:10D59000000000000000000000000000000000008B
:10D5A000000000000000000000000000000000007B
:10D5B000000000000000000000000000000000006B
:10D5C000000000000000000000000000000000005B
:10D5D000000000000000000000000000000000004B
:10D5E000000000000000000000000000000000003B
:10D5F000000000000000000000000000000000002B
:10D60000000000000000000000000000000000001A
:10D61000000000000000000000000000000000000A
:10D6200000000000000000000000000000000000FA
:10D6300000000000000000000000000000000000EA
:10D64000000000000000000000000000170B0708A9
:10D6500040290808F46B05240000000000000000C9
:10D660000000000000020000F46D0524000000002E
:10D67000000000000000000000020000D55804086F
:10D680008000000099550408000000009955040826
:10D690008000000000000000010000004C10002489
:10D6A000000000000000000000000000A01C052495
:10D6B0000000000000000000000000000002000068
:10D6C0004C2B0808103F002455830408000000007C
:10D6D0007F26070800000000000000007C100024E6
:10D6E0007C10002400000000000000000E0000007C
:10D6F0000100000001000000000000000000000028
:10D700000000000079BB08080100000001000000D3
:10D71000D19A0408B19A0408FD280708559A04080C
:10D72000C0100024C0100024C8100024C810002419
:10D73000D0100024D01000240100000001000000DF
:10D74000006D002400000000E8100024E810002410
:10D75000F0100024F0100024000000000000000081
:10D760000E0000000000000059190508000000002C
:10D7700000000000BD580508FFFFFFFF000000008B
:10D780000000000000000000001802480000000037
:10D790000000000000000000000000000000000089
:10D7A0000000000000000000000000000000000079
:10D7B0000000000000000000000000000000000069
:10D7C0000000000000000000000000000000000059
:10D7D0000000000000000000000000000000000049
:10D7E0000000000000000000000000000000000039
:10D7F0000000000098110024DC0000004000000040
:10D80000005000520000000008000000000000006E
:10D810000000000000000000000000000000000008
:10D8200000000000000000000000000000000000F8
:10D8300000000000000000000000000000000000E8
:10D8400000000000000000000000000000000000D8
:10D8500000000000000000000000000000000000C8
:10D8600000000000000000000000000000000000B8
:10D8700000000000000000000000000000000000A8
:10D880000000000000000000000000000000020096
:10D890000000000000000000000000000000000088
:10D8A0000000000000000000000000000000000078
:10D8B0000000000000000000000000003800000030
:10D8C00000200052D4000000000100000000000011
:10D8D0000000000000000000000000000000000048
:10D8E0000000000078390808000000000000000077
:10D8F0000000000000000000000000000000000028
:10D900000080024000000000000000000000000055
:10D910000000000000000000000000000000000007
:10D9200000000000000000000000000000000000F7
:10D9300000000000000000000000000000000000E7
:10D9400000000000000000000000000000000000D7
:10D9500000000000000000000000000000000000C7
:10D9600000000000000000000000000000000000B7
:10D9700000000000000000000000000000000000A7
:10D980000000000000000000000000000000000097
:10D990000000000000000000000000000000000087
:10D9A0000000000000000000000000000000000077
:10D9B00000000000480208080612000000000000F5
:10D9C000480208080113000000000000480208088F
:10D9D00001120000000000004802080800130000C7
:10D9E0000000000090130024000000000000000070
:10D9F00000C201000001030100000000A813002480
:10DA0000000000000000000000C20100000103004F
:10DA100000000000C013002400000000000000000F
:10DA200000C201000001030000000000D813002420
:10DA3000000000000000000000C20100000103001F
:10DA4000000000000000000008420808000000007C
:10DA5000F0130024F0130024000000000100000077
:10DA600000140024001400240814002408140024C6
:10DA70000000000001000000181400241814002405
:10DA80000000000000000000000000000000000096
:10DA90000000000000000000000000000000000086
:10DAA0000000000000000000000000000000000076
:10DAB000000000000000000000000248000000001C
:10DAC0000000000000000000000000000000000056
:10DAD0000000000000000000000000000000000046
:10DAE0000000000000000000000000000000000036
:10DAF0000000000000000000000000000000000026
:10DB00000000000000000000000000000000000015
:10DB10000000000000000000000000000000000005
:10DB200000000000000000000000000000000000F5
:10DB300000000000000000000000000000000000E5
:10DB400000000000000000000000000000000000D5
:10DB500000000000000000000000000000000000C5
:10DB6000000000000090D0030090D0034C4408084F
:10DB700031F90708B5E6060819980408359804082D
:10DB80002015002420150024281500242815002421
:10DB9000FF00FF00FF00FF00FF00FF00FF00FF008D
:10DBA000FF00FF00FF00FF00FF00FF00FF00FF007D
:08DBB00001060105010400005B
:10DBB800000000000000000000000000000000005D
:10DBC800000000000000000000000000000000004D
:10DBD800000000000000000000000000000000003D
:10DBE800000000000000000000000000000000002D
:10DBF800000000000000000000000000000000001D
:10DC0800000000000000000000000000000000000C
:0ADC18000000000000000000000002
:04DC240000000000FC
:10DC280000000000000000000000000000000000EC
:10DC380000000000000000000000000000000000DC
:10DC480000000000000000000000000000000000CC
:10DC580000000000000000000000000000000000BC
:10DC680000000000000000000000000000000000AC
:10DC7800000000000000000000000000000000009C
:10DC8800000000000000000000000000000000008C
:10DC9800000000000000000000000000000000007C
:10DCA800000000000000000000000000000000006C
:10DCB800000000000000000000000000000000005C
:10DCC800000000000000000000000000000000004C
:0CDCD80000000000000000000000000040
:10DCE4008416002484160024000000007C4F0524C0
:10DCF400000000000E0000004000000000000000D2
:10DD0400A4160024A416002400000000FC520524DC
:10DD14000000000006000000600200000000000097
:10DD2400C4160024C416002400000000FC4B052483
:10DD3400000000000E000000400000000000000091
:10DD440000000000A01405240008000000000000EA
:10DD54000000000000000000000000008011032407
:10DD640000000200000000000000000000000000AD
:10DD74001417002414170024000000000000000001
:10DD84000E000000281700242817002400000000BB
:10DD9400000000000E0000003C1700243C17002483
:10DDA40000000000000000000E00000050170024D6
:10DDB4005017002400000000000000000E000000C6
:10DDC4006417002464170024000000000000000011
:10DDD4000E000000781700247817002400000000CB
:10DDE400000000000E0000008C1700248C17002493
:10DDF40000000000000000000E000000A017002436
:10DE0400A017002400000000000000000E00000025
:10DE1400B4170024B4170024000000000000000020
:10DE24000E000000C8170024C817002400000000DA
:10DE3400000000000E000000DC170024DC170024A2
:10DE440000000000000000000E000000F017002495
:10DE5400F017002400000000000000000E00000085
:10DE6400041800240418002400000000CC6B0524CE
:0CDE7400CC6B0524F46B052400000000BA
:10DE80002018002420180024000000004C0000008E
:10DE900005000000A01E05241C200524A01E05244A
:10DEA000A01E052400000000481800244818002483
:04DEB000000000006E
:08DEB400541800245418002446
:10DEBC0000000000000000000000000068180024B2
:10DECC006818002470180024701800240000020048
:10DEDC000200000000000000803008083C650524AA
:10DEEC000000000000000000000000009818002452
:10DEFC0098180024A0180024A01800240000020088
:10DF0C000200000000000000A03008089C6B0524F3
:10DF1C00000000000000000000000000C8180024F1
:10DF2C00C8180024D0180024D018002400000200C7
:10DF3C000200000000000000903008086C67052407
:10DF4C00000000000000000000000000F818002491
:10DF5C00F8180024001900240019002400002400E3
:10DF6C002400040000000000703008080C48052450
:10DF7C000000000000000000000000002819002430
:10DF8C002819002430190024301900240000240022
:10DF9C002400040000000000603008081C32052436
:10DFB000E019002400000000000000000000000044
:10DFC0000000000000000000000000000000000051
:10DFD0000000000000000000000000000000000041
:10DFE0000000000000000000000000000000000031
:10DFF0000000000000000000000000000000000021
:10E000000000000000000000000000000000000010
:10E010000000000000000000000000000000000000
:10E0200000000000000000000000000000000000F0
:10E0300000000000000000000000000000000000E0
:10E04000C4070808FC190024CC8300240002000047
:0CE050000000000000000000DC050000E3
:10E05C006DFB040811FD0408E3360708D9360708E0
:04E06C0000000000B0
:10E0700012010002EF02014041235B000104010292
:10E08000030109020000000100E032080B00020257
:10E090000200000904000001020200000524001033
:10E0A00001052401020104240202052406000107DF
:10E0B00005800310000A09040100020A000000079D
:10E0C00005800200020007050002000200040309A7
:10E0D00004100341726475696E6F00000000000057
:10E0E00000280341726475696E6F20506F72746509
:10E0F0006E7461204837000000000000000000003E
:10E1000000000000000000000022033031323334F0
:10E110003536373839414243444546000000000057
:0DE1200000000000000000000000000000F2
:10E1300000000000331A0024AD0E0708195B040824
:10E140005558040800000000000000000300000013
:04E150001C1000247B
:04E1540015E015E0DD
:0400000508048E2D30
:00000001FF
